Image_name,data_type,Genotype,Treatment,Replication,Group,DBSCAN_density_points,DBSCAN_centre_x,DBSCAN_centre_y,Custom_density_points,Custom_centre_x,Custom_centre_y,FCM_density_points,FCM_centre_x,FCM_centre_y,GMM_density_points,GMM_centre_x,GMM_centre_y,HDBSCAN_density_points,HDBSCAN_centre_x,HDBSCAN_centre_y,K-mean_density_points,K-mean_centre_x,K-mean_centre_y,SLIC_density_points,SLIC_centre_x,SLIC_centre_y,Mean-shift_density_points,Mean-shift_centre_x,Mean-shift_centre_y,OPTICS_density_points,OPTICS_centre_x,OPTICS_centre_y
d35_44_G06_0_4_S,glasshouse_b2,3811,T0,R4,S,8710,1267,4011,74,1024.743243,4179.121622,47411,1284,1316,52676,1220,3129,8710,1249.249369,4016.646498,24755,1601.534195,929.8362755,500202,875.8631913,2396.22831,15276,853.9988871,2790.737759,8311,1249.37673,4008.847912
d07_46_G06_1_2_S,glasshouse_b2,3811,T1,R2,S,2047,1362,706,81,1652.45679,386.2962963,5851,1592,470,6848,1593,508,2047,1360.558867,704.4601856,2845,1591.759578,377.7876977,407848,1454.421792,363.9681695,2364,1571.378596,380.8489848,2047,1360.558867,704.4601856
d3_T008_08.10.23,field,3811,na,R4,S,19607,1261,6238,67,996.6119403,3270.477612,167320,984,3065,216807,1062,3501,19607,1260.911664,6248.805682,84104,758.7402977,3255.477861,413543,899.7649724,5980.482264,90938,831.6167389,3041.26738,18822,1269.046541,6250.439061
d13_16_G02_1_4_T,glasshouse_b1,5489,T1,R4,T,5472,1716,1482,53,1563.113208,491.0943396,7295,2262,1527,7926,1686,1340,5441,1721.24683,1479.988789,2850,1664.365965,1309.077193,470129,1539.47015,1008.428846,2408,2237.980897,1394.267442,5418,1720.685862,1478.36471
d33_34_G05_0_2_S,glasshouse_b1,Hartog,T0,R2,S,6350,2143,1348,85,1640.223529,643.3882353,28193,1581,1495,29844,2124,3031,6350,2142.971496,1348.074961,15771,1725.411959,1159.796081,452427,1914.071945,963.1429667,26942,1621.914149,725.021305,6116,2123.693427,1296.089438
d31_11_G02_0_3_T,glasshouse_b2,5489,T0,R3,T,21158,1556,3895,70,1563.228571,2996.042857,39024,1690,3581,45421,1575,2750,21158,1523.291946,3878.70673,17306,1509.739166,2658.500578,379362,1447.605725,3853.107517,11650,1429.041888,4267.610558,12230,1461.220687,4137.133933
d49_32_G04_1_4_S,glasshouse_b2,Forrest,T1,R4,S,5211,623,2517,49,1515.469388,755.7959184,24328,2369,3037,29394,2369,3037,4986,627.6105094,2498.256318,14830,1518.326231,684.7892785,348464,1452.014831,778.9196445,14830,1518.326231,684.7892785,4986,627.6105094,2498.256318
d2_T011_02.10.23,field,Gladius,na,R4,T,77231,1446,5757,74,1520.648649,5933.810811,265625,1200,5589,240203,1167,5725,73239,1442.284493,5753.261473,103732,1602.764586,5680.395645,865295,451.3667339,5632.319815,110765,1595.699707,5667.121609,64479,1411.215466,5708.012314
d5_T009_21.10.23,field,3811,na,R5,S,115833,911,5790,48,1006,5970.395833,281147,993,5258,309282,945,5122,74349,981.0022596,5993.683345,135640,1111.438396,6197.556753,758767,1150.916906,6176.789983,135575,1113.865794,6197.436364,70369,974.5960437,6029.783541
d17_43_G06_0_3_S,glasshouse_b1,3811,T0,R3,S,6211,1390,2081,66,1885.712121,2500.106061,19623,1697,2328,22338,1697,2407,6211,1425.680245,2087.268395,9607,1533.701468,2055.913188,347785,2033.343988,2647.498469,10887,1530.32424,2042.688987,6169,1424.522289,2090.580969
d05_34_G05_0_2_S,glasshouse_b1,Hartog,T0,R2,S,2733,2018,738,65,1607.261538,296.6,7047,1643,559,7203,1643,559,2733,2017.96341,738.4145628,3048,1683.972441,520.5577428,348409,1454.111237,772.0272266,3966,1631.020676,288.3703984,2733,2017.96341,738.4145628
d35_16_G02_1_4_T,glasshouse_b2,5489,T1,R4,T,11295,1931,3305,52,1990.711538,2160.173077,33589,1922,3300,48186,1935,2255,11295,2015.52448,3259.829571,15335,1528.169416,837.703554,584195,2027.159224,2563.121951,17526,2234.617368,3606.753966,11096,2013.760905,3252.436373
d25_42_G06_0_2_S,glasshouse_b1,3811,T0,R2,S,10025,996,2755,53,1732.773585,3183.301887,26135,1101,2171,25613,1101,2171,9714,936.0272802,2723.593267,13765,837.8682891,2281.538177,361597,1943.217278,2089.102733,13318,1923.129974,2333.686815,9713,936.0449912,2723.512509
d31_14_G02_1_2_T,glasshouse_b2,5489,T1,R2,T,18342,2353,2849,65,2261.630769,3211.169231,22786,2111,3348,23941,2119,1822,13691,2400.330947,3284.851654,10712,2113.243185,2480.999253,594957,2133.084615,2112.695195,10414,2335.630209,3849.449971,13691,2400.330947,3284.851654
d41_16_G02_1_4_T,glasshouse_b1,5489,T1,R4,T,11576,1946,3323,52,2183.442308,2126.192308,30047,2003,4074,38329,2209,3344,11576,2029.461558,3300.511057,18177,2396.936568,4021.572537,407845,2034.194513,3068.072702,21321,2205.781811,3673.54716,7702,2052.123085,3520.671644
d27_48_G06_1_4_S,glasshouse_b2,3811,T1,R4,S,17679,1425,3148,62,1511.048387,3676.129032,22905,1308,3115,22296,1301,3095,17679,1406.651055,3142.668533,11093,1466.418462,2519.520418,784085,1443.638049,2611.47463,13508,1462.784424,3344.884217,17622,1405.840937,3143.408637
d17_13_G02_1_1_T,glasshouse_b1,5489,T1,R1,T,8237,1821,1966,59,2666.847458,2358.949153,15058,1282,2087,16614,1292,2127,8237,1741.805876,2014.359111,6037,1681.543316,2532.897797,543251,1534.443079,1280.383802,5622,1653.463358,955.1963714,11366,1699.899525,1758.45117
d19_33_G05_0_1_S,glasshouse_b2,Hartog,T0,R1,S,3282,1242,959,75,1152.933333,2240.106667,17726,1245,2618,19932,1271,2491,3282,1246.656307,958.6773309,9016,1167.189774,2344.608363,395973,1052.816346,882.0955368,10139,1282.748101,775.0073972,3282,1246.656307,958.6773309
d1_T023_27.09.23,field,3811,na,R8,S,56208,534,3823,87,565.9425287,3593.252874,268339,1054,4794,311777,868,4483,46462,572.4602471,3832.570079,149732,1024.968677,4242.026534,466144,336.938991,3454.362929,240991,984.6250358,3695.405899,39751,548.8072501,3837.254107
d19_42_G06_0_2_S,glasshouse_b2,3811,T0,R2,S,7451,1921,2581,80,994.05,1641.1125,23946,1035,2630,30183,1045,1686,7453,1908.310882,2581.211995,12555,1272.06826,905.1057746,358418,1937.52785,2066.935843,16989,858.665666,2157.729707,6160,1909.476786,2681.349675
d43_18_G03_0_2_T,glasshouse_b2,CALINGIRI,T0,R2,T,23255,1167,2379,52,1926.153846,1694.865385,64988,1369,1540,63988,1202,1952,23255,1190.737261,2387.660632,33213,1549.161112,1024.276518,425007,1410.329755,2170.443746,27992,1041.185517,2464.053694,20315,1169.043465,2473.657741
d37_11_G02_0_3_T,glasshouse_b1,5489,T0,R3,T,11211,1440,4114,51,1836.372549,1026.72549,27078,1538,3893,26940,1538,3893,11206,1437.172229,4113.649117,11382,1589.380425,3348.479266,540400,1787.450934,3849.633871,11655,1407.842557,4273.461862,7476,1618.031701,3312.059524
d31_24_G03_1_4_T,glasshouse_b2,CALINGIRI,T1,R4,T,24605,1147,3631,68,1265.691176,4275.102941,29238,1264,3941,29716,1250,3900,24040,1208.802995,3596.323295,13989,1088.824005,2819.748874,595753,990.7437747,2765.551124,19965,1193.041623,3878.419384,20759,1189.206561,3417.412159
d29_39_G05_1_3_S,glasshouse_b1,Hartog,T1,R3,S,6603,1490,2614,64,1011.59375,2056.6875,12657,1500,2572,10959,1539,2501,6603,1500.102681,2616.684689,4690,1582.553518,2537.628145,359506,1448.527296,2197.041649,8949,1616.794949,2421.555369,5300,1012.239245,2030.03
d15_24_G03_1_4_T,glasshouse_b2,CALINGIRI,T1,R4,T,7489,2286,1924,82,1295.121951,1140.182927,17462,1513,1038,23421,1308,1684,7489,2273.660836,1923.619575,8000,1341.461,923.6755,362497,2039.767568,1504.109411,7331,1059.110899,2047.601146,7489,2273.660836,1923.619575
d11_27_G04_0_3_S,glasshouse_b2,Forrest,T0,R3,S,4024,1453,615,58,1352.172414,765.6551724,11015,1459,510,11015,1459,510,4024,1428.16327,615.137674,5000,1380.2498,403.4886,389714,1825.566438,269.4307877,3497,1360.870746,359.795825,3472,956.5423387,1660.110023
d43_43_G06_0_3_S,glasshouse_b2,3811,T0,R3,S,25252,709,3785,86,1561.127907,774.4069767,90045,1282,3894,112821,1748,3419,25252,709.2754237,3858.066609,36956,2020.848279,4012.729462,610925,859.673577,3142.802666,42203,2029.977134,3897.609198,24455,708.9251687,3855.784911
d37_29_G04_1_1_S,glasshouse_b1,Forrest,T1,R1,S,3654,984,3341,56,952.2678571,3400.892857,10893,839,3738,12061,856,3603,3654,980.471538,3337.02162,5031,877.7684357,3684.478434,501206,2587.054351,2280.797941,4322,2506.791532,2774.06733,3654,980.471538,3337.02162
d6_T022_28.10.23,field,3811,na,R7,S,42893,749,5267,68,940.6911765,4276.617647,184565,1184,5269,198058,1136,5141,39797,744.3551273,5265.678493,86760,1258.123974,4172.827582,522699,438.0696902,4892.426284,156545,1106.062359,5437.304999,37601,754.8654557,5283.913912
d11_33_G05_0_1_S,glasshouse_b2,Hartog,T0,R1,S,3265,1196,777,64,1117.28125,698.421875,11360,1270,582,10593,1283,556,3265,1199.598775,778.6661562,4339,1085.716755,834.8236921,366782,870.8628013,877.5458229,3784,1072.694503,854.2640063,3265,1199.598775,778.6661562
d05_13_G02_1_1_T,glasshouse_b1,5489,T1,R1,T,2332,1662,692,74,1616.094595,233.7297297,2912,1637,348,2849,1663,641,2332,1657.859348,689.5977702,1283,1646.123149,363.7989088,288062,1463.695885,272.3344905,1270,1646.202362,364.7622047,2332,1657.859348,689.5977702
d31_18_G03_0_2_T,glasshouse_b2,CALINGIRI,T0,R2,T,20734,1197,2270,63,1476.380952,1464.888889,45003,1361,1549,47965,1322,1764,20734,1212.23242,2283.747179,22873,1457.56206,1076.897259,544577,1441.826247,1695.589368,18437,1437.659164,983.2227586,18248,1196.722874,2323.227258
d35_22_G03_1_2_T,glasshouse_b2,CALINGIRI,T1,R2,T,11214,1178,2675,69,2058.73913,4374.826087,33242,1966,3906,32653,1970,3925,10553,1937.956221,3871.677722,15868,1878.315541,3527.275334,353276,2019.401564,1602.066113,14394,2164.752953,4420.090246,10017,1141.192573,2572.161126
d29_48_G06_1_4_S,glasshouse_b1,3811,T1,R4,S,18413,1441,3184,61,1574.52459,3689.95082,18745,1212,2504,20772,1207,2651,17749,1429.857626,3155.282213,9048,1404.730217,3008.821729,708664,1460.942873,2627.056175,8272,1590.377539,3812.848404,13704,1382.33472,2959.975044
d7_T019_04.11.23,field,Gladius,na,R7,T,265186,733,4971,65,1373.830769,3811.538462,361320,1000,5384,389519,1217,2984,179805,791.6800367,4966.906332,183221,1379.86233,3896.406482,1603115,642.6604891,4985.23197,294917,917.9514677,5637.101551,177575,789.7222244,4970.580138
d11_19_G03_0_3_T,glasshouse_b2,CALINGIRI,T0,R3,T,6304,1688,1557,68,1582.176471,1903.205882,15243,1539,828,15743,1538,841,6304,1686.735089,1557.294099,8222,1523.405862,597.2703722,330802,1438.06009,1368.681858,6775,1572.230111,1950.855793,6304,1686.735089,1557.294099
d11_24_G03_1_4_T,glasshouse_b2,CALINGIRI,T1,R4,T,6559,2169,1411,67,1664.447761,419.1641791,14245,1520,882,18450,1395,1281,6559,2165.966611,1411.344107,7429,1157.688922,1831.783416,444951,1933.751393,967.9464638,4628,1594.714564,496.9667243,3934,2225.049568,1620.896543
d33_29_G04_1_1_S,glasshouse_b1,Forrest,T1,R1,S,3681,990,3313,61,1078.557377,3095.590164,8865,992,3319,8864,990,3322,3681,984.6354252,3311.518609,3323,998.3328318,3283.134818,221371,2590.208478,2641.072575,5751,2493.195966,2836.503565,3681,984.6354252,3311.518609
d29_12_G02_0_4_T,glasshouse_b1,5489,T0,R4,T,13882,2036,2811,75,1533.773333,947.64,26633,1725,2090,26576,1719,2076,13882,1958.608846,2834.623181,11679,2132.090076,2847.572224,583430,2032.76336,2575.316232,18431,1494.671423,910.8600727,13834,1958.156426,2832.08349
d15_29_G04_1_1_S,glasshouse_b2,Forrest,T1,R1,S,2258,303,1595,54,1469.907407,418.5925926,5749,1160,1505,6833,1256,1217,2258,302.7984942,1595.110275,3068,359.2992177,1509.97751,333987,286.501253,1469.195567,1966,288.8123093,1619.234486,2239,301.8365342,1596.751675
d19_40_G05_1_4_S,glasshouse_b2,Hartog,T1,R4,S,3577,1647,2168,58,1171.413793,1482.913793,11503,1611,1626,14189,1648,1968,3577,1650.003355,2167.720995,5288,1635.511725,1840.602118,344513,2527.831054,2048.237561,5127,1067.038424,1462.357129,3577,1650.003355,2167.720995
d29_06_G01_1_2_T,glasshouse_b1,Gladius,T1,R2,T,8616,1563,1407,87,1758.436782,553.3218391,15706,1616,1175,17592,1551,1986,6935,1287.138717,1527.407498,8969,1636.066005,970.5299364,460431,1094.00905,945.6415815,15527,1723.923295,708.4667354,6911,1287.145276,1525.55853
d33_19_G03_0_3_T,glasshouse_b1,CALINGIRI,T0,R3,T,9734,1487,3165,47,1516.340426,1016.957447,33815,1481,2499,34428,1481,2499,9734,1472.342819,3164.995788,17956,1406.967699,3322.255848,646434,1519.082703,2400.844657,24410,1537.655797,1135.701393,9734,1472.342819,3164.995788
d41_24_G03_1_4_T,glasshouse_b1,CALINGIRI,T1,R4,T,27699,1187,3787,76,1314.776316,4774.052632,26419,1298,4256,26152,1315,2633,27699,1219.358027,3754.104877,12092,1108.458898,3463.103705,546986,971.1440567,3214.817847,12168,1087.761423,2482.891847,19548,1219.321926,4114.74069
d21_18_G03_0_2_T,glasshouse_b1,CALINGIRI,T0,R2,T,16045,1157,2382,66,1319.272727,1437.833333,27583,1670,1688,31207,1666,1785,16045,1194.293113,2411.987286,11364,1322.769007,2184.729233,339693,1402.228939,1039.263308,13292,1327.618041,2100.844869,17822,1211.288464,2264.529177
d37_32_G04_1_4_S,glasshouse_b1,Forrest,T1,R4,S,5085,589,2511,51,1443.607843,698.4117647,12249,516,2765,12249,516,2765,5085,589.6481809,2511.183284,5176,2434.761785,2568.720247,325256,862.2912014,2073.962971,7096,662.6688275,2293.880355,4833,591.1491827,2500.172564
d31_05_G01_1_1_T,glasshouse_b2,Gladius,T1,R1,T,16888,1311,3809,54,1769.12963,2180,31328,1355,3511,41016,1387,2692,16888,1432.008764,3773.181312,15976,1469.764397,2507.123247,349877,1465.578343,3669.026081,12532,1386.184887,4137.545723,16826,1432.299715,3774.23749
d35_36_G05_0_4_S,glasshouse_b2,Hartog,T0,R4,S,8698,742,4513,56,1624.178571,863.2678571,38655,747,3459,42581,756,3043,8698,750.7160267,4511.178202,20160,708.5245536,2940.729415,402725,1872.361895,894.5293314,21097,709.0685406,2977.981561,8576,751.396805,4510.186917
d43_39_G05_1_3_S,glasshouse_b2,Hartog,T1,R3,S,6416,1509,2624,63,2351.031746,1973.238095,28770,1827,1770,25559,1027,3078,6416,1518.076216,2627.7274,13697,1511.440534,2627.00533,361419,1449.064341,2171.169012,8018,1585.395859,862.5281866,6416,1518.076216,2627.7274
d35_12_G02_0_4_T,glasshouse_b2,5489,T0,R4,T,14728,1070,2094,51,1848.098039,3731.509804,45996,2077,2996,46810,1606,1467,14729,1187.621495,2093.974947,24141,1597.250155,926.7887826,432701,1074.777847,928.0611808,21751,1594.583927,876.7186336,13284,1986.434508,2828.427883
d27_40_G05_1_4_S,glasshouse_b2,Hartog,T1,R4,S,9228,1644,3399,65,1342.969231,1910.246154,21788,1657,1920,26548,2410,2836,9228,1616.671218,3398.769723,10875,1357.723586,1749.267586,397795,2199.462241,2686.058998,10854,2552.03372,2110.992537,8476,2406.09521,2983.614323
d07_33_G05_0_1_S,glasshouse_b2,Hartog,T0,R1,S,3011,1238,727,49,1549.428571,221.4285714,5848,1375,380,6009,1174,935,3011,1241.995018,727.4207904,3194,1122.816218,805.2038197,415216,1035.616614,270.5354466,2365,1222.035095,782.4109937,3011,1241.995018,727.4207904
d37_18_G03_0_2_T,glasshouse_b1,CALINGIRI,T0,R2,T,17513,1127,2457,45,926.8888889,2790.044444,37851,1331,2157,36711,1332,2153,17512,1202.013705,2506.844107,16409,1104.138582,2049.393443,583378,1422.88273,1801.952292,19101,1451.253338,917.1157007,18482,1203.849096,2322.69051
d35_41_G06_0_1_S,glasshouse_b2,3811,T0,R1,S,5110,1416,3345,56,1320.625,3615.839286,47559,1498,3230,62736,1426,2434,5110,1416.196869,3344.881213,23408,1330.724539,3639.015807,377396,1457.033999,2643.055332,24675,1328.623303,3610.281905,5009,1415.037732,3338.286884
d19_17_G03_0_1_T,glasshouse_b2,CALINGIRI,T0,R1,T,14231,1283,2886,66,1366.090909,2899.060606,27186,1412,2770,37577,1446,1986,11582,1272.852616,2723.136591,15020,1635.39767,875.579028,405369,916.341479,2174.885031,12983,1530.637295,905.4947239,10987,1264.362701,2683.881132
d2_T012_02.10.23,field,Gladius,na,R5,T,52024,1133,5274,139,1182.510791,3694.553957,217309,1143,5477,235280,1139,5349,41747,1006.250126,5301.94275,106573,1079.258349,4934.854503,630263,667.9146515,6281.669901,104559,1311.660967,4040.146731,39223,1014.216327,5293.878974
d13_13_G02_1_1_T,glasshouse_b1,5489,T1,R1,T,8774,1719,1518,60,2280.25,1442.35,10596,1839,1733,10895,1839,1733,8774,1702.781058,1521.819695,4448,1795.54384,1869.768435,519120,1875.878934,1045.491378,5011,1784.464378,1824.512672,10346,1684.831142,1396.207037
d45_46_G06_1_2_S,glasshouse_b1,3811,T1,R2,S,12346,1451,3928,70,1241.971429,4071.357143,37692,1813,2852,41909,1809,2949,10175,1543.111646,3856.580344,22973,1229.314891,4427.070953,366524,1456.251075,3320.531812,26418,1242.211787,4334.600878,10117,1543.548878,3854.915884
d09_34_G05_0_2_S,glasshouse_b1,Hartog,T0,R2,S,7920,2126,1052,68,1658.279412,430.8823529,14622,2126,1054,16759,2124,1045,7920,2122.49899,1052.107828,6901,1441.540356,810.665121,403463,1839.862186,333.3307366,8582,1485.81636,321.1429737,8106,2116.310387,1038.193314
d15_14_G02_1_2_T,glasshouse_b2,5489,T1,R2,T,10533,2103,1702,63,1999.761905,1194.428571,11862,2152,2007,16397,2043,1495,10533,2066.419254,1725.735973,6176,1994.400907,1220.793556,368304,2033.816239,1027.09159,7343,1997.842299,1243.276045,10533,2066.419254,1725.735973
d21_01_G01_0_1_T,glasshouse_b1,Gladius,T0,R1,T,10911,912,2588,60,2110.366667,2197.35,25135,2308,2872,26784,2303,2814,10911,926.2275685,2584.598479,9849,2380.284496,2728.045182,404515,2057.749928,1726.573378,9889,2349.456568,2607.020831,8804,886.1127896,2425.302476
d2_T017_02.10.23,field,Gladius,na,R6,T,19338,1430,5087,48,1209.5625,5549.875,176051,1228,4962,187661,1319,4871,15100,1371.883179,5102.75755,78570,1180.437597,4838.685682,661356,1702.183986,4791.093156,72996,1586.820661,3605.990767,12411,882.391991,6001.670131
d6_T021_28.10.23,field,Gladius,na,R9,T,68948,181,2598,81,191.1234568,1277.061728,194389,915,1881,218214,915,2313,66321,173.2156934,2588.589662,110700,1205.750542,5269.683306,642780,273.0300367,3020.347783,122245,1208.645401,5165.796941,65325,171.7667509,2581.291512
d25_28_G04_0_4_S,glasshouse_b1,Forrest,T0,R4,S,4000,2508,2911,54,1326.62963,672.6666667,15607,1340,2942,14301,1351,2670,4000,2513.5655,2913.87575,8297,2554.594673,2538.552127,391045,1470.930791,2729.758672,6103,1477.181222,559.6155989,4000,2513.5655,2913.87575
d05_03_G01_0_3_T,glasshouse_b1,Gladius,T0,R3,T,2557,1549,917,76,1655.434211,367.9342105,4792,1456,908,6992,1581,796,2557,1550.040673,916.8885413,2256,1531.962766,783.7220745,374271,1870.725151,877.0123574,4826,1643.250104,352.8760879,2711,1665.372556,433.7303578
d49_29_G04_1_1_S,glasshouse_b2,Forrest,T1,R1,S,4094,882,4615,58,1522.465517,635.7241379,24444,2029,3930,26580,1064,3230,4094,887.7278945,4615.376649,10639,1484.341103,768.1471943,369009,872.6992594,3938.736849,8896,1548.115445,642.5,4094,887.7278945,4615.376649
d07_22_G03_1_2_T,glasshouse_b2,CALINGIRI,T1,R2,T,2429,1566,899,53,1563.471698,884.2830189,4959,1571,544,4668,1574,537,2429,1568.739399,896.9629477,3404,1573.646005,415.5890129,476869,1061.867991,877.3567667,1718,1614.696158,336.2398137,2402,1569.041216,899.0383014
d21_27_G04_0_3_S,glasshouse_b1,Forrest,T0,R3,S,8300,736,2858,88,1430.227273,720.5681818,18647,747,2440,18647,747,2440,5385,2705.739276,2024.690251,5916,769.6776538,2140.185936,476373,831.3422864,2611.262236,13304,781.8871768,2268.184305,5360,2705.604851,2026.45597
d41_37_G05_1_1_S,glasshouse_b1,Hartog,T1,R1,S,4749,2368,2583,60,2379.316667,2816.416667,7793,1090,2574,7793,1090,2574,4749,2382.81175,2583.421984,4333,981.5105008,2193.772675,194884,2582.584122,2630.143203,4429,2380.044028,2458.895913,4749,2382.81175,2583.421984
d27_33_G05_0_1_S,glasshouse_b2,Hartog,T0,R1,S,5436,1336,3672,52,1309.288462,3607.076923,20532,1235,2774,23044,1240,2686,5436,1340.318801,3667.078366,11207,1480.639422,700.220041,393649,1059.533595,878.8341975,8746,1165.737366,2447.101189,5436,1340.318801,3667.078366
d25_25_G04_0_1_S,glasshouse_b1,Forrest,T0,R1,S,6566,1004,2830,52,713.9615385,3030.75,14327,709,2971,21028,1037,2658,6566,1015.560006,2832.420195,6174,826.6997085,2947.43505,476252,1257.706395,2758.772986,9401,810.6807786,3177.460377,5149,972.002719,2945.217906
d49_35_G05_0_3_S,glasshouse_b2,Hartog,T0,R3,S,20352,1738,615,70,1694.471429,864.5571429,75554,1324,1304,75070,1532,1026,16107,1755.845595,619.4405538,48057,1728.038184,835.1720873,410535,1465.27051,368.7211419,45001,1736.200196,793.3382147,16073,1755.788403,619.2672805
d35_30_G04_1_2_S,glasshouse_b2,Forrest,T1,R2,S,2396,699,2277,112,750.9553571,2335.357143,13751,800,2583,11227,1749,2473,2396,703.0776294,2279.258765,7019,738.9092463,2530.586123,375977,872.0755498,2481.643577,5680,744.3286972,2354.671303,2190,694.2456621,2295.952055
d43_48_G06_1_4_S,glasshouse_b2,3811,T1,R4,S,19403,1426,3248,47,1539.297872,3160.829787,35701,1215,3641,38011,1260,2074,19096,1448.134321,3248.171659,17989,1686.470899,2776.775807,699426,1599.66921,2855.911227,13690,1690.154858,4328.610957,15820,1399.565803,3091.183628
d21_09_G02_0_1_T,glasshouse_b1,5489,T0,R1,T,7598,1099,2954,51,1030.176471,3162.215686,27349,2494,2826,27349,2494,2826,7598,1119.908792,2960.610819,9634,2374.068092,3478.994395,466448,915.7003117,2818.033948,11380,2357.775747,3408.982865,6673,2224.809831,3165.759029
d17_19_G03_0_3_T,glasshouse_b1,CALINGIRI,T0,R3,T,9823,1702,2289,62,1391.354839,1516.096774,17351,1446,2828,17974,1444,2789,9823,1690.336964,2291.928637,7238,1537.382288,3043.308234,389071,1072.844571,2619.580038,12329,1567.224187,2815.788223,7129,1453.072521,2890.338757
d09_12_G02_0_4_T,glasshouse_b1,5489,T0,R4,T,5392,1240,995,60,1488.466667,255.7166667,9922,1533,702,9391,1532,686,5392,1228.602745,994.7663205,5114,1402.163864,642.1120454,388856,1042.549273,874.5082036,5284,1541.326457,277.4089705,5392,1228.602745,994.7663205
d29_03_G01_0_3_T,glasshouse_b1,Gladius,T0,R3,T,14035,1534,3275,60,1158.8,3712.233333,25643,1539,3719,26464,1542,3707,14035,1485.05928,3285.545921,11876,1228.708656,3898.129926,799067,1813.922007,2953.784613,16465,1689.933009,1050.464865,14552,1357.225742,1671.225399
d4_T006_14.10.23,field,3811,na,R3,S,56017,528,5885,47,1378.723404,5546.06383,224632,989,5341,282721,1204,2622,41114,1362.00107,5993.30216,126466,923.9782867,5964.04742,1328873,1115.697915,5763.876213,147085,899.0993711,5830.669518,41108,1361.897344,5993.417559
d09_22_G03_1_2_T,glasshouse_b1,CALINGIRI,T1,R2,T,3456,1615,970,76,1596.447368,396.2105263,6868,1957,1143,7321,1952,1130,3456,1616.62963,970.0271991,2732,1997.677892,1319.341142,376886,1858.694255,875.2153516,2827,1996.05306,1311.966749,3456,1616.62963,970.0271991
d49_25_G04_0_1_S,glasshouse_b2,Forrest,T0,R1,S,7664,1581,662,73,1393.123288,936.5479452,47240,828,3625,64527,948,3215,7424,711.9508351,3145.616514,33054,1392.288377,880.8460096,379169,1456.76467,330.1583938,22495,1492.262636,698.2423205,7424,711.9508351,3145.616514
d05_37_G05_1_1_S,glasshouse_b1,Hartog,T1,R1,S,2246,1371,852,67,1510.761194,327.3880597,1764,1349,889,2236,1371,852,1908,1387.803983,818.1383648,929,1429.037675,741.8449946,318850,1456.441992,866.4616779,1147,1420.836094,759.8090671,1908,1387.803983,818.1383648
d05_14_G02_1_2_T,glasshouse_b1,5489,T1,R2,T,1058,1808,806,82,1486.04878,305.0121951,2006,1577,333,2006,1577,333,1058,1808.414934,806.452741,778,1606.250643,366.718509,322306,1459.115077,286.4707607,1168,1467.536815,289.3159247,1518,1572.483531,319.4756258
d43_12_G02_0_4_T,glasshouse_b2,5489,T0,R4,T,22990,1170,2717,82,1356.292683,2998.243902,67692,2109,3343,81764,2258,3057,22990,1264.724358,2686.413484,30020,1616.993238,944.4722518,467264,2580.122898,1775.0639,28142,1634.598287,902.0540118,22966,1264.694723,2686.064966
d31_13_G02_1_1_T,glasshouse_b2,5489,T1,R1,T,10005,1741,1736,62,1696.612903,1291.870968,21105,1780,2439,22149,1809,2368,10005,1733.036882,1740.91984,11286,1625.841042,926.1143009,366588,1562.645722,2102.590775,12879,1593.363305,984.8837643,10005,1733.036882,1740.91984
d05_24_G03_1_4_T,glasshouse_b1,CALINGIRI,T1,R4,T,2373,1530,727,42,1658.52381,326.9047619,4329,1526,674,4326,1526,674,2373,1529.977665,727.0851243,1602,1524.300874,788.0181024,288824,1460.047873,276.6598655,1480,1695.083108,350.4182432,2373,1529.977665,727.0851243
d05_33_G05_0_1_S,glasshouse_b1,Hartog,T0,R1,S,3015,1239,718,68,1346.823529,258.3088235,3870,1219,813,4152,1222,797,3015,1248.869652,718.8912106,1716,1283.269231,691.8548951,224784,1397.975132,303.5999715,2185,1225.603204,779.4919908,2978,1247.635997,722.014775
d49_19_G03_0_3_T,glasshouse_b2,CALINGIRI,T0,R3,T,18002,1725,2675,61,1041.557377,2424.786885,88150,1803,3785,132265,1730,3188,13019,1741.809432,3047.382518,51158,1596.618926,1008.342077,491261,1489.536906,2270.324445,51224,1571.535296,1014.64704,11856,1724.487179,2955.913968
d29_22_G03_1_2_T,glasshouse_b1,CALINGIRI,T1,R2,T,10388,1188,2759,57,2152,2852.105263,21324,1773,2496,29078,1933,3118,10388,1168.031671,2763.103677,9972,1924.321701,2299.923486,360725,2007.966504,2792.46508,9816,2216.803586,3978.027608,10170,1137.348574,2574.874533
d21_05_G01_1_1_T,glasshouse_b1,Gladius,T1,R1,T,9207,1401,3239,64,1522.546875,1984.578125,18667,1626,2143,22730,1383,2624,9207,1423.341805,3244.840665,9158,1444.131797,2752.762284,374426,1449.777668,2173.365138,8743,1504.710054,2169.44344,9207,1423.341805,3244.840665
d43_15_G02_1_3_T,glasshouse_b2,5489,T1,R3,T,12473,987,2660,94,1424.446809,4186.553191,59275,1411,3762,55463,1257,3883,11639,1028.570582,2680.188762,36105,1450.317878,4178.84354,533649,932.1715678,1838.972956,34860,1472.02992,4187.593718,11450,1028.976507,2685.288035
d27_11_G02_0_3_T,glasshouse_b2,5489,T0,R3,T,10682,1472,4068,60,1449.15,2381.016667,35948,1665,3380,41853,1546,2674,10682,1465.119921,4063.833739,16364,1487.973784,2596.120386,355443,1834.804919,3748.400112,11238,1455.695942,2508.939313,10682,1465.119921,4063.833739
d11_17_G03_0_1_T,glasshouse_b2,CALINGIRI,T0,R1,T,8178,2187,922,62,1299.032258,1924.693548,21179,1682,713,23539,1538,1493,8178,2159.905234,942.5195647,11616,1640.587982,490.0674931,387567,2057.723496,365.3836214,8552,1660.457788,413.465739,8178,2159.905234,942.5195647
d41_12_G02_0_4_T,glasshouse_b1,5489,T0,R4,T,17578,2852,2269,56,1693.339286,994.7857143,44841,1860,2322,43928,2030,3571,17578,2804.590682,2281.690636,20150,2454.873945,3170.91871,471984,2583.353294,1774.530666,25091,1639.720697,864.6839106,14656,2007.613947,2950.585699
d5_T017_21.10.23,field,Gladius,na,R6,T,17697,1187,5046,48,1472.208333,2034.770833,182426,1151,5026,192386,1171,4946,17696,1190.957787,5046.624661,93988,1068.042388,4543.37774,466581,919.1424297,4732.362599,92068,1074.563312,4604.55623,11492,1199.992691,5086.85503
d11_18_G03_0_2_T,glasshouse_b2,CALINGIRI,T0,R2,T,11253,1649,683,62,1446.064516,395.4516129,20105,1649,683,23343,1471,890,11253,1558.189283,700.3793655,8320,1450.691466,443.9551683,466296,1480.533176,440.2264699,7479,1453.441235,425.2293087,10667,1556.838849,716.7218524
d35_28_G04_0_4_S,glasshouse_b2,Forrest,T0,R4,S,4483,2549,3040,59,982.7457627,1135.271186,25384,1479,3278,32793,1388,2923,4483,2553.661611,3039.932857,17130,1406.874548,823.7176883,377309,1453.517152,331.8714634,15173,1467.146247,759.2267185,4459,2553.976228,3038.255214
d29_40_G05_1_4_S,glasshouse_b1,Hartog,T1,R4,S,10006,2404,3100,67,2229.925373,2921.462687,17614,2429,2516,25751,2394,2955,10005,2389.69905,3095.458871,8600,2491.036279,2451.286395,401983,2197.043892,2693.965324,7922,2587.271775,1940.17281,9940,2389.750101,3093.95664
d41_48_G06_1_4_S,glasshouse_b1,3811,T1,R4,S,19216,1435,3232,63,1696.619048,4342.412698,28551,1236,2821,25125,1631,4031,19134,1452.663844,3236.502613,12570,1754.315752,4462.962132,504542,1704.621665,2735.575352,12431,1733.416378,4469.396911,11359,1474.70147,3288.256273
d17_25_G04_0_1_S,glasshouse_b1,Forrest,T0,R1,S,6253,1495,1863,61,650.0491803,2509.721311,7217,1537,1590,7817,1099,2570,6253,1464.206941,1847.589957,4147,647.6530022,2540.013263,520816,1410.246578,1516.972169,3271,1342.447264,630.6355854,6238,1464.586406,1846.736775
d49_47_G06_1_3_S,glasshouse_b2,3811,T1,R3,S,6652,994,3377,75,1122.853333,3341.493333,55622,1322,3859,56159,1344,3829,6652,953.7094107,3362.945731,25902,1781.372519,2225.078218,331170,867.6656883,4316.967319,21444,1593.439004,3864.084965,6193,1130.513483,4582.874051
d13_43_G06_0_3_S,glasshouse_b1,3811,T0,R3,S,6279,1386,1852,66,1437.333333,2254.545455,12516,1409,2020,14854,1611,1690,6279,1421.893932,1850.245103,5876,1528.187883,1667.339517,366993,1454.222615,1591.050391,6320,1639.292405,390.0906646,6233,1420.660677,1853.876143
d5_T023_21.10.23,field,3811,na,R8,S,75316,550,3947,77,908.1168831,6126.038961,271178,980,4845,324337,841,4471,56443,544.019967,3798.235831,141097,990.5116126,4299.71791,503936,362.6023205,3481.665793,246666,933.1693464,3715.66914,55372,545.2867334,3799.709817
d45_31_G04_1_3_S,glasshouse_b1,Forrest,T1,R3,S,4548,2095,3700,62,2375.467742,3132.403226,17786,789,2480,17786,789,2480,4548,2098.908751,3697.584213,10874,626.5236344,2071.690086,415046,326.1444298,3120.991413,9466,1586.909465,601.676104,4548,2098.908751,3697.584213
d17_34_G05_0_2_S,glasshouse_b1,Hartog,T0,R2,S,6431,853,2589,73,1662.657534,725.6164384,20416,944,1897,22757,1928,2204,6431,853.4815736,2589.266522,10867,2261.052452,2758.718506,350356,1446.197042,1334.159335,9716,2294.850453,2799.76832,7182,2120.020189,1334.123225
d09_16_G02_1_4_T,glasshouse_b1,5489,T1,R4,T,5059,1609,1216,79,1532.886076,502.6582278,4216,1655,1324,6907,1544,1045,5059,1608.507808,1216.302827,2457,1674.370777,1418.416361,369292,1451.977024,1347.599084,1946,1685.814491,1458.027749,3728,1640.3978,1320.439378
d21_19_G03_0_3_T,glasshouse_b1,CALINGIRI,T0,R3,T,11525,1721,2631,58,1612.068966,2082.293103,20512,1459,3239,21040,1459,3224,10068,1449.244636,3128.719507,10463,1477.819363,2686.683074,752688,1394.274189,2520.878036,15333,1611.481576,2802.833953,10068,1449.244636,3128.719507
d4_T004_14.10.23,field,3811,na,R1,S,46441,1440,5189,87,643.908046,3583.068966,204910,1145,5140,239296,1087,4935,43424,1415.172808,5148.098793,89754,1210.367861,3111.767721,523981,1377.640121,5082.470332,169180,1293.809913,5289.092186,40779,1425.291964,5101.62927
d33_25_G04_0_1_S,glasshouse_b1,Forrest,T0,R1,S,4987,2202,3157,59,759.2881356,3873.559322,18292,871,3461,26579,1019,2894,4987,2201.927812,3156.962503,12115,863.8245151,2805.64837,378248,871.4560474,2832.710465,13564,839.6732527,2906.019316,4960,990.1879032,3015.768145
d3_T022_08.10.23,field,3811,na,R7,S,41707,857,5210,72,931.125,3647.222222,180284,1224,5246,186388,1213,5228,41705,856.5586381,5209.955257,79974,1407.246105,4227.76795,320726,906.5503296,4896.32732,158736,1171.525886,5396.757112,38825,850.5990728,5199.398661
d09_09_G02_0_1_T,glasshouse_b1,5489,T0,R1,T,8534,1769,1281,55,1981.709091,1764.836364,7252,1938,1574,8005,1662,1022,8534,1778.151863,1276.954769,3165,1956.513744,1674.462243,401394,1496.087263,926.4783529,4945,1582.055814,290.2770475,8534,1778.151863,1276.954769
d45_18_G03_0_2_T,glasshouse_b1,CALINGIRI,T0,R2,T,21719,1109,2586,71,1078.112676,3031.84507,54544,1621,2232,53764,1348,2181,21719,1189.365763,2586.131728,24892,1086.99779,2066.442793,427203,1411.465044,2198.433749,33623,1031.911013,2679.085061,15809,1166.399962,2254.905687
d33_41_G06_0_1_S,glasshouse_b1,3811,T0,R1,S,5311,1433,3335,54,1397.537037,2112.777778,27220,1540,2100,36637,1381,2816,5157,1430.96529,3324.346713,15520,1435.127706,3538.772358,373556,1458.11678,2644.361263,16342,1433.0462,3516.646677,5138,1431.0761,3324.32464
d29_37_G05_1_1_S,glasshouse_b1,Hartog,T1,R1,S,4933,2362,2581,59,1044.881356,2142.932203,7299,2366,2665,7302,2366,2665,4933,2376.245084,2581.098926,4148,967.807377,2208.770733,362009,2568.588347,2124.287816,4371,973.643331,2197.394875,4933,2376.245084,2581.098926
d33_35_G05_0_3_S,glasshouse_b1,Hartog,T0,R3,S,5704,1439,4221,65,1222.646154,3828.061538,22209,1263,3740,19641,853,1967,5704,1443.867987,4211.529102,10760,1313.812825,3668.542472,350048,1459.404045,3380.024697,12285,1327.03606,3562.397884,3869,998.5590592,2208.623417
d11_09_G02_0_1_T,glasshouse_b2,5489,T0,R1,T,5742,1989,1876,62,1975.854839,1989.064516,12750,1974,1725,11696,1572,670,5742,1988.885057,1875.587252,5297,2466.454031,1530.341136,454188,2031.161746,1655.092426,5177,1587.717983,319.2476338,5742,1988.885057,1875.587252
d11_21_G03_1_1_T,glasshouse_b2,CALINGIRI,T1,R1,T,3984,1279,1313,50,1805.18,1527.02,13147,1795,1669,13554,1471,1632,3984,1277.235442,1313.385793,5636,1723.100071,1562.057665,364350,1458.543508,1013.710644,4540,1794.039868,1557.693612,3984,1277.235442,1313.385793
d07_02_G01_0_2_T,glasshouse_b2,Gladius,T0,R2,T,4221,1213,1000,55,1190.618182,1134.2,7692,1385,428,10178,1303,588,4221,1213.237148,999.8073916,4651,1557.110084,317.8110084,357327,2031.171927,888.0755079,3389,1608.594276,301.6417822,4221,1213.237148,999.8073916
d29_18_G03_0_2_T,glasshouse_b1,CALINGIRI,T0,R2,T,17852,1133,2443,61,1384.032787,1239.885246,34647,1340,2114,32708,1324,2159,17850,1204.864874,2478.904706,13449,1125.472972,1909.917466,439606,1425.013471,1174.39219,18028,1415.181662,1030.198414,18466,1205.407235,2311.194574
d37_27_G04_0_3_S,glasshouse_b1,Forrest,T0,R3,S,11050,764,3240,65,743.2153846,3170.015385,26732,744,3053,26732,744,3053,11050,849.2247964,3220.585611,10224,728.6837833,3065.992958,489629,840.438916,2321.926287,16335,751.4276706,2655.282277,5882,923.1989119,3690.742945
d3_T002_08.10.23,field,Gladius,na,R2,T,213563,1263,5464,55,692.5818182,6337,364057,1260,5458,368781,1429,5339,163525,1382.570873,5317.552203,183085,1254.442319,5205.081875,1185793,904.4910621,5355.218083,364506,1312.03784,5437.28343,154213,1414.273181,5339.288821
d41_41_G06_0_1_S,glasshouse_b1,3811,T0,R1,S,30343,1295,3684,58,2377.396552,2730.603448,58540,1191,3887,61174,1203,3848,30343,1306.731305,3686.856277,39177,1295.321541,3639.248437,615335,1242.357693,3623.572553,57568,1208.473961,3909.578846,20981,1254.800248,3748.275916
d21_47_G06_1_3_S,glasshouse_b1,3811,T1,R3,S,6750,1465,2116,61,1548.983607,2512.459016,10656,1429,2417,10652,1467,1765,6750,1465.022667,2115.917333,5800,1527.414483,2496.614828,442420,1533.034124,1715.367456,7000,1531.116,2439.982143,6750,1465.022667,2115.917333
d25_15_G02_1_3_T,glasshouse_b1,5489,T1,R3,T,12677,970,2621,75,922.1733333,2033.613333,15283,933,2413,17151,970,2659,12677,1029.857853,2630.983513,8884,941.6462179,2823.567875,598744,954.7696344,1932.621559,7936,911.9440524,2761.192288,12892,1026.418942,2617.46556
d21_43_G06_0_3_S,glasshouse_b1,3811,T0,R3,S,10104,1799,3104,52,1777.865385,2595.134615,22133,1729,2425,30427,1784,2736,10104,1773.662906,3095.51158,11976,821.6445391,3314.172512,419632,851.899786,2822.317411,12955,804.47912,3267.924199,10104,1773.662906,3095.51158
d43_27_G04_0_3_S,glasshouse_b2,Forrest,T0,R3,S,10607,764,3220,54,1453.037037,655.2222222,34227,933,3749,46638,754,2996,10607,850.9981145,3203.595644,20221,1458.582068,729.3695663,496326,845.3559556,2321.246642,21158,1439.909538,773.8370356,8127,1427.454534,630.253353
d37_06_G01_1_2_T,glasshouse_b1,Gladius,T1,R2,T,5885,1514,1618,75,1935.373333,1328.986667,19921,1848,1327,19650,1614,1312,5885,1518.522175,1623.240102,10283,1675.803657,1522.452592,361516,1880.000479,1469.600964,11934,1715.772331,1487.42115,5885,1518.522175,1623.240102
d1_T006_27.09.23,field,3811,na,R3,S,44091,1816,6111,98,1268.744898,6195.204082,225280,1291,5380,301476,1179,2738,36308,1817.050347,6074.105624,142515,1390.161793,5902.645946,794996,1924.608652,5702.282668,190981,1124.497002,3210.944837,33535,1812.425943,6094.169465
d45_39_G05_1_3_S,glasshouse_b1,Hartog,T1,R3,S,6475,1526,2621,70,1716.714286,2355.928571,30224,1705,2346,26605,1043,3190,6475,1535.201081,2624.992896,12287,1705.610238,2421.70717,385499,1456.108527,2108.83623,13871,1448.359815,2693.365583,6447,1534.792462,2625.722817
d37_09_G02_0_1_T,glasshouse_b1,5489,T0,R1,T,13691,766,4445,48,794.9583333,4544.291667,39417,2218,3175,31738,2194,4555,12579,807.2982749,4391.034184,14369,793.6912798,4446.927622,494949,855.9056489,4016.155751,21257,2426.73317,4077.723056,12034,809.0746219,4387.944158
d27_20_G03_0_4_T,glasshouse_b2,CALINGIRI,T0,R4,T,18001,1790,2354,51,1579.235294,1362.333333,40867,1139,3689,45102,1077,3373,18000,1859.369833,2340.8965,19367,1535.994733,4197.555739,595456,1548.661763,3550.952336,12363,1852.977433,2571.115587,18001,1859.363146,2340.94867
d09_40_G05_1_4_S,glasshouse_b1,Hartog,T1,R4,S,1402,1338,485,64,1218.46875,892.859375,2345,1373,432,3349,1305,580,1402,1340.425107,486.2339515,1004,1218.787849,892.1583665,311043,1452.80484,283.0305199,1304,1567.08589,415.6157975,1639,1573.516779,388.8669921
d49_01_G01_0_1_T,glasshouse_b2,Gladius,T0,R1,T,10242,938,2642,51,1978.098039,1115.039216,81628,1320,3763,90489,1306,3639,9621,2166.565222,2510.728718,29251,2032.018837,1246.787153,664196,922.2684524,2489.482588,41493,695.7648037,3263.655171,7382,953.1402059,2719.344216
d17_36_G05_0_4_S,glasshouse_b1,Hartog,T0,R4,S,4764,1171,1878,61,1279.04918,1005.655738,18421,1072,2208,18414,1072,2208,4764,1185.763434,1880.541982,6955,862.8330697,2803.074047,384877,869.3417066,2229.331363,7836,1343.719245,940.2378765,4598,772.4849935,2832.688125
d27_09_G02_0_1_T,glasshouse_b2,5489,T0,R1,T,9959,758,4260,94,2349.053191,2479.585106,40077,2295,3950,50532,2069,2646,9959,780.6413295,4268.305452,18758,2390.705619,3970.859793,377012,886.5769737,3936.74487,14237,2335.349301,3278.685257,9959,780.6413295,4268.305452
d31_35_G05_0_3_S,glasshouse_b2,Hartog,T0,R3,S,5567,1423,4241,95,1630.084211,677.4526316,25611,1266,3476,33794,1190,3209,3813,1652.794388,475.5129819,14270,1564.006097,737.2105116,354264,1459.31214,3371.10252,12869,1571.448209,667.3478126,3811,988.0139071,2236.600892
d27_44_G06_0_4_S,glasshouse_b2,3811,T0,R4,S,12798,1235,3542,56,1576.357143,877.125,38541,1274,1320,42448,1184,3037,12798,1197.659165,3541.226754,19360,832.788688,2197.627479,558339,916.1626592,1169.933361,11065,858.3451423,2619.460371,7817,820.2489446,1411.839452
d1_T002_27.09.23,field,Gladius,na,R2,T,133683,873,5567,104,1036.461538,5249.403846,373986,1227,5467,382680,1385,5339,112576,906.3271479,5650.926405,191967,1213.763694,5199.663807,796481,900.6888739,5082.818867,374371,1276.816618,5449.396967,109982,902.899038,5667.476833
d27_34_G05_0_2_S,glasshouse_b2,Hartog,T0,R2,S,6621,2120,1331,88,1536.727273,565.75,30411,1577,1140,42147,1954,2369,6621,2119.615768,1332.046368,16494,1564.612283,750.3314539,464401,1921.359179,976.2913323,12882,1541.770998,656.9784195,6564,2121.714503,1336.996039
d49_05_G01_1_1_T,glasshouse_b2,Gladius,T1,R1,T,12824,1367,4003,85,1272.752941,2990.376471,76188,1323,3703,109580,1282,2757,10582,1393.249575,4109.236534,44653,1292.71545,2721.520816,490451,1376.261553,3885.78069,57655,1131.293747,3296.118619,6704,1449.957339,4337.384397
d37_30_G04_1_2_S,glasshouse_b1,Forrest,T1,R2,S,2210,701,2287,80,752.9,2416.6875,8130,778,2483,8130,778,2483,2210,704.6692308,2289.830317,6439,780.8526169,2332.366051,379091,873.9507717,2492.282204,5491,744.2150792,2391.483883,2038,696.5078508,2305.286555
d49_33_G05_0_1_S,glasshouse_b2,Hartog,T0,R1,S,11697,1340,578,48,2186.25,2419.041667,63625,2002,2906,82214,1775,2554,9149,1354.496994,574.9351842,42767,1511.536652,785.0606776,381523,1456.62147,331.5166976,41864,1534.668235,782.0601233,9150,1354.496393,574.9278689
d27_26_G04_0_2_S,glasshouse_b2,Forrest,T0,R2,S,6655,1417,3106,52,1586.807692,2848.423077,27144,1420,3056,27152,1420,3056,5110,965.909589,2565.387476,9582,1216.753287,2732.694845,399297,1455.935484,364.3452192,7123,2015.385933,2867.593149,5110,965.909589,2565.387476
d45_02_G01_0_2_T,glasshouse_b1,Gladius,T0,R2,T,8475,1880,3597,48,1265.0625,2855.6875,38184,1653,4060,39587,1681,4013,8475,1825.450973,3587.055103,17247,1707.09967,2241.679133,612812,2078.345777,2540.807677,20511,1548.181415,4388.979084,8475,1825.450973,3587.055103
d35_19_G03_0_3_T,glasshouse_b2,CALINGIRI,T0,R3,T,9817,1486,3184,50,1840.7,884.24,46350,1503,1598,45672,1503,1594,9817,1471.507793,3183.545482,23576,1638.044113,1056.952027,649355,1516.26532,2410.72864,28528,1572.543256,1167.360628,9817,1471.507793,3183.545482
d15_21_G03_1_1_T,glasshouse_b2,CALINGIRI,T1,R1,T,9711,1868,2353,57,1706.947368,2110.877193,18389,1822,2150,19680,1800,1834,9711,1868.942539,2353.465658,7718,1377.038741,1880.212361,349607,2037.598154,2077.66801,5167,1815.103155,1728.591446,9711,1868.942539,2353.465658
d45_41_G06_0_1_S,glasshouse_b1,3811,T0,R1,S,42182,1188,3853,59,1267.627119,3592.474576,76524,1190,3981,75430,1190,3981,23968,1034.304364,4017.873456,44809,1336.731103,3638.291705,640108,1215.891161,3668.359138,73658,1229.446469,4001.123761,23952,1033.782189,4019.142243
d21_30_G04_1_2_S,glasshouse_b1,Forrest,T1,R2,S,2231,775,2278,80,731.5875,2222.3125,7610,830,2181,7610,830,2181,2231,795.6284177,2281.486329,3809,752.1512208,2204.883959,375751,872.5927542,2481.728615,3758,751.9912187,2202.664715,2199,795.884493,2278.730787
d19_19_G03_0_3_T,glasshouse_b2,CALINGIRI,T0,R3,T,12029,1732,2287,63,1449.063492,1064.650794,25132,1499,1401,24968,1499,1401,12029,1718.348657,2287.186882,13570,1463.473029,1100.486146,732540,1464.54741,2355.890751,13017,1574.99516,3053.638165,8997,1472.154607,3019.463043
d15_33_G05_0_1_S,glasshouse_b2,Hartog,T0,R1,S,3360,1225,882,51,1197.45098,2353.745098,13733,1259,2273,13542,1259,2280,3360,1229.100298,882.078869,6036,1073.647614,1041.408714,365852,1456.865727,2197.073598,9177,1156.630598,2304.436744,3360,1229.100298,882.078869
d13_45_G06_1_1_S,glasshouse_b1,3811,T1,R1,S,3653,1529,1252,63,1439.174603,1380.68254,10040,1557,1500,10051,1557,1500,3653,1524.546126,1251.726526,4035,1501.728377,1254.954399,372024,1025.397703,1465.303738,4698,928.1796509,853.9957429,3653,1524.546126,1251.726526
d25_22_G03_1_2_T,glasshouse_b1,CALINGIRI,T1,R2,T,10116,2166,2567,66,1944.5,2283.863636,18552,1788,2226,23736,2171,2738,10116,2160.974397,2567.309806,8038,1914.22207,2020.189102,726800,2010.466914,1519.630382,9219,1914.200998,1695.248834,9392,1144.956346,2440.710285
d35_08_G01_1_4_T,glasshouse_b2,Gladius,T1,R4,T,18136,1888,2110,48,2031.333333,1551.479167,31696,1805,1291,31022,1797,1282,18136,1925.447067,2101.318869,14503,1751.082604,1450.246087,476051,1982.480369,1189.064073,12404,1804.323767,980.729684,7593,1590.375346,2051.557355
d05_41_G06_0_1_S,glasshouse_b1,3811,T0,R1,S,2253,1573,819,61,1720.163934,522.852459,3407,1487,432,4497,1576,676,2253,1564.804261,820.6307146,1710,1399.882456,467.4935673,219527,1463.887016,240.6073786,3115,1632.637239,248.9640449,2242,1564.909456,819.8412132
d15_46_G06_1_2_S,glasshouse_b2,3811,T1,R2,S,4723,1662,1513,70,1625.871429,620.6285714,12590,1728,1914,14775,1685,1817,4723,1676.055473,1513.400381,5553,1570.557897,1420.992977,364050,1461.802137,1020.043928,4723,1676.615287,1528.956384,4723,1676.055473,1513.400381
d19_29_G04_1_1_S,glasshouse_b2,Forrest,T1,R1,S,3132,238,1757,69,1385.202899,733.5652174,7166,273,1699,7255,1281,2018,3132,240.9262452,1757.542146,4011,295.7434555,1669.752929,327550,280.4510334,1479.163419,2534,214.5217048,1807.32281,2972,243.2648048,1749.826716
d35_04_G01_0_4_T,glasshouse_b2,Gladius,T0,R4,T,19918,2050,3513,66,1590.924242,653.2272727,55145,1640,1258,49191,1641,1164,19531,2040.890123,3521.853054,31423,1626.403081,796.8873437,495076,1500.420511,463.1253282,29755,1626.602016,775.2938666,19432,2040.542096,3515.013689
d7_T012_04.11.23,field,Gladius,na,R5,T,86100,758,5764,81,542.5679012,6321.753086,201339,966,5697,200691,866,5673,77498,753.1242355,5768.675914,91081,676.7186021,6204.227391,719613,496.9476149,5735.180298,116491,849.0216412,6157.087938,75484,751.2943935,5754.499868
d45_03_G01_0_3_T,glasshouse_b1,Gladius,T0,R3,T,12980,1542,3275,62,1773.564516,2442.145161,46925,1900,4032,47590,1900,4031,12980,1494.607858,3289.35547,21577,1670.384298,3276.455207,648463,1489.563079,2895.718849,31080,1707.325064,2224.135682,13730,1367.994173,1690.241442
d25_43_G06_0_3_S,glasshouse_b1,3811,T0,R3,S,13335,1766,3341,46,643.6956522,1760.152174,27608,1774,2669,33809,1810,3020,13335,1778.765129,3342.541207,14357,1785.366929,2416.654594,424603,851.4013231,2799.743947,17954,755.9699788,3623.146318,13335,1778.765129,3342.541207
d09_33_G05_0_1_S,glasshouse_b1,Hartog,T0,R1,S,3180,1238,717,52,1393.269231,202.25,7085,1247,652,7070,1247,652,3180,1242.55,716.6679245,3749,1123.398773,782.0098693,355314,1455.463317,770.7702089,3437,1120.095432,794.3418679,3180,1242.55,716.6679245
d37_21_G03_1_1_T,glasshouse_b1,CALINGIRI,T1,R1,T,29604,1864,3631,60,1598.016667,3622.383333,27237,1779,4223,27904,1783,4216,18801,1861.913994,3274.094144,13437,1720.85979,3993.248493,559033,1945.604013,2745.756966,13933,1579.589823,1811.433431,19199,1862.521017,3235.521746
d15_47_G06_1_3_S,glasshouse_b2,3811,T1,R3,S,6069,1418,1842,76,1516.684211,760.9736842,14120,1409,1726,12661,1413,1687,6069,1417.211237,1841.507827,6168,1278.80869,1449.220169,599954,1386.917559,1315.832215,4696,1318.752342,1396.022572,6069,1417.211237,1841.507827
d27_45_G06_1_1_S,glasshouse_b2,3811,T1,R1,S,9158,784,2366,57,1047.245614,1500.859649,26268,1283,1763,25292,1296,1732,9158,783.8009391,2365.683228,13306,1082.390651,1515.482188,390624,858.4644901,1520.099669,12139,1602.534146,3391.78046,9158,783.8009391,2365.683228
d43_32_G04_1_4_S,glasshouse_b2,Forrest,T1,R4,S,5066,581,2521,52,647.4423077,2288.884615,22207,481,3207,26611,517,2977,5066,581.1405448,2520.7197,10596,1494.854379,713.4457342,376711,2587.81073,2771.829474,9092,1410.147382,687.5868896,5066,581.1405448,2520.7197
d07_42_G06_0_2_S,glasshouse_b2,3811,T0,R2,S,1979,1334,615,74,1354.864865,291.5810811,7354,1433,423,7565,1428,415,1979,1336.525518,615.3572511,2795,1164.90161,893.5856887,356798,1454.17668,765.9501455,3012,1172.747012,881.1626826,1979,1336.525518,615.3572511
d31_08_G01_1_4_T,glasshouse_b2,Gladius,T1,R4,T,9934,1984,2631,51,1846.333333,2017.098039,23756,1804,1248,23581,1802,1245,8722,1937.913437,1603.074753,10479,1711.837866,875.7679168,417765,2003.33128,2095.460939,12643,1869.203591,1496.207546,7878,1626.018406,2075.371922
d07_23_G03_1_3_T,glasshouse_b2,CALINGIRI,T1,R3,T,3705,1538,1147,79,1821.886076,350.9746835,4210,1757,297,4210,1757,297,3705,1540.333333,1146.980027,2144,1609.754198,308.0410448,330437,1453.893962,877.7410278,1884,1800.039809,328.5180467,2022,1521.310089,1283.13996
d6_T010_28.10.23,field,Gladius,na,R3,T,17115,792,5166,74,1439.689189,6141.27027,140702,1199,5343,150688,1176,5237,9673,776.9310452,5328.650264,58122,1450.806596,6024.88519,386450,1054.44089,5893.500326,125610,1252.416894,5477.574023,7582,771.1656555,5260.203376
d7_T008_04.11.23,field,3811,na,R4,S,35811,1136,6445,57,754.0877193,3769.368421,182675,957,3000,238461,894,3456,33120,719.8345713,3104.590187,103955,1109.133971,6174.75879,466765,1141.574503,2639.595809,102898,878.1500418,2789.967842,31592,728.148392,3102.601956
d49_20_G03_0_4_T,glasshouse_b2,CALINGIRI,T0,R4,T,23266,2150,1142,75,644.8,2400.173333,98311,1517,1544,119578,1867,2978,17705,1879.135555,2360.857385,50148,1511.91232,1008.12485,464983,951.8252775,1960.695468,50156,1725.242204,1038.353637,17705,1879.135555,2360.857385
d17_09_G02_0_1_T,glasshouse_b1,5489,T0,R1,T,7806,1925,2042,62,2113.467742,1789.322581,16722,2079,2803,17111,2050,2722,6353,1954.295766,2149.657012,7161,1201.75576,2728.377042,388248,2141.512446,2571.629487,6997,2230.500357,3050.514077,6353,1954.295766,2149.657012
d15_07_G01_1_3_T,glasshouse_b2,Gladius,T1,R3,T,12248,1417,1651,54,1428.296296,1682.222222,18313,1600,1116,19563,1381,2163,12248,1416.529311,1651.426764,10560,1690.050284,1338.751042,451200,1418.503382,1163.540492,6792,1526.105565,1270.968934,12248,1416.529311,1651.426764
d11_01_G01_0_1_T,glasshouse_b2,Gladius,T0,R1,T,5532,2008,1915,57,1561.701754,433.7368421,13361,1886,1710,15366,1853,1652,5532,2009.56833,1913.909255,7360,1660.738723,463.3574728,527136,1701.449905,1634.635051,7071,1659.175788,453.0625088,5532,2009.56833,1913.909255
d43_14_G02_1_2_T,glasshouse_b2,5489,T1,R2,T,22498,2415,3188,67,2040.597015,1845.373134,45946,2024,2177,47234,2196,2144,22498,2383.553471,3201.938706,21567,2152.605926,2922.060926,423275,2077.210773,1281.473201,22466,2145.170346,2914.893172,22303,2382.934986,3197.03152
d35_43_G06_0_3_S,glasshouse_b2,3811,T0,R3,S,25350,660,3892,55,714.0181818,3632.4,56981,1606,3705,56416,1606,3705,25350,721.2560158,3874.348323,25913,1764.283912,2530.829275,576028,1226.417816,3362.78641,26931,707.2823512,4028.332628,23961,731.0134802,3837.792955
d15_12_G02_0_4_T,glasshouse_b2,5489,T0,R4,T,10258,1087,1558,62,1594.903226,593.1451613,18711,1733,2085,19455,1725,2069,10258,1108.593391,1568.784071,10139,1552.806687,689.3272512,533335,1061.732806,1164.088498,13424,1496.967744,800.5363528,10258,1108.593391,1568.784071
d13_18_G03_0_2_T,glasshouse_b1,CALINGIRI,T0,R2,T,11969,1173,1550,73,1427.246575,436.5068493,17975,1436,945,18006,1436,945,11969,1199.331105,1544.723703,7293,1260.016454,850.6539147,408760,1054.046805,923.4115716,9607,1408.341522,378.530967,11969,1199.331105,1544.723703
d33_03_G01_0_3_T,glasshouse_b1,Gladius,T0,R3,T,13421,1552,3276,64,1609.109375,1235.421875,28499,1567,3966,27827,1367,2540,13421,1503.22964,3288.545786,15576,1261.290383,4187.414548,394937,1495.033038,2795.622669,20074,1733.280811,1097.262429,14231,1378.233785,1660.371021
d49_43_G06_0_3_S,glasshouse_b2,3811,T0,R3,S,24314,822,3881,104,1650.730769,868.5673077,154362,1614,3715,181992,1781,3463,24230,745.5153529,3850.566612,59871,1746.962336,969.0024219,613361,429.0945821,3188.531592,91383,2155.696661,3856.771062,24025,744.3664516,3851.154256
d3_T005_08.10.23,field,3811,na,R2,S,15967,1661,4882,64,1837.546875,3488.484375,174162,1276,5349,174581,1277,5349,15264,1678.015134,4876.58484,83281,1645.751684,4804.269509,501902,1853.07036,4799.005814,87436,1561.052827,4955.377945,12530,426.4992019,6176.632961
d05_32_G04_1_4_S,glasshouse_b1,Forrest,T1,R4,S,1752,1406,666,55,1556.909091,267.9454545,1720,1405,669,2319,1431,613,1752,1405.888699,666.234589,899,1435.509455,601.2502781,320686,1454.440973,287.6364325,879,1565.0876,257.403868,1752,1405.888699,666.234589
d37_05_G01_1_1_T,glasshouse_b1,Gladius,T1,R1,T,15584,1318,3756,60,1348.266667,3337.35,32198,1636,2483,33035,1627,2541,15584,1443.777464,3745.735498,13805,1373.018761,2214.167258,298977,1314.262465,3440.545213,17931,1346.80648,2639.347443,5761,1380.254817,2604.449575
d09_28_G04_0_4_S,glasshouse_b1,Forrest,T0,R4,S,3270,1694,974,78,1595.051282,300.7564103,7655,1601,626,7642,1233,596,3270,1685.097248,974.3152905,3278,1684.969799,973.6766321,366125,861.4022287,864.5812578,7112,1537.936727,331.2173791,3270,1685.097248,974.3152905
d27_37_G05_1_1_S,glasshouse_b2,Hartog,T1,R1,S,4769,2380,2577,61,2383.836066,2419.442623,12273,1104,1996,12117,1099,2020,4769,2394.973789,2577.341371,5748,1036.898747,2099.149095,167029,2581.190147,2629.30924,4447,995.4198336,2188.166179,4769,2394.973789,2577.341371
d11_48_G06_1_4_S,glasshouse_b2,3811,T1,R4,S,5858,1315,1413,65,1423.076923,847.3230769,10068,1314,1417,10799,1321,1387,5858,1319.785592,1415.215773,6709,1618.53391,434.4766731,411750,1446.544889,1024.588614,6052,1645.870952,420.6870456,5858,1319.785592,1415.215773
d45_11_G02_0_3_T,glasshouse_b1,5489,T0,R3,T,22626,1565,3915,57,2825.087719,3400.684211,42884,1621,3374,41369,1698,3715,14227,1471.364307,4198.401982,19860,1481.273917,4222.364955,506268,1892.770068,3416.340302,24992,2949.954866,3581.192782,14052,1469.624466,4203.33497
d27_42_G06_0_1_S,glasshouse_b2,3811,T0,R2,S,12764,940,3001,51,1275.823529,4115.27451,37505,1075,1682,40229,1729,2019,12764,887.5216233,2991.315967,16340,863.5743574,2254.616769,356409,1947.302941,2101.162807,15789,876.4725442,2189.305656,12764,887.5216233,2991.315967
d05_01_G01_0_1_T,glasshouse_b1,Gladius,T0,R1,T,4453,1696,885,64,1562.984375,318.609375,4036,1638,484,3766,1708,936,4356,1700.748852,892.6166208,2045,1671.065037,772.7070905,372255,1454.768651,805.2827685,1955,1609.920205,390.7258312,4354,1700.774231,892.7675701
d25_09_G02_0_1_T,glasshouse_b1,5489,T0,R1,T,7657,1100,2921,70,2409.928571,3814.842857,32533,2188,3000,30766,2438,3121,7657,1119.419616,2927.176962,10672,2340.347358,3105.694153,347253,2119.112627,3751.916251,13085,2274.672144,1976.233703,6428,809.2896702,4017.004512
d07_05_G01_1_1_T,glasshouse_b2,Gladius,T1,R1,T,3684,1594,907,58,1655.362069,191.3103448,7072,1866,321,9081,1610,691,3684,1594.344191,907.2738871,3275,1528.528855,1019.642443,342723,2040.254232,293.5860593,2830,1540.936042,722.9865724,3672,1594.35158,907.6963508
d07_27_G04_0_3_S,glasshouse_b2,Forrest,T0,R3,S,3982,1444,534,60,1397.35,301.6833333,9538,1453,398,8002,1459,350,3982,1418.503767,534.2656956,3510,1391.229345,286.9344729,389274,1825.569391,269.0379296,2609,1358.783059,702.8440015,3967,1418.469876,534.7393496
d19_34_G05_0_2_S,glasshouse_b2,Hartog,T0,R2,S,7222,2127,1289,52,1718.115385,717.4807692,27092,1578,1181,27154,1581,1182,7222,2123.577541,1289.145804,13941,1533.756904,801.1215838,448483,1911.934611,951.2201042,14869,2264.06712,2685.387316,7073,2128.785805,1301.138696
d35_11_G02_0_3_T,glasshouse_b2,5489,T0,R3,T,14541,1420,4258,69,1543.188406,2357.492754,37698,1647,3693,45756,1463,2900,14541,1435.342824,4254.051716,18256,1515.19862,2734.713519,383190,1449.966197,3878.007135,12902,1409.251821,4361.65672,11071,1397.350104,4381.990877
d7_T011_04.11.23,field,Gladius,na,R4,T,86828,1546,5861,67,1471.358209,3966.432836,264953,1274,5656,240520,1226,5791,71957,1548.96409,5817.584738,108947,1642.001505,5807.230387,847724,723.7763317,5546.959482,113315,1643.606716,5793.89673,70082,1547.022345,5826.410847
d35_18_G03_0_2_T,glasshouse_b2,CALINGIRI,T0,R2,T,20827,1195,2269,82,1421.365854,1169.195122,44473,1368,1496,47036,1325,1784,18492,1199.557917,2318.664774,22283,1535.415608,1034.866131,597827,1416.492275,1815.622836,22767,1030.118461,2401.550929,18367,1199.172157,2319.284859
d07_14_G02_1_2_T,glasshouse_b2,5489,T1,R2,T,3301,1930,915,61,1971.836066,1071.836066,3434,1930,915,3434,1930,915,3301,1922.66495,918.7973341,1552,1536.485825,229.7918814,318484,2028.824437,881.9560041,1731,1539.481225,237.2853842,3301,1922.66495,918.7973341
d4_T002_14.10.23,field,Gladius,na,R2,T,204975,1025,5501,75,246.2133333,3340.56,359147,1135,5471,380452,1349,5264,85743,864.3060192,5391.724596,176320,1113.858536,5203.421348,940089,532.0595039,3291.213901,291981,1041.875554,5675.056144,81616,851.448466,5417.616166
d21_33_G05_0_1_S,glasshouse_b1,Hartog,T0,R1,S,4758,1324,3591,62,1287.612903,801.516129,15675,1601,2973,20269,1259,2525,4758,1328.249895,3590.811055,9257,1169.248137,2370.428757,345186,1454.248996,3076.453338,10089,1281.401725,786.2009119,4758,1328.249895,3590.811055
d17_11_G02_0_3_T,glasshouse_b1,5489,T0,R3,T,6510,1328,2559,59,1659.661017,1235.322034,20306,1526,2561,20305,1526,2561,6510,1328.101382,2559.014286,8280,1474.600121,2587.129106,381818,1457.949172,2219.785542,10352,1400.523764,2467.755506,6510,1328.101382,2559.014286
d41_38_G05_1_2_S,glasshouse_b1,Hartog,T1,R2,S,4170,2169,1835,66,1005.742424,2346.80303,23103,957,2317,20237,905,2345,4170,2170.288489,1833.434053,11286,854.3638136,1944.236576,396961,907.1679838,1630.699877,12619,758.1673667,2754.382518,3752,872.4248401,1673.422708
d09_23_G03_1_3_T,glasshouse_b1,CALINGIRI,T1,R3,T,6090,1507,1302,64,1525.265625,1151.65625,5295,1566,925,7590,1532,1166,6090,1509.629885,1302.243842,3097,1478.962867,1533.404908,387517,1453.160919,989.325498,2515,1612.741948,298.7168986,4256,1489.373825,1445.065085
d4_T011_14.10.23,field,Gladius,na,R4,T,55035,741,6271,86,918.2325581,5577.930233,217108,1057,5711,218236,1057,5711,46854,770.5952533,6332.710078,110532,1055.549162,6296.357082,581745,475.6353798,6064.345995,141823,900.9713023,6082.64553,38749,797.8183695,6313.736277
d31_21_G03_1_1_T,glasshouse_b2,CALINGIRI,T1,R1,T,22532,1923,3285,68,1709.205882,2903.308824,33510,1429,2099,33831,1429,2099,22532,1856.93507,3303.281821,14942,1672.452416,2986.036207,533957,1980.358134,2551.088573,15161,1573.082251,1609.685707,21264,1859.118322,3357.791996
d3_T004_08.10.23,field,3811,na,R1,S,47818,1414,5188,71,609.1267606,4578.267606,203085,1133,5125,221052,1100,5020,33267,1434.624553,5123.934981,91879,1175.234863,3089.7786,470473,1942.452542,4487.124889,170953,1270.435038,5269.555521,32833,1438.106478,5116.733926
d27_23_G03_1_3_T,glasshouse_b2,CALINGIRI,T1,R3,T,18028,1561,2997,64,1720.0625,3148.1875,23944,1433,1897,25328,1429,1941,7543,1564.378364,3849.375182,12998,1800.288352,2739.378981,395127,859.1051814,1565.857952,8419,1503.386863,1611.552322,7546,1564.378876,3849.445402
d45_47_G06_1_3_S,glasshouse_b1,3811,T1,R3,S,5249,681,4663,71,1385.830986,3818.901408,29722,1506,2771,30348,1502,2773,5249,689.4069347,4663.033149,14383,1512.352986,3591.752833,333036,865.6714199,4308.085925,14834,901.5954564,4388.977552,4913,1139.093833,4494.899858
d43_26_G04_0_2_S,glasshouse_b2,Forrest,T0,R2,S,6886,970,3973,72,1379.111111,3647.722222,39811,1544,3719,41461,1534,3693,6886,982.4491722,3973.26779,16339,1465.60224,3607.763143,381368,1849.004439,877.2185868,9885,1252.799494,2609.279009,6886,982.4491722,3973.26779
d13_19_G03_0_3_T,glasshouse_b1,CALINGIRI,T0,R3,T,8017,1683,1620,58,1532.224138,741.5689655,13330,1481,2053,14368,1480,2035,8017,1687.760634,1620.333541,6116,1572.269294,1154.689176,400692,1826.29177,938.5102298,9481,1566.081848,2078.667546,8017,1687.760634,1620.333541
d19_28_G04_0_4_S,glasshouse_b2,Forrest,T0,R4,S,3666,1516,2081,88,1501.659091,692.2954545,13989,1148,942,13989,1148,942,3666,1515.539553,2081.227223,9993,1501.776243,845.3405384,315579,1452.05462,2606.097415,5105,1529.843291,602.3572968,3666,1515.539553,2081.227223
d43_33_G05_0_1_S,glasshouse_b2,Hartog,T0,R1,S,6793,1361,560,85,1129.564706,737.5176471,46412,2004,2817,62987,1793,2434,6793,1361.396585,560.3494774,29304,1463.531634,710.2629334,336979,1458.856531,800.1429258,26601,1485.284914,659.9982707,6089,2005.964034,2760.088028
d15_48_G06_1_4_S,glasshouse_b2,3811,T1,R4,S,9334,1256,1704,64,1551.375,592.203125,16981,1249,1816,17300,1250,1809,9334,1267.986072,1700.811978,7086,1545.686142,504.392464,486979,1412.925101,1145.581333,6820,1549.418915,491.1398827,6098,1300.976878,1426.433421
d45_22_G03_1_2_T,glasshouse_b1,CALINGIRI,T1,R2,T,13424,2007,4168,58,2000.396552,2395.534483,29362,1951,4408,29038,1949,4415,13424,1942.629246,4142.770039,18788,1965.361294,4681.711145,566015,1940.119855,3562.602906,19332,2021.100662,4650.827281,13279,1944.787183,4134.174938
d15_40_G05_1_4_S,glasshouse_b2,Hartog,T1,R4,S,3692,1658,2081,65,1162.830769,1212.4,8120,1678,1825,12020,1618,1521,3692,1661.01598,2081.394095,3483,1660.072064,2097.667528,367103,1460.564814,931.1403503,3434,1659.876238,2101.464473,3692,1661.01598,2081.394095
d45_33_G05_0_1_S,glasshouse_b1,Hartog,T0,R1,S,6015,2014,2758,59,1160.254237,2185.694915,40886,2055,3037,44814,2057,3012,6015,2014.086284,2757.991355,20942,2203.463518,2429.352832,348062,857.7785251,2072.274807,31149,1494.415968,678.1779832,7949,1371.855328,555.9701849
d27_30_G04_1_2_S,glasshouse_b2,Forrest,T1,R2,S,2458,669,2229,63,711.1746032,2409.746032,12052,753,2368,9941,889,2088,2458,673.8868999,2229.655004,5686,742.1702427,2259.185895,373299,870.4807246,2475.524196,5430,729.8537753,2279.974954,2268,665.8143739,2244.974868
d37_46_G06_1_2_S,glasshouse_b1,3811,T1,R2,S,11190,1454,3910,64,1226.90625,3861.75,20597,1799,2826,20527,1799,2826,10925,1535.362654,3926.966041,9873,1274.059151,3806.581586,352943,1432.563941,3298.355006,15692,1302.648674,4166.115537,10871,1535.886671,3925.005059
d45_16_G02_1_4_T,glasshouse_b1,5489,T1,R4,T,11948,1985,3361,66,1616.212121,689.2424242,37120,2339,4024,48694,2357,3596,11948,2060.781972,3323.735353,18245,2433.356591,4357.987503,567479,2065.170974,2993.184971,31570,2379.697878,4093.109724,8688,2090.649632,3551.597261
d21_24_G03_1_4_T,glasshouse_b1,CALINGIRI,T1,R4,T,10329,2349,2557,51,1419.784314,1191.941176,21687,918,2726,21682,918,2726,10329,2351.79117,2555.244264,7713,1104.452872,2684.085311,565338,1448.473046,2340.31271,10460,1087.268164,2283.984799,11283,2337.406186,2470.891518
d35_46_G06_1_2_S,glasshouse_b2,3811,T1,R2,S,11226,1449,3906,65,1732.153846,2980.6,26423,1742,2162,28025,1770,2293,10922,1530.867607,3920.724593,14194,1326.969494,2319.007186,399045,1423.06407,2094.3017,14422,1308.008321,4133.522674,10708,1533.059301,3909.345443
d35_10_G02_0_1_T,glasshouse_b2,5489,T0,R2,T,17072,2486,2799,71,2197.816901,2847.591549,53748,2257,3572,59415,2116,1541,15913,2513.199837,2857.520266,23321,1947.577334,2565.067021,468609,2558.405479,2292.727252,21265,1758.569245,666.3010111,15888,2513.51712,2858.164653
d2_T024_02.10.23,field,3811,na,R9,S,36881,1217,3736,77,583.5714286,2830.363636,190849,971,2122,193147,981,2120,30650,1193.931811,3670.374747,99908,1277.415793,3703.307343,502465,958.3337745,3257.380809,81268,1340.769553,3761.092816,27750,1176.686631,3655.04645
d17_30_G04_1_2_S,glasshouse_b1,Forrest,T1,R2,S,2811,1044,1808,61,782.1803279,2316.934426,6296,950,2005,6296,950,2005,2811,1043.264674,1807.212736,1948,2010.409651,1976.602156,218934,888.313542,2043.103766,2663,778.9279009,2302.364626,2811,1043.264674,1807.212736
d15_22_G03_1_2_T,glasshouse_b2,CALINGIRI,T1,R2,T,9498,2026,1890,61,2061.721311,2370.360656,14871,1787,2051,21465,1783,1692,9498,2057.721626,1889.944304,7897,1892.769913,1618.53476,607640,1968.839609,1297.391918,7148,1902.450476,1640.262171,9498,2057.721626,1889.944304
d05_39_G05_1_3_S,glasshouse_b1,Hartog,T1,R3,S,1097,1695,653,66,1699.939394,368.1363636,1097,1695,653,1097,1695,653,1097,1695.34093,653.0556062,508,1769.122047,461.2185039,335349,1462.170333,293.9530728,756,1706.874339,375.4497354,1339,1732.861837,410.8364451
d29_29_G04_1_1_S,glasshouse_b1,Forrest,T1,R1,S,3695,981,3325,55,2509.509091,2294.727273,8818,1096,3039,8814,1096,3039,3695,976.9036536,3320.569147,4922,939.5388054,3422.934376,268480,2591.420847,2635.745966,4582,2500.019206,2730.905718,3695,976.9036536,3320.569147
d21_37_G05_1_1_S,glasshouse_b1,Hartog,T1,R1,S,5050,2360,2546,62,1067.516129,1978.419355,7936,2362,2531,7936,2362,2531,5050,2374.720396,2545.975842,4700,1000.669149,2158.317021,365403,2567.278854,2125.869016,4575,983.8555191,2157.155628,5050,2374.720396,2545.975842
d05_29_G04_1_1_S,glasshouse_b1,Forrest,T1,R1,S,1474,1477,376,51,1469.019608,201.745098,1673,1477,366,1673,1477,366,1474,1476.929444,376.3398915,679,1307.762887,776.6450663,324522,1453.851357,288.2836726,890,1469.082022,420.4730337,1961,1478.156553,338.6047935
d13_47_G06_1_3_S,glasshouse_b1,3811,T1,R3,S,4564,1182,1435,66,1520.409091,390.3787879,8767,1423,1584,10170,1421,1506,4564,1182.268624,1434.948072,3798,1555.249868,819.2116904,451821,1419.415924,1111.213253,4036,1554.601338,350.3481169,4564,1182.268624,1434.948072
d1_T008_27.09.23,field,3811,na,R4,S,30339,1395,6443,68,1470.058824,6251.132353,168921,1016,3025,221064,1044,3488,19179,1320.89452,6318.675948,83964,728.6980968,3296.953766,402047,1419.681107,5985.174659,102432,902.5977136,2955.308078,19165,1321.161179,6318.6539
d31_27_G04_0_3_S,glasshouse_b2,Forrest,T0,R3,S,11283,739,3223,57,1427.754386,659.3333333,24981,730,3002,34528,862,2170,11283,827.1229283,3201.93858,10414,695.6391396,2949.880641,383457,872.8358382,2234.680533,12552,698.6979764,2804.105481,5801,903.5150836,3697.577487
d35_25_G04_0_1_S,glasshouse_b2,Forrest,T0,R1,S,5770,1519,1872,87,1396.724138,751.7471264,30700,913,3341,32005,938,3245,5770,1488.259965,1856.264818,15571,1406.306339,831.5423544,507635,1269.518422,2749.120896,12499,813.4710777,2955.058565,4853,2184.180301,3178.770451
d13_46_G06_1_2_S,glasshouse_b1,3811,T1,R2,S,4774,1636,1478,61,1599.885246,539.295082,7197,1633,1748,8216,1647,1287,4774,1648.798282,1477.826142,3643,1646.293988,1384.659621,364496,1460.114937,1019.497525,2642,1150.447767,1824.698713,4774,1648.798282,1477.826142
d19_22_G03_1_2_T,glasshouse_b2,CALINGIRI,T1,R2,T,11606,2104,2267,58,1839.137931,2179.534483,16898,1690,1447,17002,1791,2460,11606,2103.970877,2267.490781,7559,1931.125281,2234.975261,684363,2003.177784,1443.315672,9997,2051.573972,2690.293788,7370,1798.28019,2189.742198
d15_05_G01_1_1_T,glasshouse_b2,Gladius,T1,R1,T,6397,2413,1779,67,1893.626866,580.7313433,16865,1653,2194,17024,1653,2194,6397,2413.328904,1779.095201,7507,1511.162781,1949.758359,358966,1464.342615,962.0581949,12736,1520.113772,2230.156721,4825,1426.866943,1475.82114
d19_23_G03_1_3_T,glasshouse_b2,CALINGIRI,T1,R3,T,12209,1483,2449,52,1750.538462,1564.711538,15678,1483,1497,16205,1488,1573,12209,1503.452945,2443.063969,8321,1680.383728,2034.107078,493400,1508.666998,1782.065843,3640,1517.582692,2570.66044,10542,1497.690761,2300.089262
d7_T022_04.11.23,field,3811,na,R7,S,45013,907,5242,67,1722.328358,5787.850746,177331,1223,5312,181099,1220,5300,43941,904.2144239,5240.781594,82946,910.0748077,4779.405734,441244,948.0735398,4925.282789,126093,1298.7443,5243.64619,39956,919.8996646,5290.974697
d43_01_G01_0_1_T,glasshouse_b2,Gladius,T0,R1,T,9855,2188,2488,56,2449.5,2186.125,67876,1318,3754,59503,1143,3398,9855,2168.094368,2526.745814,25422,2065.531272,4203.654591,434362,2388.730985,2128.311832,26295,772.1307473,2969.553489,7845,499.9923518,3095.649713
d13_03_G01_0_3_T,glasshouse_b1,Gladius,T0,R3,T,15228,1348,1371,65,1557.369231,608.4923077,14412,1498,1112,14625,1496,1118,15228,1339.282112,1371.410625,6879,1467.371856,1008.850996,389253,1443.530167,1048.991134,7723,1466.419138,1003.039622,11102,1316.577914,1481.18294
d25_40_G05_1_4_S,glasshouse_b1,Hartog,T1,R4,S,5073,1651,3432,62,2452.306452,2525.66129,13072,2439,2287,15050,1662,2635,5073,1620.671003,3439.283856,7089,1631.098603,3279.604175,347343,2595.484504,2504.598964,8856,2570.540425,1928.094738,5073,1620.671003,3439.283856
d49_37_G05_1_1_S,glasshouse_b2,Hartog,T1,R1,S,4678,2380,2596,59,1658.779661,757.4067797,14399,1626,2270,16516,1626,2270,4678,2394.709277,2596.541043,9834,1651.735611,814.6201952,375874,1865.973371,871.6082224,5398,1471.32827,729.2951093,4678,2394.709277,2596.541043
d09_11_G02_0_3_T,glasshouse_b1,5489,T0,R3,T,4426,2173,1066,55,1513.890909,1430.345455,8006,2027,853,7296,1554,1347,4426,2174.281292,1065.692273,3223,1557.012721,1190.296928,356066,1455.944331,781.7070824,5774,1514.96796,338.0261517,4288,2181.663479,1075.300606
d41_06_G01_1_2_T,glasshouse_b1,Gladius,T1,R2,T,6315,1488,1610,77,1611.467532,1098.558442,26885,1708,1182,25859,1708,1182,6008,1487.759654,1618.416611,12153,1929.50539,1196.793549,363487,1930.734959,1403.321109,17176,1837.11126,1111.334944,6175,1887.296356,602.5201619
d31_44_G06_0_4_S,glasshouse_b2,3811,T0,R4,S,9712,674,2871,58,883.0517241,3479.362069,41449,1201,1434,45154,1203,3151,7334,798.7781565,1445.631443,18572,1524.524876,981.1356881,399340,861.2349777,1054.203906,13249,812.5727225,2743.852819,7254,795.4565757,1452.093879
d37_01_G01_0_1_T,glasshouse_b1,Gladius,T0,R1,T,8317,969,2807,45,2261.088889,2161.577778,34658,2313,3077,34994,2316,3064,7263,951.1763734,2731.648768,14017,2394.19084,2289.895698,390361,2417.705398,2078.439168,34501,2368.162053,3092.982001,7265,951.2053682,2731.806882
d49_22_G03_1_2_T,glasshouse_b2,CALINGIRI,T1,R2,T,9521,1159,2554,55,1752.2,4392.763636,41677,1954,3860,45379,1933,3764,9521,1147.420019,2558.173091,18899,1961.251548,4504.291497,433507,1968.82162,3498.539468,16684,1768.084812,1050.457804,9521,1147.420019,2558.173091
d09_21_G03_1_1_T,glasshouse_b1,CALINGIRI,T1,R1,T,2743,1832,1459,52,1754.461538,1247.403846,7417,1607,900,7874,1613,920,2711,1650.030247,1026.70343,3915,1742.241124,906.8319285,348703,2040.250282,1471.831189,4987,1811.975937,1493.254261,2711,1650.030247,1026.70343
d31_16_G02_1_4_T,glasshouse_b2,5489,T1,R4,T,9874,1895,3165,56,1545.464286,898.5535714,29485,1873,3122,40606,1934,2259,9874,1970.034535,3147.525724,10479,1590.805516,769.4459395,466319,1990.833584,2301.007821,16406,2139.297513,3383.888334,9802,1968.219241,3142.785758
d45_14_G02_1_2_T,glasshouse_b1,5489,T1,R2,T,30727,2465,3916,54,2081.814815,1886.740741,44788,2197,2704,47043,2193,2746,30725,2353.002441,3887.877071,17216,2174.425883,3187.907876,754794,2198.465058,4105.118928,29152,2193.7948,2966.079308,22336,2372.054934,3206.033175
d45_06_G01_1_2_T,glasshouse_b1,Gladius,T1,R2,T,6016,1488,1629,61,1879.229508,1073.737705,34377,1799,1223,29877,1818,1163,6016,1496.086935,1632.273438,18324,1996.683039,1185.501528,379516,1441.532136,1520.37492,16172,1797.91442,1281.86186,6325,1893.643162,605.2814229
d11_12_G02_0_4_T,glasshouse_b2,5489,T0,R4,T,7169,1190,1196,55,1473.4,431.6909091,15735,1542,606,16012,1542,615,7169,1189.921188,1195.525178,10115,1644.123085,456.6251112,393445,1047.373966,881.0162691,5888,1557.29144,333.9733356,7169,1189.921188,1195.525178
d33_20_G03_0_4_T,glasshouse_b1,CALINGIRI,T0,R4,T,17099,1806,2381,49,1730.020408,4193.102041,35333,1206,4009,36221,1184,3929,17099,1869.788994,2376.319434,16737,1567.609189,4353.958834,658910,1725.669348,1856.393905,21049,1584.49209,4215.021711,17682,1870.805678,2343.250481
d07_43_G06_0_3_S,glasshouse_b2,3811,T0,R3,S,2884,1722,423,66,1754.393939,324.1969697,8515,1705,473,8515,1705,473,2884,1726.736824,424.5492372,6303,1690.767095,363.4459781,415865,1876.493619,271.9751722,6339,1690.913236,364.6275438,2830,1726.788339,422.9190813
d27_18_G03_0_2_T,glasshouse_b2,CALINGIRI,T0,R2,T,19248,1202,2319,57,1124.122807,2425.035088,43476,1398,1495,48269,1357,1718,19248,1227.624377,2320.007066,22136,1456.676455,1072.055566,403439,1430.433406,1062.678901,21879,1180.494447,2174.20883,19171,1227.370716,2320.675604
d07_07_G01_1_3_T,glasshouse_b2,Gladius,T1,R3,T,7209,1491,1055,52,1509.423077,1024.057692,9038,1517,1100,11256,1556,1033,4677,1520.601454,1064.804789,4851,1511.407957,1007.47516,376845,1847.393852,874.1938887,6391,1492.454702,1091.899233,4677,1520.601454,1064.804789
d07_45_G06_1_1_S,glasshouse_b2,3811,T1,R1,S,2604,1540,1170,64,1532.203125,1121.203125,4282,1505,993,4282,1505,993,2604,1537.081797,1169.956605,2174,1702.343606,431.274609,254241,1454.411991,261.481315,2174,1702.343606,431.274609,2604,1537.081797,1169.956605
d2_T023_02.10.23,field,3811,na,R8,S,69034,1012,3935,83,1279.614458,4517.518072,266179,1289,4771,304452,1257,4546,62556,1011.98387,3897.094699,147586,1368.222291,4194.476807,583680,917.7060598,3583.732316,240240,1205.546982,3659.123468,53933,985.7270873,3784.719986
d05_27_G04_0_3_S,glasshouse_b1,Forrest,T0,R3,S,3384,1447,582,65,1419.969231,269.1230769,3340,1472,408,4542,1430,625,3384,1427.321809,575.8528369,1649,1421.366889,385.9902971,248485,1453.114973,254.43498,1860,1370.337097,734.3709677,3922,1433.067823,533.6137175
d27_38_G05_1_2_S,glasshouse_b2,Hartog,T1,R2,S,2997,1090,2504,58,935.4482759,3020.965517,24523,1042,1929,25297,1070,2086,2997,1088.651318,2503.785786,9924,872.7733777,2176.583132,383030,869.1272616,2452.552145,11679,886.034592,2280.70143,2997,1088.651318,2503.785786
d37_28_G04_0_4_S,glasshouse_b1,Forrest,T0,R4,S,4697,1220,3941,54,1459.740741,2505.814815,19552,1289,3734,20027,2058,3772,4544,2563.200704,3053.241637,8962,1252.576099,4110.130663,352182,2589.394302,3086.781468,15729,1479.718355,757.3431877,4517,2563.655081,3051.576046
d25_23_G03_1_3_T,glasshouse_b1,CALINGIRI,T1,R3,T,14831,1580,3077,62,1914.596774,1525.580645,18483,1463,2314,19188,1469,2357,14831,1537.73016,3073.4349,8011,1743.613656,2143.51654,431402,1385.813142,2784.291035,6837,1589.11584,1603.412462,10339,1510.513783,2267.23039
d17_31_G04_1_3_S,glasshouse_b1,Forrest,T1,R3,S,2149,886,2182,56,1684.446429,732.1071429,6394,543,1965,5817,1135,1845,2149,900.0995812,2192.893439,2205,522.5922902,2052.530159,374416,1329.492762,2053.65725,2387,526.4918307,2034.975702,2086,896.029722,2197.986577
d05_04_G01_0_4_T,glasshouse_b1,Gladius,T0,R4,T,5394,1624,772,84,1616.47619,319.4047619,6767,1627,518,5923,1630,490,5394,1612.143122,771.73934,3138,1669.897068,449.6982154,386478,1816.491187,277.3161784,3158,1610.127929,200.0547815,6519,1611.936493,679.2155239
d41_28_G04_0_4_S,glasshouse_b1,Forrest,T0,R4,S,4926,1202,3939,95,1368.494737,642.0105263,25804,2002,3826,26497,2042,3753,4926,1201.596021,3938.433212,13135,1346.438904,4134.813095,308461,2585.938099,2604.335942,21154,1349.026047,744.4981564,4926,1201.596021,3938.433212
d19_03_G01_0_3_T,glasshouse_b2,Gladius,T0,R3,T,15987,1384,1604,51,1795.176471,2997.705882,24166,1549,1260,25317,1543,1307,15987,1371.275599,1604.398699,11785,1724.264828,906.8958846,379412,1447.036986,1029.835912,8785,1227.751167,2169.491406,15925,1370.129859,1606.915039
d25_32_G04_1_4_S,glasshouse_b1,Forrest,T1,R4,S,5333,584,2441,53,2454.924528,2798,8474,595,2350,8474,595,2350,5333,584.4955935,2440.796925,3281,614.541908,2324.840902,216802,848.9951015,2083.49137,3743,518.9986642,2746.534865,5333,584.4955935,2440.796925
d21_42_G06_0_2_S,glasshouse_b1,3811,T0,R2,S,8899,1935,2528,71,1389.309859,991.3802817,22857,996,2143,23856,1001,2171,8899,1933.461962,2527.637487,10828,900.8860362,1961.374677,355239,1938.966276,2067.84672,13897,886.7480751,2094.463697,7154,987.7527257,2515.036483
d09_27_G04_0_3_S,glasshouse_b1,Forrest,T0,R3,S,3589,1453,578,63,1371.634921,608.031746,7697,1466,509,7708,1466,510,3589,1435.188353,569.4042909,3875,1374.677419,441.5303226,384760,1818.876076,269.4300941,2797,1383.856632,251.5234179,4143,1440.934588,527.775525
d3_T001_08.10.23,field,Gladius,na,R1,T,164031,872,5773,84,463.0714286,5658.595238,345538,992,5570,339682,980,5583,142281,882.9268279,5706.731742,135131,908.3612717,4820.013838,848869,601.7265821,5415.847245,339538,1016.85895,5604.108898,129949,852.546222,5778.254154
d19_25_G04_0_1_S,glasshouse_b2,Forrest,T0,R1,S,6235,1524,1831,64,1418.34375,970,12326,1103,2568,11807,1572,1212,6235,1492.782999,1815.73761,7814,782.4769644,2670.56258,351244,1449.739768,1419.737838,3646,1431.972024,2005.555403,6235,1492.782999,1815.73761
d45_38_G05_1_2_S,glasshouse_b1,Hartog,T1,R2,S,3638,931,1682,72,1775.694444,754.6388889,25070,1115,2197,22822,975,2343,3638,936.5233645,1685.363936,11732,933.2719911,1789.15121,378397,861.8586855,1643.842005,22270,891.3936237,2153.719129,3617,935.8612109,1686.804534
d43_06_G01_1_2_T,glasshouse_b2,Gladius,T1,R2,T,12083,1636,756,49,1630.530612,1471.22449,46333,1744,896,45457,1817,923,12083,1602.96342,752.960523,22828,1722.916068,678.3398896,358694,1464.21096,1512.67586,21406,1726.278847,661.6916285,8659,1889.490588,623.3878046
d7_T004_04.11.23,field,3811,na,R1,S,58955,1214,5096,99,628.5353535,4703.575758,213722,1146,5079,232727,1148,4997,46114,1137.080886,5119.102724,92203,873.3314426,3125.190471,713137,1704.439742,4950.008979,160489,1411.724399,5226.355482,41190,1162.78825,5135.970842
d29_30_G04_1_2_S,glasshouse_b1,Forrest,T1,R2,S,2477,677,2272,82,728.2560976,2331.560976,7700,753,2440,7697,753,2440,2477,681.5264433,2273.390795,3470,716,2422.554467,376146,870.0401387,2475.244897,5470,736.0822669,2323.017733,2285,673.5308534,2288.50547
d19_11_G02_0_3_T,glasshouse_b2,5489,T0,R3,T,7404,1648,3273,75,1460.613333,2421.986667,25049,1920,2727,28779,1505,2284,7404,1643.910589,3272.95651,11612,1449.881932,2398.352222,366717,1458.465765,2207.430367,11750,1466.164596,2495.187489,6816,2683.643486,2501.800176
d25_27_G04_0_3_S,glasshouse_b1,Forrest,T0,R3,S,5138,2699,1987,83,700.9759036,2822.650602,21821,735,2653,21821,735,2653,5138,2704.311211,1989.466135,8105,700.0871067,2717.069833,380749,872.34232,2480.370685,12003,789.7305674,2174.545114,5138,2704.311211,1989.466135
d07_06_G01_1_2_T,glasshouse_b2,Gladius,T1,R2,T,5892,1412,688,65,1316.753846,926.6461538,9405,1550,1052,10202,1547,1024,5892,1581.516633,1015.962492,5088,1636.645244,627.3928852,453100,1455.312165,424.0694836,3006,1743.217898,661.0954757,5892,1413.264936,688.6951799
d49_39_G05_1_3_S,glasshouse_b2,Hartog,T1,R3,S,6182,1496,2625,70,1184.042857,2623.514286,43839,1813,1779,38574,2202,1781,6181,1507.323734,2625.143504,23347,1285.970617,2538.642995,371886,1859.225639,2627.415687,15022,2168.735055,1958.795766,4018,1192.478596,4645.289447
d29_25_G04_0_1_S,glasshouse_b1,Forrest,T0,R1,S,6348,993,2892,63,822.952381,2900.68254,16198,889,3358,18240,690,3135,6348,1002.939509,2897.877442,7087,791.8260195,3168.321151,493064,1260.857416,2748.906531,9417,1408.483063,765.9720718,4941,958.5976523,3012.99494
d17_45_G06_1_1_S,glasshouse_b1,3811,T1,R1,S,5588,750,2040,71,1035.267606,2094.366197,9782,1647,2019,13917,1223,1903,5588,755.9855047,2039.80136,5599,1445.180747,2125.922665,362953,868.035787,1469.738217,5539,755.7876873,2043.851056,5588,755.9855047,2039.80136
d29_04_G01_0_4_T,glasshouse_b1,Gladius,T0,R4,T,19651,2074,3407,49,2002.77551,1938.183673,29583,2110,3849,29439,1710,2158,19651,2028.60918,3394.666327,12967,2045.238297,4382.090075,411991,1961.998061,3396.838921,25771,1611.790191,977.4996314,19181,2038.358897,3424.359679
d25_07_G01_1_3_T,glasshouse_b1,Gladius,T1,R3,T,10478,1218,2175,56,1880.232143,1102.875,15128,1378,2877,15679,1374,2866,10478,1288.810842,2194.577782,6971,1267.707646,2424.271123,634654,1482.215744,2393.358023,7791,1271.98755,2568.94545,9412,1398.872928,2631.226519
d7_T009_04.11.23,field,3811,na,R5,S,71326,1118,6051,67,786.5522388,4182.522388,281359,1125,5246,307429,1036,5106,44202,169.034003,933.8977422,135979,1146.975982,6189.470139,1005358,400.3941869,637.8051251,135230,1159.74289,6191.425926,43348,170.3066116,950.1707576
d11_20_G03_0_4_T,glasshouse_b2,CALINGIRI,T0,R4,T,8356,1983,1830,73,1397.287671,440.5890411,15856,1732,1870,18166,1759,1734,8356,1952.16192,1827.540211,8971,1894.265188,1963.902686,539150,1663.985909,1568.056333,7915,1434.648263,475.6835123,8141,1954.762437,1845.735413
d2_T009_02.10.23,field,3811,na,R5,S,64663,1092,5870,68,1091.205882,6390.647059,271449,1060,5225,298114,1040,5050,55734,1053.663904,5778.221552,129440,1144.833483,6174.356953,543133,1104.524437,4816.837025,129010,1150.047299,6176.066258,50733,1038.813021,5703.770839
d11_30_G04_1_2_S,glasshouse_b2,Forrest,T1,R2,S,2818,1072,1630,62,1116.129032,1521.16129,3925,1117,1518,3925,1117,1518,2818,1070.351313,1629.823634,1590,1382.730189,370.8886792,326766,878.5829187,1471.879284,1590,1382.730189,370.8886792,2818,1070.351313,1629.823634
d15_17_G03_0_1_T,glasshouse_b2,CALINGIRI,T0,R1,T,7678,2185,971,56,1359.267857,2728.517857,24701,1670,925,25935,1546,1881,7678,2156.398672,994.2425111,13346,1614.31103,645.1675408,448944,955.3358325,1681.47344,12199,1368.997787,1486.723912,7678,2156.398672,994.2425111
d27_41_G06_0_1_S,glasshouse_b2,3811,T0,R1,S,8228,1442,3574,56,1342.267857,2564.517857,25003,1602,1490,27908,1348,2752,8228,1426.593704,3570.735659,12549,1428.803889,1825.331022,356047,1461.722643,2546.70268,11391,1340.353613,2795.000176,8228,1426.593704,3570.735659
d09_32_G04_1_4_S,glasshouse_b1,Forrest,T1,R4,S,2446,1374,679,58,1414.913793,590.3965517,2293,1371,690,3040,1397,629,2446,1373.312756,678.2371218,1310,1560.238168,311.3114504,302194,1452.853071,279.2918159,1534,1563.42764,249.8207301,2446,1373.312756,678.2371218
d25_34_G05_0_2_S,glasshouse_b1,Hartog,T0,R2,S,5891,853,2510,47,2524.297872,3173.808511,24530,1677,1880,25165,2069,2743,5891,852.7703276,2510.298421,13288,2384.715081,2871.909392,398181,906.3971762,2209.943475,12993,1542.792196,589.3137074,6912,2119.856481,1278.605758
d49_03_G01_0_3_T,glasshouse_b2,Gladius,T0,R3,T,12915,1556,3290,54,1838.314815,1217.777778,77092,1900,3866,78956,1904,3842,12915,1505.829578,3301.474564,34660,1817.350404,1265.825361,464479,1418.407803,1176.595123,41163,1901.586813,2587.877438,12900,1505.785736,3301.776357
d27_14_G02_1_2_T,glasshouse_b2,5489,T1,R2,T,13493,2206,2285,56,2273.517857,3504.089286,21435,2195,3115,21299,2215,3048,13493,2114.968947,2255.06181,9741,2111.34401,2420.05482,603952,2131.317616,2102.846829,11934,2241.586811,2790.49028,13446,2115.915663,2259.401086
d33_45_G06_1_1_S,glasshouse_b1,3811,T1,R1,S,6856,799,2557,54,1629.37037,3617.12963,25209,1281,2689,24346,1281,2689,6856,803.1407526,2560.041569,12587,987.8836101,2515.104552,491244,1202.106904,3171.919136,17343,1677.366257,3879.071845,6903,790.4104013,2178.207446
d41_10_G02_0_1_T,glasshouse_b1,5489,T0,R2,T,16404,2194,3883,75,1823.386667,651.4,45967,2746,3963,45693,2749,3976,16404,2118.451231,3867.340832,23690,2405.432841,3576.169607,515137,2589.1063,2816.439382,21459,1761.534088,683.1749383,15893,2516.537595,2866.674637
d19_06_G01_1_2_T,glasshouse_b2,Gladius,T1,R2,T,10683,1565,1810,52,1693.788462,1939.884615,14254,1606,1096,15426,1530,1970,10683,1505.286343,1764.554339,8339,1604.741816,897.2639405,553994,1481.763487,1297.029257,8203,1612.29733,893.5501646,10683,1505.286343,1764.554339
d6_T009_28.10.23,field,3811,na,R5,S,116052,695,5618,55,338.9636364,1018.981818,286499,842,5285,307786,829,5136,69704,751.5232411,6002.025164,141616,1077.397547,6193.524948,683349,996.2471226,6046.395126,142363,1067.258909,6191.660677,65813,746.3722213,6066.99494
d35_48_G06_1_4_S,glasshouse_b2,3811,T1,R4,S,16002,1464,3111,54,1745.62963,4418.666667,27971,1484,3728,27954,1484,3728,15819,1396.654024,3078.979771,13320,1451.734009,3175.924324,485058,1417.897091,2483.567211,9177,1402.569467,3216.075842,15807,1396.726577,3079.303726
d21_08_G01_1_4_T,glasshouse_b1,Gladius,T1,R4,T,16663,1952,2178,49,1926.183673,2506.244898,13801,1880,1780,13703,1880,1779,16663,1983.220188,2180.541799,6424,1820.470112,1544.131227,978891,1653.854379,1606.057518,8485,1762.885681,1026.808368,19163,1944.920472,1964.971403
d31_33_G05_0_1_S,glasshouse_b2,Hartog,T0,R1,S,5534,1346,3685,91,1157.186813,2690.912088,21343,1245,2784,23637,1249,2704,5534,1351.838995,3681.850199,11160,1522.853763,762.6120072,343963,1453.040618,3082.850609,9972,1165.995086,2433.394204,5534,1351.838995,3681.850199
d25_05_G01_1_1_T,glasshouse_b1,Gladius,T1,R1,T,13655,1307,3548,58,1535.086207,2301.258621,23766,1650,2276,27538,1502,2945,13655,1434.08788,3548.07089,10360,1403.868822,2955.517181,371039,1853.393045,2647.030091,7967,1500.556797,2064.128405,13451,1435.849379,3549.029366
d45_42_G06_0_2_S,glasshouse_b1,3811,T0,R2,S,34630,1130,4260,52,1684.538462,2283.096154,77583,1025,4214,77598,1025,4214,24614,1067.486999,4431.41452,37190,894.199274,2397.808416,649893,1398.055945,3677.849958,45936,1337.91597,761.4808647,18477,871.4444444,3185.689452
d33_38_G05_1_2_S,glasshouse_b1,Hartog,T1,R2,S,2885,1077,2496,54,810.6111111,2814.648148,17414,1078,2469,16479,603,2463,2885,1074.863085,2496.456499,8885,855.0928531,2108.043557,381365,868.5464974,2453.239086,6971,793.4095539,2978.299383,2853,2253.370137,4296.881178
d21_48_G06_1_4_S,glasshouse_b1,3811,T1,R4,S,12093,1228,2836,61,1355.836066,2992.311475,13861,1501,2861,17414,1162,2343,12093,1338.029108,2826.293393,9435,1358.885003,2957.575411,611495,1401.451866,2475.119157,7476,1398.807919,3035.832397,11961,1334.15492,2828.925592
d6_T017_28.10.23,field,Gladius,na,R6,T,18901,1099,5051,81,1014.012346,5239.111111,192018,1095,5056,198018,1108,5008,18538,1105.647697,5048.076977,90603,956.2797148,4547.198658,531312,1083.374458,4698.602452,92956,976.5191381,4691.099359,14159,1117.962215,5050.808532
d4_T021_14.10.23,field,Gladius,na,R9,T,48215,161,3199,57,227.5438596,2377.385965,196797,861,2033,219386,957,2407,30211,163.2245209,2892.738506,91741,407.4760358,3230.836169,412564,268.2939908,2464.53583,87326,1206.382887,4865.560131,30214,163.3497054,2892.37903
d05_16_G02_1_4_T,glasshouse_b1,5489,T1,R4,T,1575,1577,613,55,1569.818182,522.0181818,2670,1574,523,2823,1559,739,1575,1571.685714,613.1073016,1248,1550.619391,904.2604167,309107,1462.792331,283.1396021,1396,1546.25,370.7256447,1781,1549.674902,343.3694554
d4_T022_14.10.23,field,3811,na,R7,S,43231,864,5248,72,1232.611111,3755.847222,178334,1210,5306,183185,1202,5254,43231,858.7642433,5256.462099,80941,1377.47652,4285.308052,533149,480.5489178,4874.523743,119675,1269.753917,5234.011147,37809,867.4559496,5275.751435
d35_02_G01_0_2_T,glasshouse_b2,Gladius,T0,R2,T,12586,1731,3868,50,1933.46,2686.68,39879,1675,3780,39047,1675,3782,9060,1804.412583,3602.957174,17463,1822.176946,4172.87757,421114,1636.365381,3272.593276,21334,1837.981579,3994.675354,8775,1805.94849,3589.96547
d17_28_G04_0_4_S,glasshouse_b1,Forrest,T0,R4,S,3783,1498,2107,57,1449.385965,854.6842105,9228,1466,2236,9228,1466,2236,3783,1498.18821,2106.804388,5424,1409.26733,1168.499263,361274,1457.003936,1974.410841,5672,1518.439351,624.1655501,3783,1498.18821,2106.804388
d21_32_G04_1_4_S,glasshouse_b1,Forrest,T1,R4,S,4193,565,2376,70,568,2381.385714,7196,695,2079,7196,695,2079,4193,576.2475554,2379.853565,2738,2378.580351,2378.747991,288953,855.4862556,2072.178361,2229,762.3674293,1853.805742,4193,576.2475554,2379.853565
d15_34_G05_0_2_S,glasshouse_b2,Hartog,T0,R2,S,8136,2122,1173,66,1577.5,545.5909091,24890,1571,941,31207,1690,1831,8136,2108.481686,1172.633481,13629,1591.256218,617.4867562,205146,2154.367241,875.0089936,10228,1519.087016,531.9120063,7676,2124.644867,1207.852137
d41_15_G02_1_3_T,glasshouse_b1,5489,T1,R3,T,13913,1031,3036,101,1085.910891,3358.326733,33951,1468,4053,35574,1464,4049,13913,1133.747215,3020.092,15115,1527.359643,4469.649553,400139,1484.295812,3286.822629,21842,1632.942038,4234.180844,10659,1018.922882,2674.863683
d17_18_G03_0_2_T,glasshouse_b1,CALINGIRI,T0,R2,T,13714,1193,2237,65,1749.030769,1032.6,22072,1361,1464,20320,1656,1472,13714,1167.478635,2210.77636,9655,1336.490109,2109.349767,382799,1390.914676,1140.34121,11334,1373.213517,2019.261249,15052,1184.876296,2097.936487
d49_08_G01_1_4_T,glasshouse_b2,Gladius,T1,R4,T,14041,1913,2017,90,1567.622222,676.5555556,65943,1649,1491,64288,2064,3170,12997,3099.284142,3975.822882,30835,1667.078417,892.3834604,498390,1987.413217,1701.789705,22784,1592.800737,767.981171,12997,3099.284142,3975.822882
d05_02_G01_0_2_T,glasshouse_b1,Gladius,T0,R2,T,2104,1363,448,59,1659.983051,349.5423729,2905,1429,339,3565,1410,373,2104,1363.40827,447.5327947,1461,1654.886379,380.4161533,287688,1451.907779,269.9476516,1995,1375.193985,425.5874687,3039,1404.476802,383.2681803
d31_42_G06_0_2_S,glasshouse_b2,3811,T0,R2,S,13767,902,3126,58,433.9482759,3467.5,41041,1058,1723,44199,1026,1828,13767,852.960921,3111.240139,18116,1917.184699,2787.196346,513595,1462.562792,3478.599139,18557,782.2724039,2258.022256,13767,852.960921,3111.240139
d13_25_G04_0_1_S,glasshouse_b1,Forrest,T0,R1,S,5168,1513,1549,54,1468.5,1704.481481,5168,1513,1549,5295,1515,1540,5168,1501.654605,1549.461494,2850,1450.643509,1730.955439,312674,1455.571087,1458.840821,2948,1361.049864,378.9772727,5168,1501.654605,1549.461494
d29_10_G02_0_1_T,glasshouse_b1,5489,T0,R2,T,15699,2508,2843,53,1758.90566,600.5283019,33251,2049,2178,33445,2051,2183,15699,2504.24543,2847.07045,14045,2308.705874,2489.577572,429049,2575.996178,2292.449235,16945,1746.236766,682.0234878,15589,2505.519212,2852.803579
d05_48_G06_1_4_S,glasshouse_b1,3811,T1,R4,S,1396,1475,718,95,1567.115789,300.1157895,1713,1595,341,1713,1595,341,1396,1474.473496,717.5551576,1004,1565.727092,346.5926295,320191,1455.919798,286.5225038,1306,1572.280245,274.9701378,1396,1474.473496,717.5551576
d43_25_G04_0_1_S,glasshouse_b2,Forrest,T0,R1,S,6049,1013,2907,93,746.5698925,4213.215054,39337,816,3817,52601,945,3229,6049,1023.97107,2910.0286,25092,1411.637454,863.7761039,300984,879.4821818,2697.872412,23079,1408.808181,812.4654881,4701,697.0933844,3154.214848
d29_08_G01_1_4_T,glasshouse_b1,Gladius,T1,R4,T,17316,1930,2140,49,1640.816327,942.2653061,16557,1881,1758,17352,1985,2769,17316,1961.998325,2135.313063,8221,1895.420144,2005.578275,252763,2097.666969,2209.71031,11360,1710.307658,864.3848592,9394,1934.191825,1583.976581
d41_44_G06_0_4_S,glasshouse_b1,3811,T0,R4,S,8426,994,1886,85,1722.447059,667.8235294,58148,1151,2190,55858,1151,2190,8426,1040.584856,1900.256705,23936,866.0951287,2000.19126,413825,854.1983616,2510.068307,30295,1752.847004,792.8237663,7748,1022.419979,1945.310274
d31_29_G04_1_1_S,glasshouse_b2,Forrest,T1,R1,S,3708,976,3338,76,2500.078947,2555.921053,10588,1076,3085,13194,1183,2712,3708,971.6418554,3334.265372,6152,2502.590377,2602.614922,445289,881.1165086,2788.166002,4917,2495.3313,2769.101078,3708,971.6418554,3334.265372
d1_T024_28.09.23,field,3811,na,R9,S,34127,1125,3688,95,1188.284211,3882.842105,182733,1080,2009,179245,1079,2003,27768,1122.104257,3692.282447,94328,1232.647634,3698.277659,460735,903.0409954,3214.265072,82798,1229.649267,3764.322677,27077,1121.680282,3685.583004
d41_39_G05_1_3_S,glasshouse_b1,Hartog,T1,R3,S,6354,1498,2620,61,1716.836066,2359.95082,22962,1504,2237,23063,1504,2237,6354,1507.396758,2622.796821,9050,1388.400442,2759.037459,361035,1447.749373,2175.831202,8804,1723.830191,2356.401976,4060,1428.576601,2810.291133
d17_42_G06_0_2_S,glasshouse_b1,3811,T0,R2,S,7763,1907,2612,51,678.8039216,2512.980392,19913,976,1932,19089,865,1961,6364,1895.471873,2713.368479,7360,904.7561141,1897.30231,357866,1943.121043,2072.305405,8117,1428.600099,721.4716028,6363,1895.46849,2713.443501
d05_17_G03_0_1_T,glasshouse_b1,CALINGIRI,T0,R1,T,4104,1354,676,58,1721.827586,444.1896552,6531,1344,754,8906,1361,674,4104,1347.332359,675.7599903,2718,1631.969463,913.7170714,398185,1073.051391,270.1403117,2957,1563.436253,233.6496449,5378,1375.779286,578.1230941
d11_23_G03_1_3_T,glasshouse_b2,CALINGIRI,T1,R3,T,6061,1447,1716,49,1450.714286,1808.469388,9545,1481,1548,10967,1487,1472,6061,1459.755651,1719.749051,4034,1515.435052,1262.800198,369920,1869.033699,1472.431499,3126,1663.580934,424.4085093,6061,1459.755651,1719.749051
d11_05_G01_1_1_T,glasshouse_b2,Gladius,T1,R1,T,4885,1409,1386,66,1616.681818,1989.575758,12110,1699,629,13705,1585,941,4885,1413.398158,1387.362538,7680,1506.497526,1044.605208,351425,1458.755877,1346.488346,4227,1488.797729,1185.839839,4855,1413.229866,1389.566632
d41_35_G05_0_3_S,glasshouse_b1,Hartog,T0,R3,S,11521,1475,4441,63,1203.571429,3610.539683,36993,1259,4068,39767,1259,4065,11519,1493.678965,4440.784877,15557,1648.74121,4642.190782,355681,298.0204593,3186.053,17554,1763.484562,681.7443887,7789,306.2421363,3737.381307
d13_11_G02_0_3_T,glasshouse_b1,5489,T0,R3,T,5522,2283,1374,65,1456.646154,2389.907692,12191,1464,2147,11740,1465,2171,5522,2272.516661,1379.339732,5790,1327.630052,2031.744387,378602,2061.35811,936.8901643,9125,1371.506411,2206.743014,6503,2228.574043,1309.118099
d21_17_G03_0_1_T,glasshouse_b1,CALINGIRI,T0,R1,T,16512,1305,3028,62,2532.048387,2570.33871,23854,1557,1997,30967,1381,2585,11243,1259.199502,2733.789202,12879,1251.121283,2440.265238,508244,1002.982685,2489.066065,12492,1237.016731,2211.502482,10644,1250.167606,2693.381154
d19_32_G04_1_4_S,glasshouse_b2,Forrest,T1,R4,S,2776,657,2259,65,790.8615385,1911.046154,6235,1524,973,8735,850,1689,2776,657.9621758,2259.560879,4033,1456.75155,765.8373419,316123,868.4446529,2061.409391,2809,660.007476,2261.320399,2776,657.9621758,2259.560879
d33_23_G03_1_3_T,glasshouse_b1,CALINGIRI,T1,R3,T,7674,1536,3863,55,1967.218182,3076.054545,21330,1492,2814,20443,1531,3952,7425,1554.422761,3842.871111,11103,1809.296677,3559.672341,359748,1588.80523,3219.672073,11536,1694.201283,1821.243585,7412,1554.348489,3842.395035
d33_39_G05_1_3_S,glasshouse_b1,Hartog,T1,R3,S,6554,1511,2602,66,1633.833333,2391.545455,13362,1539,2219,14987,1539,2219,6554,1520.497101,2604.299969,6095,1572.254963,2571.473667,362639,1448.476794,2198.108201,9271,1635.303096,2400.34527,6536,1520.312271,2604.511475
d33_43_G06_0_3_S,glasshouse_b1,3811,T0,R3,S,24221,664,3861,64,1469.703125,2789.90625,37411,1781,3121,38383,1786,4172,18061,1837.394884,3726.459166,18523,677.8911623,4255.675053,572601,1231.030519,3353.009904,25185,712.1228112,4016.677427,17904,1837.824676,3725.189064
d21_45_G06_1_1_S,glasshouse_b1,3811,T1,R1,S,8202,780,2265,60,954.2,1397.383333,16164,1217,2018,24651,1234,2313,8202,780.3899049,2264.541088,8950,1454.024581,1981.876313,500020,819.025007,1788.206826,7006,1634.148444,3038.982872,8296,780.4340646,2256.696239
d5_T011_21.10.23,field,Gladius,na,R4,T,93521,1498,5914,60,663.6,6414.283333,269774,1209,5620,248452,1184,5752,71789,1455.654487,5839.692599,109892,1250.075074,4824.64193,642040,1180.252945,5684.910747,196751,1255.44199,6009.125138,63595,1481.432801,5794.197924
d15_16_G02_1_4_T,glasshouse_b2,5489,T1,R4,T,5795,1736,1672,69,2320.028986,1856.115942,12476,1833,1909,11282,1840,1936,5781,2303.419132,1788.887909,5359,1634.587236,741.7818623,346190,2029.697808,1600.520983,6682,2265.483089,1863.299312,5781,2303.419132,1788.887909
d31_46_G06_1_2_S,glasshouse_b2,3811,T1,R2,S,10684,1047,2576,69,1299.246377,2084.57971,23567,1653,1995,21918,1724,2122,10684,1047.031636,2575.597061,12626,1289.184461,2240.230556,400390,1420.34618,2091.865406,11368,1278.03589,3919.293543,10404,1048.211553,2570.040177
d41_03_G01_0_3_T,glasshouse_b1,Gladius,T0,R3,T,13207,1547,3269,61,1952.737705,978.3442623,40954,1709,2335,42859,1714,2561,13207,1500.260165,3283.730825,22260,1713.840386,3197.105166,326795,863.8677275,3914.295393,23590,1851.864731,1083.040187,14131,1379.551766,1665.226665
d35_27_G04_0_3_S,glasshouse_b2,Forrest,T0,R3,S,11244,764,3214,55,694.6181818,2883.6,27349,764,3214,26770,743,2934,11244,840.3295091,3196.517787,11606,1460.574961,695.876874,485122,840.5496906,2322.130699,12800,1426.803438,770.194375,7678,872.2384736,3517.142355
d21_10_G02_0_1_T,glasshouse_b1,5489,T0,R2,T,10616,2407,2471,55,2040.854545,1478.8,18162,2439,2732,18103,2436,2726,10616,2406.670968,2471.336096,8418,2308.635305,2770.400808,352903,2611.502563,2116.763479,8234,2450.492835,3075.134807,10616,2406.670968,2471.336096
d37_24_G03_1_4_T,glasshouse_b1,CALINGIRI,T1,R4,T,27065,1182,3748,47,2260.93617,1995.510638,24634,1315,4241,24340,1315,4241,27063,1231.650889,3735.396889,11338,1132.892926,3551.513406,579029,988.052835,3001.716462,13570,1119.901842,2398.994547,25437,1251.293313,3779.203169
d07_47_G06_1_3_S,glasshouse_b2,3811,T1,R3,S,2465,1452,767,65,1399.476923,874.1692308,3556,1572,315,3556,1572,315,2465,1441.085598,763.7436105,1505,1568.053156,250.6146179,304363,1454.913337,282.3058026,1260,1405.053175,863.4587302,2465,1441.085598,763.7436105
d31_36_G05_0_4_S,glasshouse_b2,Hartog,T0,R4,S,9144,725,4522,102,639.3137255,4966.27451,33778,1337,1382,40330,750,2941,9144,731.329615,4521.625,17062,729.9035283,2879.344039,479742,842.9630781,3865.561091,14495,725.748189,2808.263263,9126,731.4934254,4521.692636
d19_39_G05_1_3_S,glasshouse_b2,Hartog,T1,R3,S,3575,1011,2073,62,1001,2156.709677,9253,1002,2388,10999,997,2280,3575,1013.785175,2073.237483,4001,1733.126968,2118.075481,396128,990.5187086,2058.223655,3637,1013.534506,2078.554028,3575,1013.785175,2073.237483
d11_38_G05_1_2_S,glasshouse_b2,Hartog,T1,R2,S,3863,2132,1548,54,1327.925926,515.7777778,12469,1128,1038,12469,1128,1038,3863,2147.556303,1538.546725,4929,1327.861838,546.7681071,382330,876.15563,1319.01171,5087,1318.785925,553.1195203,3863,2147.556303,1538.546725
d49_41_G06_0_1_S,glasshouse_b2,3811,T0,R1,S,73799,1186,4106,86,1800.139535,565.5,156400,1512,3824,161481,1707,3744,54296,1114.240975,4263.423788,69156,1691.952614,3701.755423,545194,1311.27568,3582.162106,91980,1140.221363,4123.943162,47294,1122.129911,4252.274327
d11_35_G05_0_3_S,glasshouse_b2,Hartog,T0,R3,S,2827,1465,552,63,1494.031746,323.9047619,10980,1471,488,10980,1471,488,2827,1465.859215,552.2419526,5310,1477.07646,309.9143126,385457,1819.655482,269.5649294,4720,1477.805508,287.7597458,2827,1465.859215,552.2419526
d49_24_G03_1_4_T,glasshouse_b2,CALINGIRI,T1,R4,T,21113,1147,3584,65,2171.984615,1564.8,50950,2175,1816,53083,2175,1820,21110,1224.855613,3613.082473,22759,1225.340569,2798.376115,581942,1375.100742,2659.264452,16421,2344.464405,1840.351562,15473,1202.916241,3971.542299
d37_13_G02_1_1_T,glasshouse_b1,5489,T1,R1,T,7913,1283,2053,65,1829.692308,924.3692308,26949,1664,1572,27838,1670,1588,7913,1276.643498,2054.063566,11388,1550.026344,2144.895943,505004,1493.850787,1752.994016,19807,1769.406472,846.4530217,7839,1277.53017,2058.690777
d43_38_G05_1_2_S,glasshouse_b2,Hartog,T1,R2,S,3710,872,1685,78,886.9358974,1869.102564,30434,1784,1191,30281,1784,1191,3710,877.341779,1688.312399,12769,1761.295481,873.0176208,398938,913.4504234,1623.931847,10113,1656.811925,774.1039256,3710,877.341779,1688.312399
d41_40_G05_1_4_S,glasshouse_b1,Hartog,T1,R4,S,20926,2345,3469,47,1372.319149,1026.744681,33838,1457,4145,47960,2277,3475,20647,2347.09522,3468.086114,18461,2141.488598,3393.436217,461008,2487.13187,2937.877698,20891,2345.017376,3561.373462,17319,2332.651077,3535.586754
d33_26_G04_0_2_S,glasshouse_b1,Forrest,T0,R2,S,5359,1425,3221,56,1623.232143,4015.089286,17211,1438,2776,18211,1610,3900,5359,1440.503079,3216.67382,9502,1215.010945,2706.780467,363991,1458.989313,2729.785025,8850,1176.091073,2642.888249,5359,1440.503079,3216.67382
d15_20_G03_0_4_T,glasshouse_b2,CALINGIRI,T0,R4,T,12147,1942,2322,50,1860.1,2542.12,22399,1784,2337,29803,1713,2041,12147,1889.04602,2310.212233,11996,1535.895715,814.9722407,368182,870.9457035,1485.815024,10051,1833.396378,2731.979007,11933,1890.044834,2329.095533
d07_21_G03_1_1_T,glasshouse_b2,CALINGIRI,T1,R1,T,2819,1634,1026,93,1725.677419,1096.139785,6247,1649,1062,6247,1649,1062,2819,1635.777935,1026.16105,3549,1522.904198,325.4787264,393515,1456.839094,358.9737164,3472,1525.893145,322.7381912,2819,1635.777935,1026.16105
d7_T023_04.11.23,field,3811,na,R8,S,79470,749,3851,48,510.4166667,3632.5,276634,1186,4891,330894,1165,4664,78818,758.6470476,3863.474968,164644,1174.96685,4251.543913,492920,807.8173172,3050.601627,268210,1086.348671,3719.814761,54975,704.6865302,3829.44091
d7_T021_04.11.23,field,Gladius,na,R9,T,64143,160,2670,80,1436.7125,2662.675,186471,1066,2217,208361,892,2394,57201,148.6715617,2584.233807,107963,1212.552958,5351.525523,424288,258.9224324,2590.812752,111999,1173.598229,5316.418843,54926,146.5992426,2558.13216
d19_08_G01_1_4_T,glasshouse_b2,Gladius,T1,R4,T,23354,1896,1793,47,1852.723404,1653.680851,17824,1865,1242,18996,1897,1300,23354,1940.300762,1797.179113,8703,1895.149029,2019.635758,979388,1663.345203,1603.231494,8706,1768.300942,995.8336779,19076,1953.99675,1911.464458
d15_27_G04_0_3_S,glasshouse_b2,Forrest,T0,R3,S,4676,1007,1627,90,1412.611111,595.3888889,11875,1476,711,18759,1072,1427,4676,1007.3287,1627.11805,9612,1478.407303,575.0366209,380550,865.5671659,1640.035286,9801,1474.624324,584.0116315,4213,764.9681937,2362.704249
d11_29_G04_1_1_S,glasshouse_b2,Forrest,T1,R1,S,1968,1139,1299,96,1428.895833,309.0208333,4385,1461,497,4631,1454,527,1968,1141.922764,1300.07063,2200,1439.885,315.2459091,318062,1453.320035,285.0227094,2203,1439.942351,315.3685883,1968,1141.922764,1300.07063
d11_47_G06_1_3_S,glasshouse_b2,3811,T1,R3,S,3015,1206,1370,57,1578.157895,380.4210526,8272,1504,646,8498,1506,652,3015,1205.93068,1369.840796,4495,1553.390211,424.3922136,382368,1457.531603,987.1768506,4159,1558.708824,409.0134648,3015,1205.93068,1369.840796
d11_10_G02_0_1_T,glasshouse_b2,5489,T0,R2,T,10198,1717,758,79,1737.936709,291.6075949,15365,1753,515,15547,1914,1253,7414,1943.73024,1535.84799,6608,1706.971701,296.9664044,478558,1980.831408,432.9709753,7040,1674.055966,306.8487216,7414,1943.73024,1535.84799
d15_10_G02_0_1_T,glasshouse_b2,5489,T0,R2,T,14893,2134,1455,58,1953.396552,987.9655172,18697,2268,1807,26536,2185,1565,14893,2115.144632,1461.835157,9962,1686.261092,511.4445894,666752,1671.457248,1243.580747,6316,1687.172894,408.7811906,14109,2148.246651,1503.786519
d5_T015_21.10.23,field,3811,na,R6,S,14493,325,845,83,701.9518072,4715,186265,968,5063,185376,968,5064,12629,249.2107847,279.1922559,110460,786.1439073,5717.411443,434335,261.1689825,439.6691816,67165,428.6989206,2978.190233,11253,264.968364,294.747534
d11_31_G04_1_3_S,glasshouse_b2,Forrest,T1,R3,S,2697,1336,1366,63,1468.444444,299.8412698,6329,1614,528,6330,1614,528,2697,1341.72525,1371.512792,3729,1564.260928,335.9018504,272868,1462.840388,269.7450745,3664,1561.662937,333.6877729,1733,1386.745528,1300.085401
d35_26_G04_0_2_S,glasshouse_b2,Forrest,T0,R2,S,6479,1435,3109,49,2017.020408,3330.795918,33917,1521,3588,35678,1561,3511,6262,1011.64085,3915.737624,13903,1501.107675,3539.522189,342293,1453.160395,3638.607252,8840,1191.314367,2620.718213,6262,1011.64085,3915.737624
d11_41_G06_0_1_S,glasshouse_b2,3811,T0,R1,S,4424,1559,1062,59,1505.728814,1515.881356,12068,1542,1535,12705,1546,1508,4424,1568.972197,1065.60217,5163,1613.818129,379.5429014,361461,1458.882776,1014.344397,7125,1536.226386,1686.117333,4424,1568.972197,1065.60217
d27_06_G01_1_2_T,glasshouse_b2,Gladius,T1,R2,T,8630,1526,2015,93,1759.88172,648.0645161,21086,1658,837,21832,1562,1857,8630,1482.016338,1991.23314,14567,1719.616599,684.0645294,435505,1467.086745,401.513629,15031,1716.388264,693.1851507,6539,1631.730846,755.6329714
d1_T009_27.09.23,field,3811,na,R5,S,86462,1505,903,82,1547.939024,725.6585366,250384,855,5338,316129,996,4799,77334,1554.914889,872.5578659,129047,1523.086573,803.9289484,885231,1279.084994,752.8137051,123570,1511.110375,768.459788,59253,1660.753582,938.7280475
d11_36_G05_0_4_S,glasshouse_b2,Hartog,T0,R4,S,4851,1156,1669,68,1465.676471,455.5882353,17144,1478,696,22174,1333,1137,4851,1170.650175,1670.278499,8485,1489.463995,434.1381261,351428,885.8922738,1478.827083,5909,1416.095955,367.5659164,4619,1164.511799,1688.256982
d31_31_G04_1_3_S,glasshouse_b2,Forrest,T1,R3,S,3843,662,3157,53,398,2905.981132,16415,974,1891,15384,976,1890,3843,649.3791309,3156.629716,6095,2185.090894,3010.8274,358494,1321.400205,2057.419388,3976,634.5487928,3150.246479,3843,649.3791309,3156.629716
d4_T012_14.10.23,field,Gladius,na,R5,T,47993,1094,5405,77,1207.181818,4407.909091,208776,1168,5607,212794,1122,5569,25240,1105.387995,4957.949208,111828,1158.618906,6166.41427,841588,584.9226082,6191.941332,76586,1030.478142,6361.147011,21558,1099.377493,4873.277159
d29_11_G02_0_3_T,glasshouse_b1,5489,T0,R3,T,18908,1566,3800,48,2776.541667,3256.916667,24243,1599,2796,23877,1542,2635,11458,1451.926427,4105.70693,10981,1401.278117,2423.599035,513938,1683.778574,3867.503827,10302,1399.810911,2489.615803,8403,1406.323932,4234.244794
d19_07_G01_1_3_T,glasshouse_b2,Gladius,T1,R3,T,12979,1321,1832,60,1378.1,3017.716667,19989,1332,2573,20846,1330,2555,12979,1343.452115,1840.895061,10442,1615.874354,1493.35702,435602,1418.297905,1155.885664,6366,1256.192271,2595.267672,12979,1343.452115,1840.895061
d49_06_G01_1_2_T,glasshouse_b2,Gladius,T1,R2,T,19510,1638,743,56,2062.767857,1462.803571,67916,1819,956,65978,1827,944,14527,2296.916294,1547.138088,36651,1710.317099,722.8924722,531208,1463.278721,488.0154064,36315,1885.054633,1200.360209,14367,2299.352544,1552.698336
d25_31_G04_1_3_S,glasshouse_b1,Forrest,T1,R3,S,3047,851,2181,70,677.1,1926.028571,11537,846,2176,11537,846,2176,3047,867.3193305,2183.561864,3687,727.9335503,2205.945755,379871,871.1039432,1630.648523,3002,864.8774151,2187.113591,3047,867.3193305,2183.561864
d19_20_G03_0_4_T,glasshouse_b2,CALINGIRI,T0,R4,T,18881,1793,2327,57,1229.649123,3157.807018,25678,1803,2972,25621,1803,2972,18881,1860.888194,2318.220751,12200,1873.176393,2149.138689,576019,1957.90534,1869.133506,10941,1863.947537,2419.964903,18669,1861.031068,2329.988698
d07_16_G02_1_4_T,glasshouse_b2,5489,T1,R4,T,2997,1607,1022,64,1567.296875,307.90625,3751,1587,457,3751,1587,457,2997,1614.550551,1018.680347,1631,1579.639485,906.6076027,275200,1466.871533,860.5509266,1692,1646.11643,1126.981087,1712,1645.474883,1125.408294
d43_35_G05_0_3_S,glasshouse_b2,Hartog,T0,R3,S,12003,1473,4418,60,1192.9,3210.733333,53813,1168,3842,53546,1168,3842,11837,1485.280054,4410.736758,33908,1630.811608,737.2198301,394979,1807.53139,287.9012859,27243,1700.958999,635.6363837,11704,1484.781528,4412.198906
d19_44_G06_0_4_S,glasshouse_b2,3811,T0,R4,S,9170,1040,1736,69,1623.985507,669.1594203,29056,1337,1136,29799,1073,2223,9170,1062.791167,1747.392366,16151,961.1612903,1504.883908,484552,914.4210322,1121.348349,12315,2085.632318,2006.042793,9122,1061.82449,1749.668713
d29_45_G06_1_1_S,glasshouse_b1,3811,T1,R1,S,7650,778,2485,52,1091,1652.269231,20613,1236,2384,25173,1375,3278,7650,775.9709804,2485.066405,10523,975.6424024,2261.434192,545911,805.162761,1847.599253,13827,1637.549288,3559.407174,6788,767.0309369,2190.708456
d09_19_G03_0_3_T,glasshouse_b1,CALINGIRI,T0,R3,T,4788,1642,1251,60,1564.25,1312.283333,9706,1505,891,9819,1505,891,4788,1672.462824,1243.674603,5130,1575.216569,1126.413645,410869,1833.853004,911.3168017,5114,1509.991201,320.9939382,4773,1672.336686,1244.827991
d29_09_G02_0_1_T,glasshouse_b1,5489,T0,R1,T,10381,802,4296,64,1746.109375,942.4375,35503,2239,3181,34665,2427,3404,10381,833.9339177,4296.398998,12039,2450.87092,4291.37744,376785,888.5114482,3935.772645,14436,2268.514062,2070.074744,10381,833.9339177,4296.398998
d1_T010_27.09.23,field,Gladius,na,R3,T,17019,1338,5926,53,1347.867925,6061.245283,144350,1236,5347,154645,1254,5228,13840,1383.707587,5895.865679,60390,1587.881288,6003.939046,421185,1088.848159,5889.990517,99055,1371.455656,5732.567675,8118,899.0996551,5461.831855
d31_20_G03_0_4_T,glasshouse_b2,CALINGIRI,T0,R4,T,18028,1804,2370,72,1491,4457.833333,46540,1162,3803,47431,1151,3726,18028,1873.609552,2353.373641,20474,1508.979975,4392.441243,609296,1965.004108,1873.54133,19826,1666.166599,1031.186876,18028,1873.609552,2353.373641
d09_14_G02_1_2_T,glasshouse_b1,5489,T1,R2,T,5516,1963,1089,74,1573.662162,287.1486486,4264,2014,1223,4212,1894,850,5516,1962.414793,1088.742023,2632,1975.083967,946.4266717,383403,1619.792,878.5091327,3010,1573.306977,300.8036545,5516,1962.414793,1088.742023
d35_38_G05_1_2_S,glasshouse_b2,Hartog,T1,R2,S,3125,2236,4300,62,1162.274194,1003.806452,23888,1122,1371,26182,1016,1947,3125,2239.8432,4300.4208,9590,842.3407716,2151.555162,386812,870.6183288,2475.105436,9021,866.9677419,2419.756235,2907,2239.067767,4315.933953
d05_43_G06_0_3_S,glasshouse_b1,3811,T0,R3,S,3997,1684,641,54,1690.759259,840.4074074,3323,1683,432,3279,1684,701,2084,1685.168906,487.5431862,1283,1733.44661,376.4723305,278502,1468.103698,266.9892424,1678,1691.18534,830.3557807,2476,1687.84168,455.4232633
d17_37_G05_1_1_S,glasshouse_b1,Hartog,T1,R1,S,5050,2325,2578,73,2333.835616,2160.69863,7074,1052,2203,7074,1052,2203,5050,2339.925149,2577.553465,4475,947.4634637,2206.83933,358047,2554.542292,2084.603544,4927,956.5088289,2185.966917,5037,2339.896764,2576.804646
d49_21_G03_1_1_T,glasshouse_b2,CALINGIRI,T1,R1,T,15873,1405,2956,65,1619.676923,3238.692308,52998,1845,4089,52961,1462,1754,15873,1399.958168,2956.213066,31151,1766.944175,4537.66107,559989,1565.922016,3889.020143,35940,1564.304981,2710.774513,15689,1400.120658,2956.982281
d15_06_G01_1_2_T,glasshouse_b2,Gladius,T1,R2,T,9859,1602,1605,62,1643.225806,806.2903226,14972,1623,948,14893,1538,1838,9859,1536.773405,1596.475302,8801,1633.272696,750.5530053,574739,1481.546549,1318.369439,10131,1655.044912,803.403514,9859,1536.773405,1596.475302
d49_07_G01_1_3_T,glasshouse_b2,Gladius,T1,R3,T,32831,1337,2332,61,1536.688525,2962.688525,52981,1476,1516,66711,1274,2469,19548,1327.945723,2421.431297,28358,1400.904154,3120.768954,588455,1472.910274,1277.364351,37362,1210.151785,3249.461619,13174,1365.903294,2528.775846
d11_14_G02_1_2_T,glasshouse_b2,5489,T1,R2,T,7090,2017,1337,70,2066.528571,1417.728571,10205,2027,1373,7755,2047,1473,7090,2008.345275,1340.043865,4181,2043.316671,1335.682133,357237,2030.894988,1001.654761,5505,2034.362035,1294.981835,7090,2008.345275,1340.043865
d11_22_G03_1_2_T,glasshouse_b2,CALINGIRI,T1,R2,T,5629,2009,1561,61,1944.737705,1802.868852,10903,1554,887,12870,1712,1417,5629,1994.623557,1561.229348,7122,1906.534962,1652.029065,529780,1861.909559,1059.704377,4564,1887.599912,1753.363278,5629,1994.623557,1561.229348
d15_35_G05_0_3_S,glasshouse_b2,Hartog,T0,R3,S,3974,983,2104,50,869.98,2293.14,12621,835,1867,13916,835,1867,3974,982.0727227,2104.290639,7328,1550.271288,628.025655,335707,279.9568433,1467.066361,3609,999.8423386,2019.062621,3956,981.3336704,2105.543984
d19_27_G04_0_3_S,glasshouse_b2,Forrest,T0,R3,S,6981,732,2731,65,707.6615385,2638.292308,14835,753,2387,16292,791,2302,4443,2717.860455,1950.548953,8198,1464.342157,707.9442547,377513,872.5167451,2468.160418,7020,720.9155271,2425.62265,4443,2717.860455,1950.548953
d19_12_G02_0_4_T,glasshouse_b2,5489,T0,R4,T,13059,1045,1888,57,2146.54386,2130.614035,23340,1884,2476,24941,1865,2424,13059,1121.085841,1904.607167,10395,1544.364983,803.6681097,590010,1590.223191,2308.414235,12917,1500.2338,894.0229155,13059,1121.085841,1904.607167
d15_25_G04_0_1_S,glasshouse_b2,Forrest,T0,R1,S,6465,1521,1747,72,1485.361111,1794.25,9899,1553,789,11917,1502,940,6417,1488.084775,1735.104098,5916,1427.619168,608.546146,359283,1452.450753,1343.490947,3949,1365.787794,516.8678146,6417,1488.084775,1735.104098
d29_26_G04_0_2_S,glasshouse_b1,Forrest,T0,R2,S,7161,1375,3102,58,1086.155172,2581.724138,16084,1392,2587,15803,1392,2582,6912,1402.126591,3110.530671,10567,1160.324974,2517.130879,378159,1456.174466,2767.602173,6882,1512.474571,804.2150538,6913,1402.140605,3110.611167
d15_18_G03_0_2_T,glasshouse_b2,CALINGIRI,T0,R2,T,13866,1206,1827,68,1467.014706,1831.088235,26611,1472,929,28561,1471,937,13866,1202.207558,1826.540098,10231,1420.025999,1816.328805,430488,1392.287627,1171.993382,8613,1429.538488,519.9004992,13866,1202.207558,1826.540098
d5_T019_21.10.23,field,Gladius,na,R7,T,269318,829,5036,64,1156.4375,3652.359375,353714,989,5425,377885,1317,2972,197280,897.3957015,5093.282664,168584,1453.421772,3897.293065,1229792,1895.84814,3615.066704,293452,955.3870139,5645.703703,193488,891.3957661,5090.131114
d19_15_G02_1_3_T,glasshouse_b2,5489,T1,R3,T,8701,935,2279,57,980.2280702,2007.614035,15628,1048,1796,18154,1013,1862,8701,936.6103896,2279.857028,7520,928.3037234,1864.533511,512473,913.3203057,1862.451665,4899,941.6029802,2093.409471,8241,932.7961412,2300.807062
d09_47_G06_1_3_S,glasshouse_b1,3811,T1,R3,S,2890,1434,772,71,1598.43662,257.1971831,5696,1593,639,5735,1593,639,2890,1423.407958,766.9529412,2673,1466.40853,717.298541,389201,1022.692909,875.8017503,3280,1605.422561,252.6039634,2890,1423.407958,766.9529412
d29_17_G03_0_1_T,glasshouse_b1,CALINGIRI,T0,R1,T,22507,1392,3471,73,1731.30137,931.890411,31290,1411,2468,35489,1336,3102,22507,1311.753677,3471.324521,12049,2722.271807,2449.635405,510494,1420.881632,2213.663781,16572,1272.535783,2534.057989,11546,1347.236012,4075.289711
d45_27_G04_0_3_S,glasshouse_b1,Forrest,T0,R3,S,10728,790,3221,69,1499.594203,646.3043478,31787,1055,3660,33764,790,3221,10728,852.9209545,3201.260999,16197,705.1005742,3015.299932,497116,845.4187172,2329.646795,21806,1459.350958,726.9866092,8017,1426.60484,635.3636023
d29_33_G05_0_1_S,glasshouse_b1,Hartog,T0,R1,S,5543,1335,3662,66,1550.5,718.3787879,18553,1214,2820,23603,1244,2680,5543,1340.723074,3659.778279,9795,1164.167432,2413.710465,343480,1453.326042,3082.823972,10151,1165.751355,2389.679145,5424,1344.297382,3667.439897
d33_27_G04_0_3_S,glasshouse_b1,Forrest,T0,R3,S,7757,835,3529,71,2666.309859,2721.084507,23921,754,2911,23921,754,2911,7757,888.6025525,3518.448627,9593,729.4424059,3032.112478,385785,871.1317729,2832.576738,11367,805.3049177,2245.375033,7757,888.6025525,3518.448627
d15_01_G01_0_1_T,glasshouse_b2,Gladius,T0,R1,T,9752,2161,2257,75,2307.64,2325.96,19646,2081,2238,24802,2149,1814,9752,2129.950779,2269.721596,12088,2301.424222,2432.894523,350554,2026.722351,1623.179479,11760,2306.690051,2443.872109,6107,845.8693303,2120.022925
d13_24_G03_1_4_T,glasshouse_b1,CALINGIRI,T1,R4,T,8252,2227,1520,50,1283.74,883.4,15172,1291,1777,15719,1295,1764,8252,2200.928987,1527.732429,6433,1226.70356,1235.844085,338674,2054.840463,1479.280819,6331,1572.933344,507.9352393,5868,2248.957055,1724.532379
d21_20_G03_0_4_T,glasshouse_b1,CALINGIRI,T0,R4,T,17219,1811,2412,53,1764.773585,3954.150943,21275,1719,2082,21898,1724,2095,17219,1854.77037,2398.658633,9132,1773.879216,3713.48883,620716,1734.014657,1788.153929,12242,1854.202826,2516.992893,18652,1857.64095,2321.684055
d29_05_G01_1_1_T,glasshouse_b1,Gladius,T1,R1,T,17271,1306,3790,52,1642.307692,1196.557692,25243,1639,2353,25585,1630,2407,8414,1430.117067,3197.412764,10954,1484.604711,2189.970148,422707,1785.238326,2748.369462,13023,1470.018122,2590.540198,8263,1432.750696,3190.312719
d17_32_G04_1_4_S,glasshouse_b1,Forrest,T1,R4,S,2073,1361,972,61,1367.885246,949,3238,765,2008,5326,834,1723,2073,1356.868307,971.9044863,1884,797.0467091,1867.049363,329116,874.9635782,2056.582539,2073,1356.868307,971.9044863,1884,797.0467091,1867.049363
d21_02_G01_0_2_T,glasshouse_b1,Gladius,T0,R2,T,8466,2093,2848,64,2016.234375,2704.390625,20192,1739,2176,20429,1901,3231,8466,2086.711198,2844.5163,9662,1983.414717,2768.269923,512677,2070.323623,2228.193445,17240,1943.685499,3219.647216,8466,2086.711198,2844.5163
d15_45_G06_1_1_S,glasshouse_b2,3811,T1,R1,S,4130,764,1720,67,945.7761194,954.1044776,13430,1226,1762,16592,1258,1652,4130,763.6588378,1719.637046,6029,1448.926854,1408.954553,374206,1017.057848,1468.598769,5392,1468.419325,1379.505935,4130,763.6588378,1719.637046
d35_40_G05_1_4_S,glasshouse_b2,Hartog,T1,R4,S,18189,2354,3383,58,1302.551724,1259.948276,38111,1687,3563,39684,1581,3444,18189,2365.351366,3387.611798,18120,2142.341336,3240.996744,495550,2531.404401,2405.4434,17015,2405.815339,3105.907435,17962,2364.893108,3389.587017
d31_45_G06_1_1_S,glasshouse_b2,3811,T1,R1,S,9031,787,2391,66,1029.363636,1750.924242,28629,1253,1909,27884,1257,1894,6837,779.6704695,2205.885769,15327,1345.589678,3192.421935,392611,856.9652226,1525.730132,15794,1657.060529,3675.433709,6815,779.6311079,2207.808217
d31_09_G02_0_1_T,glasshouse_b2,5489,T0,R1,T,10985,784,4320,70,2464.185714,4214.757143,44106,2258,4070,54930,2136,2804,10985,813.2738279,4318.23878,21100,2443.64455,4135.756493,375043,886.5445402,3944.809643,25479,2430.068723,3973.455983,10695,813.9944834,4316.33324
d45_01_G01_0_2_T,glasshouse_b1,Gladius,T0,R1,T,9115,503,3181,62,731.1774194,3109.709677,47184,2175,3533,47189,2175,3533,9115,513.4017553,3181.394515,24233,769.4814922,2932.025626,778986,897.9865197,2541.369023,32457,752.5733124,3153.674523,7441,951.6750437,2713.734041
d29_32_G04_1_4_S,glasshouse_b1,Forrest,T1,R4,S,5249,591,2503,65,2472.215385,3155.907692,8752,526,2728,8752,526,2728,5249,590.8915984,2502.699181,4486,2476.225591,3101.472804,491708,2959.553509,2642.664905,4855,2475.096395,3074.301957,5037,594.4228708,2485.660711
d41_27_G04_0_3_S,glasshouse_b1,Forrest,T0,R3,S,10668,773,3211,59,899.2711864,1955.118644,29174,744,3061,29174,744,3061,10668,847.3458943,3195.874672,11159,2768.471189,2389.404785,498315,908.4441046,3232.905273,17619,1430.835291,780.5600772,7291,879.8291044,3519.448224
d29_15_G02_1_3_T,glasshouse_b1,5489,T1,R3,T,14880,992,2933,75,1493.146667,3619.293333,18488,938,2650,18214,1254,3436,14880,1082.623051,2932.718548,9188,954.2224641,3089.512734,617792,1240.480482,2362.846987,10897,916.2737451,2961.398734,15441,1072.269089,2894.082313
d07_17_G03_0_1_T,glasshouse_b2,CALINGIRI,T0,R1,T,8314,1326,791,59,1494.440678,753.8474576,13616,1650,538,17358,1337,774,8314,1318.202911,789.6505894,6054,1532.113809,366.3406013,439142,1434.507651,423.6437576,6963,1611.224472,332.019101,7680,1302.083724,838.953125
d33_08_G01_1_4_T,glasshouse_b1,Gladius,T1,R4,T,9692,2015,2614,53,1852.754717,920.5849057,20909,1931,1698,24660,1981,2648,9690,2020.328999,2592.840557,9387,1969.852029,2636.269415,395018,2014.330382,2082.412262,9568,2076.206835,1502.866325,8417,2002.196626,2598.065938
d3_T009_08.10.23,field,3811,na,R5,S,93693,863,5572,69,994.2318841,6216.086957,268237,1082,5314,291078,1029,5122,52312,1017.574037,5761.915775,136010,1129.882678,6156.607595,608270,667.8315288,5946.564593,135159,1135.947713,6160.599242,46637,995.960675,5692.724125
d7_T024_04.11.23,field,3811,na,R9,S,35443,896,3820,78,413.7435897,2495.128205,240572,960,2166,273303,1014,2463,32072,886.2319469,3791.56317,119717,734.4177602,3629.667967,588057,863.9981022,3450.371551,79425,953.4793453,3829.937337,29761,278.6539431,2776.87944
d21_39_G05_1_3_S,glasshouse_b1,Hartog,T1,R3,S,3547,1023,2081,49,1045.183673,2686.306122,7006,1015,2397,7006,1015,2397,3547,1026.078376,2081.617141,3363,1756.528992,2013.315789,375679,1010.645748,2056.248686,3547,1026.078376,2081.617141,3547,1026.078376,2081.617141
d7_T017_04.11.23,field,Gladius,na,R6,T,16145,173,5036,59,1494.220339,5586.661017,178637,985,5039,174608,979,5081,16144,180.3442765,5036.004708,98389,847.4025552,3675.142577,547439,222.0198817,4578.27168,91504,851.8378322,3575.822948,11691,184.0459328,5104.898726
d2_T005_02.10.23,field,3811,na,R2,S,14864,895,6158,62,1607.935484,4722.854839,169494,1288,5302,174294,1265,5304,13256,882.2159777,6186.451192,64356,1850.905867,5027.670955,385387,2008.25087,4950.038374,61618,1233.856552,6235.931092,12427,883.7197232,6171.841072
d15_02_G01_0_2_T,glasshouse_b2,Gladius,T0,R2,T,7269,1741,2080,67,1884.835821,2228.537313,21434,1765,2358,21414,1744,2312,7269,1769.924336,2087.104691,11503,1939.763279,2562.83726,353649,2014.352474,1584.08634,9934,1940.186632,1521.708476,7269,1769.924336,2087.104691
d1_T011_27.09.23,field,Gladius,na,R4,T,70376,1476,5849,70,339.9285714,6556.542857,268514,1218,5728,236567,1171,5856,57456,1408.74551,5784.911828,103047,1618.258232,5698.287888,594366,413.5278953,5182.787993,112371,1620.796424,5694.775511,52788,1414.197962,5738.021691
d37_08_G01_1_4_T,glasshouse_b1,Gladius,T1,R4,T,12173,1952,2170,94,1817.744681,1577.702128,22972,1901,1873,21677,2009,2803,11122,1984.854433,2120.638644,10836,1727.671465,2413.78636,627423,1957.312434,1534.905292,15249,1807.178307,2376.261919,5665,1969.945278,2441.157988
d27_29_G04_1_1_S,glasshouse_b2,Forrest,T1,R1,S,3512,978,3307,54,2503.055556,2440.37037,11277,1304,2496,12295,1304,2496,3512,971.4752278,3305.772779,5485,2496.87639,2498.26618,276855,2589.969558,2628.90231,4309,2488.28336,2669.260153,3195,984.3104851,3279.652895
d21_44_G06_0_4_S,glasshouse_b1,3811,T0,R4,S,8806,1047,1760,58,821,2250.017241,25213,959,2056,25371,959,2066,8806,1070.419827,1780.869634,12590,960.9312153,1608.581096,556955,918.560855,1168.907712,10798,1723.440359,705.7712539,9002,1076.600866,1766.618974
d19_05_G01_1_1_T,glasshouse_b2,Gladius,T1,R1,T,7639,1479,3082,55,1420.6,2878.054545,21188,1572,2661,28119,1423,2143,7639,1450.981149,3078.151198,11325,1672.816336,981.5773951,507770,1415.123733,1105.146925,8769,1505.264682,2150.140951,7639,1450.981149,3078.151198
d45_15_G02_1_3_T,glasshouse_b1,5489,T1,R3,T,13241,1072,3128,56,1356.767857,4323.232143,50633,1335,4091,53270,1319,4074,13241,1125.610679,3074.747451,23883,1449.008374,4458.437675,390737,1440.851849,3986.185772,47340,1359.082763,4179.340494,6984,1166.835481,4166.674685
d35_39_G05_1_3_S,glasshouse_b2,Hartog,T1,R3,S,6341,1500,2617,98,1644.683673,2306.867347,20954,1453,2727,24546,1495,2614,6341,1509.928245,2619.393313,9204,1649.49196,2354.29661,358891,1447.148744,2193.084223,10743,1579.514568,2449.418784,6341,1509.928245,2619.393313
d13_07_G01_1_3_T,glasshouse_b1,Gladius,T1,R3,T,10712,1411,1464,54,1656.537037,486.0740741,13072,1469,1277,15151,1362,1939,10712,1399.519137,1468.565814,6313,1479.405829,1203.954063,410954,1429.14717,1101.206103,7442,1336.300457,1795.383499,10950,1401.065114,1456.371416
d1_T017_27.09.23,field,Gladius,na,R6,T,17752,1035,5116,50,743.48,2597,176893,1065,4963,182669,1076,4913,17748,1062.898636,5110.85604,88010,939.8332576,4551.549892,437705,1281.850845,4726.81629,77672,884.5531852,4592.754081,12936,1036.701067,5164.144481
d05_28_G04_0_4_S,glasshouse_b1,Forrest,T0,R4,S,2098,1506,469,88,1447.715909,277.4204545,4607,1495,434,4610,1495,434,2098,1505.842707,469.1830315,2155,1543.884919,390.4900232,236165,1457.695332,245.8352169,2277,1496.581028,264.8770312,2497,1501.927513,438.649179
d11_37_G05_1_1_S,glasshouse_b2,Hartog,T1,R1,S,2003,1076,1852,64,1106.25,1392.765625,5676,1074,1722,8774,1193,1136,2003,1075.722916,1851.949576,2578,1345.292087,899.4868115,348902,870.0565574,1483.019398,2003,1075.722916,1851.949576,1986,1075.754783,1853.223565
d43_02_G01_0_2_T,glasshouse_b2,Gladius,T0,R2,T,9215,1875,3615,73,1430.479452,3150.342466,55824,1690,3697,59171,1697,3681,8987,1817.235229,3600.210081,22409,1530.414878,4349.160337,619425,2075.913357,2544.146268,24956,1810.965619,3930.985294,8926,1818.345844,3596.845395
d31_01_G01_0_1_T,glasshouse_b2,Gladius,T0,R1,T,10824,923,2665,106,2384.811321,2626.566038,33471,2187,3279,37184,2338,2985,9463,918.8066152,2566.34228,19475,2369.592606,2300.689191,333824,982.2354115,2082.842974,10856,2332.104735,3394.804256,9468,918.8549852,2566.570765
d2_T021_02.10.23,field,Gladius,na,R9,T,125746,377,2757,57,235.2280702,3296.894737,196740,701,1967,194779,701,1955,99225,357.5887428,2733.107251,102699,474.6253323,3140.20564,1233394,251.4075924,2153.720295,85880,406.9145552,3245.498102,68615,223.8422211,2502.193923
d5_T001_21.10.23,field,Gladius,na,R1,T,191055,1295,5830,153,1388.542484,6397.810458,352466,1231,5575,350080,1244,5590,171919,1308.806013,5792.063175,135795,1358.712567,4899.857609,1501203,1206.83513,5354.859101,345802,1241.353844,5612.605456,162774,1301.311874,5781.535116
d21_11_G02_0_3_T,glasshouse_b1,5489,T0,R3,T,7302,1639,3265,66,1621.833333,3416.666667,23416,1438,2831,23410,1438,2831,7302,1635.47576,3266.737606,8443,1626.008646,3420.315172,383853,1459.576674,2211.873905,11488,1415.647023,2498.246083,6864,2674.160839,2502.269376
d09_02_G01_0_2_T,glasshouse_b1,Gladius,T0,R2,T,5862,1233,1144,60,1563.133333,355.0833333,9487,1825,1296,9487,1825,1296,5862,1233.747868,1143.579324,3761,1968.339006,1074.937517,354880,1454.801595,862.2670367,3643,1648.379083,329.0584683,4237,1245.702148,1015.927071
d37_37_G05_1_1_S,glasshouse_b1,Hartog,T1,R1,S,4636,2372,2591,66,1017.348485,2084.348485,7549,1093,2583,7546,1093,2583,4636,2387.214625,2591.19025,4161,979.4556597,2216.028359,208078,2584.535982,2632.509891,5224,2378.585184,2410.535222,4636,2387.214625,2591.19025
d37_15_G02_1_3_T,glasshouse_b1,5489,T1,R3,T,13301,1033,3044,60,1550.516667,4214,24382,1482,4066,27785,1441,3960,13301,1134.321028,3027.646342,12123,912.3678957,2608.064011,437470,896.3374357,2333.517286,18743,1642.73254,4162.664728,13999,1119.522823,2970.235588
d31_43_G06_0_3_S,glasshouse_b2,3811,T0,R3,S,17401,1764,3714,45,1583.133333,1466.155556,47118,1755,3964,46342,1402,2110,17401,1822.219068,3713.885754,22706,1789.358407,2627.060821,454193,1521.900047,3258.908455,20626,700.1035101,4004.851789,17238,1822.927312,3713.904687
d27_17_G03_0_1_T,glasshouse_b2,CALINGIRI,T0,R1,T,24583,1351,3231,50,1909.34,1103.62,35675,1400,3471,42795,1358,2618,24583,1261.065492,3231.477159,20561,1639.433004,1110.023102,499745,1424.462214,2243.07057,16251,1242.892684,2516.250262,9705,1257.725811,2898.397012
d41_46_G06_1_2_S,glasshouse_b1,3811,T1,R2,S,11720,1434,3938,58,1275.051724,4184.206897,27922,1801,2851,28403,1799,2863,11720,1506.851536,3960.635751,12324,1250.617089,3918.577653,351406,1424.924603,3318.21227,21812,1231.830598,4306.587566,10336,1057.717492,2563.900542
d37_39_G05_1_3_S,glasshouse_b1,Hartog,T1,R3,S,6427,1516,2619,70,1254.142857,2918.371429,17565,1511,2243,17845,1511,2243,6427,1525.299673,2621.714953,6055,1044.533443,2244.839472,363462,1449.988288,2202.33264,9653,1635.623019,2422.503678,6427,1525.299673,2621.714953
d25_41_G06_0_1_S,glasshouse_b1,3811,T0,R1,S,9137,1418,3471,74,1427.189189,1533.851351,21330,1528,2039,23777,1349,2844,9137,1427.718507,3485.675057,9468,1438.540135,1884.367554,354461,1460.612242,2532.989387,11184,1349.042471,2716.009657,8237,1431.382542,3497.899357
d33_12_G02_0_4_T,glasshouse_b1,5489,T0,R4,T,13719,2061,2788,76,1584.289474,686.2894737,35521,1748,2054,40213,1759,2108,13719,1986.846709,2817.201035,17917,1392.962605,1852.611319,597198,2087.171359,2504.198194,23209,1601.095092,851.1264596,13641,1986.343523,2815.568947
d33_07_G01_1_3_T,glasshouse_b1,Gladius,T1,R3,T,12751,1267,2128,43,1812.906977,2159.069767,24313,1430,1674,24493,1745,1730,12751,1321.805741,2156.953494,10846,1530.792827,2199.194081,651267,1488.912699,2401.131235,10637,1786.550155,1270.235687,10571,1930.741368,2466.323243
d37_17_G03_0_1_T,glasshouse_b1,CALINGIRI,T0,R1,T,25126,1401,3645,61,1380.409836,2158.213115,36275,1457,2167,41851,2725,3379,22003,1345.730173,3724.330546,17383,1315.82132,2709.190531,484517,1429.332065,2205.074833,22381,1637.693043,834.2373442,12894,1355.042888,4202.0736
d27_25_G04_0_1_S,glasshouse_b2,Forrest,T0,R1,S,6451,997,2892,68,823.0441176,2731.514706,24880,960,3003,24649,960,3003,6451,1007.302279,2897.955976,10448,846.8703101,2720.362653,450772,1375.484646,2657.271528,8218,1392.6532,743.5704551,6011,1474.276826,1849.764598
d41_30_G04_1_2_S,glasshouse_b1,Forrest,T1,R2,S,1953,1012,3139,68,771.8676471,2247.455882,9137,1010,3060,9250,959,2064,1953,1006.229903,3138.745008,4857,889.4836319,3179.110562,376347,871.0604097,2486.122895,4900,888.6589796,3175.403061,1953,1006.229903,3138.745008
d35_20_G03_0_4_T,glasshouse_b2,CALINGIRI,T0,R4,T,17882,1779,2376,46,1627.5,774.0217391,52571,1128,3702,54909,1119,3667,17882,1847.524774,2356.88206,29599,1827.723876,1139.191358,581043,1955.441661,1875.519719,25452,1772.672285,1024.075515,17656,1847.725136,2370.034606
d21_14_G02_1_2_T,glasshouse_b1,5489,T1,R2,T,10087,2190,2603,72,1927.041667,1209.097222,13061,2150,2014,16836,2201,2452,10087,2166.448994,2597.666006,6369,2256.575601,2528.097033,534515,2093.617536,1378.241939,6027,2002.038162,1291.707815,14124,2109.571863,2223.900453
d21_04_G01_0_4_T,glasshouse_b1,Gladius,T0,R4,T,16450,2089,3052,61,1933.508197,2743.409836,20997,1740,2029,20973,1740,2029,16450,2028.245714,3068.299514,9908,1888.382317,3114.119197,572700,2105.135746,2699.468814,13422,1559.820817,894.7175533,13603,2087.019187,3246.414835
d13_36_G05_0_4_S,glasshouse_b1,Hartog,T0,R4,S,4780,1158,1669,62,1251.080645,680.1612903,16665,1194,1577,16665,1194,1577,4780,1172.349372,1671.347699,6389,1210.40601,992.5146345,390110,874.7795878,1612.519769,6741,1504.215843,415.9873906,4563,1166.88867,1687.439404
d05_30_G04_1_2_S,glasshouse_b1,Forrest,T1,R2,S,1314,1348,678,63,1327.095238,297.5079365,1362,1350,674,1362,1350,674,1314,1348.141553,678.0258752,504,1392.781746,333.75,334039,1453.690279,293.9112948,866,1390.418014,305.5635104,1314,1348.141553,678.0258752
d07_48_G06_1_4_S,glasshouse_b2,3811,T1,R4,S,1644,1392,976,68,1570.191176,257.3382353,5161,1613,319,4931,1455,785,1644,1392.138686,976.7512165,4365,1632.232302,279.484307,210382,1461.942181,238.0208573,4365,1632.232302,279.484307,1644,1392.138686,976.7512165
d6_T008_28.10.23,field,3811,na,R4,S,34651,1196,6437,68,691.1764706,6236.911765,173212,931,2923,229697,958,3448,30905,783.2994661,3113.652548,85372,934.734468,2887.714028,459765,1131.529018,2623.746286,94974,900.3197612,2815.462832,29152,784.6535058,3119.712678
d27_02_G01_0_2_T,glasshouse_b2,Gladius,T0,R2,T,8867,1861,3582,53,1952.773585,3695.433962,36353,1773,3745,35705,1769,3751,8867,1804.764746,3581.299876,16789,1788.979749,2979.22616,386608,2014.276973,1557.258474,15174,1893.319362,3686.339265,8770,1805.917218,3576.725428
d17_16_G02_1_4_T,glasshouse_b1,5489,T1,R4,T,6445,2315,1978,54,1698.759259,826.1296296,14307,1828,2032,14307,1828,2032,6445,2298.594569,1980.764779,4382,2178.755135,2397.39571,513670,2046.752997,1746.143514,3423,2340.253871,2163.608238,6445,2298.594569,1980.764779
d33_21_G03_1_1_T,glasshouse_b1,CALINGIRI,T1,R1,T,25508,1899,3472,61,1597.131148,2045.311475,27044,1857,2860,26211,1858,2854,21548,1851.90078,3408.230833,13247,1604.889484,2504.585265,528761,1984.090251,2540.482899,15285,1578.742623,1621.886294,22783,1851.417943,3334.813677
d13_06_G01_1_2_T,glasshouse_b1,Gladius,T1,R2,T,9071,1578,1633,69,1270.942029,1463.347826,11664,1575,1130,11655,1525,1826,9071,1529.334583,1607.840811,5646,1543.787814,954.2665604,457377,1818.306441,965.3602586,6490,1591.753159,819.9711864,10235,1542.843771,1504.254519
d27_04_G01_0_4_T,glasshouse_b2,Gladius,T0,R4,T,19226,2084,3354,48,2002.333333,4367.8125,39001,1649,1318,43824,2080,3319,19226,2031.999116,3353.547384,20815,1617.880615,848.5326928,411664,1965.242074,3390.853023,26102,1627.127423,954.3015861,18820,2040.666153,3379.370776
d13_28_G04_0_4_S,glasshouse_b1,Forrest,T0,R4,S,3734,1500,1924,70,1513.614286,408.5571429,9880,1135,770,9976,1130,777,3734,1500.414301,1924.2421,3734,1500.414301,1924.2421,366123,862.3600484,866.5370681,6787,1518.659643,400.9201414,3734,1500.414301,1924.2421
d33_01_G01_0_1_T,glasshouse_b1,Gladius,T0,R1,T,9619,2202,2483,65,2440.446154,2743.692308,26461,2098,2346,28965,2349,3382,7555,948.4129715,2715.693448,15707,2388.030114,2266.489782,367949,2403.782252,3192.825248,17690,2388.941718,2323.453872,7559,948.3872205,2715.526525
d27_22_G03_1_2_T,glasshouse_b2,CALINGIRI,T1,R2,T,12422,2133,2427,63,2254.825397,3678.428571,24301,1737,1722,27216,1904,2950,12422,2126.679037,2426.628643,10207,2024.20388,2766.720388,452327,1991.531702,1704.019185,8007,1898.785438,1830.234545,10210,1148.918609,2559.822135
d45_45_G06_1_1_S,glasshouse_b1,3811,T1,R1,S,9327,1728,4463,56,1889.160714,4073.678571,37990,1743,4340,37722,1744,4366,9327,1755.199314,4467.975555,22812,1859.464931,4514.46984,385645,1910.478347,3450.957303,40020,1841.61087,4162.675037,6487,800.0707569,2208.624171
d49_44_G06_0_4_S,glasshouse_b2,3811,T0,R4,S,35104,2133,2626,70,2159.828571,2960.7,146733,1445,1727,148883,1726,3467,29201,2141.859491,2737.556899,75322,1627.10564,935.4364727,452769,1996.613032,2160.453472,56515,2126.669309,2516.700699,27802,2136.854903,2729.997374
d21_22_G03_1_2_T,glasshouse_b1,CALINGIRI,T1,R2,T,11017,2145,2566,59,2136.576271,3075.033898,15822,1766,2068,20271,2130,2446,11017,2138.137242,2566.367886,7087,1971.091294,2516.652321,766361,2010.312348,1595.895628,7297,1885.56393,1905.896944,8591,2175.19276,2777.64521
d25_44_G06_0_4_S,glasshouse_b1,3811,T0,R4,S,10723,1234,3301,58,1130.448276,3335.034483,26236,1256,1662,27242,1222,3092,10723,1195.579689,3308.695235,12923,875.9646367,1848.383889,462465,1244.894695,2795.173803,10173,2146.930404,2882.89364,8891,1186.178158,3204.276009
d49_38_G05_1_2_S,glasshouse_b2,Hartog,T1,R2,S,3278,2253,1954,57,1618.035088,631.5789474,41660,1833,1432,50506,1158,1727,3161,901.1917115,1670.248023,24242,837.8095867,2340.740863,375514,865.9751141,2449.757825,25779,844.1667249,2281.653672,3072,898.1009115,1676.467448
d29_44_G06_0_4_S,glasshouse_b1,3811,T0,R4,S,13703,1222,3554,51,2104.117647,2588.039216,33713,1032,2423,39661,702,3002,13478,1182.908666,3575.806129,13621,874.4352103,2991.60627,458429,1241.142997,2752.948832,13618,844.4232633,2734.455867,8134,1227.932383,3988.402508
d4_T024_14.10.23,field,3811,na,R9,S,33782,1175,3803,59,1948.372881,2114.59322,202370,1005,2154,209252,1006,2156,30707,1177.488846,3807.609666,94171,1276.793854,3733.265899,465348,759.4199567,2374.362621,89747,1340.646172,3697.121007,17817,1133.765,3719.113768
d45_17_G03_0_1_T,glasshouse_b1,CALINGIRI,T0,R1,T,20463,1406,3494,70,1738.457143,1091.557143,70806,1442,2118,73415,1443,2141,20463,1323.803792,3493.82593,29550,2365.209374,2102.525076,397116,1346.012012,2162.389302,54734,1272.291482,2122.612325,10347,1737.021262,683.479366
d09_25_G04_0_1_S,glasshouse_b1,Forrest,T0,R1,S,1918,1534,622,103,1383.271845,290.631068,6599,1239,542,6599,1239,542,1918,1533.023983,622.3196038,2394,1256.732247,466.9632414,360160,1453.587111,767.5277127,3978,1394.749623,311.1895425,3159,1334.768598,324.7730294
d33_17_G03_0_1_T,glasshouse_b1,CALINGIRI,T0,R1,T,22036,1412,3508,58,1215.034483,2368.051724,35266,1298,3122,35501,2435,2346,21217,1329.943347,3466.19852,14661,2787.154492,2596.722188,492955,1432.102017,2215.277153,17147,1293.56523,2576.253222,18756,1348.4783,3624.764769
d31_25_G04_0_1_S,glasshouse_b2,Forrest,T0,R1,S,6217,1010,2904,65,1476.876923,846.7846154,26099,944,3150,26491,944,3150,6217,1021.069326,2906.422551,11251,853.9976002,2792.779753,486855,1268.037025,2742.097103,10706,1429.616197,806.6099384,4820,975.8435685,3022.768465
d25_19_G03_0_3_T,glasshouse_b1,CALINGIRI,T0,R3,T,11660,1712,2799,56,1546.089286,2908.339286,24583,1485,2384,24454,1423,3645,11660,1749.286707,2809.949914,12835,1414.985197,2988.061628,649859,1516.045411,2416.60135,15295,1460.559464,1195.52697,10064,1464.236188,3105.48599
d31_40_G05_1_4_S,glasshouse_b2,Hartog,T1,R4,S,11009,2387,3199,66,1553.348485,4291.590909,27151,1665,3469,33771,2392,3151,11009,2374.050686,3201.709329,14968,2130.960249,3044.503407,405051,2193.155711,2694.856524,15217,2446.994546,2670.686141,10879,2373.780586,3201.379447
d17_07_G01_1_3_T,glasshouse_b1,Gladius,T1,R3,T,10225,1285,1985,56,1264.875,2193.303571,14627,1379,1806,15188,1330,2663,10225,1304.690562,1991.774181,7164,1254.950307,2333.077331,523294,1391.576464,1373.951584,6702,1458.145628,1405.14712,12928,1343.738707,1837.104811
d25_33_G05_0_1_S,glasshouse_b1,Hartog,T0,R1,S,5442,1334,3593,56,1151.75,2098.357143,17518,1188,2802,22637,1241,2632,5442,1340.095921,3591.598677,9627,1160.750909,2365.340293,345098,1454.605127,3076.816803,9484,1161.090046,2356.431569,5442,1340.095921,3591.598677
d5_T021_21.10.23,field,Gladius,na,R9,T,27662,117,2252,60,882.5333333,1717.75,169016,1011,1937,170395,1011,1937,27225,122.0458402,2250.547585,102036,1171.68617,5419.01177,428750,307.6361166,3141.463967,111928,1165.511293,5321.229701,25451,123.9222427,2240.26388
d05_23_G03_1_3_T,glasshouse_b1,CALINGIRI,T1,R3,T,1393,1556,989,66,1778.863636,343.8939394,2606,1639,358,2606,1639,358,1393,1556.431443,988.6159368,1170,1791.687179,358.8290598,312446,1464.58493,281.5750146,1691,1773.782377,336.0928445,1471,1581.511897,309.9517335
d13_15_G02_1_3_T,glasshouse_b1,5489,T1,R3,T,4072,1240,1302,52,1846.480769,1647.423077,9105,1177,1438,9105,1177,1438,4072,1237.522348,1300.467092,3141,1275.927412,1229.545049,357676,1457.640949,872.9812931,3409,770.1381637,960.4147844,3937,1241.94793,1292.538227
d21_29_G04_1_1_S,glasshouse_b1,Forrest,T1,R1,S,3286,242,1788,61,1176.52459,1375.672131,5170,372,1558,5504,1314,2159,3286,247.5952526,1793.461656,3721,274.8898146,1746.132491,331622,283.8689954,1480.999303,3851,283.8171903,1732.006492,3286,247.5952526,1793.461656
d07_28_G04_0_4_S,glasshouse_b2,Forrest,T0,R4,S,3083,1692,967,46,1585.652174,285.1956522,8043,1521,381,7223,1528,346,3083,1682.230944,966.643529,3628,1537.484564,254.1361632,385975,1828.752367,267.879443,4306,1561.228751,283.4396191,3083,1682.230944,966.643529
d45_08_G01_1_4_T,glasshouse_b1,Gladius,T1,R4,T,9926,3048,3784,94,1787,2090.723404,44998,1945,2281,46159,1945,2281,9926,3040.99859,3787.544429,18435,1520.021318,1958.588988,330244,1461.031395,2085.38342,17317,1708.528036,2264.844661,9926,3040.99859,3787.544429
d21_15_G02_1_3_T,glasshouse_b1,5489,T1,R3,T,10205,936,2405,62,947.0645161,2362.83871,12406,934,2306,12405,934,2306,9772,951.8120139,2420.87454,7144,942.4540873,2003.723404,483810,1248.154619,2170.524948,5473,967.1982459,2720.587064,9476,947.9451245,2399.786091
d43_03_G01_0_3_T,glasshouse_b2,Gladius,T0,R3,T,14017,1364,1672,70,1584.742857,1756.414286,57961,1818,3654,59570,1818,3654,14016,1348.723388,1668.874287,30746,1818.730176,1180.331653,444157,1773.079226,959.6003688,27026,1791.384815,1101.472952,13081,1470.634355,3303.941136
d25_03_G01_0_3_T,glasshouse_b1,Gladius,T0,R3,T,12940,1531,3137,57,1530.947368,1061.684211,23206,1554,3421,24606,1540,3386,12940,1484.826739,3130.02527,10542,1274.889205,2842.073326,745129,1826.997771,2941.936419,11391,1507.394083,1207.089105,15222,1376.530022,1588.742544
d43_45_G06_1_1_S,glasshouse_b2,3811,T1,R1,S,7291,1707,4542,79,1775.911392,4135.417722,50788,1590,4029,48466,1593,4028,7291,1713.31244,4542.084762,26498,1795.282436,4370.476376,467229,1542.804554,3774.815431,36915,1792.355736,4116.675173,7156,1713.05436,4542.834265
d31_12_G02_0_4_T,glasshouse_b2,5489,T0,R4,T,14860,1053,2101,53,1255.433962,1504.811321,37298,2053,2992,40199,2057,2860,14860,1172.02712,2102.112584,20806,1525.093242,884.7770355,406411,1468.779041,1409.109544,16473,1564.689128,773.3990166,13931,1969.964324,2844.542962
d45_10_G02_0_1_T,glasshouse_b1,5489,T0,R2,T,16169,2210,3891,121,1846.61157,797.2066116,52725,2758,4314,52488,2299,2500,16169,2136.65774,3873.25252,30953,2473.824056,2200.557781,551888,2549.776875,2473.435036,35098,2493.492165,2211.310445,15807,2528.316632,2857.019865
d25_01_G01_0_1_T,glasshouse_b1,Gladius,T0,R1,T,10411,943,2606,54,1455.685185,1031.611111,23866,2070,2137,32843,2354,2905,10411,960.2414754,2605.291615,12467,2361.548167,2163.704821,283992,853.2026959,2602.344165,14041,2341.360943,3610.013318,9663,929.1466418,2454.228811
d43_08_G01_1_4_T,glasshouse_b2,Gladius,T1,R4,T,13211,1889,1913,60,1627.616667,1854.333333,45432,1683,1535,47067,1933,1531,13211,1950.496405,1920.541064,23265,1845.941629,1673.758178,483114,1981.567404,1237.09636,16896,1870.885417,1450.816347,8158,3019.115102,3666.622824
d11_26_G04_0_2_S,glasshouse_b2,Forrest,T0,R2,S,2750,1350,1865,58,1524.534483,418.2413793,6508,1583,643,6467,1583,641,2750,1359.815636,1862.413091,2876,1514.563282,402.8390125,363436,1455.829654,318.6125343,2160,1490.003241,380.5162037,2750,1359.815636,1862.413091
d21_12_G02_0_4_T,glasshouse_b1,5489,T0,R4,T,13095,1982,2649,60,2111.366667,2873.266667,18553,2053,2842,19532,1054,2200,13095,1941.894922,2668.225964,9120,1335.719737,1761.074342,357413,2027.144547,2202.644887,13158,1535.27071,920.5931753,13095,1941.894922,2668.225964
d21_07_G01_1_3_T,glasshouse_b1,Gladius,T1,R3,T,10067,1295,2057,50,1955.74,2010.18,14913,1415,1803,15178,1376,2798,10067,1329.315784,2059.710738,7200,1289.699444,2407.907639,652919,1492.649566,2409.130318,6881,1351.786514,1975.392821,13163,1376.489098,1868.618856
d05_42_G06_0_2_S,glasshouse_b1,3811,T0,R2,S,1483,1592,563,71,1603.140845,594.3661972,1701,1587,540,1701,1587,540,1483,1592.273769,562.9393122,759,1573.16996,507.7536232,325333,1456.424377,288.8592273,1483,1592.273769,562.9393122,1483,1592.273769,562.9393122
d25_48_G06_1_4_S,glasshouse_b1,3811,T1,R4,S,15791,1479,3024,69,1380.550725,3052.101449,15700,1217,2242,16273,1335,3062,15791,1404.928504,2992.059654,7935,1397.162823,2796.677379,774445,1448.72376,2596.600768,13656,1424.054189,3101.828793,13698,1385.64002,2894.240692
d19_14_G02_1_2_T,glasshouse_b2,5489,T1,R2,T,13137,2169,2088,71,2218.028169,2549.56338,16226,2199,2488,23892,2142,1980,13137,2106.626703,2101.833295,8980,2103.000557,2353.064922,464296,2068.131416,1179.105409,6551,1999.690887,1280.124714,12992,2106.563116,2089.222522
d27_10_G02_0_1_T,glasshouse_b2,5489,T0,R2,T,15668,2511,2839,64,2188.21875,1800.296875,37547,2551,3059,54871,2249,1833,15547,2505.485045,2832.46472,17231,2326.142534,2652.291684,430606,2575.533327,2293.778305,16543,2306.091942,2507.975518,15411,2507.040426,2839.541172
d33_40_G05_1_4_S,glasshouse_b1,Hartog,T1,R4,S,13023,2363,3328,68,2146.470588,2966.808824,25424,1690,2700,35098,2316,3447,13023,2367.018122,3327.746833,12877,2113.242525,3624.271181,204024,882.9000069,2631.790495,15505,2463.781361,2769.503193,12883,2365.495847,3334.600636
d37_42_G06_0_2_S,glasshouse_b1,3811,T0,R2,S,14124,909,3151,80,674.95,2522.8375,39693,1117,2615,38646,1185,4131,14124,859.1709856,3146.391745,19679,787.1681488,2483.469333,558415,914.9289023,2558.448364,15541,545.8029728,3535.184287,14187,862.1543667,3126.92472
d09_26_G04_0_2_S,glasshouse_b1,Forrest,T0,R2,S,2234,1427,1291,65,1532.738462,278.4153846,4125,1593,681,6231,1477,1125,2234,1423.539839,1290.410922,2052,1428.57846,1276.725146,356208,1451.940072,840.1996081,2389,1515.555881,283.7626622,2758,1598.507977,456.4967368
d2_T010_02.10.23,field,Gladius,na,R3,T,14211,891,5293,100,1497.95,6004.7,145325,1213,5281,149988,1223,5208,10718,1342.631088,5892.002892,58631,1557.128601,5976.809316,412859,1426.856726,5337.455221,91842,1353.039002,5741.396943,9964,874.9085709,5379.399338
d21_40_G05_1_4_S,glasshouse_b1,Hartog,T1,R4,S,3535,1647,2172,50,1134.04,1302.68,11348,1652,2407,12363,2432,2489,3535,1649.359547,2171.597171,5096,1648.800628,2049.843799,317277,2533.452661,2054.012724,6328,2500.307048,2238.997314,3535,1649.359547,2171.597171
d29_13_G02_1_1_T,glasshouse_b1,5489,T1,R1,T,8463,1277,2043,64,1494.90625,2740.59375,16718,1809,1881,16149,1743,2600,8463,1270.849817,2044.773603,7389,1606.995534,2262.735553,398025,1373.684723,1669.599495,7512,1654.183307,812.4530085,10136,1714.776539,1726.654203
d33_15_G02_1_3_T,glasshouse_b1,5489,T1,R3,T,15147,1005,2903,62,1642.387097,3580.403226,22519,957,2656,25614,958,2665,15147,1085.747871,2892.762659,9865,955.5721237,3173.9259,380013,1463.141029,3342.068521,12886,1546.819106,4009.458792,14243,1092.894545,2943.852489
d33_28_G04_0_4_S,glasshouse_b1,Forrest,T0,R4,S,6655,1284,3762,60,1559.566667,765.45,17101,1503,3257,18991,1503,3257,6655,1272.757325,3762.263711,7350,1445.692245,2752.190612,392837,1441.606038,3382.091063,13496,1529.966657,721.8310611,4808,1234.782654,3915.483777
d09_29_G04_1_1_S,glasshouse_b1,Forrest,T1,R1,S,2000,1150,1186,65,1445.753846,175.1230769,2833,1398,592,2833,1398,592,2000,1152.508,1188.1885,1418,1335.758815,700.5557123,346377,875.8113732,885.6410097,2000,1152.508,1188.1885,2000,1152.508,1188.1885
d11_34_G05_0_2_S,glasshouse_b2,Hartog,T0,R2,S,8318,2103,1060,70,1490,448.4571429,19313,1595,622,24277,1626,1424,8318,2089.530176,1065.465497,12432,1534.262387,443.0814028,224012,2171.591165,894.9351731,9414,1480.466858,380.2398555,7693,2111.469258,1112.859873
d49_11_G02_0_3_T,glasshouse_b2,5489,T0,R3,T,22837,1539,3946,57,1844.947368,1110.719298,66951,1642,3790,85656,1684,3539,22832,1518.250964,3935.707954,27794,1104.692488,2927.508851,496387,1423.36146,3579.954403,21091,1428.094875,4456.881751,14522,1455.998967,4219.26422
d27_03_G01_0_3_T,glasshouse_b2,Gladius,T0,R3,T,14902,1341,1661,60,1576.716667,1334.333333,33842,1493,3425,32422,1688,1521,14902,1329.219165,1657.079117,15100,1351.554106,2753.618808,639656,1297.00307,2991.240551,10988,1158.875046,2538.158719,14816,1327.551296,1660.627025
d3_T021_08.10.23,field,Gladius,na,R9,T,19584,318,2714,71,1615.535211,2031.15493,164729,1015,1843,165578,975,1864,19584,328.6025837,2714.318781,89393,1109.872373,5374.303391,398355,261.7870141,3131.743033,94625,1237.739223,1289.388132,15972,305.9913599,2757.478963
d13_02_G01_0_2_T,glasshouse_b1,Gladius,T0,R2,T,7553,1725,1929,56,1868.410714,1583.875,12773,1755,1350,12695,1756,1342,7553,1754.438634,1928.871839,5990,1883.873456,2194.135559,379150,1599.978642,1480.657199,6179,1481.231915,387.9877003,7553,1754.438634,1928.871839
d41_42_G06_0_2_S,glasshouse_b1,3811,T0,R2,S,13630,1176,4149,80,1501.4625,660.95,52386,1055,2847,54205,1010,2866,13168,845.4628645,3223.368925,24731,564.2853099,3456.978974,611895,599.4846747,3337.44538,42012,620.4201657,3049.232267,13986,858.2474617,3133.974045
d31_17_G03_0_1_T,glasshouse_b2,CALINGIRI,T0,R1,T,21762,1371,3494,75,1520.173333,1106.88,38164,1404,3516,39776,1248,2913,13691,1305.975385,3344.465707,21459,1693.860105,1109.025817,506383,1428.040617,2958.911685,17322,1258.098545,2604.60478,8468,2537.674658,2706.773264
d29_46_G06_1_2_S,glasshouse_b1,3811,T1,R2,S,9899,1043,2608,62,1329.548387,3600.225806,17550,1781,2398,17129,1768,2344,9899,1033.089706,2604.62875,8717,1327.050476,3866.018011,406549,1418.695409,2079.314552,10929,1070.063684,2351.161771,10598,1043.983865,2558.295056
d05_25_G04_0_1_S,glasshouse_b1,Forrest,T0,R1,S,1482,1567,647,66,1572.909091,684.1060606,2925,1303,527,2767,1302,527,1482,1567.435223,647.2483131,1678,1372.220501,394.3837902,305283,1454.832519,280.9505377,2184,1378.759158,365.396978,2418,1385.762614,355.8573201
d49_23_G03_1_3_T,glasshouse_b2,CALINGIRI,T1,R3,T,15512,1572,3121,53,745.9056604,4113.641509,53189,1430,2073,63116,1461,2230,15512,1522.338512,3120.779139,29819,1817.082632,2876.586103,760594,1906.739891,3628.729312,52041,1436.094925,2688.739321,11003,2034.833591,4133.711806
d29_36_G05_0_4_S,glasshouse_b1,Hartog,T0,R4,S,8398,737,4480,74,881.5,2380.472973,27262,1096,2156,29616,1074,2344,8398,748.4025959,4482.538223,13713,769.9585065,2705.980238,411476,873.8020395,3842.434929,14218,766.6379941,2729.53587,8398,748.4025959,4482.538223
d45_04_G01_0_4_T,glasshouse_b1,Gladius,T0,R4,T,19215,2067,3487,58,1592.413793,2728.913793,59520,1782,2328,61599,1753,2408,17329,2092.507531,3615.297421,30686,1740.186926,3008.206511,391901,1476.677487,2117.23323,42468,1668.17844,1000.51905,17206,2092.737127,3612.041323
d3_T011_08.10.23,field,Gladius,na,R4,T,74487,1392,5770,59,336.779661,6628,275561,1119,5571,252905,1113,5696,68256,1370.889255,5745.063027,112298,1181.575407,4759.588523,662720,1418.361865,5292.392771,203654,1212.252919,5940.618696,61762,1375.819436,5698.244924
d2_T001_02.10.23,field,Gladius,na,R1,T,195590,1293,5739,147,1379.496599,6397,354932,1214,5544,351814,1218,5555,171616,1276.590825,5720.699603,134441,1351.113113,4844.352273,1892302,1351.707114,5469.597208,347178,1225.797029,5577.037309,160204,1250.300935,5768.790305
d17_14_G02_1_2_T,glasshouse_b1,5489,T1,R2,T,8561,2188,2280,57,2013.052632,2266.157895,10954,2086,1773,14805,2175,2175,8561,2143.397033,2264.325546,5173,2204.08525,2194.612797,478656,2060.751414,1267.776129,6078,1973.510859,1269.984205,11773,2083.122823,1978.181177
d05_47_G06_1_3_S,glasshouse_b1,3811,T1,R3,S,1651,1513,406,62,1562.645161,273.6935484,2019,1534,376,2107,1534,376,1651,1513.866747,406.399152,850,1486.811765,460.5694118,323326,1455.876672,286.8902532,893,1455.600224,670.3975364,2156,1529.160019,369.1618738
d33_11_G02_0_3_T,glasshouse_b1,5489,T0,R3,T,14273,1436,4235,52,1464.365385,1697.826923,26663,1631,2806,26563,1630,2804,14222,1452.883561,4234.406624,11895,1418.722068,4358.469273,373934,1446.463603,3864.868019,12905,1431.843084,4316.884773,8567,1423.636746,4240.876269
d19_21_G03_1_1_T,glasshouse_b2,CALINGIRI,T1,R1,T,14210,1873,2696,58,1382.37931,2494.672414,20102,1864,2712,20279,1864,2712,14210,1875.795496,2696.818719,10210,1562.287855,1807.712831,439702,1900.30351,2219.357067,8276,1903.477767,3026.796278,14210,1875.795496,2696.818719
d11_28_G04_0_4_S,glasshouse_b2,Forrest,T0,R4,S,3151,1689,1076,77,1548.077922,364.3246753,10325,1541,552,8898,970,1006,3151,1679.110124,1076.060298,7270,1522.595873,439.5364512,383732,1820.460053,269.1007552,7012,1527.318882,433.0029949,3151,1679.110124,1076.060298
d25_47_G06_1_3_S,glasshouse_b1,3811,T1,R3,S,6541,1715,2162,96,1558.46875,1977.072917,11857,1445,2503,14946,1431,2434,6541,1716.73261,2163.535851,6522,1526.972094,2586.180466,361892,1459.459825,1608.653258,8048,1536.458623,2511.962848,6488,1466.908292,2078.557491
d17_17_G03_0_1_T,glasshouse_b1,CALINGIRI,T0,R1,T,11305,1217,2750,55,1414.290909,1405.654545,18316,1381,2791,20041,1379,2720,11305,1241.202654,2748.077311,9065,1377.82791,1478.410149,533290,998.2638996,2323.409704,15993,1284.16007,2668.207216,11252,1240.638642,2747.086385
d45_32_G04_1_4_S,glasshouse_b1,Forrest,T1,R4,S,5150,616,2521,98,1748.795918,4865.469388,13872,551,2744,13869,551,2744,5150,615.5576699,2520.587767,7408,731.6796706,2143.979482,337625,856.2672284,2076.649792,8477,1443.211514,682.6624985,4010,2498.647132,3133.831421
d15_30_G04_1_2_S,glasshouse_b2,Forrest,T1,R2,S,3059,1059,1714,69,1362.42029,492.4492754,6429,1050,1754,5020,1334,920,3059,1057.044132,1712.515201,2754,1369.576616,575.8776325,301638,883.4143079,2033.340295,1737,803.6338515,2145.001151,3059,1057.044132,1712.515201
d21_21_G03_1_1_T,glasshouse_b1,CALINGIRI,T1,R1,T,15564,1874,2788,55,1437.709091,1793.636364,18208,1443,2299,19353,1452,2335,15564,1884.159985,2791.49396,6829,1373.36345,2135.346024,448820,1898.896137,2226.623254,8315,1403.120265,2721.201563,15564,1884.159985,2791.49396
d2_T020_02.10.23,field,Gladius,na,R8,T,311943,1125,4413,113,1493.283186,4771.99115,301357,1043,2824,316354,1039,2881,229706,1153.783854,4238.381949,158654,975.5763233,5895.299747,1104613,1127.193583,4861.205123,243311,1041.875061,3031.105343,120493,1142.525624,4580.946487
d3_T015_08.10.23,field,3811,na,R6,S,20995,221,892,64,906.15625,3512.390625,187140,747,1644,186779,1049,5059,17263,556.2818745,2637.042113,108358,675.0569501,866.8022112,520389,411.1781629,481.1988013,93664,505.4637,807.642125,11817,704.5766269,6529.816874
d11_16_G02_1_4_T,glasshouse_b2,5489,T1,R4,T,5230,1725,1549,60,1672.716667,1378.166667,7165,1728,1568,9903,1569,1053,5230,1725.945507,1547.899426,4216,1674.039611,611.6212049,349471,2024.134103,1479.003228,2246,2245.352627,1462.723063,5230,1725.945507,1547.899426
d05_21_G03_1_1_T,glasshouse_b1,CALINGIRI,T1,R1,T,1332,1578,938,46,1674.847826,479.9130435,3033,1599,503,3129,1599,503,1332,1578.427928,937.8596096,1332,1578.427928,937.8596096,293287,1460.892014,275.2007181,1904,1579.522059,381.0745798,1332,1578.427928,937.8596096
d09_07_G01_1_3_T,glasshouse_b1,Gladius,T1,R3,T,9571,1464,1130,86,1412.05814,1320.44186,10418,1536,1006,12781,1432,1269,8539,1441.9603,1174.708748,4457,1514.532421,899.9028495,392289,1847.545858,884.6902284,6509,1370.394531,1552.382855,8482,1441.227187,1176.944471
d37_25_G04_0_1_S,glasshouse_b1,Forrest,T0,R1,S,6198,1000,2903,63,1341.555556,1109.47619,23785,850,4091,33882,949,3040,6198,1010.029848,2908.005486,13757,828.3651232,2902.557316,520290,1259.175143,2766.457839,17372,1411.288453,829.4801405,4807,964.6634075,3024.787809
d31_41_G06_0_1_S,glasshouse_b2,3811,T0,R1,S,8161,1446,3582,67,1640.61194,900.0597015,28739,1392,3002,30814,1393,2786,8161,1428.233305,3580.214557,12548,1494.172059,3548.558017,536047,1223.537266,3323.186665,11212,1477.405102,3336.807706,8161,1428.233305,3580.214557
d05_11_G02_0_3_T,glasshouse_b1,5489,T0,R3,T,2353,1517,1156,74,1435.945946,436.6891892,2917,1445,527,3302,1446,561,2353,1517.050999,1155.832979,2265,1516.715232,1163.133775,351810,1455.61998,847.0577499,2348,1517.038756,1156.255111,2353,1517.050999,1155.832979
d05_40_G05_1_4_S,glasshouse_b1,Hartog,T1,R4,S,1479,1423,403,50,1593.98,460.94,2274,1598,399,2279,1598,399,1479,1422.741041,402.9614604,1063,1441.362183,376.2935089,305815,1457.551301,276.2859899,1671,1696.298025,317.6582885,1817,1440.823886,381.9620253
d31_10_G02_0_1_T,glasshouse_b2,5489,T0,R2,T,15694,2517,2848,55,2466.490909,3006.763636,45084,2236,3415,68055,2345,2087,15694,2515.080923,2849.009303,21438,1790.397705,750.0274279,516436,2576.482819,2416.663585,19018,1767.514775,697.2403512,15664,2515.438138,2850.273557
d07_04_G01_0_4_T,glasshouse_b2,Gladius,T0,R4,T,8080,1642,882,74,1619.216216,270.5540541,11458,1643,474,11129,1635,1047,8080,1628.732673,876.8285891,6834,1624.1753,354.976295,388929,1450.855817,354.5865672,9759,1626.609489,433.0012296,8080,1628.732673,876.8285891
d11_42_G06_0_2_S,glasshouse_b2,3811,T0,R2,S,3338,1933,2097,51,1093.666667,1060.745098,14996,1313,710,15359,1306,726,3338,1923.155782,2099.79269,6217,1090.707254,944.5333762,376434,864.2205566,1291.041062,4810,954.1629938,1557.880457,2375,873.1174737,1594.399579
d17_46_G06_1_2_S,glasshouse_b1,3811,T1,R2,S,5192,1107,2288,66,1765.545455,2487.530303,10946,1897,2279,10951,1897,2279,5192,1114.561441,2287.595917,4658,1790.409618,2591.237012,369452,1008.390838,2059.776737,3970,1127.964736,2041.49597,5192,1114.561441,2287.595917
d11_08_G01_1_4_T,glasshouse_b2,Gladius,T1,R4,T,20544,1890,1235,55,1922.054545,1387.709091,14513,1862,1668,14345,1706,848,20544,1856.695775,1247.172264,7510,1718.573236,992.3455393,462536,1555.068496,494.3862964,9169,1704.494601,704.7010579,20544,1856.695775,1247.172264
d13_12_G02_0_4_T,glasshouse_b1,5489,T0,R4,T,8318,1135,1313,49,1085.408163,1504.489796,13277,1195,1093,13854,1176,1145,8318,1135.427867,1313.210507,8196,1461.607491,903.3961689,432221,1050.03343,951.9046067,8237,1390.56052,877.8159524,7654,1124.942775,1366.705775
d25_36_G05_0_4_S,glasshouse_b1,Hartog,T0,R4,S,4770,730,2747,61,1270.491803,1048.754098,18660,701,3195,26789,999,2779,4770,744.7607966,2750.675052,7082,2689.648546,2028.907371,316466,867.6921059,3691.451853,8163,808.2352076,2899.791498,4653,744.3793252,2748.046207
d49_27_G04_0_3_S,glasshouse_b2,Forrest,T0,R3,S,11579,1419,619,77,1384.792208,709.987013,45939,1650,1119,51110,760,3222,11579,1418.720615,619.0517316,27179,1427.981935,763.531219,478684,838.3867854,2332.285211,29508,1398.179443,842.861563,10965,1422.336799,607.2725034
d6_T012_28.10.23,field,Gladius,na,R5,T,87815,971,5616,60,753.85,4853.166667,196153,1081,5652,203045,1082,5608,62751,917.9126707,5553.984988,107021,1034.668336,6163.746293,662612,541.4215001,5692.125897,75894,1388.602551,3769.377645,53899,931.2765728,5647.612015
d19_13_G02_1_1_T,glasshouse_b2,5489,T1,R1,T,10935,1707,1719,53,2550.566038,2164.358491,17326,1830,2192,17811,1830,2192,10935,1690.392867,1726.491907,8100,2001.424691,1686.718148,536772,1531.012633,1263.269435,5826,1649.508239,971.1004119,10935,1690.392867,1726.491907
d45_29_G04_1_1_S,glasshouse_b1,Forrest,T1,R1,S,4128,865,4600,46,1363.173913,1127.478261,13170,2512,2913,13083,2513,2927,4128,871.1877422,4600.021318,5837,921.6087031,3528.419394,377937,874.820605,3902.703977,6291,1549.302337,669.09299,4128,871.1877422,4600.021318
d31_37_G05_1_1_S,glasshouse_b2,Hartog,T1,R1,S,4859,2361,2581,65,1046.784615,2879.415385,10596,1088,2189,10596,1088,2189,4859,2375.379708,2584.154353,4361,979.6308186,2186.462509,186227,2574.185263,2631.044199,4853,2370.325366,2423.608696,4859,2375.379708,2584.154353
d37_16_G02_1_4_T,glasshouse_b1,5489,T1,R4,T,11952,1949,3335,69,1537.565217,795.2463768,26148,2016,3545,32589,2154,2991,11952,2037.674448,3306.603079,11152,2040.894817,3027.401811,589591,2024.253469,2560.720773,20519,2219.360251,3522.858083,11586,2034.562748,3294.56223
d35_01_G01_0_1_T,glasshouse_b2,Gladius,T0,R1,T,8037,954,2769,65,2455.861538,2320.630769,38201,2071,3418,37811,1841,1800,8036,955.9753609,2767.84333,19361,2387.784877,2387.57497,467028,938.9846626,2319.753957,22146,2206.327689,3785.245643,8037,955.9871843,2767.909419
d45_40_G05_1_4_S,glasshouse_b1,Hartog,T1,R4,S,20992,2352,3486,53,1625.150943,969.490566,42258,1508,4158,40191,1678,2480,18603,2355.579154,3476.84524,23710,2006.237706,4437.419528,471055,2488.208753,2935.000957,30804,1554.394299,953.0556097,13579,2314.636277,3724.374181
d43_21_G03_1_1_T,glasshouse_b2,CALINGIRI,T1,R1,T,31719,1864,3722,56,1795.982143,4389,46466,1870,4009,45590,1871,4020,31708,1803.83512,3725.175981,18680,1711.817559,3822.677248,548007,1562.811451,3887.156597,16027,1380.416921,1115.445623,29059,1802.517189,3839.980729
d09_03_G01_0_3_T,glasshouse_b1,Gladius,T0,R3,T,8150,1451,1265,104,1668.067308,362.0096154,13364,1416,1148,11384,1577,909,8150,1440.801227,1259.829571,4950,1449.481818,1178.405657,515874,1696.65005,988.1847428,7703,1380.976892,1373.720628,8097,1439.371866,1263.395949
d09_43_G06_0_3_S,glasshouse_b1,3811,T0,R3,S,2743,1491,1545,68,1708.323529,835.0294118,6243,1696,647,6780,1697,676,2743,1490.808239,1544.975939,2854,1691.925718,525.3083392,358950,1453.932576,1393.674818,5796,1713.829193,342.7020359,3049,1716.062316,419.6575927
d07_24_G03_1_4_T,glasshouse_b2,CALINGIRI,T1,R4,T,2678,1149,890,58,1411.206897,569.4310345,8805,1726,475,9721,1526,602,2678,1148.750934,890.0881255,3463,1434.330927,672.1874098,353304,1455.898626,778.5770045,3050,1606.932787,353.8268852,2603,1146.104879,896.4037649
d43_22_G03_1_2_T,glasshouse_b2,CALINGIRI,T1,R2,T,12703,2008,4080,61,2009.065574,2687.672131,35248,2010,4123,33981,1997,4169,12703,1942.993309,4085.786979,18198,1931.040774,4603.169579,549650,1937.105076,3569.728291,21119,1923.536389,4522.524457,12703,1942.993309,4085.786979
d17_38_G05_1_2_S,glasshouse_b1,Hartog,T1,R2,S,4472,2186,1840,58,839.4655172,2549.87931,13538,1056,2261,13538,1056,2261,4472,2185.556798,1840.35085,4924,912.9821284,1821.288383,383736,870.3103853,2447.543668,4288,1318.697295,819.3355877,3243,2224.933703,1941.623497
d37_22_G03_1_2_T,glasshouse_b1,CALINGIRI,T1,R2,T,12185,2003,4001,67,2029.925373,4346.164179,25814,1996,4237,25935,1996,4237,10386,1959.935394,3867.464471,14114,2041.08318,4551.216168,568770,1940.893493,3576.174665,17106,2022.538057,2515.102829,10388,1959.931171,3867.458125
d17_21_G03_1_1_T,glasshouse_b1,CALINGIRI,T1,R1,T,12613,1869,2635,52,1878.826923,2753.903846,16203,1431,1987,16896,1850,2431,12613,1869.385872,2634.928883,6003,1897.557221,2954.829918,431445,1995.279092,2210.938597,6739,1895.800415,2921.750853,12613,1869.385872,2634.928883
d37_20_G03_0_4_T,glasshouse_b1,CALINGIRI,T0,R4,T,17548,1823,2399,49,917.7346939,2604.795918,44207,1746,2124,46340,1180,3867,17548,1889.239571,2388.713928,20655,1497.608376,3079.978698,582302,1967.076886,1821.889707,25910,1652.798726,913.2940563,18276,1889.728496,2348.286387
d41_18_G03_0_2_T,glasshouse_b1,CALINGIRI,T0,R2,T,13339,1088,2687,70,1022.585714,2606.928571,44006,1583,2339,41988,1590,2301,13339,1179.217782,2685.910113,22521,1059.846765,2230.759158,443143,972.6254347,2311.494105,25693,1066.065621,2234.733274,16821,1195.501932,2393.80881
d45_20_G03_0_4_T,glasshouse_b1,CALINGIRI,T0,R4,T,17328,1824,2402,66,1504.378788,4031.333333,64324,1133,2252,66251,1285,2523,17328,1888.682018,2399.610111,31271,1374.149212,4386.131719,305540,912.9367284,1725.900736,42336,1655.377173,959.0215892,17942,1888.943373,2364.201427
d7_T010_04.11.23,field,Gladius,na,R3,T,14744,718,5141,91,507.3846154,5049.978022,146566,1125,5327,152171,1050,5257,14744,709.1656267,5140.602618,65211,853.4753953,5074.670209,390500,855.4162561,4963.770784,128525,1181.782618,5488.815491,14485,709.1490507,5140.14408
d4_T010_14.10.23,field,Gladius,na,R3,T,18007,797,5275,101,1072.722772,5200.514851,145474,1147,5294,149009,1147,5282,18007,796.565891,5271.845616,56902,1483.932111,6007.648114,593913,1239.921669,5331.256868,127471,1249.985526,5476.041641,12000,811.32,5320.3535
d41_32_G04_1_4_S,glasshouse_b1,Forrest,T1,R4,S,5077,589,2507,82,1517.219512,611.597561,14503,525,2731,14500,525,2731,5077,589.7075044,2506.954107,7799,2450.629953,2799.885883,333572,862.7083808,2068.301323,8714,1415.433211,678.3184531,3840,565.0388021,2577.548177
d05_20_G03_0_4_T,glasshouse_b1,CALINGIRI,T0,R4,T,2544,1799,826,81,1571.259259,402.382716,4934,1818,949,5146,1813,930,2544,1794.032233,826.9508648,2520,1545.74881,426.1349206,357156,2039.222225,874.4522366,4017,1298.506348,365.21882,2513,1794.466375,828.4878631
d13_38_G05_1_2_S,glasshouse_b1,Hartog,T1,R2,S,4514,2180,1628,61,904.0163934,1993.918033,9720,1025,1651,9720,1025,1651,4514,2179.9856,1628.2572,3712,1051.648438,1922.168912,384295,881.862374,1326.383708,4767,1322.179148,595.1139081,4514,2179.9856,1628.2572
d3_T019_08.10.23,field,Gladius,na,R7,T,217433,975,4829,55,276.9636364,4862.654545,351036,989,5395,363879,1330,2874,192819,954.3082995,4880.640891,158733,1458.464812,3865.549879,1073726,1136.052287,5275.765849,293115,959.2128277,5607.553397,165182,946.8639803,5127.74559
d4_T023_14.10.23,field,3811,na,R8,S,52867,600,3796,73,1502.739726,3395.520548,266234,1060,4873,317737,1081,4549,50683,597.4853304,3793.79794,152207,1071.801823,4242.433232,412694,842.2168677,3773.157162,220195,1031.841813,3833.720239,49427,596.9083902,3796.021729
d25_30_G04_1_2_S,glasshouse_b1,Forrest,T1,R2,S,2491,688,2204,63,729.8571429,2414.063492,8462,768,2283,8458,768,2283,2491,692.4592533,2205.5833,4598,732.6100478,2259.379513,358253,1947.225321,2055.149883,5661,749.7028793,2255.376435,2289,684.0096112,2221.437746
d25_46_G06_1_2_S,glasshouse_b1,3811,T1,R2,S,10298,1045,2528,68,1646.485294,3308.367647,16093,1751,2203,22310,1015,2697,10298,1036.295786,2528.274811,8154,1078.815305,2228.977925,437409,1293.473648,2149.343573,10831,1070.01348,2290.676207,10797,1043.915254,2495.506715
d09_46_G06_1_2_S,glasshouse_b1,3811,T1,R2,S,4007,1651,1351,53,1715.773585,496.9433962,5014,1649,1330,5374,1652,1305,4007,1659.192413,1354.880459,2535,1334.692702,717.5786982,379663,1452.116045,1349.605877,2558,1559.818217,375.9468335,4007,1659.192413,1354.880459
d45_07_G01_1_3_T,glasshouse_b1,Gladius,T1,R3,T,28457,1390,2478,52,1497.5,2282.961538,39507,1414,2096,37562,1447,3134,15317,1444.547562,2466.244565,18030,1433.980588,3162.354908,354577,1685.202131,2139.098388,29108,1271.860038,3062.473409,11616,1470.153753,2578.891185
d5_T002_21.10.23,field,Gladius,na,R2,T,176380,1181,5228,99,1622.090909,4792.828283,357329,1141,5429,372011,1351,5251,87098,494.5259937,3638.812315,176319,1087.159705,5183.989564,917215,550.4647187,3288.051087,285121,1035.448957,5646.154727,63636,919.8201804,5406.362499
d35_15_G02_1_3_T,glasshouse_b2,5489,T1,R3,T,14023,1015,2951,59,946.1186441,2816.169492,34926,1351,3644,33282,1330,3603,14023,1100.738358,2959.440277,17982,1613.855522,4102.244077,445756,898.4954863,2333.561401,16502,1564.519695,4159.514847,10799,1157.446338,3206.89499
d29_20_G03_0_4_T,glasshouse_b1,CALINGIRI,T0,R4,T,15177,1817,2497,54,806.6666667,3390.074074,30360,1199,4059,34528,948,2713,15177,1844.144561,2494.448573,17651,1491.371707,4376.244462,589840,1543.974429,3550.843781,16982,1481.110823,4393.358556,17695,1852.141339,2362.215372
d43_34_G05_0_2_S,glasshouse_b2,Hartog,T0,R2,S,20730,1909,865,61,1165.278689,2934.393443,70555,1595,1024,91782,1559,2843,20730,1905.931838,867.2696575,53130,1634.010728,789.341709,546974,1590.293965,480.970101,50856,1579.796661,777.7551125,12871,1824.917334,676.3320643
d19_09_G02_0_1_T,glasshouse_b2,5489,T0,R1,T,7354,1072,2944,57,1717.684211,1692.385965,27871,2101,2817,24303,2108,2876,7354,1092.058608,2953.261762,10112,2305.251187,3207.668018,349851,2028.446885,1588.796845,8956,2297.595132,3252.318669,6505,2194.06103,3157.60661
d15_13_G02_1_1_T,glasshouse_b2,5489,T1,R1,T,11577,1727,1633,64,1413.65625,1409.4375,15593,1594,1160,17179,1602,1232,11577,1711.632547,1640.502635,6941,1893.317822,1418.631897,469887,1509.596341,1196.91366,5824,1184.781937,1566.499141,11577,1711.632547,1640.502635
d41_13_G02_1_1_T,glasshouse_b1,5489,T1,R1,T,7372,1284,2034,63,1294.650794,1539.253968,32519,1901,1580,33596,1910,2617,7372,1277.614352,2036.046392,15572,2230.232982,1478.417159,550004,1514.501118,1731.913992,16662,2243.60635,1197.774097,7372,1277.614352,2036.046392
d27_15_G02_1_3_T,glasshouse_b2,5489,T1,R3,T,14376,974,2824,51,1633.254902,3534.843137,24416,1177,3203,23429,1086,1835,14376,1050.238592,2810.31323,10699,1605.967006,3527.101131,541612,922.327742,1884.7551,10385,909.5433799,2930.730188,9879,1113.549853,3126.970341
d43_23_G03_1_3_T,glasshouse_b2,CALINGIRI,T1,R3,T,11418,2037,4151,50,1800.22,1314.18,39297,1586,4071,39192,1448,1959,11418,2060.947189,4151.210807,18487,1835.188565,4389.469086,653528,2031.117101,3757.4105,17921,1851.256236,4408.522794,11418,2060.947189,4151.210807
d41_09_G02_0_1_T,glasshouse_b1,5489,T0,R1,T,14400,768,4446,60,2196.35,2426.866667,45611,2430,3222,42670,2425,3475,12629,800.3605986,4377.815029,19503,2448.798339,4184.60201,535205,844.3543427,3890.564079,23971,2423.368654,4018.685412,11935,801.4352744,4365.856221
d25_20_G03_0_4_T,glasshouse_b1,CALINGIRI,T0,R4,T,15547,1832,2439,49,1586.020408,4184.836735,26944,1799,2344,29381,956,2608,15547,1857.210137,2434.036985,15865,1551.237756,4060.279105,483391,1952.769187,3328.395047,14433,1847.326058,2601.332155,18143,1865.854875,2299.200739
d25_14_G02_1_2_T,glasshouse_b1,5489,T1,R2,T,9001,2194,2597,54,2011.833333,1672.722222,14830,2206,2230,14816,2206,2230,9001,2177.963226,2593.240084,6959,2142.258802,2523.650956,656039,2132.397136,2141.825661,5903,2013.019143,1265.91445,12247,2115.25002,2055.116355
d19_41_G06_0_1_S,glasshouse_b2,3811,T0,R1,S,5581,1536,2021,56,1401.196429,1484.089286,21865,1561,1334,21823,1373,2504,5581,1535.02401,2021.432718,11142,1397.306408,2237.9317,358441,1453.196244,1599.872696,14001,1369.492679,2850.798657,5581,1535.02401,2021.432718
d11_06_G01_1_2_T,glasshouse_b2,Gladius,T1,R2,T,9368,1648,1472,79,1785.177215,1085.620253,14249,1681,788,15091,1632,1667,9368,1601.89272,1472.455807,8048,1642.838718,975.1780567,544968,1882.314356,1169.207667,8598,1618.186904,893.4504536,9368,1601.89272,1472.455807
d09_37_G05_1_1_S,glasshouse_b1,Hartog,T1,R1,S,3526,1305,919,70,1081.785714,1405.885714,2911,1343,866,3587,1307,916,3526,1301.595009,916.1554169,1304,1410.187883,739.3443252,267188,1441.737234,877.7742488,1845,1384.737669,789.6281843,3509,1301.980621,915.4559704
d13_34_G05_0_2_S,glasshouse_b1,Hartog,T0,R2,S,7037,2145,1165,61,1557.836066,541.6721311,19724,1648,1432,17106,1569,1150,7037,2144.582493,1164.780304,7717,1793.818842,954.8394454,212660,2176.446896,893.2851829,11110,1523.032403,426.8008101,7646,2125.36542,1118.397463
d29_28_G04_0_4_S,glasshouse_b1,Forrest,T0,R4,S,6775,1251,3775,59,1375.898305,791.8135593,17738,1535,1935,16476,1464,3258,4429,2544.689095,2991.962971,7844,1434.371494,2468.723355,387118,1486.416718,2639.50675,12194,1456.324176,780.9982778,4409,2544.92606,2991.146292
d21_46_G06_1_2_S,glasshouse_b1,3811,T1,R2,S,7664,1057,2487,70,1089.571429,2257.9,11686,1090,2359,12091,1808,2561,7664,1056.874739,2487.049582,6983,1092.016469,2142.599599,416687,1294.550867,2137.068058,7113,1091.352313,2148.238015,7670,1056.988657,2486.522816
d09_10_G02_0_1_T,glasshouse_b1,5489,T0,R2,T,6226,1764,781,54,1641.166667,281.4444444,9515,1784,642,8353,1774,611,6226,1763.805493,780.5107613,5218,1937.233806,1053.978727,433192,1520.655806,382.9322471,5414,1935.220724,1053.434429,5629,1898.717357,1334.716646
d19_10_G02_0_1_T,glasshouse_b2,5489,T0,R2,T,12342,1882,1112,58,2479.672414,2820.603448,21955,2325,2333,22059,2323,2337,9219,2396.317605,2371.411975,9937,2283.13334,2209.317601,369969,2030.466996,1016.82621,12838,2328.739212,2432.599704,9219,2396.317605,2371.411975
d37_07_G01_1_3_T,glasshouse_b1,Gladius,T1,R3,T,14910,1469,2592,54,1329.222222,2629.888889,23695,1398,2888,24446,1395,2855,10590,1464.925024,2358.562229,12860,1510.839347,2280.776361,414848,1611.07644,2113.265114,15209,1313.475968,2709.239463,6051,1522.020988,2419.932573
d33_10_G02_0_1_T,glasshouse_b1,5489,T0,R2,T,15470,2515,2832,54,2093.185185,3671.018519,36999,2053,2176,37954,2053,2176,15470,2510.743504,2836.01267,17463,2452.61198,3389.998683,468978,2558.557047,2293.138761,29156,1834.728598,841.7085677,15450,2510.997411,2836.487573
d07_41_G06_0_1_S,glasshouse_b2,3811,T0,R1,S,3954,1555,957,69,1676.115942,710.5072464,7591,1623,381,9754,1582,578,3524,1564.367196,920.4636776,3639,1644.361363,257.3632866,387243,1453.109735,351.2918426,3490,1641.735817,249.7475645,3524,1564.367196,920.4636776
d27_36_G05_0_4_S,glasshouse_b2,Hartog,T0,R4,S,6848,743,4404,89,755.2247191,2260.808989,32001,1298,1562,39328,798,2622,6848,742.7686916,4403.733645,13887,795.5387053,2797.488226,386158,869.0790842,2239.461164,14147,809.0062911,2733.689758,6848,742.7686916,4403.733645
d17_39_G05_1_3_S,glasshouse_b1,Hartog,T1,R3,S,3518,1011,2101,51,1740.27451,2066.333333,6439,991,2356,6439,991,2356,3518,1012.669414,2102.827175,2272,1768.424296,1830.080546,298756,894.5257769,2071.27888,2880,1017.636458,2050.428819,2113,1778.12778,1274.296261
d29_34_G05_0_2_S,glasshouse_b1,Hartog,T0,R2,S,6081,972,1582,64,1645.6875,703.859375,25937,1665,1913,27131,1972,2422,5815,841.2995701,2576.126225,10597,1879.621402,1522.088138,344865,2187.919467,3209.938564,14247,1525.361339,650.8989261,6499,2103.117249,1339.939375
d1_T020_27.09.23,field,Gladius,na,R8,T,307955,1043,4447,93,1213.55914,4875.88172,313639,1090,2831,339475,1057,2925,209022,906.0828477,4197.439183,166976,937.208539,5865.621622,873757,455.8429827,2887.44602,317787,1141.091193,3417.049168,145404,929.0497029,4766.168118
d27_27_G04_0_3_S,glasshouse_b2,Forrest,T0,R3,S,11833,758,3199,58,1366.275862,813.3103448,24493,746,2902,25001,742,2736,8838,694.2270876,2636.505318,9903,1432.652025,734.3625164,435639,851.6974559,2257.43655,11995,800.2080867,2228.695873,8115,874.9617991,3506.743192
d31_23_G03_1_3_T,glasshouse_b2,CALINGIRI,T1,R3,T,10259,1451,2353,56,1616.071429,4040.375,26652,1420,2057,26259,1539,3697,10259,1497.987036,2341.881567,14981,1825.926507,3140.032508,394591,1903.228421,1492.084351,8246,1645.619331,1682.755518,10259,1497.987036,2341.881567
d13_33_G05_0_1_S,glasshouse_b1,Hartog,T0,R1,S,3117,1224,790,59,1163.898305,777.3728814,9444,1276,2107,9369,1276,2107,3117,1227.046519,790.5107475,5569,1144.558449,780.6518226,382208,1023.841529,2052.082615,4923,1161.490148,1963.761731,3162,1228.507274,786.8598988
d07_03_G01_0_3_T,glasshouse_b2,Gladius,T0,R3,T,5040,1527,1081,66,1639.863636,366.3181818,11175,1536,1070,15856,1570,918,5040,1510.943651,1076.817659,6310,1645.238669,329.4339144,377504,1833.457831,876.3770874,6197,1644.956431,324.7292238,5040,1510.943651,1076.817659
d05_15_G02_1_3_T,glasshouse_b1,5489,T1,R3,T,938,1574,309,53,1574.018868,313.7169811,1141,1570,297,1141,1570,297,728,1574.092033,329.6428571,367,1574.643052,358.2479564,336449,1455.951981,292.5796272,446,1574.786996,351.9910314,728,1574.092033,329.6428571
d15_42_G06_0_2_S,glasshouse_b2,3811,T0,R2,S,7585,1927,2484,68,1505.102941,647.0147059,20079,1001,2123,23185,998,2093,7585,1913.408438,2484.001978,11528,859.1407009,1952.552828,394376,1444.490836,355.2341649,8482,1464.65244,596.9438812,6163,1914.935097,2592.509979
d3_T020_08.10.23,field,Gladius,na,R8,T,286217,1334,4497,90,943.0888889,2680.188889,318912,1017,2805,325942,997,2849,256844,1269.40715,4491.024338,156089,1105.728841,5890.651776,1038714,1086.129546,3123.317966,343518,1119.315928,3312.459359,165827,1240.515139,4817.297774
d41_02_G01_0_2_T,glasshouse_b1,Gladius,T0,R2,T,13021,1730,3884,54,1799.833333,4314.222222,35573,1546,4061,35004,1639,4090,9782,1789.368023,3662.728992,16844,1771.033721,4327.086975,341259,1859.770992,3006.804187,23067,1557.696623,3117.392639,9366,1796.008008,3643.714606
d2_T022_02.10.23,field,3811,na,R7,S,37955,813,5248,59,1297.694915,4514.694915,175198,1212,5308,178282,1225,5303,35905,806.7647681,5241.686506,80789,774.5543824,5636.088762,539757,464.720489,4874.878873,157123,1166.732751,5416.817201,31053,833.4641742,5289.340064
d35_13_G02_1_1_T,glasshouse_b2,5489,T1,R1,T,9445,1740,1734,59,1746.338983,560.4745763,34087,1632,1059,34900,1621,1093,9445,1729.571837,1740.190789,20238,1719.506671,790.6795632,485376,1566.339974,1023.297674,18895,1742.18841,768.9673459,9445,1729.571837,1740.190789
d19_43_G06_0_3_S,glasshouse_b2,3811,T0,R3,S,8240,1809,2958,62,1632.112903,2044.387097,27335,1250,2781,29266,1307,2627,8240,1770.286286,2949.513956,14118,1691.96168,2084.225528,378354,1488.064233,2569.301519,12434,1538.985524,2117.865691,8240,1770.286286,2949.513956
d29_31_G04_1_3_S,glasshouse_b1,Forrest,T1,R3,S,3843,667,3139,53,620.2830189,2361.528302,11752,777,2502,11752,777,2502,3843,656.3814728,3139.162633,6119,810.9297271,2090.061938,360440,1320.754866,2057.13104,3843,656.3814728,3139.162633,3843,656.3814728,3139.162633
d09_30_G04_1_2_S,glasshouse_b1,Forrest,T1,R2,S,1404,1134,1406,70,1388.828571,270.8142857,2605,1148,1293,2605,1148,1293,1404,1131.687322,1405.235755,1330,1367.43985,655.3037594,308157,1447.456686,880.778814,1838,1401.07889,259.2742111,1390,1132.034532,1404.360432
d25_38_G05_1_2_S,glasshouse_b1,Hartog,T1,R2,S,2980,1079,2440,60,835.6333333,2777.416667,16755,606,2406,16752,606,2406,2980,1077.742953,2439.939933,7687,834.4169377,2043.322623,383552,871.6881909,2449.970134,7777,820.1038961,2211.761862,2980,1077.742953,2439.939933
d09_39_G05_1_3_S,glasshouse_b1,Hartog,T1,R3,S,2417,1770,1002,77,1774.571429,1038.571429,4160,1750,848,4160,1750,848,2417,1769.78403,1002.252793,1322,1715.608169,615.3502269,312481,1486.696634,876.0161866,2878,1753.339124,511.5993746,2417,1769.78403,1002.252793
d37_26_G04_0_2_S,glasshouse_b1,Forrest,T0,R2,S,7218,959,3959,50,1701.3,3307.52,21375,1597,4013,23642,1595,3982,7218,970.413688,3960.544472,12059,1627.878763,3507.250518,336207,861.1450178,3770.044035,10656,1651.250469,4225.915728,7061,967.6180428,3972.520606
d21_06_G01_1_2_T,glasshouse_b1,Gladius,T1,R2,T,9011,1518,1933,58,1646.517241,1953.12069,10733,1537,1440,10879,1459,2119,9011,1469.980912,1933.498169,5731,1681.689234,1397.983947,507830,1489.097861,1149.332749,8194,1605.076641,894.2734928,10643,1492.526731,1778.454289
d11_02_G01_0_2_T,glasshouse_b2,Gladius,T0,R2,T,5674,1772,1880,57,1939.596491,1910.719298,16617,1777,1718,17821,1762,1666,5674,1769.894078,1879.724357,7004,1976.69703,1328.548401,372689,1618.727803,1478.511982,5650,1540.216106,478.1895575,5674,1769.894078,1879.724357
d41_22_G03_1_2_T,glasshouse_b1,CALINGIRI,T1,R2,T,12658,2001,4050,59,1869.661017,4674.79661,27550,1938,4385,27489,1943,4385,12658,1942.676963,4060.074656,15904,1920.813066,4685.946994,547119,1936.824206,3544.988105,22119,1940.48429,4527.682535,12658,1942.676963,4060.074656
d09_38_G05_1_2_S,glasshouse_b1,Hartog,T1,R2,S,1696,856,1060,62,1316.145161,615.7419355,5630,1155,914,5630,1155,914,1696,856.4946934,1060.474646,2174,1252.170653,618.0096596,175491,903.8343448,855.6987196,1903,1178.25959,585.4261692,3409,1412.477266,474.7735406
d49_45_G06_1_1_S,glasshouse_b2,3811,T1,R1,S,10137,1877,4055,56,1639.642857,3063.892857,69191,1588,4039,69449,1682,4047,9819,1956.011916,4057.03758,30194,1851.654633,4503.161588,519279,1564.575303,3484.996318,46695,1843.103459,4085.805118,9629,1955.108007,4052.180808
d15_37_G05_1_1_S,glasshouse_b2,Hartog,T1,R1,S,3670,2381,2349,54,1016.277778,2043.518519,11074,1103,1617,11074,1103,1617,3670,2380.528065,2349.077657,5543,1021.0884,2076.010464,297355,2563.528812,2071.962217,3305,1059.418759,2017.179123,3670,2380.528065,2349.077657
d19_45_G06_1_1_S,glasshouse_b2,3811,T1,R1,S,7077,763,2127,79,966.4556962,1146.746835,16370,1309,1407,16072,1360,1501,7077,768.8854034,2126.712731,10198,1447.97931,1900.058051,364102,868.3369193,1472.706527,5090,1467.41611,1513.024558,7077,768.8854034,2126.712731
d15_11_G02_0_3_T,glasshouse_b2,5489,T0,R3,T,6550,2257,1405,55,2312.254545,1523.054545,19694,1503,2418,24982,1418,1888,6549,2242.639334,1413.376241,8715,1527.328055,2699.260241,358814,1458.089645,2194.828658,12128,1395.868321,2431.493651,6428,2245.92906,1418.39468
d2_T006_02.10.23,field,3811,na,R3,S,40460,1796,6080,59,1224.677966,5323.338983,219777,1263,5310,269626,1148,2602,35415,1776.204151,6076.336355,118726,1405.385813,5948.5416,763077,1937.653213,5752.635747,175800,1319.133288,5604.934886,34296,1783.686815,6074.646606
d27_21_G03_1_1_T,glasshouse_b2,CALINGIRI,T1,R1,T,19948,1889,3070,49,1689.428571,3144.836735,30276,1423,2020,30346,1423,2022,19948,1862.202326,3076.316022,13728,1646.61553,2835.360358,656373,1388.834893,2371.220434,16510,1800.912417,3880.467111,18664,1865.575386,3128.781612
d3_T024_08.10.23,field,3811,na,R9,S,37242,1218,3758,94,518.0106383,2799.074468,203175,981,2118,213163,988,2122,28170,1207.154739,3706.305644,101671,1283.636199,3677.825122,458964,904.57971,3212.982297,84383,1343.003295,3724.477999,27775,1207.774653,3710.598992
d07_44_G06_0_4_S,glasshouse_b2,3811,T0,R4,S,4954,1794,498,73,1565.123288,199.2739726,11698,1747,396,9393,1272,601,4954,1801.721034,494.2652402,4569,1745.603852,332.9266798,376561,1821.224922,268.9621097,2937,1727.685393,293.5274089,4884,1803.925471,498.6007371
d33_04_G01_0_4_T,glasshouse_b1,Gladius,T0,R4,T,20098,2077,3488,81,1686.617284,725.0987654,32656,1729,2024,33768,1743,2036,20096,2059.068869,3483.875498,15131,1667.373207,1474.470227,356420,2025.942326,2198.80881,23407,1644.639168,810.6143889,17522,2101.803162,3663.749115
d6_T002_28.10.23,field,Gladius,na,R2,T,204860,727,5500,55,565.1090909,5598.781818,352025,941,5523,356763,1235,3516,145017,900.3558272,5360.382176,185802,1065.28222,5140.707204,1372940,918.3113537,5086.660989,266822,753.5568844,5729.895293,139486,901.4772952,5372.394871
d17_35_G05_0_3_S,glasshouse_b1,Hartog,T0,R3,S,3992,971,2222,72,1564.5,691.0972222,10355,796,2546,12069,913,2335,3992,970.5784068,2221.61022,5989,835.3045584,2830.450493,376622,867.928326,2221.798838,3939,1485.317339,657.4267581,3992,970.5784068,2221.61022
d27_43_G06_0_3_S,glasshouse_b2,3811,T0,R3,S,15485,1775,3555,47,2054.617021,3560.829787,42730,1718,3667,44457,1397,2072,15406,1795.116967,3553.928534,21387,1729.775985,2376.253051,412864,352.9792958,3311.812839,19682,715.8198862,3904.643431,15387,1795.082277,3553.477481
d35_37_G05_1_1_S,glasshouse_b2,Hartog,T1,R1,S,4689,2377,2581,53,2387.150943,2737.226415,12911,1100,1976,11234,2373,2607,4689,2391.695671,2581.065899,5716,1022.33345,2074.179846,198502,2584.718794,2631.338374,4843,2381.9777,2367.844724,4689,2391.695671,2581.065899
d29_16_G02_1_4_T,glasshouse_b1,5489,T1,R4,T,10047,1886,3143,61,2096.344262,2004.213115,27004,2156,2876,27004,2156,2876,10047,1963.159849,3123.411765,9203,2008.200261,2906.001739,457397,1992.07929,2293.527594,14312,2118.881708,3382.565539,6011,2304.350358,1984.891699
d11_03_G01_0_3_T,glasshouse_b2,Gladius,T0,R3,T,9831,1409,1478,76,1690.894737,573.7763158,15881,1334,1634,23286,1435,1169,9831,1398.332418,1467.167633,9058,1488.225326,1177.600464,386813,1435.167598,1060.934072,7519,1277.619364,1845.297912,9831,1398.332418,1467.167633
d05_12_G02_0_4_T,glasshouse_b1,5489,T0,R4,T,2224,1835,531,66,1447.545455,301.7121212,4958,1504,823,7294,1509,718,2224,1831.534622,532.381295,2224,1831.534622,532.381295,351924,1458.101397,767.0299639,3201,1444.729147,335.4823493,3405,1774.88047,445.0992658
d11_39_G05_1_3_S,glasshouse_b2,Hartog,T1,R3,S,2362,1804,1067,85,1054.364706,1766.482353,5203,1784,904,5203,1784,904,2362,1803.584251,1066.574936,2412,1803.943201,1070.901741,279330,2011.912376,880.6619196,2412,1803.943201,1070.901741,2362,1803.584251,1066.574936
d19_18_G03_0_2_T,glasshouse_b2,CALINGIRI,T0,R2,T,17239,1198,2227,55,1438.963636,2058.581818,29827,1449,1147,34287,1419,1269,17239,1203.372237,2231.687859,12523,1513.646091,790.5267109,332801,993.1670307,2179.094074,11922,1386.232847,2005.115752,17210,1203.303544,2231.914991
d07_18_G03_0_2_T,glasshouse_b2,CALINGIRI,T0,R2,T,8237,1615,384,79,1493.708861,249.8987342,11907,1472,422,11327,1474,412,8237,1540.155518,399.240136,6288,1489.298664,296.7380725,380608,1815.50716,269.2969197,6847,1481.790127,307.6838031,5680,1306.108803,1011.863556
d17_05_G01_1_1_T,glasshouse_b1,Gladius,T1,R1,T,6231,2391,1895,68,1507.558824,2484.029412,13875,1542,1853,18981,1380,2302,6231,2389.843845,1895.534264,7245,1498.527674,2338.750035,409621,1453.505309,2085.15101,7962,1474.604748,1291.228586,5517,1494.322639,2945.211528
d15_08_G01_1_4_T,glasshouse_b2,Gladius,T1,R4,T,21886,1914,1537,58,1748.827586,676.8793103,17601,1777,1060,18963,1804,1089,21830,1913.807467,1538.819285,9130,1820.466484,1314.733954,704496,1924.089156,896.1959145,10264,1741.171765,862.1760522,21080,1922.349905,1567.402609
d35_42_G06_0_1_S,glasshouse_b2,3811,T0,R2,S,14028,900,3150,68,1904.794118,2545.220588,52812,1162,3792,58461,1499,3579,14028,850.7820787,3144.909894,21548,1392.664702,879.104418,344076,1455.119709,773.1276346,21831,734.8788878,2355.517842,13903,852.220456,3136.106668
d5_T010_21.10.23,field,Gladius,na,R3,T,11242,812,5403,82,973.7317073,4871.304878,140698,1258,5322,145093,1240,5276,11242,820.6698986,5406.139655,56617,1495.657912,6042.35212,397138,1421.455756,5308.972166,121483,1290.125837,5525.563931,9472,834.1792652,5396.256229
d25_08_G01_1_4_T,glasshouse_b1,Gladius,T1,R4,T,15562,1939,2220,63,1769.412698,1032.698413,13981,1875,1819,15255,1977,2669,9234,1978.631904,2574.367013,6563,1836.406674,1569.002895,403111,1468.684722,1027.411314,9381,1739.044665,1016.768148,9750,1938.429641,1516.792205
d1_T022_27.09.23,field,3811,na,R7,S,43732,554,5251,83,828.8192771,4514.771084,183685,1061,5330,188965,1081,5267,43732,559.241768,5255.934259,76848,1204.745472,5974.339319,516819,731.5141278,4919.847718,88170,851.6415788,3525.03178,40179,564.4146196,5259.897011
d25_10_G02_0_1_T,glasshouse_b1,5489,T0,R2,T,13870,2453,2652,83,2389.180723,2613.650602,24067,1956,1900,40231,2269,2428,13870,2467.538861,2645.873107,10341,2335.743062,2777.994391,534473,2518.543113,2331.157853,14841,2306.161377,2387.840105,13773,2468.513323,2650.402454
d41_29_G04_1_1_S,glasshouse_b1,Forrest,T1,R1,S,3810,2208,3651,47,934.0638298,3440.617021,11235,832,3917,12408,831,3726,3810,2204.209711,3651.111286,4954,858.8909972,3724.13908,385619,872.1969794,3341.517581,5280,866.9257576,3698.356061,3713,970.9563695,3326.872071
d25_45_G06_1_1_S,glasshouse_b1,3811,T1,R1,S,8661,777,2353,56,999.6785714,1703.446429,16679,1221,2056,16048,1308,3018,8661,777.4714236,2353.07782,8583,1004.890015,1988.690668,501779,817.7907386,1791.516652,10312,1576.596683,3189.765807,6914,769.693665,2131.690338
d33_33_G05_0_1_S,glasshouse_b1,Hartog,T0,R1,S,5537,1351,3660,44,1154.636364,2704.477273,17335,1195,2872,18175,1198,2866,5489,1357.749681,3660.487156,9079,1333.599185,2243.883577,343527,1453.326044,3081.051976,10738,1169.207394,2413.994971,5469,1358.269336,3661.827025
d43_42_G06_0_2_S,glasshouse_b2,3811,T0,R2,S,16073,1349,3940,63,952.0634921,2526.555556,97059,1135,3802,139372,1130,3153,14311,845.5194606,3158.206205,39963,1380.234992,2320.540125,893877,440.0359938,3031.388396,35097,1315.666752,750.8719549,14198,846.7859558,3151.574306
d25_37_G05_1_1_S,glasshouse_b1,Hartog,T1,R1,S,5014,2391,2502,58,1038.810345,2120.775862,7692,2394,2557,7694,2394,2557,5014,2405.398484,2502.095732,4288,1011.909981,2121.366371,498539,2578.385258,2263.507563,4429,1015.075412,2113.888011,5014,2405.398484,2502.095732
d17_06_G01_1_2_T,glasshouse_b1,Gladius,T1,R2,T,9063,1531,1933,58,1671.87931,1358.344828,11052,1543,1443,10843,1479,2130,9063,1487.48207,1922.991725,6121,1692.041006,1409.704623,547789,1482.251078,1291.663347,7980,1625.316917,882.3246867,10536,1508.714313,1777.787775
d5_T020_21.10.23,field,Gladius,na,R8,T,297911,994,4595,116,670.1982759,3798.318966,307327,1080,2888,328152,1098,3011,227398,1020.836612,4854.298059,171419,900.5147096,5883.072909,1628073,1179.130655,5268.00747,222384,947.6032538,5663.076444,208470,1037.682017,4847.030868
d33_37_G05_1_1_S ,glasshouse_b1,Hartog,T1,R1,S,4943,2394,2562,67,1080.850746,2866.955224,7378,2397,2636,7381,2397,2636,4943,2408.786567,2561.651831,3795,1005.315415,2193.48643,167088,2585.485164,2629.240694,4957,2402.82671,2387.682671,4943,2408.786567,2561.651831
d13_01_G01_0_1_T,glasshouse_b1,Gladius,T0,R1,T,5493,1987,1844,66,1699.469697,463.2272727,14992,1973,1806,17670,2101,1590,5493,1988.072456,1843.545603,6808,2219.967391,2133.659812,368601,1605.456797,1467.07007,7652,1632.086121,382.4290382,5493,1988.072456,1843.545603
d4_T001_14.10.23,field,Gladius,na,R1,T,162398,1284,5725,64,1761.890625,5622.0625,349327,1254,5581,351669,1289,5558,115563,1113.216081,5703.367635,135441,1397.229701,4875.417783,1173477,1154.949427,5453.563288,342653,1273.672301,5599.076065,114335,1105.943412,5705.545196
d13_23_G03_1_3_T,glasshouse_b1,CALINGIRI,T1,R3,T,7855,1413,1812,64,1643.859375,1254.34375,10527,1448,1597,9298,1407,1762,7855,1451.494335,1806.025461,3942,717.0266362,1351.853374,523665,1702.038865,1609.002355,4591,1442.223916,2069.369636,7855,1451.494335,1806.025461
d07_35_G05_0_3_S,glasshouse_b2,Hartog,T0,R3,S,1839,1460,544,70,1452.857143,603.5428571,4169,1517,262,7615,1482,402,1839,1460.487221,543.6378467,2224,1425.553957,277.9842626,256227,1459.187947,256.2555546,2232,1428.885753,255.5291219,1839,1460.487221,543.6378467
d31_30_G04_1_2_S,glasshouse_b2,Forrest,T1,R2,S,2471,690,2288,81,754.1728395,2447.654321,13396,791,2557,10995,1740,2479,2471,694.8170781,2289.259409,6461,739.4816592,2496.655471,376177,871.758696,2482.24623,5167,746.6495065,2324.51287,2257,685.6663713,2306.628268
d13_40_G05_1_4_S,glasshouse_b1,Hartog,T1,R4,S,3047,1612,1459,72,1113.805556,1143.111111,4813,1645,1591,4813,1645,1591,3047,1614.264851,1456.906465,1678,1644.75447,1842.983909,388850,1904.489592,1469.421687,1725,1645.045797,1839.321739,3140,1122.892357,1125.606051
d07_26_G04_0_2_S,glasshouse_b2,Forrest,T0,R2,S,2710,1568,453,75,1510.266667,253.5066667,5017,1563,406,4431,1468,1013,2710,1564.064945,453.1435424,2700,1488.9,288.5185185,260778,1457.926309,267.2859482,2228,1488.986984,272.4829443,2710,1564.064945,453.1435424
d19_36_G05_0_4_S,glasshouse_b2,Hartog,T0,R4,S,4712,760,2781,52,1216.865385,1731.346154,22704,2094,1113,28751,1121,1973,4712,774.1090832,2786.393888,10197,853.9470432,2891.899873,382677,868.0507974,2235.432035,10534,860.7560281,2876.097779,4712,774.1090832,2786.393888
d15_03_G01_0_3_T,glasshouse_b2,Gladius,T0,R3,T,16477,1371,1528,57,1540.596491,820.9298246,19997,1584,1010,28154,1384,1549,16477,1358.878133,1525.847424,10247,1375.279887,1523.322826,420148,1413.73362,1145.970601,10721,1464.571868,1260.083761,16387,1359.43327,1523.591444
d25_18_G03_0_2_T,glasshouse_b1,CALINGIRI,T0,R2,T,16292,1119,2393,86,1462.825581,1400.94186,31927,1344,1841,33660,1641,1929,16292,1185.387,2428.725755,13023,1129.711894,1628.940183,456541,1400.177892,1303.201999,14985,1205.91705,2060.388922,18559,1204.897301,2246.488604
d15_04_G01_0_4_T,glasshouse_b2,Gladius,T0,R4,T,13548,2003,2502,48,1559.416667,761.4166667,20004,1896,2314,20947,1881,2306,11194,2084.195641,2565.452743,10975,1590.088109,746.7951708,366199,2026.586353,2209.160325,8754,2078.378684,2696.615376,11195,2084.180616,2565.430817
d7_T020_04.11.23,field,Gladius,na,R8,T,253158,1095,4912,75,1208.2,5520.48,311299,1133,5276,309837,979,2714,184546,1085.604521,4712.735925,166519,996.6469532,5890.271194,1135861,1070.328188,4609.508426,223928,1059.43443,5649.672627,180994,1085.619827,4715.368443
d09_04_G01_0_4_T,glasshouse_b1,Gladius,T0,R4,T,4533,1643,858,58,1575.689655,698.6551724,11945,1643,814,15543,1921,1183,4533,1633.570704,859.3745864,6233,1719.805391,1195.233275,384775,1448.778257,347.730232,9971,1625.202989,408.2788085,6573,1398.726913,655.2210558
d37_19_G03_0_3_T,glasshouse_b1,CALINGIRI,T0,R3,T,9860,1483,3177,60,1770.6,909.05,37531,1491,2467,38676,1488,2476,9860,1469.971805,3180.640365,21376,1348.314418,3277.360638,555415,1491.305676,2274.049621,30559,1593.494388,1149.88658,9860,1469.971805,3180.640365
d13_44_G06_0_4_S,glasshouse_b1,3811,T0,R4,S,8633,1049,1511,68,1210.014706,606.6911765,18848,1148,1294,18846,1148,1294,8633,1066.506429,1522.215684,8544,1114.629331,889.4015684,417021,840.2234036,917.4065742,13287,1641.450365,426.9914202,8580,1065.486014,1524.539277
d21_38_G05_1_2_S,glasshouse_b1,Hartog,T1,R2,S,3564,2218,1875,78,808.6410256,2731.474359,16753,605,2443,16751,605,2443,3564,2208.508418,1879.459596,7316,858.7885457,2027.975806,386034,875.4826,2444.08413,7929,810.4044646,2258.042376,3133,2223.863709,1915.928184
d17_26_G04_0_2_S,glasshouse_b1,Forrest,T0,R2,S,3995,1345,2160,53,1538.603774,749.1698113,9881,1371,2549,11080,1367,2491,3995,1344.797747,2160.185482,3487,899.2317178,2410.409234,373753,1456.02156,1521.816376,3487,899.2317178,2410.409234,3903,1345.669229,2168.06431
d33_36_G05_0_4_S,glasshouse_b1,Hartog,T0,R4,S,8522,727,4494,61,926.7213115,2257.836066,30192,724,3451,28375,1064,2399,8522,739.4476649,4494.037785,17291,695.795327,2986.43219,617699,844.22233,4093.929296,16179,695.8977069,2835.713085,8468,739.4465045,4495.99008
d17_15_G02_1_3_T,glasshouse_b1,5489,T1,R3,T,7095,910,2211,72,908.2916667,2235.277778,11476,947,2013,11476,947,2013,7095,891.4042283,2211.089359,4606,812.4413808,1874.231871,384984,868.968326,1656.557252,6911,904.9739546,2216.216467,7095,891.4042283,2211.089359
d21_23_G03_1_3_T,glasshouse_b1,CALINGIRI,T1,R3,T,9324,1470,2433,63,1443.349206,2047.269841,15309,1405,2146,18084,1404,2167,9324,1492.290755,2422.92396,7294,683.4840965,2218.961064,496046,1506.193532,1791.285088,6702,1600.108027,1504.884363,10671,1491.946397,2304.924937
d17_29_G04_1_1_S,glasshouse_b1,Forrest,T1,R1,S,3090,241,1741,49,1231.673469,2464.081633,5006,1275,2020,5006,1275,2020,3090,241.3168285,1741.986408,2399,1178.393914,1337.999583,327580,280.3567953,1478.336748,2487,214.9107358,1790.449136,3046,239.2892318,1745.605384
d43_40_G05_1_4_S,glasshouse_b2,Hartog,T1,R4,S,20594,2346,3487,55,2212.563636,4308.309091,53340,1608,3803,58089,1620,3707,17269,2338.399792,3546.485378,22528,1982.42112,4366.347257,462495,2484.308455,2931.010465,23868,1673.146682,1055.419977,17280,2338.585127,3545.237269
d31_47_G06_1_3_S,glasshouse_b2,3811,T1,R3,S,5742,1459,2228,79,1294.126582,3219.658228,18918,1493,2794,19208,1484,2758,5690,1445.130404,2224.975395,9809,1374.549699,2514.477011,560730,1490.054748,1783.180302,8444,1502.024159,1856.282568,5649,1445.049743,2228.78775
d17_47_G06_1_3_S,glasshouse_b1,3811,T1,R3,S,6702,1428,2126,75,1548.946667,968.3466667,9295,1438,2252,9676,1452,1624,6702,1428.276932,2125.542077,4637,1295.467328,2423.650205,365516,1457.426933,1610.047546,6162,1285.332197,1655.64492,6653,1428.124305,2129.026154
d17_23_G03_1_3_T,glasshouse_b1,CALINGIRI,T1,R3,T,10695,1457,2363,61,1535.786885,2742.754098,12467,1434,1904,11621,1437,1893,10695,1498.822253,2351.028612,5289,670.4811874,1989.24447,368330,1458.096794,1580.767054,5065,666.8238894,2012.823692,10839,1498.969554,2338.707076
d33_16_G02_1_4_T,glasshouse_b1,5489,T1,R4,T,10256,1908,3163,63,2228.904762,1853.777778,23882,1972,3391,31343,2181,2868,10256,1994.795924,3162.772523,10888,2040.731172,2942.601029,595480,2022.903475,2566.402553,21651,2180.215233,3283.007898,10256,1994.795924,3162.772523
d05_36_G05_0_4_S,glasshouse_b1,Hartog,T0,R4,S,2017,1419,841,61,1057.52459,821.9344262,3920,1399,894,3816,1398,901,2017,1419.858205,841.062469,1790,1063.997765,803.2206704,166030,1447.218768,220.9517557,2255,1551.516186,278.5587583,2017,1419.858205,841.062469
d45_25_G04_0_1_S,glasshouse_b1,Forrest,T0,R1,S,6432,707,3121,88,1450.227273,763.0227273,31940,878,4095,31401,1317,2296,6432,711.2361629,3122.758085,16797,792.4999702,4294.980592,407871,861.491626,2855.229565,20603,1398.421492,776.0514003,4585,975.931952,3025.467176
d43_29_G04_1_1_S,glasshouse_b2,Forrest,T1,R1,S,3771,2214,3664,54,846.0555556,3970.055556,21200,998,3324,23158,1056,3211,3771,2210.827102,3663.664545,7468,858.7915104,4231.539502,393776,873.7079685,3328.153303,4919,2250.06607,3593.399878,3656,871.8142779,4591.244256
d35_07_G01_1_3_T,glasshouse_b2,Gladius,T1,R3,T,14311,1457,2575,59,1627.135593,1569.305085,30510,1588,1204,31311,1460,2569,13935,1347.176893,2088.229709,17705,1599.842417,1482.196385,535350,1427.696399,2464.691155,13483,1330.609953,2476.723281,9749,1499.61832,2725.05857
d17_22_G03_1_2_T,glasshouse_b1,CALINGIRI,T1,R2,T,9595,2060,2265,50,1848.38,2071.94,12921,1732,1798,17650,2024,2198,9595,2066.634184,2260.874101,6039,1896.264282,2240.651929,466626,1997.586532,1776.289525,8358,1880.729481,1957.99653,7535,1769.97359,2226.175182
d45_35_G05_0_3_S,glasshouse_b1,Hartog,T0,R3,S,16380,1443,4230,49,1690.102041,4632.469388,51684,1095,3927,52281,1095,3927,12024,1509.007651,4398.400033,23447,1200.590992,3351.385593,345176,1457.498627,3970.550038,36975,1791.791995,791.2670453,11916,1508.397617,4398.565626
d35_45_G06_1_1_S,glasshouse_b2,3811,T1,R1,S,8904,787,2403,77,1254.74026,2188.454545,34581,1232,2112,38008,1231,2197,6720,1713.643006,4560.154762,19519,1192.256827,1791.671448,391877,857.144895,1526.265994,20388,1186.221944,1816.83142,6720,1713.643006,4560.154762
d13_08_G01_1_4_T,glasshouse_b1,Gladius,T1,R4,T,15543,1875,1550,73,1785.205479,948.4931507,12043,1885,1192,11951,1885,1192,15543,1922.501641,1559.831114,6762,1833.369269,1444.708814,558017,1604.174937,745.607693,5244,1630.948703,518.914569,21715,1862.584435,1295.323647
d37_03_G01_0_3_T,glasshouse_b1,Gladius,T0,R3,T,13579,1532,3291,63,1893.777778,999.9365079,35136,1556,4055,36607,1553,3965,13579,1482.782385,3303.33677,18130,1660.469277,1942.704799,531432,1440.700302,2701.458612,23674,1785.244319,1092.75095,14323,1360.15723,1679.568387
d3_T023_08.10.23,field,3811,na,R8,S,41189,570,3769,57,1228.052632,5884.719298,249107,1071,4869,298459,899,4569,37804,564.0971061,3770.404137,139185,1086.178791,4225.859633,405852,870.1320752,3767.321484,203272,1039.714742,3794.580975,36510,564.4225418,3777.906409
d49_34_G05_0_2_S,glasshouse_b2,Hartog,T0,R2,S,21825,1518,698,75,1596.173333,1264.106667,93593,1684,1107,121146,1533,2892,23250,1893.080903,878.7110538,68093,1643.046686,821.6335747,401463,1466.134747,351.8010377,70897,1633.384995,848.1807693,20421,1530.681798,694.8309583
d5_T024_21.10.23,field,3811,na,R9,S,31493,1143,3751,54,405.3333333,3014.666667,207910,971,2138,212871,972,2139,29110,1135.04641,3743.903195,94259,1235.65303,3720.45758,467771,896.5983013,3157.428797,85198,1162.01986,3788.36711,18554,1084.924814,3707.397219
d31_07_G01_1_3_T,glasshouse_b2,Gladius,T1,R3,T,14307,1317,2066,61,1711.606557,711.3934426,26248,1597,1211,33278,1477,2248,14307,1366.010484,2081.873768,14249,1715.788055,1460.07018,664349,1765.001851,2021.990687,8714,1837.604774,1260.85529,9339,1432.263733,2718.04176
d07_36_G05_0_4_S,glasshouse_b2,Hartog,T0,R4,S,3529,1452,710,64,1427.28125,793.1875,9206,1507,421,8819,1511,410,3529,1445.873335,706.488807,6362,1409.275228,317.7236718,348631,1452.877851,777.9450795,3216,1286.266791,335.1968284,2663,1430.883965,780.1430717
d07_39_G05_1_3_S,glasshouse_b2,Hartog,T1,R3,S,1971,1768,962,57,1713.245614,609.0701754,3489,1703,460,5460,1723,653,1971,1768.091324,962.1577879,1971,1768.091324,962.1577879,334488,2026.359143,881.6724427,1971,1768.091324,962.1577879,1971,1768.091324,962.1577879
d49_18_G03_0_2_T,glasshouse_b2,CALINGIRI,T0,R2,T,24662,1176,2414,54,1058.722222,2481.203704,81222,1380,1579,75516,1228,1648,24662,1198.117428,2422.33282,38361,1035.945465,2277.261776,367734,1459.862833,2045.677658,32641,1554.621703,994.2827426,15419,2628.202023,3224.505934
d29_14_G02_1_2_T,glasshouse_b1,5489,T1,R2,T,13224,2345,3022,65,2210.907692,2366.215385,18028,2149,2409,18093,2149,2409,12111,2344.853191,3121.158286,7880,2103.156599,2721.620939,622459,2119.048954,2095.824106,9060,2188.860817,3022.430684,13686,2075.262823,2240.356423
d13_32_G04_1_4_S,glasshouse_b1,Forrest,T1,R4,S,2283,1356,726,64,1535.078125,376.40625,3871,1417,596,3871,1417,596,2283,1354.249233,725.0477442,1266,1395.916272,640.3246445,311226,1452.226205,284.7189631,1261,1388.180809,653.88977,2283,1354.249233,725.0477442
d4_T008_14.10.23,field,3811,na,R4,S,32998,1351,6442,72,902.8194444,4313.388889,171403,984,3000,222140,1014,3424,20270,1269.087469,6298.815935,87907,765.5660869,3292.177551,432594,918.4576809,5994.780117,92556,995.3086024,2813.138003,19702,1275.134453,6303.288143
d13_39_G05_1_3_S,glasshouse_b1,Hartog,T1,R3,S,2055,1035,1775,63,1770.873016,1736.52381,4525,1814,1540,4525,1814,1540,2055,1034.817518,1773.981509,2320,1765.189655,1747.486638,323878,877.0542673,2048.351305,2324,1783.923408,1061.288296,2324,1783.923408,1061.288296
d05_44_G06_0_4_S,glasshouse_b1,3811,T0,R4,S,2532,1688,404,55,1478.272727,147.6363636,4434,1694,418,4434,1694,418,2532,1687.733017,403.6176935,1558,1659.476893,300.6752246,258760,1466.318608,253.8361377,2820,1665.136525,307.8471631,1968,1699.794207,437.3714431
d6_T006_28.10.23,field,3811,na,R3,S,47052,970,5876,63,1493.095238,6112.492063,223468,1219,5330,275730,1110,2760,42140,996.7602515,5868.883507,125092,1339.212148,5935.446855,833676,1082.261943,5644.84333,180834,1257.257031,5608.672567,35241,1768.768707,6020.12826
d07_12_G02_0_4_T,glasshouse_b2,5489,T0,R4,T,4787,1836,411,76,1563.855263,246.1842105,10672,1562,435,10205,1559,822,4787,1820.450595,425.56737,5373,1568.557231,284.048204,343442,2036.95431,292.930457,5223,1549.364733,284.6586253,4787,1820.450595,425.56737
d15_39_G05_1_3_S,glasshouse_b2,Hartog,T1,R3,S,3549,1009,1990,53,1772.245283,923.1320755,7603,992,2148,8578,1001,2027,3549,1012.399267,1990.475909,4188,1714.120344,974.1174785,310971,886.8292638,2069.325667,3114,1747.013809,1937.998073,3549,1012.399267,1990.475909
d43_46_G06_1_2_S,glasshouse_b2,3811,T1,R2,S,12419,1428,3948,54,1372.944444,1936.592593,42799,1475,3825,48227,1609,3555,12419,1497.711732,3966.619132,23119,1205.44258,4302.063671,511649,1391.13546,3488.28251,23357,1208.826776,4295.732543,11405,1502.431565,3911.463656
d19_01_G01_0_1_T,glasshouse_b2,Gladius,T0,R1,T,9656,863,2475,61,2404.131148,2909.590164,23951,2303,2737,33503,2000,2053,9656,903.0259942,2465.887635,13104,2366.250763,2919.038996,286505,1053.074637,2069.231884,17515,2326.318127,2750.058807,9656,903.0259942,2465.887635
d43_11_G02_0_3_T,glasshouse_b2,5489,T0,R3,T,21808,1550,3899,53,2804,4021.962264,47010,1676,3715,46354,1676,3715,12522,1458.526992,4133.058617,19329,1391.865901,2676.425475,508499,1960.315397,3828.700186,14333,2871.365241,3232.154399,9066,1413.694573,4258.544452
d45_30_G04_1_2_S,glasshouse_b1,Forrest,T1,R2,S,2089,1004,3781,57,1388.789474,596.5614035,11614,1022,3245,11745,1024,3237,2089,1004.786979,3781.117281,7538,950.2301672,3410.909658,356020,868.4932953,3628.353831,7383,867.0487607,2139.920764,1916,1025.185804,3145.940501
d6_T023_28.10.23,field,3811,na,R8,S,57832,550,3788,75,1349.573333,3200.84,273628,1009,4854,330013,919,4546,56250,550.59888,3791.369973,145651,1013.436763,4296.285381,505549,368.5506529,3479.965695,253718,950.5139998,3737.651657,54738,553.1717819,3792.748803
d21_16_G02_1_4_T,glasshouse_b1,5489,T1,R4,T,5385,2350,2020,54,533.0925926,2702.907407,18069,2037,2372,18069,2037,2372,5385,2333.834355,2023.793129,5615,2003.819947,2897.615494,387932,2038.540329,1597.573696,8347,2034.57302,2790.934467,6157,2320.943804,1959.336203
d09_08_G01_1_4_T,glasshouse_b1,Gladius,T1,R4,T,12808,1899,1107,62,1614.935484,340.2580645,9191,1756,868,9186,1899,1388,12808,1875.78654,1110.023891,4477,1798.776636,768.6028591,486129,1575.734924,513.8044367,6630,1636.695023,429.8683258,17079,1827.981498,941.7433105
d37_36_G05_0_4_S,glasshouse_b1,Hartog,T0,R4,S,9122,732,4528,73,735.1369863,2822.369863,32105,1071,2359,31957,1075,2542,8333,743.5814233,4488.100684,17141,683.2628201,3116.155125,487187,851.3947355,3855.007408,21170,696.6666037,2989.435805,8247,743.849036,4483.939857
d41_11_G02_0_3_T,glasshouse_b1,5489,T0,R3,T,12197,1464,4117,51,1555.666667,2806.45098,28413,1915,2665,30300,1920,2731,8759,1416.021121,4248.15447,11922,1471.466029,2439.755913,352216,1460.162906,2177.253188,12347,1424.568964,4300.233012,8757,1416.06943,4247.861482
d21_41_G06_0_1_S,glasshouse_b1,3811,T0,R1,S,6968,1440,3420,61,1366.327869,2303.983607,20338,1560,1965,22636,1358,2748,6968,1434.453358,3420.541332,9947,1449.458932,1856.372575,355373,1454.385088,1594.920264,10125,1346.792198,2722.177877,6968,1434.453358,3420.541332
d17_12_G02_0_4_T,glasshouse_b1,5489,T0,R4,T,10397,1889,2432,54,1567.888889,854.8703704,15028,1107,1716,15738,1104,1722,10397,1876.555641,2435.420314,7225,2084.816471,2740.934533,434107,1408.326274,2037.835262,8700,1356.05069,1166.98908,11600,1139.148793,1778.0275
d49_46_G06_1_2_S,glasshouse_b2,3811,T1,R2,S,13373,1410,4040,58,1364.086207,4491.965517,70883,1435,3918,78131,1527,3715,11931,1504.241975,4040.296371,34743,1161.589903,4439.638258,375286,1841.383086,875.5771492,32769,1169.152858,4484.214868,7443,1787.116754,711.794169
d4_T017_14.10.23,field,Gladius,na,R6,T,19724,1310,4897,68,1446.441176,5243.441176,176472,1247,4994,187773,1241,4907,12108,1323.96366,5109.286835,87854,1134.087213,4617.829342,393739,1211.513757,2491.714872,77504,1576.033211,3642.163746,12065,1323.983589,5109.393121
d4_T019_14.10.23,field,Gladius,na,R7,T,166513,516,4970,67,699.1044776,3452.820896,343912,1019,5311,326714,1037,5431,109165,486.6492832,4929.751193,172629,899.2654073,4080.879424,741562,1336.589988,3603.486305,168679,1023.768809,3965.391139,101486,481.9085884,4998.35663
d49_04_G01_0_4_T,glasshouse_b2,Gladius,T0,R4,T,25028,2073,3666,116,1139.293103,4985.137931,86313,1614,1548,93347,1638,1639,25020,2107.798881,3645.321503,44721,1653.929787,4387.207062,403061,1460.42305,366.1528677,41032,1583.846315,915.9153831,17225,2101.723135,3603.678433
d45_43_G06_0_3_S,glasshouse_b1,3811,T0,R3,S,25678,667,3883,48,1820.729167,4017.5625,70504,1681,4238,68342,1327,2660,25678,737.1615391,3862.939949,36927,1997.684486,4228.12977,475889,1976.291244,3118.417881,37379,2000.344552,4216.953102,24732,735.4022724,3864.440725
d31_19_G03_0_3_T,glasshouse_b2,CALINGIRI,T0,R3,T,10188,1461,3190,60,1631.833333,3570.766667,42005,1463,1749,42510,1461,1762,10188,1446.610326,3190.329505,20041,1158.374432,2147.777656,368903,1451.293863,1387.091287,14168,878.2801383,2491.210757,10188,1446.610326,3190.329505
d07_32_G04_1_4_S,glasshouse_b2,Forrest,T1,R4,S,3016,1477,310,70,1520.628571,269.0142857,3397,1481,293,2787,1360,625,2130,1331.546009,685.5788732,1958,1519.138407,268.9167518,309246,1451.717707,282.4755114,1151,1365.280626,611.9339705,2102,1332.733111,683.4400571
d49_16_G02_1_4_T,glasshouse_b2,5489,T1,R4,T,11976,1439,579,61,2324.098361,4281.262295,90339,1846,3790,117945,1927,3298,11473,2033.412447,3312.988669,43794,2333.71455,4134.923688,371408,1454.751939,320.6735154,44272,2334.310083,4122.187816,7894,1453.809222,596.5741069
d09_45_G06_1_1_S,glasshouse_b1,3811,T1,R1,S,3762,1545,1229,48,1645.958333,429.9375,4894,1552,1240,5586,1538,1150,3762,1541.053695,1229.153907,2340,1012.323077,714.2209402,319380,1460.951271,1447.64928,2386,1010.704946,716.0611903,3762,1541.053695,1229.153907
d6_T005_28.10.23,field,3811,na,R2,S,28684,1840,4938,69,1850.086957,4248.971014,182693,1316,5347,160216,1589,5294,25456,1848.660002,4901.384035,81690,1787.849308,4895.135378,457127,1527.634393,4835.038685,80269,1783.988576,4963.848161,19167,1923.512913,4881.453175
d41_47_G06_1_3_S,glasshouse_b1,3811,T1,R3,S,4181,994,3356,62,1544.693548,2494.887097,22155,1661,2345,21636,1284,3375,3950,2028.428101,2105.051899,10973,1284.522464,3373.697895,363696,1452.060105,2141.488708,12043,1529.431288,764.2646351,3950,2028.428101,2105.051899
d25_04_G01_0_4_T,glasshouse_b1,Gladius,T0,R4,T,18865,2074,3231,60,1595.083333,640.85,26664,2062,3694,26871,1751,2212,18865,2029.625073,3231.000318,15348,2046.628681,4029.351903,381000,1975.416591,3510.191696,20475,1605.336752,890.9830525,18422,2037.535121,3253.878243
d45_34_G05_0_2_S,glasshouse_b1,Hartog,T0,R2,S,13740,1063,4354,96,1603.09375,846.2604167,58990,1366,3508,82448,1552,3118,12490,1069.630825,4349.705845,31747,1631.001732,1299.454563,433205,1389.650627,3725.892263,62332,1670.902089,875.5153854,12446,1068.890487,4351.723204
d13_17_G03_0_1_T,glasshouse_b1,CALINGIRI,T0,R1,T,5552,1216,1062,62,1538.870968,451.1129032,16817,1587,1071,16566,1588,1066,5552,1229.822767,1072.714878,7669,1433.325727,958.1011866,436937,1437.662132,414.8391072,11378,1395.739409,1078.334242,7846,2134.240632,862.9871272
d41_21_G03_1_1_T,glasshouse_b1,CALINGIRI,T1,R1,T,35095,1848,3716,61,1686.131148,3648.918033,31562,1756,4324,32300,1754,4307,31066,1786.412895,3761.57851,12727,1805.415023,4756.914827,536345,1552.248267,3892.541789,17660,1773.968573,4642.358834,28602,1814.272883,3629.913712
d43_30_G04_1_2_S,glasshouse_b2,Forrest,T1,R2,S,2560,1495,585,62,934.2903226,3406.741935,16275,1011,3000,15329,950,1746,2025,999.3101235,3148.382716,8746,1084.407615,3306.520466,345973,1317.343579,3204.56753,6539,906.2189937,3309.102309,2025,999.3101235,3148.382716
d29_27_G04_0_3_S,glasshouse_b1,Forrest,T0,R3,S,11490,759,3200,61,1462.295082,723.6885246,23608,735,2761,23608,735,2761,11490,830.8697128,3157.075631,9831,704.0462822,2954.315736,433394,855.2233557,2255.284632,11876,788.2121927,2247.948973,7740,860.5232558,3487.421189
d4_T015_14.10.23,field,3811,na,R6,S,13057,415,871,61,670.3442623,5583.606557,188436,1030,5043,186976,1046,5066,13057,413.0346174,868.6758061,103898,788.156644,5806.045795,427081,242.324353,463.5485119,77033,522.7320629,5267.744837,12003,405.4935433,6558.019745
d07_38_G05_1_2_S,glasshouse_b2,Hartog,T1,R2,S,3310,1411,476,72,1448.375,340.5833333,4736,1388,528,6069,1297,644,3310,1394.982175,469.6610272,1751,1444.856082,354.8463735,305765,1440.87595,286.3247527,2552,1425.373433,414.0336991,3227,1398.884103,463.3969631
d31_15_G02_1_3_T,glasshouse_b2,5489,T1,R3,T,14993,993,2943,60,1574.183333,3602.933333,30179,1215,3346,31750,1205,3309,14993,1076.604215,2924.86387,14198,1530.554726,3747.469503,634865,1232.449485,2362.565797,11475,919.8115033,2952.63329,10909,1140.910808,3226.009992
d09_06_G01_1_2_T,glasshouse_b1,Gladius,T1,R2,T,7537,1582,1239,59,1670.830508,954.779661,9903,1623,893,10219,1607,1363,7537,1592.301579,1235.381452,4716,1714.686175,813.3131891,458680,1813.300608,963.1533357,5010,1725.763473,688.4728543,8123,1597.338299,1188.069679
d27_35_G05_0_3_S,glasshouse_b2,Hartog,T0,R3,S,4075,1304,4138,63,1063.809524,2131.952381,19844,1168,3199,22026,1168,3198,4075,1344.465521,4131.401472,11035,897.0340734,2994.440507,409466,1009.859046,900.274306,8261,1512.267159,693.0070209,3864,968.2968427,2219.999482
d37_41_G06_0_1_S,glasshouse_b1,3811,T0,R1,S,6162,1179,3881,54,1279.407407,3571.407407,34004,1306,3630,48682,1364,3230,6162,1180.258033,3881.655307,24452,1247.110502,3786.992311,498388,1373.468787,3467.039523,29190,1285.187496,3717.342412,6162,1180.258033,3881.655307
d17_20_G03_0_4_T,glasshouse_b1,CALINGIRI,T0,R4,T,21413,1815,2530,55,1579.6,996.1818182,17458,1717,1994,17171,1788,3005,21413,1841.435763,2525.203241,7859,1852.927217,2543.600713,743342,1477.393224,2134.668398,12139,1825.77321,2975.508856,18442,1846.453042,2361.694881
d17_10_G02_0_1_T,glasshouse_b1,5489,T0,R2,T,15304,2174,1713,54,1899.648148,1408.37037,15381,2026,1363,16054,2036,1379,8226,1953.806954,1817.751155,6875,2241.752582,2135.237818,479588,1684.710906,1598.067604,8761,2258.275768,2237.478028,8226,1953.806954,1817.751155
d49_40_G05_1_4_S,glasshouse_b2,Hartog,T1,R4,S,24427,2324,3736,60,2095.75,1216.216667,70075,1622,3809,98400,1681,3291,18506,2361.356479,3497.941046,44057,1563.976576,958.4198425,383049,1452.318774,333.4165342,44177,1572.944451,959.0836408,13275,2321.969266,3736.895367
d09_24_G03_1_4_T,glasshouse_b1,CALINGIRI,T1,R4,T,4300,2114,1109,62,1672.225806,356.2258065,10675,1396,1167,8686,1067,1139,4300,2113.500698,1109.329302,4606,1255.603561,1432.779418,355026,2040.709413,871.9154372,5736,1576.669282,367.7937587,4300,2113.500698,1109.329302
d27_01_G01_0_1_T,glasshouse_b2,Gladius,T0,R1,T,11158,918,2649,60,2434.45,2370.6,33814,2185,3260,39201,2333,2953,9759,913.1165078,2544.280971,20732,2377.914094,2336.290806,398368,995.4733814,2262.857735,15843,2209.12485,2309.550401,9758,913.0983808,2544.210904
d41_33_G05_0_1_S,glasshouse_b1,Hartog,T0,R1,S,5528,1346,3674,55,1220.545455,1198.436364,34183,1993,2884,41951,1707,2695,5444,1988.420096,2709.808229,15307,1429.216698,2430.025805,347645,1439.774624,3209.785649,22062,1464.951772,690.3050494,5470,1334.315905,573.6124314
d11_25_G04_0_1_S,glasshouse_b2,Forrest,T0,R1,S,3551,1533,1460,89,1342.404494,436.3258427,7676,1261,604,7827,1259,609,3551,1547.410025,1456.699803,3848,1334.017931,453.4475052,341452,1456.938665,1448.089969,2712,1368.124263,406.5427729,3551,1547.410025,1456.699803
d49_02_G01_0_2_T,glasshouse_b2,Gladius,T0,R2,T,8700,1876,3602,72,2156.333333,3343.402778,64149,1773,3792,61901,1772,3811,8700,1817.967126,3599.017931,25870,1429.386007,4243.944376,397353,1077.275229,2650.027542,29162,1622.275393,4298.385262,8353,1825.550581,3577.082246
d31_22_G03_1_2_T,glasshouse_b2,CALINGIRI,T1,R2,T,11100,1177,2684,58,1884.155172,1959.758621,26839,1756,1836,27206,1768,1868,9889,1140.193548,2577.500556,12873,1749.239571,3338.228074,349862,2018.400244,1584.287293,10850,2201.116037,4051.660829,9890,1140.208291,2577.588979
d09_42_G06_0_2_S,glasshouse_b1,3811,T0,R2,S,2679,1139,991,63,1453.396825,288.4603175,6107,1138,900,6780,1150,855,2679,1137.169839,988.9051885,2824,1170.086756,864.6607649,365899,858.3971697,864.5682552,3536,1158.103224,904.6730769,2147,1336.128086,606.7102934
d37_43_G06_0_3_S,glasshouse_b1,3811,T0,R3,S,24938,664,3883,58,871.3793103,3091.017241,45324,1786,4191,48315,1788,3494,24938,738.5583848,3863.498516,22704,690.282241,4190.239605,635508,863.5037057,3118.754979,25675,691.0006621,4086.078793,24647,737.0764799,3863.649531
d45_05_G01_1_1_T,glasshouse_b1,Gladius,T1,R1,T,11632,1406,4083,47,1153.042553,3526.170213,44837,1644,2463,44468,1360,3987,8465,1427.575074,4234.00886,23762,1128.49777,4149.196154,395160,1085.307124,2631.900208,49289,1150.792144,3230.816308,6738,1407.501039,4098.081033
d5_T012_21.10.23,field,Gladius,na,R5,T,82748,998,5738,72,979.9027778,5960.777778,209785,1111,5627,213605,1147,5602,40088,985.2994163,5934.176237,106616,1124.511415,6228.378151,958991,624.6013466,5904.736086,116570,1086.366055,6168.362083,37358,1001.616414,5935.684244
d19_48_G06_1_4_S,glasshouse_b2,3811,T1,R4,S,8410,565,2013,46,1372.152174,1066.195652,19481,1166,2430,20848,1165,2388,8410,632.0565993,2018.505232,7793,1556.275504,943.3382523,402232,1422.207594,1012.05862,5665,1480.281553,791.4026478,8410,632.0565993,2018.505232
d31_02_G01_0_2_T,glasshouse_b2,Gladius,T0,R2,T,12750,1727,3866,61,1645.295082,4254.032787,40919,1711,3661,40061,1711,3661,12750,1734.119059,3870.520078,18015,1750.969969,3022.339328,417349,1639.680965,3268.593971,19375,1892.683665,3678.104671,9028,1796.619185,3596.641892
d31_04_G01_0_4_T,glasshouse_b2,Gladius,T0,R4,T,20382,2056,3475,65,1573.369231,989.1846154,42458,1623,1395,44978,2036,3556,20382,2032.633451,3463.707144,24339,1614.882082,953.2806607,376985,1862.883168,892.6189371,26899,1630.516413,1008.216216,17622,2077.227102,3649.285325
d5_T006_21.10.23,field,3811,na,R3,S,56942,584,5887,59,1082.186441,6365.440678,233763,1049,5385,281153,1205,2589,40461,1410.500754,5987.956526,130650,996.5926215,5996.8969,678728,1011.7169,5638.867713,157283,945.2529199,5834.967403,39080,1420.247467,5976.712231
d19_37_G05_1_1_S,glasshouse_b2,Hartog,T1,R1,S,5006,2358,2537,67,1012.208955,1983.641791,11545,1079,1895,11545,1079,1895,5006,2372.955653,2536.554734,5901,996.7691917,2074.386884,215079,2583.506553,2615.559985,4795,976.1566215,2156.879041,4993,2372.925696,2535.447026
d6_T011_28.10.23,field,Gladius,na,R4,T,101466,1348,5812,76,1415.855263,5683.657895,280033,1107,5674,265954,1080,5698,84045,1309.421976,5867.373633,115226,1164.401897,4807.259811,575118,1426.733189,5127.303686,210367,1194.918462,5936.681404,81123,1311.118388,5870.678316
d41_34_G05_0_2_S,glasshouse_b1,Hartog,T0,R2,S,7883,1115,3766,72,1713.583333,776.2222222,50219,1415,3238,61074,1479,3061,7883,1104.478498,3760.313713,25130,1591.416554,1246.686868,406869,1937.213285,982.070755,43361,1693.204562,765.6823182,11062,1814.492045,644.5116615
d41_43_G06_0_3_S,glasshouse_b1,3811,T0,R3,S,25424,662,3889,49,1957.530612,3758.632653,53449,1341,2599,53878,1276,3929,24908,728.1077967,3858.098482,25048,680.4954887,4233.660891,598661,523.5425558,3409.667692,27045,697.861712,4169.510704,24784,727.9758715,3857.200371
d15_44_G06_0_4_S,glasshouse_b2,3811,T0,R4,S,9615,1081,1651,61,2175.409836,2048.622951,23496,1287,1590,24607,1287,1590,9615,1104.531981,1666.058554,12818,1723.78343,613.6110158,664928,1283.939547,1134.35194,11949,1705.702653,581.7894384,9561,1103.487292,1668.522958
d13_41_G06_0_1_S,glasshouse_b1,3811,T0,R1,S,5691,1517,1821,56,1506.5,1270.357143,11705,1409,1809,12471,1421,1753,5691,1514.499385,1820.622738,6296,1406.695203,1702.780654,511150,1791.962796,1618.398728,4036,1636.047324,292.7601586,5691,1514.499385,1820.622738
d05_22_G03_1_2_T,glasshouse_b1,CALINGIRI,T1,R2,T,846,1789,812,93,1600.903226,401.6236559,2383,1540,554,1929,1563,505,846,1789.463357,811.8356974,1071,1572.538749,499.952381,322591,1459.559293,287.8453863,1243,1606.536605,373.3604183,846,1789.463357,811.8356974
d09_36_G05_0_4_S,glasshouse_b1,Hartog,T0,R4,S,4027,1198,1541,64,2290.21875,1058.984375,12171,1317,1153,14166,1340,1093,4027,1206.00894,1544.262478,5230,1353.358126,642.110325,352173,886.1396189,1476.932593,6788,1437.439452,308.1984384,3803,1199.980542,1561.648961
d25_11_G02_0_3_T,glasshouse_b1,5489,T0,R3,T,7245,1600,3235,61,1538.901639,664.5081967,20702,2514,2244,20382,1470,2330,7245,1596.136922,3234.583989,9255,1530.520583,2993.210373,378587,1452.934369,2208.475257,8875,1607.64507,703.4357183,6826,2638.196015,2476.627454
d2_T015_02.10.23,field,3811,na,R6,S,29716,1943,610,58,1955.293103,624.2931034,184947,1162,4952,190417,1183,4833,29714,2017.144713,597.6659487,102177,1422.534024,3335.725026,450586,2007.04863,437.0111965,74516,1832.938993,713.9551237,27057,2026.252024,587.5751562
d15_36_G05_0_4_S,glasshouse_b2,Hartog,T0,R4,S,4828,1165,1759,58,2430.137931,1434.810345,19215,1409,1177,24206,1213,1652,4828,1179.597142,1763.844242,9323,1116.583181,1592.214738,371302,873.3351342,1506.078262,6616,1264.227025,922.6139661,4828,1179.597142,1763.844242
d27_13_G02_1_1_T,glasshouse_b2,5489,T1,R1,T,10240,1743,1738,66,1548.818182,1891.363636,19594,1780,2422,19674,1805,2360,10240,1732.048145,1739.936035,10212,1587.87593,2699.172836,427221,1512.2987,1096.16932,7404,1740.932334,951.0756348,10240,1732.048145,1739.936035
d11_11_G02_0_3_T,glasshouse_b2,5489,T0,R3,T,6742,2254,1276,63,1487.968254,2198.285714,12832,1506,833,16222,1503,1449,6742,2238.37437,1285.131563,7173,1460.644082,2108.692318,376941,2067.313946,952.5879806,6200,1377.916613,2022.059677,6570,2246.868645,1297.229528
d49_15_G02_1_3_T,glasshouse_b2,5489,T1,R3,T,11354,970,2688,122,1412.377049,4429.204918,83581,1370,4088,73526,1375,4196,11354,1007.259556,2688.286771,59196,1401.291979,4388.543787,394581,1442.707718,4000.066007,62901,1377.781927,4351.993212,9573,1200.817821,4288.414499
d37_48_G06_1_4_S,glasshouse_b1,3811,T1,R4,S,19230,1455,3236,60,1778.1,4545.05,26364,1283,2946,22531,1658,4030,19230,1472.321529,3242.745346,10761,1450.316327,2688.307778,528971,1426.010488,2576.671182,9529,1428.952041,3201.656312,15942,1424.57314,3084.61178
d05_18_G03_0_2_T,glasshouse_b1,CALINGIRI,T0,R2,T,3163,1310,828,71,1496.71831,266.4507042,4372,1433,397,3976,1434,378,3163,1311.548214,827.7594056,2354,1376.849618,374.1418862,528216,1090.365593,268.2523002,2078,1494.445621,272.172281,3163,1311.548214,827.7594056
d43_17_G03_0_1_T,glasshouse_b2,CALINGIRI,T0,R1,T,17598,1358,3865,55,1052.181818,1821.127273,90217,1604,1396,89228,1596,1413,17598,1358.188374,3864.545403,51454,1849.145625,999.0920822,330680,1524.199894,961.1971574,47627,1883.902072,969.6372226,9888,1717.153519,693.493123
d09_48_G06_1_4_S,glasshouse_b1,3811,T1,R4,S,3889,1364,1130,51,1583.176471,275.0784314,5830,1383,1076,8338,1502,696,3889,1360.540756,1130.065312,2978,1427.891874,530.4516454,351579,1457.143097,777.1903754,5885,1670.847239,309.4509771,3889,1360.540756,1130.065312
d05_10_G02_0_1_T,glasshouse_b1,5489,T0,R2,T,2402,1781,451,59,1850.694915,328.2881356,5654,1774,382,6361,1778,444,2402,1781.380516,451.407577,3515,1829.221906,439.7357041,391994,1632.678345,268.8288545,4819,1799.043162,271.5932766,3225,1777.063876,388.2905426
d41_20_G03_0_4_T,glasshouse_b1,CALINGIRI,T0,R4,T,17370,1816,2394,53,2227.792453,1551.566038,55615,1777,2251,56588,1781,2267,17370,1882.589062,2393.213356,29195,1294.709642,4339.294091,606562,1556.68943,3561.625033,44832,1532.950526,1104.968148,18134,1883.118838,2350.259733
d6_T015_28.10.23,field,3811,na,R6,S,17223,397,6404,57,663.3508772,2373.561404,199842,951,5065,204159,930,5010,14902,439.2576164,6461.555697,115021,819.7495414,5756.450153,514316,310.2028694,460.051585,84735,577.4620405,5245.650971,11709,447.6568452,269.1480058
d21_26_G04_0_2_S,glasshouse_b1,Forrest,T0,R2,S,7106,1404,3080,68,1227,2719.720588,11369,1407,2242,10894,1414,2304,5588,1434.860236,3209.1233,5279,950.4228073,2527.527373,354853,1338.163149,2642.345785,3426,1376.870695,2105.969936,5183,951.1302335,2535.262589
d45_21_G03_1_1_T,glasshouse_b1,CALINGIRI,T1,R1,T,35544,1864,3723,61,1767.672131,4532.344262,36284,1785,4254,36728,1788,4247,31116,1801.954236,3729.496561,14243,1686.661378,3473.619532,548314,1560.817338,3888.213991,27604,1634.293327,2631.354188,28530,1798.466947,3853.369891
d05_35_G05_0_3_S,glasshouse_b1,Hartog,T0,R3,S,2164,1865,615,59,1496,678.9322034,3385,1513,518,3385,1513,518,2164,1865.376617,614.6742144,1703,1495.964768,390.7116853,275706,1464.248355,266.0145409,1398,1609.459943,205.2281831,1989,1511.564605,567.5741579
d09_31_G04_1_3_S,glasshouse_b1,Forrest,T1,R3,S,1368,1401,1178,54,1627.518519,263,4095,1630,470,4095,1630,470,1368,1401.763889,1179.391082,1447,1594.309606,275.1188666,279859,1461.513037,268.8832198,2264,1500.293728,213.6333922,1368,1401.763889,1179.391082
d17_48_G06_1_4_S,glasshouse_b1,3811,T1,R4,S,9457,1225,2158,66,1510.984848,743.969697,12253,1222,1815,12689,1222,1815,9457,1225.311621,2157.899122,7361,1370.406195,2595.406331,366466,863.3310348,1490.016545,5392,1509.299703,750.6287092,6837,649.3666813,1921.696504
d45_23_G03_1_3_T,glasshouse_b1,CALINGIRI,T1,R3,T,14721,1595,3186,58,1719.948276,4439.396552,34059,1578,2714,34262,1578,2714,14721,1553.714625,3188.878405,14672,1852.2241,4522.010701,637331,1997.545963,3527.330389,20202,1315.381051,2879.102267,11318,2065.959357,4141.840696
d33_30_G04_1_2_S,glasshouse_b1,Forrest,T1,R2,S,2439,695,2262,85,753.9647059,2290.729412,7916,769,2428,7916,769,2428,2439,699.7913079,2262.419434,4141,728.9942043,2393.191983,376565,871.2527319,2479.815756,5557,742.7907144,2328.586647,2221,690.4678073,2280.058082
d27_31_G04_1_3_S,glasshouse_b2,Forrest,T1,R3,S,3286,677,3092,70,616.8285714,1989.971429,12637,774,2502,17273,997,2050,3286,676.7693244,3092.262325,5534,711.865197,2178.928623,360005,1321.919121,2055.497946,3352,854.577864,2249.560263,3286,676.7693244,3092.262325
d25_29_G04_1_1_S,glasshouse_b1,Forrest,T1,R1,S,2756,228,1786,56,1224.178571,2512.589286,8396,1221,2519,9897,1325,2422,2756,235.2812046,1789.067489,3119,2505.975954,2490.268676,314825,2579.324075,2625.261533,3889,301.1064541,1673.929545,3045,248.7720854,1762.543842
d11_15_G02_1_3_T,glasshouse_b2,5489,T1,R3,T,4191,1255,1396,83,755.4216867,1088.566265,8907,1265,1380,8907,1265,1380,4191,1252.468146,1395.334765,3595,785.3351878,1047.073992,303664,1456.452839,1466.306724,2485,1568.082093,351.7762575,4191,1252.468146,1395.334765
d21_36_G05_0_4_S,glasshouse_b1,Hartog,T0,R4,S,4772,782,2783,71,791.6056338,3173.211268,22554,836,2542,23483,1085,2532,4772,795.7652976,2786.256077,7141,894.7472343,2841.046352,384045,868.8139489,2236.224786,8547,917.1831052,2757.497016,4754,795.5475389,2787.612958
d7_T002_04.11.23,field,Gladius,na,R2,T,227381,976,5476,69,763.2318841,5216.57971,372993,1081,5449,391575,1276,5243,196173,905.0386241,5517.923919,180097,1005.51872,5181.353582,1507888,840.6535585,5275.033385,301576,952.7853642,5664.956432,134989,1092.871293,5365.309655
d6_T020_28.10.23,field,Gladius,na,R8,T,288334,1139,4488,78,755.8846154,2884.641026,306276,1119,5261,302023,1208,5308,211823,1185.368652,4969.460011,158891,986.7374112,5902.78185,1537919,1400.996707,5286.787855,205240,847.5015786,2735.106704,197351,1171.795993,4936.868285
d07_08_G01_1_4_T,glasshouse_b2,Gladius,T1,R4,T,12414,1718,793,69,1877.565217,1108.710145,9037,1831,986,9376,1816,968,12414,1772.451104,774.8032866,4410,1557.921088,364.7909297,478901,1821.62443,389.0727979,5061,1874.023513,1095.357242,12414,1772.451104,774.8032866
d27_12_G02_0_4_T,glasshouse_b2,5489,T0,R4,T,15105,1049,2093,64,2041.3125,3440.8125,31561,2043,2948,32182,2043,2922,15105,1167.136776,2099.199934,18266,1493.966112,902.8713457,431803,1059.7792,929.4699759,18026,1490.554033,895.9630534,13550,1954.315941,2797.200295
d29_38_G05_1_2_S,glasshouse_b1,Hartog,T1,R2,S,2953,1058,2510,56,715.9464286,2073.160714,16102,584,2476,16097,584,2476,2953,1056.059939,2510.091771,9079,857.4359511,2262.739949,386165,878.0798519,2213.020328,6435,807.8923077,2279.973427,2953,1056.059939,2510.091771
d11_07_G01_1_3_T,glasshouse_b2,Gladius,T1,R3,T,10991,1465,1347,60,1342.55,1899.316667,15314,1395,1752,21016,1432,1550,9893,1446.503487,1400.642778,7589,1699.388457,1058.335617,363812,1452.515192,1007.330992,8773,1363.972529,1897.74148,9893,1446.503487,1400.642778
d7_T006_04.11.23,field,3811,na,R3,S,66096,1105,5885,58,1725.327586,5874.568966,272330,1266,1828,363764,1204,2482,59872,1170.484367,5918.879376,118055,1455.580297,6129.743992,1713689,1532.189479,5880.072614,163496,1466.484746,5873.375771,32463,1835.164125,6098.729292
d41_31_G04_1_3_S,glasshouse_b1,Forrest,T1,R3,S,4254,665,3181,64,1526.046875,564.3125,15335,776,2471,15335,776,2471,4254,644.7733898,3175.374706,8745,683.6659806,2017.766953,365558,2026.300623,3664.437063,6694,1592.410965,601.7040633,4254,644.7733898,3175.374706
d27_47_G06_1_3_S,glasshouse_b2,3811,T1,R3,S,6596,1448,2139,68,1578.882353,2327.514706,18661,1414,2443,17846,1457,2050,6505,1449.039816,2133.201691,8965,1384.549582,2471.488344,379409,1454.515765,1562.268539,9528,1447.537049,1806.786314,6504,1449.044588,2133.137915
d13_42_G06_0_2_S,glasshouse_b1,3811,T0,R2,S,4611,1904,2348,71,1905.43662,2350.943662,16730,1065,1269,17264,1066,1270,4611,1904.528085,2347.709174,7776,876.586677,1643.502572,375672,861.1020757,1297.371641,8291,1433.953443,468.8024364,4611,1904.528085,2347.709174
d37_35_G05_0_3_S,glasshouse_b1,Hartog,T0,R3,S,8557,1463,4314,67,820.9104478,1096.597015,25912,1260,3949,30438,1158,3845,8557,1441.27907,4335.127498,12944,1286.035151,3622.296508,348046,1457.711294,4134.163691,13531,1285.414751,3613.353115,3848,971.0576923,2229.052755
d5_T005_21.10.23,field,3811,na,R2,S,26571,1911,4912,65,1390.230769,2176.753846,179839,1339,5368,134998,1787,5070,18773,1959.454003,4896.728333,79751,1797.657572,4931.389462,529389,1963.931049,4426.602882,76863,1802.516607,4963.769213,13471,2019.52446,4845.526761
d1_T001_27.09.23,field,Gladius,na,R1,T,129148,1196,5751,74,1703.364865,5877.824324,352590,1275,5577,349152,1321,5578,119081,1208.344362,5731.565598,134876,1422.042016,4863.276083,498646,1562.275073,5337.998562,341322,1306.694154,5607.170162,114727,1190.518291,5740.158254
d37_44_G06_0_4_S,glasshouse_b1,3811,T0,R4,S,8563,693,2973,62,2160.983871,3187.725806,40124,1013,2272,45062,1056,2448,8268,1247.19642,4051.850266,16687,907.2388686,4261.714029,362592,2009.727377,2147.348673,18023,812.4742274,2220.067858,7915,1247.285913,4047.354517
d45_09_G02_0_1_T,glasshouse_b1,5489,T0,R1,T,14794,782,4470,57,1186.578947,3816.701754,50050,2437,3269,46472,2158,3003,13537,795.9899535,4440.684125,22094,910.4238707,4492.57545,541927,846.1512842,3919.430071,25009,2485.150506,4143.062937,11959,808.439418,4380.974663
d43_47_G06_1_3_S,glasshouse_b2,3811,T1,R3,S,5638,1016,3238,59,2028.084746,2349.508475,32344,1306,3851,31639,872,3648,5638,985.1695637,3237.61387,18392,1191.941061,3354.915615,396256,1455.969252,2082.752915,12950,1320.679614,3245.386409,4991,691.9525145,4667.834702
d33_05_G01_1_1_T,glasshouse_b1,Gladius,T1,R1,T,16347,1323,3800,58,1428.844828,4259.741379,26416,1655,2346,26294,1655,2346,16347,1443.0052,3765.428886,11511,1378.475632,3176.452263,487051,1419.91143,3362.797565,11084,1487.81568,2503.213912,7951,1445.192177,4353.448497
d13_10_G02_0_1_T,glasshouse_b1,5489,T0,R2,T,10878,2016,1164,58,1930.603448,1003.568966,12106,1831,924,20209,2094,1353,10878,1990.947693,1183.080438,6397,1965.817102,1047.259028,423571,1540.647018,972.300606,7186,1653.051489,326.1180072,8534,1951.876494,1653.954769
d05_31_G04_1_3_S,glasshouse_b1,Forrest,T1,R3,S,1194,1621,547,64,1459.390625,230.359375,2263,1644,610,2457,1641,599,1194,1622.070352,547.4137353,1184,1617.134291,529.3597973,302657,1460.903184,276.9932927,1615,1475.778328,225.301548,1259,1548.314535,274.5710882
d27_19_G03_0_3_T,glasshouse_b2,CALINGIRI,T0,R3,T,10280,1484,3180,57,1186.140351,3710.210526,37894,1473,1792,37914,1470,1817,10115,1469.649333,3168.205635,18737,1148.48076,2187.326146,733183,1458.995136,2351.803441,13386,915.2393545,2315.125579,10119,1469.646803,3168.46971
d43_36_G05_0_4_S,glasshouse_b2,Hartog,T0,R4,S,12912,1505,668,66,554.8484848,3022.545455,59412,788,3600,80509,1029,3192,9372,1905.608835,4405.212121,39991,1626.182216,879.7034333,380131,1450.922532,329.5999695,36459,1661.906498,818.3665213,8447,758.5644608,4490.281047
d37_31_G04_1_3_S,glasshouse_b1,Forrest,T1,R3,S,4220,679,3183,62,750.3870968,2049.209677,13196,785,2513,13196,785,2513,4220,659.4547393,3178.753791,6152,811.2077373,2119.030559,360208,2025.857893,3654.321728,5756,2103.455872,3651.99114,3986,665.6746111,3164.619669
d41_08_G01_1_4_T,glasshouse_b1,Gladius,T1,R4,T,11304,1928,2089,60,1779.383333,1188.516667,28552,1894,1933,29969,1904,1965,11304,1977.365092,2074.716472,16264,1867.89984,1690.329993,780464,1915.396741,1504.546921,30253,1907.431131,2545.294615,12565,1944.336092,1905.35376
d09_17_G03_0_1_T,glasshouse_b1,CALINGIRI,T0,R1,T,6727,2259,936,67,1606.567164,285.6716418,12536,1206,1273,16484,1557,1189,6727,2229.979932,951.1095585,5867,1522.945799,730.2067496,437855,1433.674406,427.1074808,8217,1637.349032,321.9292929,8197,2170.83311,851.1495669
d21_25_G04_0_1_S,glasshouse_b1,Forrest,T0,R1,S,6162,1524,1831,58,834.6724138,2994.189655,11996,670,2775,18063,1133,2534,6162,1490.779779,1819.942713,5736,794.8802301,3034.886681,508541,1404.251227,1578.979874,7231,835.8723551,2968.158761,6162,1490.779779,1819.942713
d05_06_G01_1_2_T,glasshouse_b1,Gladius,T1,R2,T,3474,1647,839,65,1754.569231,257.2769231,4769,1682,595,4672,1670,623,3474,1644.058434,839.4689119,2327,1724.693167,775.6549205,328725,1922.045062,882.0561077,2314,1835.647796,673.9611063,3474,1644.058434,839.4689119
d1_T021_27.09.23,field,Gladius,na,R9,T,34560,484,3025,52,1451.442308,1458.903846,185528,927,2041,204392,955,2082,34557,481.159765,3022.862546,107237,758.0331509,3246.334017,529385,702.2654722,2661.732933,107705,533.1250267,3034.604039,32279,491.4305276,3045.597819
d07_29_G04_1_1_S,glasshouse_b2,Forrest,T1,R1,S,1747,1485,321,64,1447.078125,196.515625,3331,1420,264,2617,1355,669,1747,1478.74585,321.3560389,2194,1448.092981,210.8195077,313483,1451.550224,283.404829,2227,1448.719802,212.1127077,1308,1337.13685,706.5267584
d41_04_G01_0_4_T,glasshouse_b1,Gladius,T0,R4,T,19442,2068,3505,60,1632.916667,1030.766667,42640,1718,2165,43030,1726,2178,19442,2060.663923,3503.153174,18707,2093.502058,4366.929064,448369,1989.075875,3479.144278,26086,1632.130951,834.5861382,17252,2093.31747,3636.223394
d43_41_G06_0_1_S,glasshouse_b2,3811,T0,R1,S,21345,942,3998,78,1311.961538,3530.615385,85970,1464,3672,97697,1630,3501,14966,1183.387278,4534.650808,39284,1333.494502,3579.250127,628633,1220.742909,3655.111692,59615,1206.10915,4009.375208,12292,2375.169297,2956.410348
d43_20_G03_0_4_T,glasshouse_b2,CALINGIRI,T0,R4,T,19663,2105,1116,57,767.8947368,2208.947368,78415,1549,1458,102848,1735,3280,19663,2059.375477,1161.592432,42045,1627.775455,987.4281365,617569,1529.144154,3564.530025,40324,1619.789803,957.3787075,17431,1853.099535,2377.766049
d1_T004_27.09.23,field,3811,na,R1,S,32273,1492,5215,65,1574.523077,5526.153846,204284,1155,5139,231158,1182,4979,19877,1429.856618,5356.062635,93987,1220.678413,3098.346495,420612,1425.69717,4931.346783,170120,1279.498301,5274.579967,18350,1445.2,5322.578256
d15_31_G04_1_3_S,glasshouse_b2,Forrest,T1,R3,S,1934,643,1515,53,565.3207547,1811.132075,8111,1109,1786,8767,1133,1747,1934,643.0170631,1514.70062,3778,603.6058761,1676.123346,378303,1334.94599,1467.224817,2417,1355.083575,1414.730244,1934,643.0170631,1514.70062
d09_20_G03_0_4_T,glasshouse_b1,CALINGIRI,T0,R4,T,6544,1981,1533,49,1833.938776,958.8367347,10364,1757,1564,13127,1895,1218,6544,1950.397311,1533.127903,4975,1748.883819,758.4651256,494462,1990.834782,1052.298793,7442,1483.630476,346.9333512,6544,1950.397311,1533.127903
d49_36_G05_0_4_S,glasshouse_b2,Hartog,T0,R4,S,23678,1520,688,48,3035.375,3515.1875,89232,1866,3909,120896,1027,3187,18049,1508.483794,689.9080281,58996,1600.651824,875.3851109,378522,1454.412618,326.156654,51031,1634.603516,778.8113304,18030,1508.688131,690.0604548
d17_01_G01_0_1_T,glasshouse_b1,Gladius,T0,R1,T,11128,2179,2474,59,2067.254237,2044.084746,21457,2177,2395,21770,2174,2381,11128,2147.411844,2487.735442,7736,2253.189891,2372.569545,347146,2028.961846,1606.59265,14015,2329.90132,2688.06122,7994,873.2275457,2371.582562
d25_06_G01_1_2_T,glasshouse_b1,Gladius,T1,R2,T,10017,1565,1804,70,1682.557143,460.8428571,12349,1571,1258,12226,1502,2050,8537,1488.401898,1930.545508,5519,1580.607356,1034.940025,483178,1823.131434,1603.786762,6023,1708.520339,480.8729869,5133,1559.920125,1663.084356
d33_42_G06_0_2_S,glasshouse_b1,3811,T0,R2,S,13880,915,3109,61,1919.672131,2324.508197,35027,1042,2624,41105,1446,2740,13880,864.9393372,3091.616066,17167,707.7040834,2421.876857,355789,1937.096928,2070.496738,19656,1847.516127,2771.985246,13849,865.2332298,3090.153657
d19_24_G03_1_4_T,glasshouse_b2,CALINGIRI,T1,R4,T,9947,2309,2332,49,1324.22449,1204.897959,20331,1301,2760,22518,1322,2693,9947,2299.805268,2336.010858,9489,1074.711455,2205.693118,353712,2054.227476,1553.844673,7465,1096.648359,3161.303014,9947,2299.805268,2336.010858
d33_32_G04_1_4_S,glasshouse_b1,Forrest,T1,R4,S,5073,612,2500,55,689.0727273,2223,10854,542,2744,10854,542,2744,5073,612.0918589,2500.768185,4444,2505.40414,3124.161341,502559,2951.021198,2642.995931,4468,2508.557073,3082.580797,4841,616.1109275,2481.674034
d49_48_G06_1_4_S,glasshouse_b2,3811,T1,R4,S,22295,1429,3310,55,1619.690909,779.8181818,51197,1586,3898,48624,1586,3898,22294,1508.186911,3328.523639,26938,1039.383288,3583.520788,541631,1048.397922,3295.314251,15251,1598.889515,3704.793128,22093,1506.910107,3324.833069
d45_19_G03_0_3_T,glasshouse_b1,CALINGIRI,T0,R3,T,13517,1744,3063,58,1604.896552,1329.017241,58960,1668,2317,65280,1700,2446,13517,1774.72886,3046.982023,31602,1430.375166,3092.53696,884829,1482.667428,2596.706251,48430,1592.205513,1077.299959,12244,1756.825302,2951.720271
d29_35_G05_0_3_S,glasshouse_b1,Hartog,T0,R3,S,4844,1376,4218,46,1528.652174,767.7826087,16781,1229,3556,21304,1158,3207,4844,1385.728324,4194.473782,7220,1283.8259,3179.684072,350583,1456.279885,3622.629817,9525,1544.758425,652.8258268,3834,963.5863328,2223.925926
d05_08_G01_1_4_T,glasshouse_b1,Gladius,T1,R4,T,3386,1666,683,69,1502.405797,364.9565217,3953,1711,829,4110,1709,823,3015,1651.624876,648.6480929,2436,1662.542693,506.3965517,384792,1456.352533,756.4499314,2755,1651.224319,425.5092559,3852,1760.981828,569.4192627
d11_44_G06_0_4_S,glasshouse_b2,3811,T0,R4,S,5870,1139,1405,49,1817,641.9387755,17295,1219,1229,19483,1181,953,5870,1135.713799,1402.550256,8594,1548.653479,373.8259251,379279,1816.628403,272.4632896,12636,1662.971193,474.6126939,5782,1782.217572,613.0830163
d27_08_G01_1_4_T,glasshouse_b2,Gladius,T1,R4,T,21993,1925,2104,56,1598.821429,814.1428571,21103,1954,2669,21163,1828,1264,10428,1603.990123,2102.748753,9003,1887.90381,1988.469177,421276,2001.57046,2095.504097,7366,2030.354602,2712.486696,9681,1938.999793,1587.407293
d15_23_G03_1_3_T,glasshouse_b2,CALINGIRI,T1,R3,T,9580,1416,2000,74,1586.148649,1449.837838,12224,1409,1982,12592,1529,1077,9580,1483.68048,1988.865866,6131,735.7956288,1459.09297,375025,1872.329514,1477.669518,5083,1505.096203,2370.740114,9580,1483.68048,1988.865866
d07_10_G02_0_1_T,glasshouse_b2,5489,T0,R2,T,3700,1908,1208,53,1891.075472,1131.773585,11181,1742,370,10896,1742,370,3700,1884.381351,1202.128108,4571,1745.710567,245.746445,383276,1825.134911,271.0044146,3286,1545.101948,265.4297018,3700,1884.381351,1202.128108
d43_10_G02_0_1_T,glasshouse_b2,5489,T0,R2,T,16450,2197,3896,63,2531.809524,2063.888889,66363,2232,3772,70581,2235,3652,16450,2120.572036,3880.513799,31762,1869.530162,892.2631132,374619,2034.641873,1039.818445,21468,2190.010015,1475.677054,16050,2517.336262,2865.401433
d17_08_G01_1_4_T,glasshouse_b1,Gladius,T1,R4,T,16852,1908,2079,62,1709.645161,1299.935484,13873,1885,1688,14731,1880,1712,16852,1959.199264,2062.262877,5900,1876.480508,2140.715085,847944,1640.723562,1478.759953,7553,1738.184827,942.8648219,21168,1908.936744,1767.00463
d13_20_G03_0_4_T,glasshouse_b1,CALINGIRI,T0,R4,T,10148,1933,1915,66,1414.212121,406.5909091,16423,1931,1838,18283,1932,1745,10148,1886.126527,1911.592136,6790,1830.542121,1688.442563,393805,1997.022915,1805.877599,8737,1332.096715,435.6635001,10148,1886.126527,1911.592136
d13_37_G05_1_1_S,glasshouse_b1,Hartog,T1,R1,S,2212,1070,1914,62,2341.870968,1919.66129,7136,1060,1723,7136,1060,1723,2212,1069.955244,1914.006329,4351,989.0176971,1954.485176,293138,879.2121492,2043.368124,4365,989.2508591,1953.727377,2212,1069.955244,1914.006329
d17_27_G04_0_3_S,glasshouse_b1,Forrest,T0,R3,S,5731,734,2631,70,1447.485714,731.3714286,14802,859,2148,15840,889,2064,5731,746.7574594,2631.484383,6475,753.4126641,2201.594903,375778,872.5579358,2470.295345,7018,750.1554574,2233.745512,3975,757.4877987,2486.81283
d37_10_G02_0_1_T,glasshouse_b1,5489,T0,R2,T,21216,2430,2558,53,2490.245283,3813.09434,40607,2750,3975,42006,2750,3975,15736,2517.438612,2864.996314,22044,2411.094357,3622.333243,437430,2575.254761,2296.082809,19445,1782.669529,700.5790177,15695,2517.964129,2865.857216
d37_33_G05_0_1_S,glasshouse_b1,Hartog,T0,R1,S,5504,1349,3685,75,1582.186667,650.2,26087,1637,2924,35198,1716,2669,5457,1356.368884,3685.524281,9974,1171.406457,2405.239924,342047,1451.015761,3081.65962,19297,1460.059854,728.2145411,5457,1356.368884,3685.524281
d49_31_G04_1_3_S,glasshouse_b2,Forrest,T1,R3,S,4122,648,3198,62,807.5322581,2126.725806,26016,2052,3614,25194,994,1163,4122,627.5131004,3194.370209,12344,1531.731935,685.7682275,359407,1445.502052,778.7159237,12346,1525.858497,684.6065122,4045,628.7112485,3190.13424
d37_12_G02_0_3_T,glasshouse_b1,5489,T0,R4,T,13465,2061,2821,83,1675.433735,848.4216867,38583,1784,2196,37819,1776,2180,13465,1985.346528,2848.935834,17721,2378.347159,2979.060775,467492,2580.206089,1781.795182,22072,1600.895161,853.5155854,13442,1985.030948,2847.38655
d25_17_G03_0_1_T,glasshouse_b1,CALINGIRI,T0,R1,T,23622,1353,3044,76,1260.776316,2093.842105,26893,1538,1933,28401,1426,2129,23622,1292.651554,3080.561256,12041,1291.846192,1888.715306,706161,1374.419097,2576.061759,16218,1271.707609,2369.353928,10841,1280.549765,2753.80214
d31_38_G05_1_2_S,glasshouse_b2,Hartog,T1,R2,S,2926,1082,2518,58,876.1206897,2295.172414,22041,1110,1504,25495,1050,2015,2926,1080.302461,2517.643199,9984,857.9956931,2192.721154,310482,1443.672599,848.3627875,9285,883.8012924,2427.742272,2849,1080.75781,2511.213759
d29_43_G06_0_3_S,glasshouse_b1,3811,T0,R3,S,17057,1752,3654,61,685.4262295,2693.065574,35429,1282,2731,35638,1744,4006,17057,1806.803834,3653.520549,18364,1847.427957,2660.603463,476820,826.584512,3528.327212,20955,695.4246242,4009.903651,16844,1807.687545,3652.911066
d41_36_G05_0_4_S,glasshouse_b1,Hartog,T0,R4,S,9184,740,4515,86,1608.872093,977.2906977,40999,906,4215,44659,725,3934,9060,743.180574,4510.674283,21379,668.6855793,3009.717714,479453,369.9147675,2206.581949,29353,1676.085409,820.6511771,8231,752.0112987,4465.427773
d45_24_G03_1_4_T,glasshouse_b1,CALINGIRI,T1,R4,T,26833,1199,3797,58,1169.155172,3729.413793,29009,1308,4169,29621,1308,4166,25261,1247.762994,3822.138197,12125,1138.657155,2216.002309,533283,985.0773023,3263.457194,13443,2317.185598,1898.006397,15527,1211.407613,3970.976815
d15_38_G05_1_2_S,glasshouse_b2,Hartog,T1,R2,S,3245,2234,1821,48,2161,1675.3125,17920,1029,1552,17920,1029,1552,3245,2219.48074,1828.031741,7892,879.5400405,2210.189559,386125,875.3671842,1652.310104,4034,1309.313585,719.8973723,3245,2219.48074,1828.031741
d35_23_G03_1_3_T,glasshouse_b2,CALINGIRI,T1,R3,T,11285,1589,4173,64,1688.84375,4047.84375,30731,1518,3831,31051,1518,3831,9761,2073.603934,3479.449647,13999,1830.83506,2988.70455,616034,1988.175584,2756.930449,19926,1768.919552,3933.881662,7339,1573.173729,3856.060907
