Image_name,data_type,Genotype,Treatment,Replication,Group,DBSCAN_density_points,DBSCAN_centre_x,DBSCAN_centre_y,Custom_density_points,Custom_centre_x,Custom_centre_y,FCM_density_points,FCM_centre_x,FCM_centre_y,GMM_density_points,GMM_centre_x,GMM_centre_y,HDBSCAN_density_points,HDBSCAN_centre_x,HDBSCAN_centre_y,K-mean_density_points,K-mean_centre_x,K-mean_centre_y,SLIC_density_points,SLIC_centre_x,SLIC_centre_y,Mean-shift_density_points,Mean-shift_centre_x,Mean-shift_centre_y,OPTICS_density_points,OPTICS_centre_x,OPTICS_centre_y
d35_44_G06_0_4_S,glasshouse_b2,3811,T0,R4,S,8710,1267,4011,74,1024.743243,4179.121622,47411,1284,1316,52676,1220,3129,8710,1249.249369,4016.646498,24755,1601.534195,929.8362755,500202,875.8631913,2396.22831,15276,853.9988871,2790.737759,8311,1249.37673,4008.847912
d07_46_G06_1_2_S,glasshouse_b2,3811,T1,R2,S,2047,1362,706,81,1652.45679,386.2962963,5851,1592,470,6848,1593,508,2047,1360.558867,704.4601856,2845,1591.759578,377.7876977,407848,1454.421792,363.9681695,2364,1571.378596,380.8489848,2047,1360.558867,704.4601856
d3_T008_08.10.23,field,3811,na,R4,S,19607,1261,6238,67,996.6119403,3270.477612,167320,984,3065,216807,1062,3501,19607,1260.911664,6248.805682,84104,758.7402977,3255.477861,413543,899.7649724,5980.482264,90938,831.6167389,3041.26738,18822,1269.046541,6250.439061
d13_16_G02_1_4_T,glasshouse_b1,5489,T1,R4,T,5472,1716,1482,53,1563.113208,491.0943396,7295,2262,1527,7926,1686,1340,5441,1721.24683,1479.988789,2850,1664.365965,1309.077193,470129,1539.47015,1008.428846,2408,2237.980897,1394.267442,5418,1720.685862,1478.36471
d33_34_G05_0_2_S,glasshouse_b1,Hartog,T0,R2,S,6350,2143,1348,85,1640.223529,643.3882353,28193,1581,1495,29844,2124,3031,6350,2142.971496,1348.074961,15771,1725.411959,1159.796081,452427,1914.071945,963.1429667,26942,1621.914149,725.021305,6116,2123.693427,1296.089438
d31_11_G02_0_3_T,glasshouse_b2,5489,T0,R3,T,21158,1556,3895,70,1563.228571,2996.042857,39024,1690,3581,45421,1575,2750,21158,1523.291946,3878.70673,17306,1509.739166,2658.500578,379362,1447.605725,3853.107517,11650,1429.041888,4267.610558,12230,1461.220687,4137.133933
d49_32_G04_1_4_S,glasshouse_b2,Forrest,T1,R4,S,5211,623,2517,49,1515.469388,755.7959184,24328,2369,3037,29394,2369,3037,4986,627.6105094,2498.256318,14830,1518.326231,684.7892785,348464,1452.014831,778.9196445,14830,1518.326231,684.7892785,4986,627.6105094,2498.256318
d2_T011_02.10.23,field,Gladius,na,R4,T,77231,1446,5757,74,1520.648649,5933.810811,265625,1200,5589,240203,1167,5725,73239,1442.284493,5753.261473,103732,1602.764586,5680.395645,865295,451.3667339,5632.319815,110765,1595.699707,5667.121609,64479,1411.215466,5708.012314
d5_T009_21.10.23,field,3811,na,R5,S,115833,911,5790,48,1006,5970.395833,281147,993,5258,309282,945,5122,74349,981.0022596,5993.683345,135640,1111.438396,6197.556753,758767,1150.916906,6176.789983,135575,1113.865794,6197.436364,70369,974.5960437,6029.783541
d17_43_G06_0_3_S,glasshouse_b1,3811,T0,R3,S,6211,1390,2081,66,1885.712121,2500.106061,19623,1697,2328,22338,1697,2407,6211,1425.680245,2087.268395,9607,1533.701468,2055.913188,347785,2033.343988,2647.498469,10887,1530.32424,2042.688987,6169,1424.522289,2090.580969
d05_34_G05_0_2_S,glasshouse_b1,Hartog,T0,R2,S,2733,2018,738,65,1607.261538,296.6,7047,1643,559,7203,1643,559,2733,2017.96341,738.4145628,3048,1683.972441,520.5577428,348409,1454.111237,772.0272266,3966,1631.020676,288.3703984,2733,2017.96341,738.4145628
d35_16_G02_1_4_T,glasshouse_b2,5489,T1,R4,T,11295,1931,3305,52,1990.711538,2160.173077,33589,1922,3300,48186,1935,2255,11295,2015.52448,3259.829571,15335,1528.169416,837.703554,584195,2027.159224,2563.121951,17526,2234.617368,3606.753966,11096,2013.760905,3252.436373
d25_42_G06_0_2_S,glasshouse_b1,3811,T0,R2,S,10025,996,2755,53,1732.773585,3183.301887,26135,1101,2171,25613,1101,2171,9714,936.0272802,2723.593267,13765,837.8682891,2281.538177,361597,1943.217278,2089.102733,13318,1923.129974,2333.686815,9713,936.0449912,2723.512509
d31_14_G02_1_2_T,glasshouse_b2,5489,T1,R2,T,18342,2353,2849,65,2261.630769,3211.169231,22786,2111,3348,23941,2119,1822,13691,2400.330947,3284.851654,10712,2113.243185,2480.999253,594957,2133.084615,2112.695195,10414,2335.630209,3849.449971,13691,2400.330947,3284.851654
d41_16_G02_1_4_T,glasshouse_b1,5489,T1,R4,T,11576,1946,3323,52,2183.442308,2126.192308,30047,2003,4074,38329,2209,3344,11576,2029.461558,3300.511057,18177,2396.936568,4021.572537,407845,2034.194513,3068.072702,21321,2205.781811,3673.54716,7702,2052.123085,3520.671644
d27_48_G06_1_4_S,glasshouse_b2,3811,T1,R4,S,17679,1425,3148,62,1511.048387,3676.129032,22905,1308,3115,22296,1301,3095,17679,1406.651055,3142.668533,11093,1466.418462,2519.520418,784085,1443.638049,2611.47463,13508,1462.784424,3344.884217,17622,1405.840937,3143.408637
d17_13_G02_1_1_T,glasshouse_b1,5489,T1,R1,T,8237,1821,1966,59,2666.847458,2358.949153,15058,1282,2087,16614,1292,2127,8237,1741.805876,2014.359111,6037,1681.543316,2532.897797,543251,1534.443079,1280.383802,5622,1653.463358,955.1963714,11366,1699.899525,1758.45117
d19_33_G05_0_1_S,glasshouse_b2,Hartog,T0,R1,S,3282,1242,959,75,1152.933333,2240.106667,17726,1245,2618,19932,1271,2491,3282,1246.656307,958.6773309,9016,1167.189774,2344.608363,395973,1052.816346,882.0955368,10139,1282.748101,775.0073972,3282,1246.656307,958.6773309
d1_T023_27.09.23,field,3811,na,R8,S,56208,534,3823,87,565.9425287,3593.252874,268339,1054,4794,311777,868,4483,46462,572.4602471,3832.570079,149732,1024.968677,4242.026534,466144,336.938991,3454.362929,240991,984.6250358,3695.405899,39751,548.8072501,3837.254107
d19_42_G06_0_2_S,glasshouse_b2,3811,T0,R2,S,7451,1921,2581,80,994.05,1641.1125,23946,1035,2630,30183,1045,1686,7453,1908.310882,2581.211995,12555,1272.06826,905.1057746,358418,1937.52785,2066.935843,16989,858.665666,2157.729707,6160,1909.476786,2681.349675
d43_18_G03_0_2_T,glasshouse_b2,CALINGIRI,T0,R2,T,23255,1167,2379,52,1926.153846,1694.865385,64988,1369,1540,63988,1202,1952,23255,1190.737261,2387.660632,33213,1549.161112,1024.276518,425007,1410.329755,2170.443746,27992,1041.185517,2464.053694,20315,1169.043465,2473.657741
d37_11_G02_0_3_T,glasshouse_b1,5489,T0,R3,T,11211,1440,4114,51,1836.372549,1026.72549,27078,1538,3893,26940,1538,3893,11206,1437.172229,4113.649117,11382,1589.380425,3348.479266,540400,1787.450934,3849.633871,11655,1407.842557,4273.461862,7476,1618.031701,3312.059524
d31_24_G03_1_4_T,glasshouse_b2,CALINGIRI,T1,R4,T,24605,1147,3631,68,1265.691176,4275.102941,29238,1264,3941,29716,1250,3900,24040,1208.802995,3596.323295,13989,1088.824005,2819.748874,595753,990.7437747,2765.551124,19965,1193.041623,3878.419384,20759,1189.206561,3417.412159
d29_39_G05_1_3_S,glasshouse_b1,Hartog,T1,R3,S,6603,1490,2614,64,1011.59375,2056.6875,12657,1500,2572,10959,1539,2501,6603,1500.102681,2616.684689,4690,1582.553518,2537.628145,359506,1448.527296,2197.041649,8949,1616.794949,2421.555369,5300,1012.239245,2030.03
d15_24_G03_1_4_T,glasshouse_b2,CALINGIRI,T1,R4,T,7489,2286,1924,82,1295.121951,1140.182927,17462,1513,1038,23421,1308,1684,7489,2273.660836,1923.619575,8000,1341.461,923.6755,362497,2039.767568,1504.109411,7331,1059.110899,2047.601146,7489,2273.660836,1923.619575
d11_27_G04_0_3_S,glasshouse_b2,Forrest,T0,R3,S,4024,1453,615,58,1352.172414,765.6551724,11015,1459,510,11015,1459,510,4024,1428.16327,615.137674,5000,1380.2498,403.4886,389714,1825.566438,269.4307877,3497,1360.870746,359.795825,3472,956.5423387,1660.110023
d43_43_G06_0_3_S,glasshouse_b2,3811,T0,R3,S,25252,709,3785,86,1561.127907,774.4069767,90045,1282,3894,112821,1748,3419,25252,709.2754237,3858.066609,36956,2020.848279,4012.729462,610925,859.673577,3142.802666,42203,2029.977134,3897.609198,24455,708.9251687,3855.784911
d37_29_G04_1_1_S,glasshouse_b1,Forrest,T1,R1,S,3654,984,3341,56,952.2678571,3400.892857,10893,839,3738,12061,856,3603,3654,980.471538,3337.02162,5031,877.7684357,3684.478434,501206,2587.054351,2280.797941,4322,2506.791532,2774.06733,3654,980.471538,3337.02162
d6_T022_28.10.23,field,3811,na,R7,S,42893,749,5267,68,940.6911765,4276.617647,184565,1184,5269,198058,1136,5141,39797,744.3551273,5265.678493,86760,1258.123974,4172.827582,522699,438.0696902,4892.426284,156545,1106.062359,5437.304999,37601,754.8654557,5283.913912
d11_33_G05_0_1_S,glasshouse_b2,Hartog,T0,R1,S,3265,1196,777,64,1117.28125,698.421875,11360,1270,582,10593,1283,556,3265,1199.598775,778.6661562,4339,1085.716755,834.8236921,366782,870.8628013,877.5458229,3784,1072.694503,854.2640063,3265,1199.598775,778.6661562
d05_13_G02_1_1_T,glasshouse_b1,5489,T1,R1,T,2332,1662,692,74,1616.094595,233.7297297,2912,1637,348,2849,1663,641,2332,1657.859348,689.5977702,1283,1646.123149,363.7989088,288062,1463.695885,272.3344905,1270,1646.202362,364.7622047,2332,1657.859348,689.5977702
d31_18_G03_0_2_T,glasshouse_b2,CALINGIRI,T0,R2,T,20734,1197,2270,63,1476.380952,1464.888889,45003,1361,1549,47965,1322,1764,20734,1212.23242,2283.747179,22873,1457.56206,1076.897259,544577,1441.826247,1695.589368,18437,1437.659164,983.2227586,18248,1196.722874,2323.227258
d35_22_G03_1_2_T,glasshouse_b2,CALINGIRI,T1,R2,T,11214,1178,2675,69,2058.73913,4374.826087,33242,1966,3906,32653,1970,3925,10553,1937.956221,3871.677722,15868,1878.315541,3527.275334,353276,2019.401564,1602.066113,14394,2164.752953,4420.090246,10017,1141.192573,2572.161126
d29_48_G06_1_4_S,glasshouse_b1,3811,T1,R4,S,18413,1441,3184,61,1574.52459,3689.95082,18745,1212,2504,20772,1207,2651,17749,1429.857626,3155.282213,9048,1404.730217,3008.821729,708664,1460.942873,2627.056175,8272,1590.377539,3812.848404,13704,1382.33472,2959.975044
d7_T019_04.11.23,field,Gladius,na,R7,T,265186,733,4971,65,1373.830769,3811.538462,361320,1000,5384,389519,1217,2984,179805,791.6800367,4966.906332,183221,1379.86233,3896.406482,1603115,642.6604891,4985.23197,294917,917.9514677,5637.101551,177575,789.7222244,4970.580138
d11_19_G03_0_3_T,glasshouse_b2,CALINGIRI,T0,R3,T,6304,1688,1557,68,1582.176471,1903.205882,15243,1539,828,15743,1538,841,6304,1686.735089,1557.294099,8222,1523.405862,597.2703722,330802,1438.06009,1368.681858,6775,1572.230111,1950.855793,6304,1686.735089,1557.294099
d11_24_G03_1_4_T,glasshouse_b2,CALINGIRI,T1,R4,T,6559,2169,1411,67,1664.447761,419.1641791,14245,1520,882,18450,1395,1281,6559,2165.966611,1411.344107,7429,1157.688922,1831.783416,444951,1933.751393,967.9464638,4628,1594.714564,496.9667243,3934,2225.049568,1620.896543
d33_29_G04_1_1_S,glasshouse_b1,Forrest,T1,R1,S,3681,990,3313,61,1078.557377,3095.590164,8865,992,3319,8864,990,3322,3681,984.6354252,3311.518609,3323,998.3328318,3283.134818,221371,2590.208478,2641.072575,5751,2493.195966,2836.503565,3681,984.6354252,3311.518609
d29_12_G02_0_4_T,glasshouse_b1,5489,T0,R4,T,13882,2036,2811,75,1533.773333,947.64,26633,1725,2090,26576,1719,2076,13882,1958.608846,2834.623181,11679,2132.090076,2847.572224,583430,2032.76336,2575.316232,18431,1494.671423,910.8600727,13834,1958.156426,2832.08349
d15_29_G04_1_1_S,glasshouse_b2,Forrest,T1,R1,S,2258,303,1595,54,1469.907407,418.5925926,5749,1160,1505,6833,1256,1217,2258,302.7984942,1595.110275,3068,359.2992177,1509.97751,333987,286.501253,1469.195567,1966,288.8123093,1619.234486,2239,301.8365342,1596.751675
d19_40_G05_1_4_S,glasshouse_b2,Hartog,T1,R4,S,3577,1647,2168,58,1171.413793,1482.913793,11503,1611,1626,14189,1648,1968,3577,1650.003355,2167.720995,5288,1635.511725,1840.602118,344513,2527.831054,2048.237561,5127,1067.038424,1462.357129,3577,1650.003355,2167.720995
d29_06_G01_1_2_T,glasshouse_b1,Gladius,T1,R2,T,8616,1563,1407,87,1758.436782,553.3218391,15706,1616,1175,17592,1551,1986,6935,1287.138717,1527.407498,8969,1636.066005,970.5299364,460431,1094.00905,945.6415815,15527,1723.923295,708.4667354,6911,1287.145276,1525.55853
d33_19_G03_0_3_T,glasshouse_b1,CALINGIRI,T0,R3,T,9734,1487,3165,47,1516.340426,1016.957447,33815,1481,2499,34428,1481,2499,9734,1472.342819,3164.995788,17956,1406.967699,3322.255848,646434,1519.082703,2400.844657,24410,1537.655797,1135.701393,9734,1472.342819,3164.995788
d41_24_G03_1_4_T,glasshouse_b1,CALINGIRI,T1,R4,T,27699,1187,3787,76,1314.776316,4774.052632,26419,1298,4256,26152,1315,2633,27699,1219.358027,3754.104877,12092,1108.458898,3463.103705,546986,971.1440567,3214.817847,12168,1087.761423,2482.891847,19548,1219.321926,4114.74069
d21_18_G03_0_2_T,glasshouse_b1,CALINGIRI,T0,R2,T,16045,1157,2382,66,1319.272727,1437.833333,27583,1670,1688,31207,1666,1785,16045,1194.293113,2411.987286,11364,1322.769007,2184.729233,339693,1402.228939,1039.263308,13292,1327.618041,2100.844869,17822,1211.288464,2264.529177
d37_32_G04_1_4_S,glasshouse_b1,Forrest,T1,R4,S,5085,589,2511,51,1443.607843,698.4117647,12249,516,2765,12249,516,2765,5085,589.6481809,2511.183284,5176,2434.761785,2568.720247,325256,862.2912014,2073.962971,7096,662.6688275,2293.880355,4833,591.1491827,2500.172564
d31_05_G01_1_1_T,glasshouse_b2,Gladius,T1,R1,T,16888,1311,3809,54,1769.12963,2180,31328,1355,3511,41016,1387,2692,16888,1432.008764,3773.181312,15976,1469.764397,2507.123247,349877,1465.578343,3669.026081,12532,1386.184887,4137.545723,16826,1432.299715,3774.23749
d35_36_G05_0_4_S,glasshouse_b2,Hartog,T0,R4,S,8698,742,4513,56,1624.178571,863.2678571,38655,747,3459,42581,756,3043,8698,750.7160267,4511.178202,20160,708.5245536,2940.729415,402725,1872.361895,894.5293314,21097,709.0685406,2977.981561,8576,751.396805,4510.186917
d43_39_G05_1_3_S,glasshouse_b2,Hartog,T1,R3,S,6416,1509,2624,63,2351.031746,1973.238095,28770,1827,1770,25559,1027,3078,6416,1518.076216,2627.7274,13697,1511.440534,2627.00533,361419,1449.064341,2171.169012,8018,1585.395859,862.5281866,6416,1518.076216,2627.7274
d35_12_G02_0_4_T,glasshouse_b2,5489,T0,R4,T,14728,1070,2094,51,1848.098039,3731.509804,45996,2077,2996,46810,1606,1467,14729,1187.621495,2093.974947,24141,1597.250155,926.7887826,432701,1074.777847,928.0611808,21751,1594.583927,876.7186336,13284,1986.434508,2828.427883
d27_40_G05_1_4_S,glasshouse_b2,Hartog,T1,R4,S,9228,1644,3399,65,1342.969231,1910.246154,21788,1657,1920,26548,2410,2836,9228,1616.671218,3398.769723,10875,1357.723586,1749.267586,397795,2199.462241,2686.058998,10854,2552.03372,2110.992537,8476,2406.09521,2983.614323
d07_33_G05_0_1_S,glasshouse_b2,Hartog,T0,R1,S,3011,1238,727,49,1549.428571,221.4285714,5848,1375,380,6009,1174,935,3011,1241.995018,727.4207904,3194,1122.816218,805.2038197,415216,1035.616614,270.5354466,2365,1222.035095,782.4109937,3011,1241.995018,727.4207904
d37_18_G03_0_2_T,glasshouse_b1,CALINGIRI,T0,R2,T,17513,1127,2457,45,926.8888889,2790.044444,37851,1331,2157,36711,1332,2153,17512,1202.013705,2506.844107,16409,1104.138582,2049.393443,583378,1422.88273,1801.952292,19101,1451.253338,917.1157007,18482,1203.849096,2322.69051
d35_41_G06_0_1_S,glasshouse_b2,3811,T0,R1,S,5110,1416,3345,56,1320.625,3615.839286,47559,1498,3230,62736,1426,2434,5110,1416.196869,3344.881213,23408,1330.724539,3639.015807,377396,1457.033999,2643.055332,24675,1328.623303,3610.281905,5009,1415.037732,3338.286884
d19_17_G03_0_1_T,glasshouse_b2,CALINGIRI,T0,R1,T,14231,1283,2886,66,1366.090909,2899.060606,27186,1412,2770,37577,1446,1986,11582,1272.852616,2723.136591,15020,1635.39767,875.579028,405369,916.341479,2174.885031,12983,1530.637295,905.4947239,10987,1264.362701,2683.881132
d2_T012_02.10.23,field,Gladius,na,R5,T,52024,1133,5274,139,1182.510791,3694.553957,217309,1143,5477,235280,1139,5349,41747,1006.250126,5301.94275,106573,1079.258349,4934.854503,630263,667.9146515,6281.669901,104559,1311.660967,4040.146731,39223,1014.216327,5293.878974
d13_13_G02_1_1_T,glasshouse_b1,5489,T1,R1,T,8774,1719,1518,60,2280.25,1442.35,10596,1839,1733,10895,1839,1733,8774,1702.781058,1521.819695,4448,1795.54384,1869.768435,519120,1875.878934,1045.491378,5011,1784.464378,1824.512672,10346,1684.831142,1396.207037
d45_46_G06_1_2_S,glasshouse_b1,3811,T1,R2,S,12346,1451,3928,70,1241.971429,4071.357143,37692,1813,2852,41909,1809,2949,10175,1543.111646,3856.580344,22973,1229.314891,4427.070953,366524,1456.251075,3320.531812,26418,1242.211787,4334.600878,10117,1543.548878,3854.915884
d09_34_G05_0_2_S,glasshouse_b1,Hartog,T0,R2,S,7920,2126,1052,68,1658.279412,430.8823529,14622,2126,1054,16759,2124,1045,7920,2122.49899,1052.107828,6901,1441.540356,810.665121,403463,1839.862186,333.3307366,8582,1485.81636,321.1429737,8106,2116.310387,1038.193314
d15_14_G02_1_2_T,glasshouse_b2,5489,T1,R2,T,10533,2103,1702,63,1999.761905,1194.428571,11862,2152,2007,16397,2043,1495,10533,2066.419254,1725.735973,6176,1994.400907,1220.793556,368304,2033.816239,1027.09159,7343,1997.842299,1243.276045,10533,2066.419254,1725.735973
d21_01_G01_0_1_T,glasshouse_b1,Gladius,T0,R1,T,10911,912,2588,60,2110.366667,2197.35,25135,2308,2872,26784,2303,2814,10911,926.2275685,2584.598479,9849,2380.284496,2728.045182,404515,2057.749928,1726.573378,9889,2349.456568,2607.020831,8804,886.1127896,2425.302476
d2_T017_02.10.23,field,Gladius,na,R6,T,19338,1430,5087,48,1209.5625,5549.875,176051,1228,4962,187661,1319,4871,15100,1371.883179,5102.75755,78570,1180.437597,4838.685682,661356,1702.183986,4791.093156,72996,1586.820661,3605.990767,12411,882.391991,6001.670131
d6_T021_28.10.23,field,Gladius,na,R9,T,68948,181,2598,81,191.1234568,1277.061728,194389,915,1881,218214,915,2313,66321,173.2156934,2588.589662,110700,1205.750542,5269.683306,642780,273.0300367,3020.347783,122245,1208.645401,5165.796941,65325,171.7667509,2581.291512
d25_28_G04_0_4_S,glasshouse_b1,Forrest,T0,R4,S,4000,2508,2911,54,1326.62963,672.6666667,15607,1340,2942,14301,1351,2670,4000,2513.5655,2913.87575,8297,2554.594673,2538.552127,391045,1470.930791,2729.758672,6103,1477.181222,559.6155989,4000,2513.5655,2913.87575
d05_03_G01_0_3_T,glasshouse_b1,Gladius,T0,R3,T,2557,1549,917,76,1655.434211,367.9342105,4792,1456,908,6992,1581,796,2557,1550.040673,916.8885413,2256,1531.962766,783.7220745,374271,1870.725151,877.0123574,4826,1643.250104,352.8760879,2711,1665.372556,433.7303578
d49_29_G04_1_1_S,glasshouse_b2,Forrest,T1,R1,S,4094,882,4615,58,1522.465517,635.7241379,24444,2029,3930,26580,1064,3230,4094,887.7278945,4615.376649,10639,1484.341103,768.1471943,369009,872.6992594,3938.736849,8896,1548.115445,642.5,4094,887.7278945,4615.376649
d07_22_G03_1_2_T,glasshouse_b2,CALINGIRI,T1,R2,T,2429,1566,899,53,1563.471698,884.2830189,4959,1571,544,4668,1574,537,2429,1568.739399,896.9629477,3404,1573.646005,415.5890129,476869,1061.867991,877.3567667,1718,1614.696158,336.2398137,2402,1569.041216,899.0383014
d21_27_G04_0_3_S,glasshouse_b1,Forrest,T0,R3,S,8300,736,2858,88,1430.227273,720.5681818,18647,747,2440,18647,747,2440,5385,2705.739276,2024.690251,5916,769.6776538,2140.185936,476373,831.3422864,2611.262236,13304,781.8871768,2268.184305,5360,2705.604851,2026.45597
d41_37_G05_1_1_S,glasshouse_b1,Hartog,T1,R1,S,4749,2368,2583,60,2379.316667,2816.416667,7793,1090,2574,7793,1090,2574,4749,2382.81175,2583.421984,4333,981.5105008,2193.772675,194884,2582.584122,2630.143203,4429,2380.044028,2458.895913,4749,2382.81175,2583.421984
d27_33_G05_0_1_S,glasshouse_b2,Hartog,T0,R1,S,5436,1336,3672,52,1309.288462,3607.076923,20532,1235,2774,23044,1240,2686,5436,1340.318801,3667.078366,11207,1480.639422,700.220041,393649,1059.533595,878.8341975,8746,1165.737366,2447.101189,5436,1340.318801,3667.078366
d25_25_G04_0_1_S,glasshouse_b1,Forrest,T0,R1,S,6566,1004,2830,52,713.9615385,3030.75,14327,709,2971,21028,1037,2658,6566,1015.560006,2832.420195,6174,826.6997085,2947.43505,476252,1257.706395,2758.772986,9401,810.6807786,3177.460377,5149,972.002719,2945.217906
d49_35_G05_0_3_S,glasshouse_b2,Hartog,T0,R3,S,20352,1738,615,70,1694.471429,864.5571429,75554,1324,1304,75070,1532,1026,16107,1755.845595,619.4405538,48057,1728.038184,835.1720873,410535,1465.27051,368.7211419,45001,1736.200196,793.3382147,16073,1755.788403,619.2672805
d35_30_G04_1_2_S,glasshouse_b2,Forrest,T1,R2,S,2396,699,2277,112,750.9553571,2335.357143,13751,800,2583,11227,1749,2473,2396,703.0776294,2279.258765,7019,738.9092463,2530.586123,375977,872.0755498,2481.643577,5680,744.3286972,2354.671303,2190,694.2456621,2295.952055
d43_48_G06_1_4_S,glasshouse_b2,3811,T1,R4,S,19403,1426,3248,47,1539.297872,3160.829787,35701,1215,3641,38011,1260,2074,19096,1448.134321,3248.171659,17989,1686.470899,2776.775807,699426,1599.66921,2855.911227,13690,1690.154858,4328.610957,15820,1399.565803,3091.183628
d21_09_G02_0_1_T,glasshouse_b1,5489,T0,R1,T,7598,1099,2954,51,1030.176471,3162.215686,27349,2494,2826,27349,2494,2826,7598,1119.908792,2960.610819,9634,2374.068092,3478.994395,466448,915.7003117,2818.033948,11380,2357.775747,3408.982865,6673,2224.809831,3165.759029
d17_19_G03_0_3_T,glasshouse_b1,CALINGIRI,T0,R3,T,9823,1702,2289,62,1391.354839,1516.096774,17351,1446,2828,17974,1444,2789,9823,1690.336964,2291.928637,7238,1537.382288,3043.308234,389071,1072.844571,2619.580038,12329,1567.224187,2815.788223,7129,1453.072521,2890.338757
d09_12_G02_0_4_T,glasshouse_b1,5489,T0,R4,T,5392,1240,995,60,1488.466667,255.7166667,9922,1533,702,9391,1532,686,5392,1228.602745,994.7663205,5114,1402.163864,642.1120454,388856,1042.549273,874.5082036,5284,1541.326457,277.4089705,5392,1228.602745,994.7663205
d29_03_G01_0_3_T,glasshouse_b1,Gladius,T0,R3,T,14035,1534,3275,60,1158.8,3712.233333,25643,1539,3719,26464,1542,3707,14035,1485.05928,3285.545921,11876,1228.708656,3898.129926,799067,1813.922007,2953.784613,16465,1689.933009,1050.464865,14552,1357.225742,1671.225399
d4_T006_14.10.23,field,3811,na,R3,S,56017,528,5885,47,1378.723404,5546.06383,224632,989,5341,282721,1204,2622,41114,1362.00107,5993.30216,126466,923.9782867,5964.04742,1328873,1115.697915,5763.876213,147085,899.0993711,5830.669518,41108,1361.897344,5993.417559
d09_22_G03_1_2_T,glasshouse_b1,CALINGIRI,T1,R2,T,3456,1615,970,76,1596.447368,396.2105263,6868,1957,1143,7321,1952,1130,3456,1616.62963,970.0271991,2732,1997.677892,1319.341142,376886,1858.694255,875.2153516,2827,1996.05306,1311.966749,3456,1616.62963,970.0271991
d49_25_G04_0_1_S,glasshouse_b2,Forrest,T0,R1,S,7664,1581,662,73,1393.123288,936.5479452,47240,828,3625,64527,948,3215,7424,711.9508351,3145.616514,33054,1392.288377,880.8460096,379169,1456.76467,330.1583938,22495,1492.262636,698.2423205,7424,711.9508351,3145.616514
d05_37_G05_1_1_S,glasshouse_b1,Hartog,T1,R1,S,2246,1371,852,67,1510.761194,327.3880597,1764,1349,889,2236,1371,852,1908,1387.803983,818.1383648,929,1429.037675,741.8449946,318850,1456.441992,866.4616779,1147,1420.836094,759.8090671,1908,1387.803983,818.1383648
d05_14_G02_1_2_T,glasshouse_b1,5489,T1,R2,T,1058,1808,806,82,1486.04878,305.0121951,2006,1577,333,2006,1577,333,1058,1808.414934,806.452741,778,1606.250643,366.718509,322306,1459.115077,286.4707607,1168,1467.536815,289.3159247,1518,1572.483531,319.4756258
d43_12_G02_0_4_T,glasshouse_b2,5489,T0,R4,T,22990,1170,2717,82,1356.292683,2998.243902,67692,2109,3343,81764,2258,3057,22990,1264.724358,2686.413484,30020,1616.993238,944.4722518,467264,2580.122898,1775.0639,28142,1634.598287,902.0540118,22966,1264.694723,2686.064966
d31_13_G02_1_1_T,glasshouse_b2,5489,T1,R1,T,10005,1741,1736,62,1696.612903,1291.870968,21105,1780,2439,22149,1809,2368,10005,1733.036882,1740.91984,11286,1625.841042,926.1143009,366588,1562.645722,2102.590775,12879,1593.363305,984.8837643,10005,1733.036882,1740.91984
d05_24_G03_1_4_T,glasshouse_b1,CALINGIRI,T1,R4,T,2373,1530,727,42,1658.52381,326.9047619,4329,1526,674,4326,1526,674,2373,1529.977665,727.0851243,1602,1524.300874,788.0181024,288824,1460.047873,276.6598655,1480,1695.083108,350.4182432,2373,1529.977665,727.0851243
d05_33_G05_0_1_S,glasshouse_b1,Hartog,T0,R1,S,3015,1239,718,68,1346.823529,258.3088235,3870,1219,813,4152,1222,797,3015,1248.869652,718.8912106,1716,1283.269231,691.8548951,224784,1397.975132,303.5999715,2185,1225.603204,779.4919908,2978,1247.635997,722.014775
d49_19_G03_0_3_T,glasshouse_b2,CALINGIRI,T0,R3,T,18002,1725,2675,61,1041.557377,2424.786885,88150,1803,3785,132265,1730,3188,13019,1741.809432,3047.382518,51158,1596.618926,1008.342077,491261,1489.536906,2270.324445,51224,1571.535296,1014.64704,11856,1724.487179,2955.913968
d29_22_G03_1_2_T,glasshouse_b1,CALINGIRI,T1,R2,T,10388,1188,2759,57,2152,2852.105263,21324,1773,2496,29078,1933,3118,10388,1168.031671,2763.103677,9972,1924.321701,2299.923486,360725,2007.966504,2792.46508,9816,2216.803586,3978.027608,10170,1137.348574,2574.874533
d21_05_G01_1_1_T,glasshouse_b1,Gladius,T1,R1,T,9207,1401,3239,64,1522.546875,1984.578125,18667,1626,2143,22730,1383,2624,9207,1423.341805,3244.840665,9158,1444.131797,2752.762284,374426,1449.777668,2173.365138,8743,1504.710054,2169.44344,9207,1423.341805,3244.840665
d43_15_G02_1_3_T,glasshouse_b2,5489,T1,R3,T,12473,987,2660,94,1424.446809,4186.553191,59275,1411,3762,55463,1257,3883,11639,1028.570582,2680.188762,36105,1450.317878,4178.84354,533649,932.1715678,1838.972956,34860,1472.02992,4187.593718,11450,1028.976507,2685.288035
d27_11_G02_0_3_T,glasshouse_b2,5489,T0,R3,T,10682,1472,4068,60,1449.15,2381.016667,35948,1665,3380,41853,1546,2674,10682,1465.119921,4063.833739,16364,1487.973784,2596.120386,355443,1834.804919,3748.400112,11238,1455.695942,2508.939313,10682,1465.119921,4063.833739
d11_17_G03_0_1_T,glasshouse_b2,CALINGIRI,T0,R1,T,8178,2187,922,62,1299.032258,1924.693548,21179,1682,713,23539,1538,1493,8178,2159.905234,942.5195647,11616,1640.587982,490.0674931,387567,2057.723496,365.3836214,8552,1660.457788,413.465739,8178,2159.905234,942.5195647
d41_12_G02_0_4_T,glasshouse_b1,5489,T0,R4,T,17578,2852,2269,56,1693.339286,994.7857143,44841,1860,2322,43928,2030,3571,17578,2804.590682,2281.690636,20150,2454.873945,3170.91871,471984,2583.353294,1774.530666,25091,1639.720697,864.6839106,14656,2007.613947,2950.585699
d5_T017_21.10.23,field,Gladius,na,R6,T,17697,1187,5046,48,1472.208333,2034.770833,182426,1151,5026,192386,1171,4946,17696,1190.957787,5046.624661,93988,1068.042388,4543.37774,466581,919.1424297,4732.362599,92068,1074.563312,4604.55623,11492,1199.992691,5086.85503
d11_18_G03_0_2_T,glasshouse_b2,CALINGIRI,T0,R2,T,11253,1649,683,62,1446.064516,395.4516129,20105,1649,683,23343,1471,890,11253,1558.189283,700.3793655,8320,1450.691466,443.9551683,466296,1480.533176,440.2264699,7479,1453.441235,425.2293087,10667,1556.838849,716.7218524
d35_28_G04_0_4_S,glasshouse_b2,Forrest,T0,R4,S,4483,2549,3040,59,982.7457627,1135.271186,25384,1479,3278,32793,1388,2923,4483,2553.661611,3039.932857,17130,1406.874548,823.7176883,377309,1453.517152,331.8714634,15173,1467.146247,759.2267185,4459,2553.976228,3038.255214
d29_40_G05_1_4_S,glasshouse_b1,Hartog,T1,R4,S,10006,2404,3100,67,2229.925373,2921.462687,17614,2429,2516,25751,2394,2955,10005,2389.69905,3095.458871,8600,2491.036279,2451.286395,401983,2197.043892,2693.965324,7922,2587.271775,1940.17281,9940,2389.750101,3093.95664
d41_48_G06_1_4_S,glasshouse_b1,3811,T1,R4,S,19216,1435,3232,63,1696.619048,4342.412698,28551,1236,2821,25125,1631,4031,19134,1452.663844,3236.502613,12570,1754.315752,4462.962132,504542,1704.621665,2735.575352,12431,1733.416378,4469.396911,11359,1474.70147,3288.256273
d17_25_G04_0_1_S,glasshouse_b1,Forrest,T0,R1,S,6253,1495,1863,61,650.0491803,2509.721311,7217,1537,1590,7817,1099,2570,6253,1464.206941,1847.589957,4147,647.6530022,2540.013263,520816,1410.246578,1516.972169,3271,1342.447264,630.6355854,6238,1464.586406,1846.736775
d49_47_G06_1_3_S,glasshouse_b2,3811,T1,R3,S,6652,994,3377,75,1122.853333,3341.493333,55622,1322,3859,56159,1344,3829,6652,953.7094107,3362.945731,25902,1781.372519,2225.078218,331170,867.6656883,4316.967319,21444,1593.439004,3864.084965,6193,1130.513483,4582.874051
d13_43_G06_0_3_S,glasshouse_b1,3811,T0,R3,S,6279,1386,1852,66,1437.333333,2254.545455,12516,1409,2020,14854,1611,1690,6279,1421.893932,1850.245103,5876,1528.187883,1667.339517,366993,1454.222615,1591.050391,6320,1639.292405,390.0906646,6233,1420.660677,1853.876143
d5_T023_21.10.23,field,3811,na,R8,S,75316,550,3947,77,908.1168831,6126.038961,271178,980,4845,324337,841,4471,56443,544.019967,3798.235831,141097,990.5116126,4299.71791,503936,362.6023205,3481.665793,246666,933.1693464,3715.66914,55372,545.2867334,3799.709817
d45_31_G04_1_3_S,glasshouse_b1,Forrest,T1,R3,S,4548,2095,3700,62,2375.467742,3132.403226,17786,789,2480,17786,789,2480,4548,2098.908751,3697.584213,10874,626.5236344,2071.690086,415046,326.1444298,3120.991413,9466,1586.909465,601.676104,4548,2098.908751,3697.584213
d17_34_G05_0_2_S,glasshouse_b1,Hartog,T0,R2,S,6431,853,2589,73,1662.657534,725.6164384,20416,944,1897,22757,1928,2204,6431,853.4815736,2589.266522,10867,2261.052452,2758.718506,350356,1446.197042,1334.159335,9716,2294.850453,2799.76832,7182,2120.020189,1334.123225
d09_16_G02_1_4_T,glasshouse_b1,5489,T1,R4,T,5059,1609,1216,79,1532.886076,502.6582278,4216,1655,1324,6907,1544,1045,5059,1608.507808,1216.302827,2457,1674.370777,1418.416361,369292,1451.977024,1347.599084,1946,1685.814491,1458.027749,3728,1640.3978,1320.439378
d21_19_G03_0_3_T,glasshouse_b1,CALINGIRI,T0,R3,T,11525,1721,2631,58,1612.068966,2082.293103,20512,1459,3239,21040,1459,3224,10068,1449.244636,3128.719507,10463,1477.819363,2686.683074,752688,1394.274189,2520.878036,15333,1611.481576,2802.833953,10068,1449.244636,3128.719507
d4_T004_14.10.23,field,3811,na,R1,S,46441,1440,5189,87,643.908046,3583.068966,204910,1145,5140,239296,1087,4935,43424,1415.172808,5148.098793,89754,1210.367861,3111.767721,523981,1377.640121,5082.470332,169180,1293.809913,5289.092186,40779,1425.291964,5101.62927
d33_25_G04_0_1_S,glasshouse_b1,Forrest,T0,R1,S,4987,2202,3157,59,759.2881356,3873.559322,18292,871,3461,26579,1019,2894,4987,2201.927812,3156.962503,12115,863.8245151,2805.64837,378248,871.4560474,2832.710465,13564,839.6732527,2906.019316,4960,990.1879032,3015.768145
d3_T022_08.10.23,field,3811,na,R7,S,41707,857,5210,72,931.125,3647.222222,180284,1224,5246,186388,1213,5228,41705,856.5586381,5209.955257,79974,1407.246105,4227.76795,320726,906.5503296,4896.32732,158736,1171.525886,5396.757112,38825,850.5990728,5199.398661
d09_09_G02_0_1_T,glasshouse_b1,5489,T0,R1,T,8534,1769,1281,55,1981.709091,1764.836364,7252,1938,1574,8005,1662,1022,8534,1778.151863,1276.954769,3165,1956.513744,1674.462243,401394,1496.087263,926.4783529,4945,1582.055814,290.2770475,8534,1778.151863,1276.954769
d45_18_G03_0_2_T,glasshouse_b1,CALINGIRI,T0,R2,T,21719,1109,2586,71,1078.112676,3031.84507,54544,1621,2232,53764,1348,2181,21719,1189.365763,2586.131728,24892,1086.99779,2066.442793,427203,1411.465044,2198.433749,33623,1031.911013,2679.085061,15809,1166.399962,2254.905687
d33_41_G06_0_1_S,glasshouse_b1,3811,T0,R1,S,5311,1433,3335,54,1397.537037,2112.777778,27220,1540,2100,36637,1381,2816,5157,1430.96529,3324.346713,15520,1435.127706,3538.772358,373556,1458.11678,2644.361263,16342,1433.0462,3516.646677,5138,1431.0761,3324.32464
d29_37_G05_1_1_S,glasshouse_b1,Hartog,T1,R1,S,4933,2362,2581,59,1044.881356,2142.932203,7299,2366,2665,7302,2366,2665,4933,2376.245084,2581.098926,4148,967.807377,2208.770733,362009,2568.588347,2124.287816,4371,973.643331,2197.394875,4933,2376.245084,2581.098926
d33_35_G05_0_3_S,glasshouse_b1,Hartog,T0,R3,S,5704,1439,4221,65,1222.646154,3828.061538,22209,1263,3740,19641,853,1967,5704,1443.867987,4211.529102,10760,1313.812825,3668.542472,350048,1459.404045,3380.024697,12285,1327.03606,3562.397884,3869,998.5590592,2208.623417
d11_09_G02_0_1_T,glasshouse_b2,5489,T0,R1,T,5742,1989,1876,62,1975.854839,1989.064516,12750,1974,1725,11696,1572,670,5742,1988.885057,1875.587252,5297,2466.454031,1530.341136,454188,2031.161746,1655.092426,5177,1587.717983,319.2476338,5742,1988.885057,1875.587252
d11_21_G03_1_1_T,glasshouse_b2,CALINGIRI,T1,R1,T,3984,1279,1313,50,1805.18,1527.02,13147,1795,1669,13554,1471,1632,3984,1277.235442,1313.385793,5636,1723.100071,1562.057665,364350,1458.543508,1013.710644,4540,1794.039868,1557.693612,3984,1277.235442,1313.385793
d07_02_G01_0_2_T,glasshouse_b2,Gladius,T0,R2,T,4221,1213,1000,55,1190.618182,1134.2,7692,1385,428,10178,1303,588,4221,1213.237148,999.8073916,4651,1557.110084,317.8110084,357327,2031.171927,888.0755079,3389,1608.594276,301.6417822,4221,1213.237148,999.8073916
d29_18_G03_0_2_T,glasshouse_b1,CALINGIRI,T0,R2,T,17852,1133,2443,61,1384.032787,1239.885246,34647,1340,2114,32708,1324,2159,17850,1204.864874,2478.904706,13449,1125.472972,1909.917466,439606,1425.013471,1174.39219,18028,1415.181662,1030.198414,18466,1205.407235,2311.194574
d37_27_G04_0_3_S,glasshouse_b1,Forrest,T0,R3,S,11050,764,3240,65,743.2153846,3170.015385,26732,744,3053,26732,744,3053,11050,849.2247964,3220.585611,10224,728.6837833,3065.992958,489629,840.438916,2321.926287,16335,751.4276706,2655.282277,5882,923.1989119,3690.742945
d3_T002_08.10.23,field,Gladius,na,R2,T,213563,1263,5464,55,692.5818182,6337,364057,1260,5458,368781,1429,5339,163525,1382.570873,5317.552203,183085,1254.442319,5205.081875,1185793,904.4910621,5355.218083,364506,1312.03784,5437.28343,154213,1414.273181,5339.288821
d41_41_G06_0_1_S,glasshouse_b1,3811,T0,R1,S,30343,1295,3684,58,2377.396552,2730.603448,58540,1191,3887,61174,1203,3848,30343,1306.731305,3686.856277,39177,1295.321541,3639.248437,615335,1242.357693,3623.572553,57568,1208.473961,3909.578846,20981,1254.800248,3748.275916
d21_47_G06_1_3_S,glasshouse_b1,3811,T1,R3,S,6750,1465,2116,61,1548.983607,2512.459016,10656,1429,2417,10652,1467,1765,6750,1465.022667,2115.917333,5800,1527.414483,2496.614828,442420,1533.034124,1715.367456,7000,1531.116,2439.982143,6750,1465.022667,2115.917333
d25_15_G02_1_3_T,glasshouse_b1,5489,T1,R3,T,12677,970,2621,75,922.1733333,2033.613333,15283,933,2413,17151,970,2659,12677,1029.857853,2630.983513,8884,941.6462179,2823.567875,598744,954.7696344,1932.621559,7936,911.9440524,2761.192288,12892,1026.418942,2617.46556
d21_43_G06_0_3_S,glasshouse_b1,3811,T0,R3,S,10104,1799,3104,52,1777.865385,2595.134615,22133,1729,2425,30427,1784,2736,10104,1773.662906,3095.51158,11976,821.6445391,3314.172512,419632,851.899786,2822.317411,12955,804.47912,3267.924199,10104,1773.662906,3095.51158
d43_27_G04_0_3_S,glasshouse_b2,Forrest,T0,R3,S,10607,764,3220,54,1453.037037,655.2222222,34227,933,3749,46638,754,2996,10607,850.9981145,3203.595644,20221,1458.582068,729.3695663,496326,845.3559556,2321.246642,21158,1439.909538,773.8370356,8127,1427.454534,630.253353
d37_06_G01_1_2_T,glasshouse_b1,Gladius,T1,R2,T,5885,1514,1618,75,1935.373333,1328.986667,19921,1848,1327,19650,1614,1312,5885,1518.522175,1623.240102,10283,1675.803657,1522.452592,361516,1880.000479,1469.600964,11934,1715.772331,1487.42115,5885,1518.522175,1623.240102
d1_T006_27.09.23,field,3811,na,R3,S,44091,1816,6111,98,1268.744898,6195.204082,225280,1291,5380,301476,1179,2738,36308,1817.050347,6074.105624,142515,1390.161793,5902.645946,794996,1924.608652,5702.282668,190981,1124.497002,3210.944837,33535,1812.425943,6094.169465
d45_39_G05_1_3_S,glasshouse_b1,Hartog,T1,R3,S,6475,1526,2621,70,1716.714286,2355.928571,30224,1705,2346,26605,1043,3190,6475,1535.201081,2624.992896,12287,1705.610238,2421.70717,385499,1456.108527,2108.83623,13871,1448.359815,2693.365583,6447,1534.792462,2625.722817
d37_09_G02_0_1_T,glasshouse_b1,5489,T0,R1,T,13691,766,4445,48,794.9583333,4544.291667,39417,2218,3175,31738,2194,4555,12579,807.2982749,4391.034184,14369,793.6912798,4446.927622,494949,855.9056489,4016.155751,21257,2426.73317,4077.723056,12034,809.0746219,4387.944158
d27_20_G03_0_4_T,glasshouse_b2,CALINGIRI,T0,R4,T,18001,1790,2354,51,1579.235294,1362.333333,40867,1139,3689,45102,1077,3373,18000,1859.369833,2340.8965,19367,1535.994733,4197.555739,595456,1548.661763,3550.952336,12363,1852.977433,2571.115587,18001,1859.363146,2340.94867
d09_40_G05_1_4_S,glasshouse_b1,Hartog,T1,R4,S,1402,1338,485,64,1218.46875,892.859375,2345,1373,432,3349,1305,580,1402,1340.425107,486.2339515,1004,1218.787849,892.1583665,311043,1452.80484,283.0305199,1304,1567.08589,415.6157975,1639,1573.516779,388.8669921
d49_01_G01_0_1_T,glasshouse_b2,Gladius,T0,R1,T,10242,938,2642,51,1978.098039,1115.039216,81628,1320,3763,90489,1306,3639,9621,2166.565222,2510.728718,29251,2032.018837,1246.787153,664196,922.2684524,2489.482588,41493,695.7648037,3263.655171,7382,953.1402059,2719.344216
d17_36_G05_0_4_S,glasshouse_b1,Hartog,T0,R4,S,4764,1171,1878,61,1279.04918,1005.655738,18421,1072,2208,18414,1072,2208,4764,1185.763434,1880.541982,6955,862.8330697,2803.074047,384877,869.3417066,2229.331363,7836,1343.719245,940.2378765,4598,772.4849935,2832.688125
d27_09_G02_0_1_T,glasshouse_b2,5489,T0,R1,T,9959,758,4260,94,2349.053191,2479.585106,40077,2295,3950,50532,2069,2646,9959,780.6413295,4268.305452,18758,2390.705619,3970.859793,377012,886.5769737,3936.74487,14237,2335.349301,3278.685257,9959,780.6413295,4268.305452
d31_35_G05_0_3_S,glasshouse_b2,Hartog,T0,R3,S,5567,1423,4241,95,1630.084211,677.4526316,25611,1266,3476,33794,1190,3209,3813,1652.794388,475.5129819,14270,1564.006097,737.2105116,354264,1459.31214,3371.10252,12869,1571.448209,667.3478126,3811,988.0139071,2236.600892
d27_44_G06_0_4_S,glasshouse_b2,3811,T0,R4,S,12798,1235,3542,56,1576.357143,877.125,38541,1274,1320,42448,1184,3037,12798,1197.659165,3541.226754,19360,832.788688,2197.627479,558339,916.1626592,1169.933361,11065,858.3451423,2619.460371,7817,820.2489446,1411.839452
d1_T002_27.09.23,field,Gladius,na,R2,T,133683,873,5567,104,1036.461538,5249.403846,373986,1227,5467,382680,1385,5339,112576,906.3271479,5650.926405,191967,1213.763694,5199.663807,796481,900.6888739,5082.818867,374371,1276.816618,5449.396967,109982,902.899038,5667.476833
d27_34_G05_0_2_S,glasshouse_b2,Hartog,T0,R2,S,6621,2120,1331,88,1536.727273,565.75,30411,1577,1140,42147,1954,2369,6621,2119.615768,1332.046368,16494,1564.612283,750.3314539,464401,1921.359179,976.2913323,12882,1541.770998,656.9784195,6564,2121.714503,1336.996039
d49_05_G01_1_1_T,glasshouse_b2,Gladius,T1,R1,T,12824,1367,4003,85,1272.752941,2990.376471,76188,1323,3703,109580,1282,2757,10582,1393.249575,4109.236534,44653,1292.71545,2721.520816,490451,1376.261553,3885.78069,57655,1131.293747,3296.118619,6704,1449.957339,4337.384397
d37_30_G04_1_2_S,glasshouse_b1,Forrest,T1,R2,S,2210,701,2287,80,752.9,2416.6875,8130,778,2483,8130,778,2483,2210,704.6692308,2289.830317,6439,780.8526169,2332.366051,379091,873.9507717,2492.282204,5491,744.2150792,2391.483883,2038,696.5078508,2305.286555
d49_33_G05_0_1_S,glasshouse_b2,Hartog,T0,R1,S,11697,1340,578,48,2186.25,2419.041667,63625,2002,2906,82214,1775,2554,9149,1354.496994,574.9351842,42767,1511.536652,785.0606776,381523,1456.62147,331.5166976,41864,1534.668235,782.0601233,9150,1354.496393,574.9278689
d27_26_G04_0_2_S,glasshouse_b2,Forrest,T0,R2,S,6655,1417,3106,52,1586.807692,2848.423077,27144,1420,3056,27152,1420,3056,5110,965.909589,2565.387476,9582,1216.753287,2732.694845,399297,1455.935484,364.3452192,7123,2015.385933,2867.593149,5110,965.909589,2565.387476
d45_02_G01_0_2_T,glasshouse_b1,Gladius,T0,R2,T,8475,1880,3597,48,1265.0625,2855.6875,38184,1653,4060,39587,1681,4013,8475,1825.450973,3587.055103,17247,1707.09967,2241.679133,612812,2078.345777,2540.807677,20511,1548.181415,4388.979084,8475,1825.450973,3587.055103
d35_19_G03_0_3_T,glasshouse_b2,CALINGIRI,T0,R3,T,9817,1486,3184,50,1840.7,884.24,46350,1503,1598,45672,1503,1594,9817,1471.507793,3183.545482,23576,1638.044113,1056.952027,649355,1516.26532,2410.72864,28528,1572.543256,1167.360628,9817,1471.507793,3183.545482
d15_21_G03_1_1_T,glasshouse_b2,CALINGIRI,T1,R1,T,9711,1868,2353,57,1706.947368,2110.877193,18389,1822,2150,19680,1800,1834,9711,1868.942539,2353.465658,7718,1377.038741,1880.212361,349607,2037.598154,2077.66801,5167,1815.103155,1728.591446,9711,1868.942539,2353.465658
d45_41_G06_0_1_S,glasshouse_b1,3811,T0,R1,S,42182,1188,3853,59,1267.627119,3592.474576,76524,1190,3981,75430,1190,3981,23968,1034.304364,4017.873456,44809,1336.731103,3638.291705,640108,1215.891161,3668.359138,73658,1229.446469,4001.123761,23952,1033.782189,4019.142243
d21_30_G04_1_2_S,glasshouse_b1,Forrest,T1,R2,S,2231,775,2278,80,731.5875,2222.3125,7610,830,2181,7610,830,2181,2231,795.6284177,2281.486329,3809,752.1512208,2204.883959,375751,872.5927542,2481.728615,3758,751.9912187,2202.664715,2199,795.884493,2278.730787
d19_19_G03_0_3_T,glasshouse_b2,CALINGIRI,T0,R3,T,12029,1732,2287,63,1449.063492,1064.650794,25132,1499,1401,24968,1499,1401,12029,1718.348657,2287.186882,13570,1463.473029,1100.486146,732540,1464.54741,2355.890751,13017,1574.99516,3053.638165,8997,1472.154607,3019.463043
d15_33_G05_0_1_S,glasshouse_b2,Hartog,T0,R1,S,3360,1225,882,51,1197.45098,2353.745098,13733,1259,2273,13542,1259,2280,3360,1229.100298,882.078869,6036,1073.647614,1041.408714,365852,1456.865727,2197.073598,9177,1156.630598,2304.436744,3360,1229.100298,882.078869
d13_45_G06_1_1_S,glasshouse_b1,3811,T1,R1,S,3653,1529,1252,63,1439.174603,1380.68254,10040,1557,1500,10051,1557,1500,3653,1524.546126,1251.726526,4035,1501.728377,1254.954399,372024,1025.397703,1465.303738,4698,928.1796509,853.9957429,3653,1524.546126,1251.726526
d25_22_G03_1_2_T,glasshouse_b1,CALINGIRI,T1,R2,T,10116,2166,2567,66,1944.5,2283.863636,18552,1788,2226,23736,2171,2738,10116,2160.974397,2567.309806,8038,1914.22207,2020.189102,726800,2010.466914,1519.630382,9219,1914.200998,1695.248834,9392,1144.956346,2440.710285
d35_08_G01_1_4_T,glasshouse_b2,Gladius,T1,R4,T,18136,1888,2110,48,2031.333333,1551.479167,31696,1805,1291,31022,1797,1282,18136,1925.447067,2101.318869,14503,1751.082604,1450.246087,476051,1982.480369,1189.064073,12404,1804.323767,980.729684,7593,1590.375346,2051.557355
d05_41_G06_0_1_S,glasshouse_b1,3811,T0,R1,S,2253,1573,819,61,1720.163934,522.852459,3407,1487,432,4497,1576,676,2253,1564.804261,820.6307146,1710,1399.882456,467.4935673,219527,1463.887016,240.6073786,3115,1632.637239,248.9640449,2242,1564.909456,819.8412132
d15_46_G06_1_2_S,glasshouse_b2,3811,T1,R2,S,4723,1662,1513,70,1625.871429,620.6285714,12590,1728,1914,14775,1685,1817,4723,1676.055473,1513.400381,5553,1570.557897,1420.992977,364050,1461.802137,1020.043928,4723,1676.615287,1528.956384,4723,1676.055473,1513.400381
d19_29_G04_1_1_S,glasshouse_b2,Forrest,T1,R1,S,3132,238,1757,69,1385.202899,733.5652174,7166,273,1699,7255,1281,2018,3132,240.9262452,1757.542146,4011,295.7434555,1669.752929,327550,280.4510334,1479.163419,2534,214.5217048,1807.32281,2972,243.2648048,1749.826716
d35_04_G01_0_4_T,glasshouse_b2,Gladius,T0,R4,T,19918,2050,3513,66,1590.924242,653.2272727,55145,1640,1258,49191,1641,1164,19531,2040.890123,3521.853054,31423,1626.403081,796.8873437,495076,1500.420511,463.1253282,29755,1626.602016,775.2938666,19432,2040.542096,3515.013689
d7_T012_04.11.23,field,Gladius,na,R5,T,86100,758,5764,81,542.5679012,6321.753086,201339,966,5697,200691,866,5673,77498,753.1242355,5768.675914,91081,676.7186021,6204.227391,719613,496.9476149,5735.180298,116491,849.0216412,6157.087938,75484,751.2943935,5754.499868
d45_03_G01_0_3_T,glasshouse_b1,Gladius,T0,R3,T,12980,1542,3275,62,1773.564516,2442.145161,46925,1900,4032,47590,1900,4031,12980,1494.607858,3289.35547,21577,1670.384298,3276.455207,648463,1489.563079,2895.718849,31080,1707.325064,2224.135682,13730,1367.994173,1690.241442
d25_43_G06_0_3_S,glasshouse_b1,3811,T0,R3,S,13335,1766,3341,46,643.6956522,1760.152174,27608,1774,2669,33809,1810,3020,13335,1778.765129,3342.541207,14357,1785.366929,2416.654594,424603,851.4013231,2799.743947,17954,755.9699788,3623.146318,13335,1778.765129,3342.541207
d09_33_G05_0_1_S,glasshouse_b1,Hartog,T0,R1,S,3180,1238,717,52,1393.269231,202.25,7085,1247,652,7070,1247,652,3180,1242.55,716.6679245,3749,1123.398773,782.0098693,355314,1455.463317,770.7702089,3437,1120.095432,794.3418679,3180,1242.55,716.6679245
d37_21_G03_1_1_T,glasshouse_b1,CALINGIRI,T1,R1,T,29604,1864,3631,60,1598.016667,3622.383333,27237,1779,4223,27904,1783,4216,18801,1861.913994,3274.094144,13437,1720.85979,3993.248493,559033,1945.604013,2745.756966,13933,1579.589823,1811.433431,19199,1862.521017,3235.521746
d15_47_G06_1_3_S,glasshouse_b2,3811,T1,R3,S,6069,1418,1842,76,1516.684211,760.9736842,14120,1409,1726,12661,1413,1687,6069,1417.211237,1841.507827,6168,1278.80869,1449.220169,599954,1386.917559,1315.832215,4696,1318.752342,1396.022572,6069,1417.211237,1841.507827
d27_45_G06_1_1_S,glasshouse_b2,3811,T1,R1,S,9158,784,2366,57,1047.245614,1500.859649,26268,1283,1763,25292,1296,1732,9158,783.8009391,2365.683228,13306,1082.390651,1515.482188,390624,858.4644901,1520.099669,12139,1602.534146,3391.78046,9158,783.8009391,2365.683228
d43_32_G04_1_4_S,glasshouse_b2,Forrest,T1,R4,S,5066,581,2521,52,647.4423077,2288.884615,22207,481,3207,26611,517,2977,5066,581.1405448,2520.7197,10596,1494.854379,713.4457342,376711,2587.81073,2771.829474,9092,1410.147382,687.5868896,5066,581.1405448,2520.7197
d07_42_G06_0_2_S,glasshouse_b2,3811,T0,R2,S,1979,1334,615,74,1354.864865,291.5810811,7354,1433,423,7565,1428,415,1979,1336.525518,615.3572511,2795,1164.90161,893.5856887,356798,1454.17668,765.9501455,3012,1172.747012,881.1626826,1979,1336.525518,615.3572511
d31_08_G01_1_4_T,glasshouse_b2,Gladius,T1,R4,T,9934,1984,2631,51,1846.333333,2017.098039,23756,1804,1248,23581,1802,1245,8722,1937.913437,1603.074753,10479,1711.837866,875.7679168,417765,2003.33128,2095.460939,12643,1869.203591,1496.207546,7878,1626.018406,2075.371922
d07_23_G03_1_3_T,glasshouse_b2,CALINGIRI,T1,R3,T,3705,1538,1147,79,1821.886076,350.9746835,4210,1757,297,4210,1757,297,3705,1540.333333,1146.980027,2144,1609.754198,308.0410448,330437,1453.893962,877.7410278,1884,1800.039809,328.5180467,2022,1521.310089,1283.13996
d6_T010_28.10.23,field,Gladius,na,R3,T,17115,792,5166,74,1439.689189,6141.27027,140702,1199,5343,150688,1176,5237,9673,776.9310452,5328.650264,58122,1450.806596,6024.88519,386450,1054.44089,5893.500326,125610,1252.416894,5477.574023,7582,771.1656555,5260.203376
d7_T008_04.11.23,field,3811,na,R4,S,35811,1136,6445,57,754.0877193,3769.368421,182675,957,3000,238461,894,3456,33120,719.8345713,3104.590187,103955,1109.133971,6174.75879,466765,1141.574503,2639.595809,102898,878.1500418,2789.967842,31592,728.148392,3102.601956
d49_20_G03_0_4_T,glasshouse_b2,CALINGIRI,T0,R4,T,23266,2150,1142,75,644.8,2400.173333,98311,1517,1544,119578,1867,2978,17705,1879.135555,2360.857385,50148,1511.91232,1008.12485,464983,951.8252775,1960.695468,50156,1725.242204,1038.353637,17705,1879.135555,2360.857385
d17_09_G02_0_1_T,glasshouse_b1,5489,T0,R1,T,7806,1925,2042,62,2113.467742,1789.322581,16722,2079,2803,17111,2050,2722,6353,1954.295766,2149.657012,7161,1201.75576,2728.377042,388248,2141.512446,2571.629487,6997,2230.500357,3050.514077,6353,1954.295766,2149.657012
d15_07_G01_1_3_T,glasshouse_b2,Gladius,T1,R3,T,12248,1417,1651,54,1428.296296,1682.222222,18313,1600,1116,19563,1381,2163,12248,1416.529311,1651.426764,10560,1690.050284,1338.751042,451200,1418.503382,1163.540492,6792,1526.105565,1270.968934,12248,1416.529311,1651.426764
d11_01_G01_0_1_T,glasshouse_b2,Gladius,T0,R1,T,5532,2008,1915,57,1561.701754,433.7368421,13361,1886,1710,15366,1853,1652,5532,2009.56833,1913.909255,7360,1660.738723,463.3574728,527136,1701.449905,1634.635051,7071,1659.175788,453.0625088,5532,2009.56833,1913.909255
d43_14_G02_1_2_T,glasshouse_b2,5489,T1,R2,T,22498,2415,3188,67,2040.597015,1845.373134,45946,2024,2177,47234,2196,2144,22498,2383.553471,3201.938706,21567,2152.605926,2922.060926,423275,2077.210773,1281.473201,22466,2145.170346,2914.893172,22303,2382.934986,3197.03152
d35_43_G06_0_3_S,glasshouse_b2,3811,T0,R3,S,25350,660,3892,55,714.0181818,3632.4,56981,1606,3705,56416,1606,3705,25350,721.2560158,3874.348323,25913,1764.283912,2530.829275,576028,1226.417816,3362.78641,26931,707.2823512,4028.332628,23961,731.0134802,3837.792955
d15_12_G02_0_4_T,glasshouse_b2,5489,T0,R4,T,10258,1087,1558,62,1594.903226,593.1451613,18711,1733,2085,19455,1725,2069,10258,1108.593391,1568.784071,10139,1552.806687,689.3272512,533335,1061.732806,1164.088498,13424,1496.967744,800.5363528,10258,1108.593391,1568.784071
d13_18_G03_0_2_T,glasshouse_b1,CALINGIRI,T0,R2,T,11969,1173,1550,73,1427.246575,436.5068493,17975,1436,945,18006,1436,945,11969,1199.331105,1544.723703,7293,1260.016454,850.6539147,408760,1054.046805,923.4115716,9607,1408.341522,378.530967,11969,1199.331105,1544.723703
d33_03_G01_0_3_T,glasshouse_b1,Gladius,T0,R3,T,13421,1552,3276,64,1609.109375,1235.421875,28499,1567,3966,27827,1367,2540,13421,1503.22964,3288.545786,15576,1261.290383,4187.414548,394937,1495.033038,2795.622669,20074,1733.280811,1097.262429,14231,1378.233785,1660.371021
d49_43_G06_0_3_S,glasshouse_b2,3811,T0,R3,S,24314,822,3881,104,1650.730769,868.5673077,154362,1614,3715,181992,1781,3463,24230,745.5153529,3850.566612,59871,1746.962336,969.0024219,613361,429.0945821,3188.531592,91383,2155.696661,3856.771062,24025,744.3664516,3851.154256
d3_T005_08.10.23,field,3811,na,R2,S,15967,1661,4882,64,1837.546875,3488.484375,174162,1276,5349,174581,1277,5349,15264,1678.015134,4876.58484,83281,1645.751684,4804.269509,501902,1853.07036,4799.005814,87436,1561.052827,4955.377945,12530,426.4992019,6176.632961
d05_32_G04_1_4_S,glasshouse_b1,Forrest,T1,R4,S,1752,1406,666,55,1556.909091,267.9454545,1720,1405,669,2319,1431,613,1752,1405.888699,666.234589,899,1435.509455,601.2502781,320686,1454.440973,287.6364325,879,1565.0876,257.403868,1752,1405.888699,666.234589
d37_05_G01_1_1_T,glasshouse_b1,Gladius,T1,R1,T,15584,1318,3756,60,1348.266667,3337.35,32198,1636,2483,33035,1627,2541,15584,1443.777464,3745.735498,13805,1373.018761,2214.167258,298977,1314.262465,3440.545213,17931,1346.80648,2639.347443,5761,1380.254817,2604.449575
d09_28_G04_0_4_S,glasshouse_b1,Forrest,T0,R4,S,3270,1694,974,78,1595.051282,300.7564103,7655,1601,626,7642,1233,596,3270,1685.097248,974.3152905,3278,1684.969799,973.6766321,366125,861.4022287,864.5812578,7112,1537.936727,331.2173791,3270,1685.097248,974.3152905
d27_37_G05_1_1_S,glasshouse_b2,Hartog,T1,R1,S,4769,2380,2577,61,2383.836066,2419.442623,12273,1104,1996,12117,1099,2020,4769,2394.973789,2577.341371,5748,1036.898747,2099.149095,167029,2581.190147,2629.30924,4447,995.4198336,2188.166179,4769,2394.973789,2577.341371
d11_48_G06_1_4_S,glasshouse_b2,3811,T1,R4,S,5858,1315,1413,65,1423.076923,847.3230769,10068,1314,1417,10799,1321,1387,5858,1319.785592,1415.215773,6709,1618.53391,434.4766731,411750,1446.544889,1024.588614,6052,1645.870952,420.6870456,5858,1319.785592,1415.215773
d45_11_G02_0_3_T,glasshouse_b1,5489,T0,R3,T,22626,1565,3915,57,2825.087719,3400.684211,42884,1621,3374,41369,1698,3715,14227,1471.364307,4198.401982,19860,1481.273917,4222.364955,506268,1892.770068,3416.340302,24992,2949.954866,3581.192782,14052,1469.624466,4203.33497
d27_42_G06_0_1_S,glasshouse_b2,3811,T0,R2,S,12764,940,3001,51,1275.823529,4115.27451,37505,1075,1682,40229,1729,2019,12764,887.5216233,2991.315967,16340,863.5743574,2254.616769,356409,1947.302941,2101.162807,15789,876.4725442,2189.305656,12764,887.5216233,2991.315967
d05_01_G01_0_1_T,glasshouse_b1,Gladius,T0,R1,T,4453,1696,885,64,1562.984375,318.609375,4036,1638,484,3766,1708,936,4356,1700.748852,892.6166208,2045,1671.065037,772.7070905,372255,1454.768651,805.2827685,1955,1609.920205,390.7258312,4354,1700.774231,892.7675701
d25_09_G02_0_1_T,glasshouse_b1,5489,T0,R1,T,7657,1100,2921,70,2409.928571,3814.842857,32533,2188,3000,30766,2438,3121,7657,1119.419616,2927.176962,10672,2340.347358,3105.694153,347253,2119.112627,3751.916251,13085,2274.672144,1976.233703,6428,809.2896702,4017.004512
d07_05_G01_1_1_T,glasshouse_b2,Gladius,T1,R1,T,3684,1594,907,58,1655.362069,191.3103448,7072,1866,321,9081,1610,691,3684,1594.344191,907.2738871,3275,1528.528855,1019.642443,342723,2040.254232,293.5860593,2830,1540.936042,722.9865724,3672,1594.35158,907.6963508
d07_27_G04_0_3_S,glasshouse_b2,Forrest,T0,R3,S,3982,1444,534,60,1397.35,301.6833333,9538,1453,398,8002,1459,350,3982,1418.503767,534.2656956,3510,1391.229345,286.9344729,389274,1825.569391,269.0379296,2609,1358.783059,702.8440015,3967,1418.469876,534.7393496
d19_34_G05_0_2_S,glasshouse_b2,Hartog,T0,R2,S,7222,2127,1289,52,1718.115385,717.4807692,27092,1578,1181,27154,1581,1182,7222,2123.577541,1289.145804,13941,1533.756904,801.1215838,448483,1911.934611,951.2201042,14869,2264.06712,2685.387316,7073,2128.785805,1301.138696
d35_11_G02_0_3_T,glasshouse_b2,5489,T0,R3,T,14541,1420,4258,69,1543.188406,2357.492754,37698,1647,3693,45756,1463,2900,14541,1435.342824,4254.051716,18256,1515.19862,2734.713519,383190,1449.966197,3878.007135,12902,1409.251821,4361.65672,11071,1397.350104,4381.990877
d7_T011_04.11.23,field,Gladius,na,R4,T,86828,1546,5861,67,1471.358209,3966.432836,264953,1274,5656,240520,1226,5791,71957,1548.96409,5817.584738,108947,1642.001505,5807.230387,847724,723.7763317,5546.959482,113315,1643.606716,5793.89673,70082,1547.022345,5826.410847
d35_18_G03_0_2_T,glasshouse_b2,CALINGIRI,T0,R2,T,20827,1195,2269,82,1421.365854,1169.195122,44473,1368,1496,47036,1325,1784,18492,1199.557917,2318.664774,22283,1535.415608,1034.866131,597827,1416.492275,1815.622836,22767,1030.118461,2401.550929,18367,1199.172157,2319.284859
d07_14_G02_1_2_T,glasshouse_b2,5489,T1,R2,T,3301,1930,915,61,1971.836066,1071.836066,3434,1930,915,3434,1930,915,3301,1922.66495,918.7973341,1552,1536.485825,229.7918814,318484,2028.824437,881.9560041,1731,1539.481225,237.2853842,3301,1922.66495,918.7973341
d4_T002_14.10.23,field,Gladius,na,R2,T,204975,1025,5501,75,246.2133333,3340.56,359147,1135,5471,380452,1349,5264,85743,864.3060192,5391.724596,176320,1113.858536,5203.421348,940089,532.0595039,3291.213901,291981,1041.875554,5675.056144,81616,851.448466,5417.616166
d21_33_G05_0_1_S,glasshouse_b1,Hartog,T0,R1,S,4758,1324,3591,62,1287.612903,801.516129,15675,1601,2973,20269,1259,2525,4758,1328.249895,3590.811055,9257,1169.248137,2370.428757,345186,1454.248996,3076.453338,10089,1281.401725,786.2009119,4758,1328.249895,3590.811055
d17_11_G02_0_3_T,glasshouse_b1,5489,T0,R3,T,6510,1328,2559,59,1659.661017,1235.322034,20306,1526,2561,20305,1526,2561,6510,1328.101382,2559.014286,8280,1474.600121,2587.129106,381818,1457.949172,2219.785542,10352,1400.523764,2467.755506,6510,1328.101382,2559.014286
d41_38_G05_1_2_S,glasshouse_b1,Hartog,T1,R2,S,4170,2169,1835,66,1005.742424,2346.80303,23103,957,2317,20237,905,2345,4170,2170.288489,1833.434053,11286,854.3638136,1944.236576,396961,907.1679838,1630.699877,12619,758.1673667,2754.382518,3752,872.4248401,1673.422708
d09_23_G03_1_3_T,glasshouse_b1,CALINGIRI,T1,R3,T,6090,1507,1302,64,1525.265625,1151.65625,5295,1566,925,7590,1532,1166,6090,1509.629885,1302.243842,3097,1478.962867,1533.404908,387517,1453.160919,989.325498,2515,1612.741948,298.7168986,4256,1489.373825,1445.065085
d4_T011_14.10.23,field,Gladius,na,R4,T,55035,741,6271,86,918.2325581,5577.930233,217108,1057,5711,218236,1057,5711,46854,770.5952533,6332.710078,110532,1055.549162,6296.357082,581745,475.6353798,6064.345995,141823,900.9713023,6082.64553,38749,797.8183695,6313.736277
d31_21_G03_1_1_T,glasshouse_b2,CALINGIRI,T1,R1,T,22532,1923,3285,68,1709.205882,2903.308824,33510,1429,2099,33831,1429,2099,22532,1856.93507,3303.281821,14942,1672.452416,2986.036207,533957,1980.358134,2551.088573,15161,1573.082251,1609.685707,21264,1859.118322,3357.791996
d3_T004_08.10.23,field,3811,na,R1,S,47818,1414,5188,71,609.1267606,4578.267606,203085,1133,5125,221052,1100,5020,33267,1434.624553,5123.934981,91879,1175.234863,3089.7786,470473,1942.452542,4487.124889,170953,1270.435038,5269.555521,32833,1438.106478,5116.733926
d27_23_G03_1_3_T,glasshouse_b2,CALINGIRI,T1,R3,T,18028,1561,2997,64,1720.0625,3148.1875,23944,1433,1897,25328,1429,1941,7543,1564.378364,3849.375182,12998,1800.288352,2739.378981,395127,859.1051814,1565.857952,8419,1503.386863,1611.552322,7546,1564.378876,3849.445402
d45_47_G06_1_3_S,glasshouse_b1,3811,T1,R3,S,5249,681,4663,71,1385.830986,3818.901408,29722,1506,2771,30348,1502,2773,5249,689.4069347,4663.033149,14383,1512.352986,3591.752833,333036,865.6714199,4308.085925,14834,901.5954564,4388.977552,4913,1139.093833,4494.899858
d43_26_G04_0_2_S,glasshouse_b2,Forrest,T0,R2,S,6886,970,3973,72,1379.111111,3647.722222,39811,1544,3719,41461,1534,3693,6886,982.4491722,3973.26779,16339,1465.60224,3607.763143,381368,1849.004439,877.2185868,9885,1252.799494,2609.279009,6886,982.4491722,3973.26779
d13_19_G03_0_3_T,glasshouse_b1,CALINGIRI,T0,R3,T,8017,1683,1620,58,1532.224138,741.5689655,13330,1481,2053,14368,1480,2035,8017,1687.760634,1620.333541,6116,1572.269294,1154.689176,400692,1826.29177,938.5102298,9481,1566.081848,2078.667546,8017,1687.760634,1620.333541
d19_28_G04_0_4_S,glasshouse_b2,Forrest,T0,R4,S,3666,1516,2081,88,1501.659091,692.2954545,13989,1148,942,13989,1148,942,3666,1515.539553,2081.227223,9993,1501.776243,845.3405384,315579,1452.05462,2606.097415,5105,1529.843291,602.3572968,3666,1515.539553,2081.227223
d43_33_G05_0_1_S,glasshouse_b2,Hartog,T0,R1,S,6793,1361,560,85,1129.564706,737.5176471,46412,2004,2817,62987,1793,2434,6793,1361.396585,560.3494774,29304,1463.531634,710.2629334,336979,1458.856531,800.1429258,26601,1485.284914,659.9982707,6089,2005.964034,2760.088028
d15_48_G06_1_4_S,glasshouse_b2,3811,T1,R4,S,9334,1256,1704,64,1551.375,592.203125,16981,1249,1816,17300,1250,1809,9334,1267.986072,1700.811978,7086,1545.686142,504.392464,486979,1412.925101,1145.581333,6820,1549.418915,491.1398827,6098,1300.976878,1426.433421
d45_22_G03_1_2_T,glasshouse_b1,CALINGIRI,T1,R2,T,13424,2007,4168,58,2000.396552,2395.534483,29362,1951,4408,29038,1949,4415,13424,1942.629246,4142.770039,18788,1965.361294,4681.711145,566015,1940.119855,3562.602906,19332,2021.100662,4650.827281,13279,1944.787183,4134.174938
d15_40_G05_1_4_S,glasshouse_b2,Hartog,T1,R4,S,3692,1658,2081,65,1162.830769,1212.4,8120,1678,1825,12020,1618,1521,3692,1661.01598,2081.394095,3483,1660.072064,2097.667528,367103,1460.564814,931.1403503,3434,1659.876238,2101.464473,3692,1661.01598,2081.394095
d45_33_G05_0_1_S,glasshouse_b1,Hartog,T0,R1,S,6015,2014,2758,59,1160.254237,2185.694915,40886,2055,3037,44814,2057,3012,6015,2014.086284,2757.991355,20942,2203.463518,2429.352832,348062,857.7785251,2072.274807,31149,1494.415968,678.1779832,7949,1371.855328,555.9701849
d27_30_G04_1_2_S,glasshouse_b2,Forrest,T1,R2,S,2458,669,2229,63,711.1746032,2409.746032,12052,753,2368,9941,889,2088,2458,673.8868999,2229.655004,5686,742.1702427,2259.185895,373299,870.4807246,2475.524196,5430,729.8537753,2279.974954,2268,665.8143739,2244.974868
d37_46_G06_1_2_S,glasshouse_b1,3811,T1,R2,S,11190,1454,3910,64,1226.90625,3861.75,20597,1799,2826,20527,1799,2826,10925,1535.362654,3926.966041,9873,1274.059151,3806.581586,352943,1432.563941,3298.355006,15692,1302.648674,4166.115537,10871,1535.886671,3925.005059
d45_16_G02_1_4_T,glasshouse_b1,5489,T1,R4,T,11948,1985,3361,66,1616.212121,689.2424242,37120,2339,4024,48694,2357,3596,11948,2060.781972,3323.735353,18245,2433.356591,4357.987503,567479,2065.170974,2993.184971,31570,2379.697878,4093.109724,8688,2090.649632,3551.597261
d21_24_G03_1_4_T,glasshouse_b1,CALINGIRI,T1,R4,T,10329,2349,2557,51,1419.784314,1191.941176,21687,918,2726,21682,918,2726,10329,2351.79117,2555.244264,7713,1104.452872,2684.085311,565338,1448.473046,2340.31271,10460,1087.268164,2283.984799,11283,2337.406186,2470.891518
d35_46_G06_1_2_S,glasshouse_b2,3811,T1,R2,S,11226,1449,3906,65,1732.153846,2980.6,26423,1742,2162,28025,1770,2293,10922,1530.867607,3920.724593,14194,1326.969494,2319.007186,399045,1423.06407,2094.3017,14422,1308.008321,4133.522674,10708,1533.059301,3909.345443
d35_10_G02_0_1_T,glasshouse_b2,5489,T0,R2,T,17072,2486,2799,71,2197.816901,2847.591549,53748,2257,3572,59415,2116,1541,15913,2513.199837,2857.520266,23321,1947.577334,2565.067021,468609,2558.405479,2292.727252,21265,1758.569245,666.3010111,15888,2513.51712,2858.164653
d2_T024_02.10.23,field,3811,na,R9,S,36881,1217,3736,77,583.5714286,2830.363636,190849,971,2122,193147,981,2120,30650,1193.931811,3670.374747,99908,1277.415793,3703.307343,502465,958.3337745,3257.380809,81268,1340.769553,3761.092816,27750,1176.686631,3655.04645
d17_30_G04_1_2_S,glasshouse_b1,Forrest,T1,R2,S,2811,1044,1808,61,782.1803279,2316.934426,6296,950,2005,6296,950,2005,2811,1043.264674,1807.212736,1948,2010.409651,1976.602156,218934,888.313542,2043.103766,2663,778.9279009,2302.364626,2811,1043.264674,1807.212736
d15_22_G03_1_2_T,glasshouse_b2,CALINGIRI,T1,R2,T,9498,2026,1890,61,2061.721311,2370.360656,14871,1787,2051,21465,1783,1692,9498,2057.721626,1889.944304,7897,1892.769913,1618.53476,607640,1968.839609,1297.391918,7148,1902.450476,1640.262171,9498,2057.721626,1889.944304
d05_39_G05_1_3_S,glasshouse_b1,Hartog,T1,R3,S,1097,1695,653,66,1699.939394,368.1363636,1097,1695,653,1097,1695,653,1097,1695.34093,653.0556062,508,1769.122047,461.2185039,335349,1462.170333,293.9530728,756,1706.874339,375.4497354,1339,1732.861837,410.8364451
d29_29_G04_1_1_S,glasshouse_b1,Forrest,T1,R1,S,3695,981,3325,55,2509.509091,2294.727273,8818,1096,3039,8814,1096,3039,3695,976.9036536,3320.569147,4922,939.5388054,3422.934376,268480,2591.420847,2635.745966,4582,2500.019206,2730.905718,3695,976.9036536,3320.569147
d21_37_G05_1_1_S,glasshouse_b1,Hartog,T1,R1,S,5050,2360,2546,62,1067.516129,1978.419355,7936,2362,2531,7936,2362,2531,5050,2374.720396,2545.975842,4700,1000.669149,2158.317021,365403,2567.278854,2125.869016,4575,983.8555191,2157.155628,5050,2374.720396,2545.975842
d05_29_G04_1_1_S,glasshouse_b1,Forrest,T1,R1,S,1474,1477,376,51,1469.019608,201.745098,1673,1477,366,1673,1477,366,1474,1476.929444,376.3398915,679,1307.762887,776.6450663,324522,1453.851357,288.2836726,890,1469.082022,420.4730337,1961,1478.156553,338.6047935
d13_47_G06_1_3_S,glasshouse_b1,3811,T1,R3,S,4564,1182,1435,66,1520.409091,390.3787879,8767,1423,1584,10170,1421,1506,4564,1182.268624,1434.948072,3798,1555.249868,819.2116904,451821,1419.415924,1111.213253,4036,1554.601338,350.3481169,4564,1182.268624,1434.948072
d1_T008_27.09.23,field,3811,na,R4,S,30339,1395,6443,68,1470.058824,6251.132353,168921,1016,3025,221064,1044,3488,19179,1320.89452,6318.675948,83964,728.6980968,3296.953766,402047,1419.681107,5985.174659,102432,902.5977136,2955.308078,19165,1321.161179,6318.6539
d31_27_G04_0_3_S,glasshouse_b2,Forrest,T0,R3,S,11283,739,3223,57,1427.754386,659.3333333,24981,730,3002,34528,862,2170,11283,827.1229283,3201.93858,10414,695.6391396,2949.880641,383457,872.8358382,2234.680533,12552,698.6979764,2804.105481,5801,903.5150836,3697.577487
d35_25_G04_0_1_S,glasshouse_b2,Forrest,T0,R1,S,5770,1519,1872,87,1396.724138,751.7471264,30700,913,3341,32005,938,3245,5770,1488.259965,1856.264818,15571,1406.306339,831.5423544,507635,1269.518422,2749.120896,12499,813.4710777,2955.058565,4853,2184.180301,3178.770451
d13_46_G06_1_2_S,glasshouse_b1,3811,T1,R2,S,4774,1636,1478,61,1599.885246,539.295082,7197,1633,1748,8216,1647,1287,4774,1648.798282,1477.826142,3643,1646.293988,1384.659621,364496,1460.114937,1019.497525,2642,1150.447767,1824.698713,4774,1648.798282,1477.826142
d19_22_G03_1_2_T,glasshouse_b2,CALINGIRI,T1,R2,T,11606,2104,2267,58,1839.137931,2179.534483,16898,1690,1447,17002,1791,2460,11606,2103.970877,2267.490781,7559,1931.125281,2234.975261,684363,2003.177784,1443.315672,9997,2051.573972,2690.293788,7370,1798.28019,2189.742198
d15_05_G01_1_1_T,glasshouse_b2,Gladius,T1,R1,T,6397,2413,1779,67,1893.626866,580.7313433,16865,1653,2194,17024,1653,2194,6397,2413.328904,1779.095201,7507,1511.162781,1949.758359,358966,1464.342615,962.0581949,12736,1520.113772,2230.156721,4825,1426.866943,1475.82114
d19_23_G03_1_3_T,glasshouse_b2,CALINGIRI,T1,R3,T,12209,1483,2449,52,1750.538462,1564.711538,15678,1483,1497,16205,1488,1573,12209,1503.452945,2443.063969,8321,1680.383728,2034.107078,493400,1508.666998,1782.065843,3640,1517.582692,2570.66044,10542,1497.690761,2300.089262
d7_T022_04.11.23,field,3811,na,R7,S,45013,907,5242,67,1722.328358,5787.850746,177331,1223,5312,181099,1220,5300,43941,904.2144239,5240.781594,82946,910.0748077,4779.405734,441244,948.0735398,4925.282789,126093,1298.7443,5243.64619,39956,919.8996646,5290.974697
d43_01_G01_0_1_T,glasshouse_b2,Gladius,T0,R1,T,9855,2188,2488,56,2449.5,2186.125,67876,1318,3754,59503,1143,3398,9855,2168.094368,2526.745814,25422,2065.531272,4203.654591,434362,2388.730985,2128.311832,26295,772.1307473,2969.553489,7845,499.9923518,3095.649713
d13_03_G01_0_3_T,glasshouse_b1,Gladius,T0,R3,T,15228,1348,1371,65,1557.369231,608.4923077,14412,1498,1112,14625,1496,1118,15228,1339.282112,1371.410625,6879,1467.371856,1008.850996,389253,1443.530167,1048.991134,7723,1466.419138,1003.039622,11102,1316.577914,1481.18294
d25_40_G05_1_4_S,glasshouse_b1,Hartog,T1,R4,S,5073,1651,3432,62,2452.306452,2525.66129,13072,2439,2287,15050,1662,2635,5073,1620.671003,3439.283856,7089,1631.098603,3279.604175,347343,2595.484504,2504.598964,8856,2570.540425,1928.094738,5073,1620.671003,3439.283856
d49_37_G05_1_1_S,glasshouse_b2,Hartog,T1,R1,S,4678,2380,2596,59,1658.779661,757.4067797,14399,1626,2270,16516,1626,2270,4678,2394.709277,2596.541043,9834,1651.735611,814.6201952,375874,1865.973371,871.6082224,5398,1471.32827,729.2951093,4678,2394.709277,2596.541043
d09_11_G02_0_3_T,glasshouse_b1,5489,T0,R3,T,4426,2173,1066,55,1513.890909,1430.345455,8006,2027,853,7296,1554,1347,4426,2174.281292,1065.692273,3223,1557.012721,1190.296928,356066,1455.944331,781.7070824,5774,1514.96796,338.0261517,4288,2181.663479,1075.300606
d41_06_G01_1_2_T,glasshouse_b1,Gladius,T1,R2,T,6315,1488,1610,77,1611.467532,1098.558442,26885,1708,1182,25859,1708,1182,6008,1487.759654,1618.416611,12153,1929.50539,1196.793549,363487,1930.734959,1403.321109,17176,1837.11126,1111.334944,6175,1887.296356,602.5201619
d31_44_G06_0_4_S,glasshouse_b2,3811,T0,R4,S,9712,674,2871,58,883.0517241,3479.362069,41449,1201,1434,45154,1203,3151,7334,798.7781565,1445.631443,18572,1524.524876,981.1356881,399340,861.2349777,1054.203906,13249,812.5727225,2743.852819,7254,795.4565757,1452.093879
d37_01_G01_0_1_T,glasshouse_b1,Gladius,T0,R1,T,8317,969,2807,45,2261.088889,2161.577778,34658,2313,3077,34994,2316,3064,7263,951.1763734,2731.648768,14017,2394.19084,2289.895698,390361,2417.705398,2078.439168,34501,2368.162053,3092.982001,7265,951.2053682,2731.806882
d49_22_G03_1_2_T,glasshouse_b2,CALINGIRI,T1,R2,T,9521,1159,2554,55,1752.2,4392.763636,41677,1954,3860,45379,1933,3764,9521,1147.420019,2558.173091,18899,1961.251548,4504.291497,433507,1968.82162,3498.539468,16684,1768.084812,1050.457804,9521,1147.420019,2558.173091
d09_21_G03_1_1_T,glasshouse_b1,CALINGIRI,T1,R1,T,2743,1832,1459,52,1754.461538,1247.403846,7417,1607,900,7874,1613,920,2711,1650.030247,1026.70343,3915,1742.241124,906.8319285,348703,2040.250282,1471.831189,4987,1811.975937,1493.254261,2711,1650.030247,1026.70343
d31_16_G02_1_4_T,glasshouse_b2,5489,T1,R4,T,9874,1895,3165,56,1545.464286,898.5535714,29485,1873,3122,40606,1934,2259,9874,1970.034535,3147.525724,10479,1590.805516,769.4459395,466319,1990.833584,2301.007821,16406,2139.297513,3383.888334,9802,1968.219241,3142.785758
d45_14_G02_1_2_T,glasshouse_b1,5489,T1,R2,T,30727,2465,3916,54,2081.814815,1886.740741,44788,2197,2704,47043,2193,2746,30725,2353.002441,3887.877071,17216,2174.425883,3187.907876,754794,2198.465058,4105.118928,29152,2193.7948,2966.079308,22336,2372.054934,3206.033175
d45_06_G01_1_2_T,glasshouse_b1,Gladius,T1,R2,T,6016,1488,1629,61,1879.229508,1073.737705,34377,1799,1223,29877,1818,1163,6016,1496.086935,1632.273438,18324,1996.683039,1185.501528,379516,1441.532136,1520.37492,16172,1797.91442,1281.86186,6325,1893.643162,605.2814229
d11_12_G02_0_4_T,glasshouse_b2,5489,T0,R4,T,7169,1190,1196,55,1473.4,431.6909091,15735,1542,606,16012,1542,615,7169,1189.921188,1195.525178,10115,1644.123085,456.6251112,393445,1047.373966,881.0162691,5888,1557.29144,333.9733356,7169,1189.921188,1195.525178
d33_20_G03_0_4_T,glasshouse_b1,CALINGIRI,T0,R4,T,17099,1806,2381,49,1730.020408,4193.102041,35333,1206,4009,36221,1184,3929,17099,1869.788994,2376.319434,16737,1567.609189,4353.958834,658910,1725.669348,1856.393905,21049,1584.49209,4215.021711,17682,1870.805678,2343.250481
d07_43_G06_0_3_S,glasshouse_b2,3811,T0,R3,S,2884,1722,423,66,1754.393939,324.1969697,8515,1705,473,8515,1705,473,2884,1726.736824,424.5492372,6303,1690.767095,363.4459781,415865,1876.493619,271.9751722,6339,1690.913236,364.6275438,2830,1726.788339,422.9190813
d27_18_G03_0_2_T,glasshouse_b2,CALINGIRI,T0,R2,T,19248,1202,2319,57,1124.122807,2425.035088,43476,1398,1495,48269,1357,1718,19248,1227.624377,2320.007066,22136,1456.676455,1072.055566,403439,1430.433406,1062.678901,21879,1180.494447,2174.20883,19171,1227.370716,2320.675604
d07_07_G01_1_3_T,glasshouse_b2,Gladius,T1,R3,T,7209,1491,1055,52,1509.423077,1024.057692,9038,1517,1100,11256,1556,1033,4677,1520.601454,1064.804789,4851,1511.407957,1007.47516,376845,1847.393852,874.1938887,6391,1492.454702,1091.899233,4677,1520.601454,1064.804789
d07_45_G06_1_1_S,glasshouse_b2,3811,T1,R1,S,2604,1540,1170,64,1532.203125,1121.203125,4282,1505,993,4282,1505,993,2604,1537.081797,1169.956605,2174,1702.343606,431.274609,254241,1454.411991,261.481315,2174,1702.343606,431.274609,2604,1537.081797,1169.956605
d2_T023_02.10.23,field,3811,na,R8,S,69034,1012,3935,83,1279.614458,4517.518072,266179,1289,4771,304452,1257,4546,62556,1011.98387,3897.094699,147586,1368.222291,4194.476807,583680,917.7060598,3583.732316,240240,1205.546982,3659.123468,53933,985.7270873,3784.719986
d05_27_G04_0_3_S,glasshouse_b1,Forrest,T0,R3,S,3384,1447,582,65,1419.969231,269.1230769,3340,1472,408,4542,1430,625,3384,1427.321809,575.8528369,1649,1421.366889,385.9902971,248485,1453.114973,254.43498,1860,1370.337097,734.3709677,3922,1433.067823,533.6137175
d27_38_G05_1_2_S,glasshouse_b2,Hartog,T1,R2,S,2997,1090,2504,58,935.4482759,3020.965517,24523,1042,1929,25297,1070,2086,2997,1088.651318,2503.785786,9924,872.7733777,2176.583132,383030,869.1272616,2452.552145,11679,886.034592,2280.70143,2997,1088.651318,2503.785786
d37_28_G04_0_4_S,glasshouse_b1,Forrest,T0,R4,S,4697,1220,3941,54,1459.740741,2505.814815,19552,1289,3734,20027,2058,3772,4544,2563.200704,3053.241637,8962,1252.576099,4110.130663,352182,2589.394302,3086.781468,15729,1479.718355,757.3431877,4517,2563.655081,3051.576046
d25_23_G03_1_3_T,glasshouse_b1,CALINGIRI,T1,R3,T,14831,1580,3077,62,1914.596774,1525.580645,18483,1463,2314,19188,1469,2357,14831,1537.73016,3073.4349,8011,1743.613656,2143.51654,431402,1385.813142,2784.291035,6837,1589.11584,1603.412462,10339,1510.513783,2267.23039
d17_31_G04_1_3_S,glasshouse_b1,Forrest,T1,R3,S,2149,886,2182,56,1684.446429,732.1071429,6394,543,1965,5817,1135,1845,2149,900.0995812,2192.893439,2205,522.5922902,2052.530159,374416,1329.492762,2053.65725,2387,526.4918307,2034.975702,2086,896.029722,2197.986577
d05_04_G01_0_4_T,glasshouse_b1,Gladius,T0,R4,T,5394,1624,772,84,1616.47619,319.4047619,6767,1627,518,5923,1630,490,5394,1612.143122,771.73934,3138,1669.897068,449.6982154,386478,1816.491187,277.3161784,3158,1610.127929,200.0547815,6519,1611.936493,679.2155239
d41_28_G04_0_4_S,glasshouse_b1,Forrest,T0,R4,S,4926,1202,3939,95,1368.494737,642.0105263,25804,2002,3826,26497,2042,3753,4926,1201.596021,3938.433212,13135,1346.438904,4134.813095,308461,2585.938099,2604.335942,21154,1349.026047,744.4981564,4926,1201.596021,3938.433212
d19_03_G01_0_3_T,glasshouse_b2,Gladius,T0,R3,T,15987,1384,1604,51,1795.176471,2997.705882,24166,1549,1260,25317,1543,1307,15987,1371.275599,1604.398699,11785,1724.264828,906.8958846,379412,1447.036986,1029.835912,8785,1227.751167,2169.491406,15925,1370.129859,1606.915039
d25_32_G04_1_4_S,glasshouse_b1,Forrest,T1,R4,S,5333,584,2441,53,2454.924528,2798,8474,595,2350,8474,595,2350,5333,584.4955935,2440.796925,3281,614.541908,2324.840902,216802,848.9951015,2083.49137,3743,518.9986642,2746.534865,5333,584.4955935,2440.796925
d21_42_G06_0_2_S,glasshouse_b1,3811,T0,R2,S,8899,1935,2528,71,1389.309859,991.3802817,22857,996,2143,23856,1001,2171,8899,1933.461962,2527.637487,10828,900.8860362,1961.374677,355239,1938.966276,2067.84672,13897,886.7480751,2094.463697,7154,987.7527257,2515.036483
d09_27_G04_0_3_S,glasshouse_b1,Forrest,T0,R3,S,3589,1453,578,63,1371.634921,608.031746,7697,1466,509,7708,1466,510,3589,1435.188353,569.4042909,3875,1374.677419,441.5303226,384760,1818.876076,269.4300941,2797,1383.856632,251.5234179,4143,1440.934588,527.775525
d3_T001_08.10.23,field,Gladius,na,R1,T,164031,872,5773,84,463.0714286,5658.595238,345538,992,5570,339682,980,5583,142281,882.9268279,5706.731742,135131,908.3612717,4820.013838,848869,601.7265821,5415.847245,339538,1016.85895,5604.108898,129949,852.546222,5778.254154
d19_25_G04_0_1_S,glasshouse_b2,Forrest,T0,R1,S,6235,1524,1831,64,1418.34375,970,12326,1103,2568,11807,1572,1212,6235,1492.782999,1815.73761,7814,782.4769644,2670.56258,351244,1449.739768,1419.737838,3646,1431.972024,2005.555403,6235,1492.782999,1815.73761
d45_38_G05_1_2_S,glasshouse_b1,Hartog,T1,R2,S,3638,931,1682,72,1775.694444,754.6388889,25070,1115,2197,22822,975,2343,3638,936.5233645,1685.363936,11732,933.2719911,1789.15121,378397,861.8586855,1643.842005,22270,891.3936237,2153.719129,3617,935.8612109,1686.804534
d43_06_G01_1_2_T,glasshouse_b2,Gladius,T1,R2,T,12083,1636,756,49,1630.530612,1471.22449,46333,1744,896,45457,1817,923,12083,1602.96342,752.960523,22828,1722.916068,678.3398896,358694,1464.21096,1512.67586,21406,1726.278847,661.6916285,8659,1889.490588,623.3878046
d7_T004_04.11.23,field,3811,na,R1,S,58955,1214,5096,99,628.5353535,4703.575758,213722,1146,5079,232727,1148,4997,46114,1137.080886,5119.102724,92203,873.3314426,3125.190471,713137,1704.439742,4950.008979,160489,1411.724399,5226.355482,41190,1162.78825,5135.970842
d29_30_G04_1_2_S,glasshouse_b1,Forrest,T1,R2,S,2477,677,2272,82,728.2560976,2331.560976,7700,753,2440,7697,753,2440,2477,681.5264433,2273.390795,3470,716,2422.554467,376146,870.0401387,2475.244897,5470,736.0822669,2323.017733,2285,673.5308534,2288.50547
d19_11_G02_0_3_T,glasshouse_b2,5489,T0,R3,T,7404,1648,3273,75,1460.613333,2421.986667,25049,1920,2727,28779,1505,2284,7404,1643.910589,3272.95651,11612,1449.881932,2398.352222,366717,1458.465765,2207.430367,11750,1466.164596,2495.187489,6816,2683.643486,2501.800176
d25_27_G04_0_3_S,glasshouse_b1,Forrest,T0,R3,S,5138,2699,1987,83,700.9759036,2822.650602,21821,735,2653,21821,735,2653,5138,2704.311211,1989.466135,8105,700.0871067,2717.069833,380749,872.34232,2480.370685,12003,789.7305674,2174.545114,5138,2704.311211,1989.466135
d07_06_G01_1_2_T,glasshouse_b2,Gladius,T1,R2,T,5892,1412,688,65,1316.753846,926.6461538,9405,1550,1052,10202,1547,1024,5892,1581.516633,1015.962492,5088,1636.645244,627.3928852,453100,1455.312165,424.0694836,3006,1743.217898,661.0954757,5892,1413.264936,688.6951799
d49_39_G05_1_3_S,glasshouse_b2,Hartog,T1,R3,S,6182,1496,2625,70,1184.042857,2623.514286,43839,1813,1779,38574,2202,1781,6181,1507.323734,2625.143504,23347,1285.970617,2538.642995,371886,1859.225639,2627.415687,15022,2168.735055,1958.795766,4018,1192.478596,4645.289447
d29_25_G04_0_1_S,glasshouse_b1,Forrest,T0,R1,S,6348,993,2892,63,822.952381,2900.68254,16198,889,3358,18240,690,3135,6348,1002.939509,2897.877442,7087,791.8260195,3168.321151,493064,1260.857416,2748.906531,9417,1408.483063,765.9720718,4941,958.5976523,3012.99494
d17_45_G06_1_1_S,glasshouse_b1,3811,T1,R1,S,5588,750,2040,71,1035.267606,2094.366197,9782,1647,2019,13917,1223,1903,5588,755.9855047,2039.80136,5599,1445.180747,2125.922665,362953,868.035787,1469.738217,5539,755.7876873,2043.851056,5588,755.9855047,2039.80136
d29_04_G01_0_4_T,glasshouse_b1,Gladius,T0,R4,T,19651,2074,3407,49,2002.77551,1938.183673,29583,2110,3849,29439,1710,2158,19651,2028.60918,3394.666327,12967,2045.238297,4382.090075,411991,1961.998061,3396.838921,25771,1611.790191,977.4996314,19181,2038.358897,3424.359679
d25_07_G01_1_3_T,glasshouse_b1,Gladius,T1,R3,T,10478,1218,2175,56,1880.232143,1102.875,15128,1378,2877,15679,1374,2866,10478,1288.810842,2194.577782,6971,1267.707646,2424.271123,634654,1482.215744,2393.358023,7791,1271.98755,2568.94545,9412,1398.872928,2631.226519
d7_T009_04.11.23,field,3811,na,R5,S,71326,1118,6051,67,786.5522388,4182.522388,281359,1125,5246,307429,1036,5106,44202,169.034003,933.8977422,135979,1146.975982,6189.470139,1005358,400.3941869,637.8051251,135230,1159.74289,6191.425926,43348,170.3066116,950.1707576
d11_20_G03_0_4_T,glasshouse_b2,CALINGIRI,T0,R4,T,8356,1983,1830,73,1397.287671,440.5890411,15856,1732,1870,18166,1759,1734,8356,1952.16192,1827.540211,8971,1894.265188,1963.902686,539150,1663.985909,1568.056333,7915,1434.648263,475.6835123,8141,1954.762437,1845.735413
d2_T009_02.10.23,field,3811,na,R5,S,64663,1092,5870,68,1091.205882,6390.647059,271449,1060,5225,298114,1040,5050,55734,1053.663904,5778.221552,129440,1144.833483,6174.356953,543133,1104.524437,4816.837025,129010,1150.047299,6176.066258,50733,1038.813021,5703.770839
d11_30_G04_1_2_S,glasshouse_b2,Forrest,T1,R2,S,2818,1072,1630,62,1116.129032,1521.16129,3925,1117,1518,3925,1117,1518,2818,1070.351313,1629.823634,1590,1382.730189,370.8886792,326766,878.5829187,1471.879284,1590,1382.730189,370.8886792,2818,1070.351313,1629.823634
d15_17_G03_0_1_T,glasshouse_b2,CALINGIRI,T0,R1,T,7678,2185,971,56,1359.267857,2728.517857,24701,1670,925,25935,1546,1881,7678,2156.398672,994.2425111,13346,1614.31103,645.1675408,448944,955.3358325,1681.47344,12199,1368.997787,1486.723912,7678,2156.398672,994.2425111
d27_41_G06_0_1_S,glasshouse_b2,3811,T0,R1,S,8228,1442,3574,56,1342.267857,2564.517857,25003,1602,1490,27908,1348,2752,8228,1426.593704,3570.735659,12549,1428.803889,1825.331022,356047,1461.722643,2546.70268,11391,1340.353613,2795.000176,8228,1426.593704,3570.735659
d09_32_G04_1_4_S,glasshouse_b1,Forrest,T1,R4,S,2446,1374,679,58,1414.913793,590.3965517,2293,1371,690,3040,1397,629,2446,1373.312756,678.2371218,1310,1560.238168,311.3114504,302194,1452.853071,279.2918159,1534,1563.42764,249.8207301,2446,1373.312756,678.2371218
d25_34_G05_0_2_S,glasshouse_b1,Hartog,T0,R2,S,5891,853,2510,47,2524.297872,3173.808511,24530,1677,1880,25165,2069,2743,5891,852.7703276,2510.298421,13288,2384.715081,2871.909392,398181,906.3971762,2209.943475,12993,1542.792196,589.3137074,6912,2119.856481,1278.605758
d49_03_G01_0_3_T,glasshouse_b2,Gladius,T0,R3,T,12915,1556,3290,54,1838.314815,1217.777778,77092,1900,3866,78956,1904,3842,12915,1505.829578,3301.474564,34660,1817.350404,1265.825361,464479,1418.407803,1176.595123,41163,1901.586813,2587.877438,12900,1505.785736,3301.776357
d27_14_G02_1_2_T,glasshouse_b2,5489,T1,R2,T,13493,2206,2285,56,2273.517857,3504.089286,21435,2195,3115,21299,2215,3048,13493,2114.968947,2255.06181,9741,2111.34401,2420.05482,603952,2131.317616,2102.846829,11934,2241.586811,2790.49028,13446,2115.915663,2259.401086
d33_45_G06_1_1_S,glasshouse_b1,3811,T1,R1,S,6856,799,2557,54,1629.37037,3617.12963,25209,1281,2689,24346,1281,2689,6856,803.1407526,2560.041569,12587,987.8836101,2515.104552,491244,1202.106904,3171.919136,17343,1677.366257,3879.071845,6903,790.4104013,2178.207446
d41_10_G02_0_1_T,glasshouse_b1,5489,T0,R2,T,16404,2194,3883,75,1823.386667,651.4,45967,2746,3963,45693,2749,3976,16404,2118.451231,3867.340832,23690,2405.432841,3576.169607,515137,2589.1063,2816.439382,21459,1761.534088,683.1749383,15893,2516.537595,2866.674637
d19_06_G01_1_2_T,glasshouse_b2,Gladius,T1,R2,T,10683,1565,1810,52,1693.788462,1939.884615,14254,1606,1096,15426,1530,1970,10683,1505.286343,1764.554339,8339,1604.741816,897.2639405,553994,1481.763487,1297.029257,8203,1612.29733,893.5501646,10683,1505.286343,1764.554339
d6_T009_28.10.23,field,3811,na,R5,S,116052,695,5618,55,338.9636364,1018.981818,286499,842,5285,307786,829,5136,69704,751.5232411,6002.025164,141616,1077.397547,6193.524948,683349,996.2471226,6046.395126,142363,1067.258909,6191.660677,65813,746.3722213,6066.99494
d35_48_G06_1_4_S,glasshouse_b2,3811,T1,R4,S,16002,1464,3111,54,1745.62963,4418.666667,27971,1484,3728,27954,1484,3728,15819,1396.654024,3078.979771,13320,1451.734009,3175.924324,485058,1417.897091,2483.567211,9177,1402.569467,3216.075842,15807,1396.726577,3079.303726
d21_08_G01_1_4_T,glasshouse_b1,Gladius,T1,R4,T,16663,1952,2178,49,1926.183673,2506.244898,13801,1880,1780,13703,1880,1779,16663,1983.220188,2180.541799,6424,1820.470112,1544.131227,978891,1653.854379,1606.057518,8485,1762.885681,1026.808368,19163,1944.920472,1964.971403
d31_33_G05_0_1_S,glasshouse_b2,Hartog,T0,R1,S,5534,1346,3685,91,1157.186813,2690.912088,21343,1245,2784,23637,1249,2704,5534,1351.838995,3681.850199,11160,1522.853763,762.6120072,343963,1453.040618,3082.850609,9972,1165.995086,2433.394204,5534,1351.838995,3681.850199
d25_05_G01_1_1_T,glasshouse_b1,Gladius,T1,R1,T,13655,1307,3548,58,1535.086207,2301.258621,23766,1650,2276,27538,1502,2945,13655,1434.08788,3548.07089,10360,1403.868822,2955.517181,371039,1853.393045,2647.030091,7967,1500.556797,2064.128405,13451,1435.849379,3549.029366
d45_42_G06_0_2_S,glasshouse_b1,3811,T0,R2,S,34630,1130,4260,52,1684.538462,2283.096154,77583,1025,4214,77598,1025,4214,24614,1067.486999,4431.41452,37190,894.199274,2397.808416,649893,1398.055945,3677.849958,45936,1337.91597,761.4808647,18477,871.4444444,3185.689452
d33_38_G05_1_2_S,glasshouse_b1,Hartog,T1,R2,S,2885,1077,2496,54,810.6111111,2814.648148,17414,1078,2469,16479,603,2463,2885,1074.863085,2496.456499,8885,855.0928531,2108.043557,381365,868.5464974,2453.239086,6971,793.4095539,2978.299383,2853,2253.370137,4296.881178
d21_48_G06_1_4_S,glasshouse_b1,3811,T1,R4,S,12093,1228,2836,61,1355.836066,2992.311475,13861,1501,2861,17414,1162,2343,12093,1338.029108,2826.293393,9435,1358.885003,2957.575411,611495,1401.451866,2475.119157,7476,1398.807919,3035.832397,11961,1334.15492,2828.925592
d6_T017_28.10.23,field,Gladius,na,R6,T,18901,1099,5051,81,1014.012346,5239.111111,192018,1095,5056,198018,1108,5008,18538,1105.647697,5048.076977,90603,956.2797148,4547.198658,531312,1083.374458,4698.602452,92956,976.5191381,4691.099359,14159,1117.962215,5050.808532
d4_T021_14.10.23,field,Gladius,na,R9,T,48215,161,3199,57,227.5438596,2377.385965,196797,861,2033,219386,957,2407,30211,163.2245209,2892.738506,91741,407.4760358,3230.836169,412564,268.2939908,2464.53583,87326,1206.382887,4865.560131,30214,163.3497054,2892.37903
d05_16_G02_1_4_T,glasshouse_b1,5489,T1,R4,T,1575,1577,613,55,1569.818182,522.0181818,2670,1574,523,2823,1559,739,1575,1571.685714,613.1073016,1248,1550.619391,904.2604167,309107,1462.792331,283.1396021,1396,1546.25,370.7256447,1781,1549.674902,343.3694554
d4_T022_14.10.23,field,3811,na,R7,S,43231,864,5248,72,1232.611111,3755.847222,178334,1210,5306,183185,1202,5254,43231,858.7642433,5256.462099,80941,1377.47652,4285.308052,533149,480.5489178,4874.523743,119675,1269.753917,5234.011147,37809,867.4559496,5275.751435
d35_02_G01_0_2_T,glasshouse_b2,Gladius,T0,R2,T,12586,1731,3868,50,1933.46,2686.68,39879,1675,3780,39047,1675,3782,9060,1804.412583,3602.957174,17463,1822.176946,4172.87757,421114,1636.365381,3272.593276,21334,1837.981579,3994.675354,8775,1805.94849,3589.96547
d17_28_G04_0_4_S,glasshouse_b1,Forrest,T0,R4,S,3783,1498,2107,57,1449.385965,854.6842105,9228,1466,2236,9228,1466,2236,3783,1498.18821,2106.804388,5424,1409.26733,1168.499263,361274,1457.003936,1974.410841,5672,1518.439351,624.1655501,3783,1498.18821,2106.804388
d21_32_G04_1_4_S,glasshouse_b1,Forrest,T1,R4,S,4193,565,2376,70,568,2381.385714,7196,695,2079,7196,695,2079,4193,576.2475554,2379.853565,2738,2378.580351,2378.747991,288953,855.4862556,2072.178361,2229,762.3674293,1853.805742,4193,576.2475554,2379.853565
d15_34_G05_0_2_S,glasshouse_b2,Hartog,T0,R2,S,8136,2122,1173,66,1577.5,545.5909091,24890,1571,941,31207,1690,1831,8136,2108.481686,1172.633481,13629,1591.256218,617.4867562,205146,2154.367241,875.0089936,10228,1519.087016,531.9120063,7676,2124.644867,1207.852137
d41_15_G02_1_3_T,glasshouse_b1,5489,T1,R3,T,13913,1031,3036,101,1085.910891,3358.326733,33951,1468,4053,35574,1464,4049,13913,1133.747215,3020.092,15115,1527.359643,4469.649553,400139,1484.295812,3286.822629,21842,1632.942038,4234.180844,10659,1018.922882,2674.863683
d17_18_G03_0_2_T,glasshouse_b1,CALINGIRI,T0,R2,T,13714,1193,2237,65,1749.030769,1032.6,22072,1361,1464,20320,1656,1472,13714,1167.478635,2210.77636,9655,1336.490109,2109.349767,382799,1390.914676,1140.34121,11334,1373.213517,2019.261249,15052,1184.876296,2097.936487
d49_08_G01_1_4_T,glasshouse_b2,Gladius,T1,R4,T,14041,1913,2017,90,1567.622222,676.5555556,65943,1649,1491,64288,2064,3170,12997,3099.284142,3975.822882,30835,1667.078417,892.3834604,498390,1987.413217,1701.789705,22784,1592.800737,767.981171,12997,3099.284142,3975.822882
d05_02_G01_0_2_T,glasshouse_b1,Gladius,T0,R2,T,2104,1363,448,59,1659.983051,349.5423729,2905,1429,339,3565,1410,373,2104,1363.40827,447.5327947,1461,1654.886379,380.4161533,287688,1451.907779,269.9476516,1995,1375.193985,425.5874687,3039,1404.476802,383.2681803
d31_42_G06_0_2_S,glasshouse_b2,3811,T0,R2,S,13767,902,3126,58,433.9482759,3467.5,41041,1058,1723,44199,1026,1828,13767,852.960921,3111.240139,18116,1917.184699,2787.196346,513595,1462.562792,3478.599139,18557,782.2724039,2258.022256,13767,852.960921,3111.240139
d13_25_G04_0_1_S,glasshouse_b1,Forrest,T0,R1,S,5168,1513,1549,54,1468.5,1704.481481,5168,1513,1549,5295,1515,1540,5168,1501.654605,1549.461494,2850,1450.643509,1730.955439,312674,1455.571087,1458.840821,2948,1361.049864,378.9772727,5168,1501.654605,1549.461494
d29_10_G02_0_1_T,glasshouse_b1,5489,T0,R2,T,15699,2508,2843,53,1758.90566,600.5283019,33251,2049,2178,33445,2051,2183,15699,2504.24543,2847.07045,14045,2308.705874,2489.577572,429049,2575.996178,2292.449235,16945,1746.236766,682.0234878,15589,2505.519212,2852.803579
d05_48_G06_1_4_S,glasshouse_b1,3811,T1,R4,S,1396,1475,718,95,1567.115789,300.1157895,1713,1595,341,1713,1595,341,1396,1474.473496,717.5551576,1004,1565.727092,346.5926295,320191,1455.919798,286.5225038,1306,1572.280245,274.9701378,1396,1474.473496,717.5551576
d43_25_G04_0_1_S,glasshouse_b2,Forrest,T0,R1,S,6049,1013,2907,93,746.5698925,4213.215054,39337,816,3817,52601,945,3229,6049,1023.97107,2910.0286,25092,1411.637454,863.7761039,300984,879.4821818,2697.872412,23079,1408.808181,812.4654881,4701,697.0933844,3154.214848
d29_08_G01_1_4_T,glasshouse_b1,Gladius,T1,R4,T,17316,1930,2140,49,1640.816327,942.2653061,16557,1881,1758,17352,1985,2769,17316,1961.998325,2135.313063,8221,1895.420144,2005.578275,252763,2097.666969,2209.71031,11360,1710.307658,864.3848592,9394,1934.191825,1583.976581
d41_44_G06_0_4_S,glasshouse_b1,3811,T0,R4,S,8426,994,1886,85,1722.447059,667.8235294,58148,1151,2190,55858,1151,2190,8426,1040.584856,1900.256705,23936,866.0951287,2000.19126,413825,854.1983616,2510.068307,30295,1752.847004,792.8237663,7748,1022.419979,1945.310274
d31_29_G04_1_1_S,glasshouse_b2,Forrest,T1,R1,S,3708,976,3338,76,2500.078947,2555.921053,10588,1076,3085,13194,1183,2712,3708,971.6418554,3334.265372,6152,2502.590377,2602.614922,445289,881.1165086,2788.166002,4917,2495.3313,2769.101078,3708,971.6418554,3334.265372
d1_T024_28.09.23,field,3811,na,R9,S,34127,1125,3688,95,1188.284211,3882.842105,182733,1080,2009,179245,1079,2003,27768,1122.104257,3692.282447,94328,1232.647634,3698.277659,460735,903.0409954,3214.265072,82798,1229.649267,3764.322677,27077,1121.680282,3685.583004
d41_39_G05_1_3_S,glasshouse_b1,Hartog,T1,R3,S,6354,1498,2620,61,1716.836066,2359.95082,22962,1504,2237,23063,1504,2237,6354,1507.396758,2622.796821,9050,1388.400442,2759.037459,361035,1447.749373,2175.831202,8804,1723.830191,2356.401976,4060,1428.576601,2810.291133
d17_42_G06_0_2_S,glasshouse_b1,3811,T0,R2,S,7763,1907,2612,51,678.8039216,2512.980392,19913,976,1932,19089,865,1961,6364,1895.471873,2713.368479,7360,904.7561141,1897.30231,357866,1943.121043,2072.305405,8117,1428.600099,721.4716028,6363,1895.46849,2713.443501
d05_17_G03_0_1_T,glasshouse_b1,CALINGIRI,T0,R1,T,4104,1354,676,58,1721.827586,444.1896552,6531,1344,754,8906,1361,674,4104,1347.332359,675.7599903,2718,1631.969463,913.7170714,398185,1073.051391,270.1403117,2957,1563.436253,233.6496449,5378,1375.779286,578.1230941
d11_23_G03_1_3_T,glasshouse_b2,CALINGIRI,T1,R3,T,6061,1447,1716,49,1450.714286,1808.469388,9545,1481,1548,10967,1487,1472,6061,1459.755651,1719.749051,4034,1515.435052,1262.800198,369920,1869.033699,1472.431499,3126,1663.580934,424.4085093,6061,1459.755651,1719.749051
d11_05_G01_1_1_T,glasshouse_b2,Gladius,T1,R1,T,4885,1409,1386,66,1616.681818,1989.575758,12110,1699,629,13705,1585,941,4885,1413.398158,1387.362538,7680,1506.497526,1044.605208,351425,1458.755877,1346.488346,4227,1488.797729,1185.839839,4855,1413.229866,1389.566632
d41_35_G05_0_3_S,glasshouse_b1,Hartog,T0,R3,S,11521,1475,4441,63,1203.571429,3610.539683,36993,1259,4068,39767,1259,4065,11519,1493.678965,4440.784877,15557,1648.74121,4642.190782,355681,298.0204593,3186.053,17554,1763.484562,681.7443887,7789,306.2421363,3737.381307
d13_11_G02_0_3_T,glasshouse_b1,5489,T0,R3,T,5522,2283,1374,65,1456.646154,2389.907692,12191,1464,2147,11740,1465,2171,5522,2272.516661,1379.339732,5790,1327.630052,2031.744387,378602,2061.35811,936.8901643,9125,1371.506411,2206.743014,6503,2228.574043,1309.118099
d21_17_G03_0_1_T,glasshouse_b1,CALINGIRI,T0,R1,T,16512,1305,3028,62,2532.048387,2570.33871,23854,1557,1997,30967,1381,2585,11243,1259.199502,2733.789202,12879,1251.121283,2440.265238,508244,1002.982685,2489.066065,12492,1237.016731,2211.502482,10644,1250.167606,2693.381154
d19_32_G04_1_4_S,glasshouse_b2,Forrest,T1,R4,S,2776,657,2259,65,790.8615385,1911.046154,6235,1524,973,8735,850,1689,2776,657.9621758,2259.560879,4033,1456.75155,765.8373419,316123,868.4446529,2061.409391,2809,660.007476,2261.320399,2776,657.9621758,2259.560879
d33_23_G03_1_3_T,glasshouse_b1,CALINGIRI,T1,R3,T,7674,1536,3863,55,1967.218182,3076.054545,21330,1492,2814,20443,1531,3952,7425,1554.422761,3842.871111,11103,1809.296677,3559.672341,359748,1588.80523,3219.672073,11536,1694.201283,1821.243585,7412,1554.348489,3842.395035
d33_39_G05_1_3_S,glasshouse_b1,Hartog,T1,R3,S,6554,1511,2602,66,1633.833333,2391.545455,13362,1539,2219,14987,1539,2219,6554,1520.497101,2604.299969,6095,1572.254963,2571.473667,362639,1448.476794,2198.108201,9271,1635.303096,2400.34527,6536,1520.312271,2604.511475
d33_43_G06_0_3_S,glasshouse_b1,3811,T0,R3,S,24221,664,3861,64,1469.703125,2789.90625,37411,1781,3121,38383,1786,4172,18061,1837.394884,3726.459166,18523,677.8911623,4255.675053,572601,1231.030519,3353.009904,25185,712.1228112,4016.677427,17904,1837.824676,3725.189064
d21_45_G06_1_1_S,glasshouse_b1,3811,T1,R1,S,8202,780,2265,60,954.2,1397.383333,16164,1217,2018,24651,1234,2313,8202,780.3899049,2264.541088,8950,1454.024581,1981.876313,500020,819.025007,1788.206826,7006,1634.148444,3038.982872,8296,780.4340646,2256.696239
d5_T011_21.10.23,field,Gladius,na,R4,T,93521,1498,5914,60,663.6,6414.283333,269774,1209,5620,248452,1184,5752,71789,1455.654487,5839.692599,109892,1250.075074,4824.64193,642040,1180.252945,5684.910747,196751,1255.44199,6009.125138,63595,1481.432801,5794.197924
d15_16_G02_1_4_T,glasshouse_b2,5489,T1,R4,T,5795,1736,1672,69,2320.028986,1856.115942,12476,1833,1909,11282,1840,1936,5781,2303.419132,1788.887909,5359,1634.587236,741.7818623,346190,2029.697808,1600.520983,6682,2265.483089,1863.299312,5781,2303.419132,1788.887909
d31_46_G06_1_2_S,glasshouse_b2,3811,T1,R2,S,10684,1047,2576,69,1299.246377,2084.57971,23567,1653,1995,21918,1724,2122,10684,1047.031636,2575.597061,12626,1289.184461,2240.230556,400390,1420.34618,2091.865406,11368,1278.03589,3919.293543,10404,1048.211553,2570.040177
d41_03_G01_0_3_T,glasshouse_b1,Gladius,T0,R3,T,13207,1547,3269,61,1952.737705,978.3442623,40954,1709,2335,42859,1714,2561,13207,1500.260165,3283.730825,22260,1713.840386,3197.105166,326795,863.8677275,3914.295393,23590,1851.864731,1083.040187,14131,1379.551766,1665.226665
d35_27_G04_0_3_S,glasshouse_b2,Forrest,T0,R3,S,11244,764,3214,55,694.6181818,2883.6,27349,764,3214,26770,743,2934,11244,840.3295091,3196.517787,11606,1460.574961,695.876874,485122,840.5496906,2322.130699,12800,1426.803438,770.194375,7678,872.2384736,3517.142355
d21_10_G02_0_1_T,glasshouse_b1,5489,T0,R2,T,10616,2407,2471,55,2040.854545,1478.8,18162,2439,2732,18103,2436,2726,10616,2406.670968,2471.336096,8418,2308.635305,2770.400808,352903,2611.502563,2116.763479,8234,2450.492835,3075.134807,10616,2406.670968,2471.336096
d37_24_G03_1_4_T,glasshouse_b1,CALINGIRI,T1,R4,T,27065,1182,3748,47,2260.93617,1995.510638,24634,1315,4241,24340,1315,4241,27063,1231.650889,3735.396889,11338,1132.892926,3551.513406,579029,988.052835,3001.716462,13570,1119.901842,2398.994547,25437,1251.293313,3779.203169
d07_47_G06_1_3_S,glasshouse_b2,3811,T1,R3,S,2465,1452,767,65,1399.476923,874.1692308,3556,1572,315,3556,1572,315,2465,1441.085598,763.7436105,1505,1568.053156,250.6146179,304363,1454.913337,282.3058026,1260,1405.053175,863.4587302,2465,1441.085598,763.7436105
d31_36_G05_0_4_S,glasshouse_b2,Hartog,T0,R4,S,9144,725,4522,102,639.3137255,4966.27451,33778,1337,1382,40330,750,2941,9144,731.329615,4521.625,17062,729.9035283,2879.344039,479742,842.9630781,3865.561091,14495,725.748189,2808.263263,9126,731.4934254,4521.692636
d19_39_G05_1_3_S,glasshouse_b2,Hartog,T1,R3,S,3575,1011,2073,62,1001,2156.709677,9253,1002,2388,10999,997,2280,3575,1013.785175,2073.237483,4001,1733.126968,2118.075481,396128,990.5187086,2058.223655,3637,1013.534506,2078.554028,3575,1013.785175,2073.237483
d11_38_G05_1_2_S,glasshouse_b2,Hartog,T1,R2,S,3863,2132,1548,54,1327.925926,515.7777778,12469,1128,1038,12469,1128,1038,3863,2147.556303,1538.546725,4929,1327.861838,546.7681071,382330,876.15563,1319.01171,5087,1318.785925,553.1195203,3863,2147.556303,1538.546725
d49_41_G06_0_1_S,glasshouse_b2,3811,T0,R1,S,73799,1186,4106,86,1800.139535,565.5,156400,1512,3824,161481,1707,3744,54296,1114.240975,4263.423788,69156,1691.952614,3701.755423,545194,1311.27568,3582.162106,91980,1140.221363,4123.943162,47294,1122.129911,4252.274327
d11_35_G05_0_3_S,glasshouse_b2,Hartog,T0,R3,S,2827,1465,552,63,1494.031746,323.9047619,10980,1471,488,10980,1471,488,2827,1465.859215,552.2419526,5310,1477.07646,309.9143126,385457,1819.655482,269.5649294,4720,1477.805508,287.7597458,2827,1465.859215,552.2419526
d49_24_G03_1_4_T,glasshouse_b2,CALINGIRI,T1,R4,T,21113,1147,3584,65,2171.984615,1564.8,50950,2175,1816,53083,2175,1820,21110,1224.855613,3613.082473,22759,1225.340569,2798.376115,581942,1375.100742,2659.264452,16421,2344.464405,1840.351562,15473,1202.916241,3971.542299
d37_13_G02_1_1_T,glasshouse_b1,5489,T1,R1,T,7913,1283,2053,65,1829.692308,924.3692308,26949,1664,1572,27838,1670,1588,7913,1276.643498,2054.063566,11388,1550.026344,2144.895943,505004,1493.850787,1752.994016,19807,1769.406472,846.4530217,7839,1277.53017,2058.690777
d43_38_G05_1_2_S,glasshouse_b2,Hartog,T1,R2,S,3710,872,1685,78,886.9358974,1869.102564,30434,1784,1191,30281,1784,1191,3710,877.341779,1688.312399,12769,1761.295481,873.0176208,398938,913.4504234,1623.931847,10113,1656.811925,774.1039256,3710,877.341779,1688.312399
d41_40_G05_1_4_S,glasshouse_b1,Hartog,T1,R4,S,20926,2345,3469,47,1372.319149,1026.744681,33838,1457,4145,47960,2277,3475,20647,2347.09522,3468.086114,18461,2141.488598,3393.436217,461008,2487.13187,2937.877698,20891,2345.017376,3561.373462,17319,2332.651077,3535.586754
d33_26_G04_0_2_S,glasshouse_b1,Forrest,T0,R2,S,5359,1425,3221,56,1623.232143,4015.089286,17211,1438,2776,18211,1610,3900,5359,1440.503079,3216.67382,9502,1215.010945,2706.780467,363991,1458.989313,2729.785025,8850,1176.091073,2642.888249,5359,1440.503079,3216.67382
d15_20_G03_0_4_T,glasshouse_b2,CALINGIRI,T0,R4,T,12147,1942,2322,50,1860.1,2542.12,22399,1784,2337,29803,1713,2041,12147,1889.04602,2310.212233,11996,1535.895715,814.9722407,368182,870.9457035,1485.815024,10051,1833.396378,2731.979007,11933,1890.044834,2329.095533
d07_21_G03_1_1_T,glasshouse_b2,CALINGIRI,T1,R1,T,2819,1634,1026,93,1725.677419,1096.139785,6247,1649,1062,6247,1649,1062,2819,1635.777935,1026.16105,3549,1522.904198,325.4787264,393515,1456.839094,358.9737164,3472,1525.893145,322.7381912,2819,1635.777935,1026.16105
d7_T023_04.11.23,field,3811,na,R8,S,79470,749,3851,48,510.4166667,3632.5,276634,1186,4891,330894,1165,4664,78818,758.6470476,3863.474968,164644,1174.96685,4251.543913,492920,807.8173172,3050.601627,268210,1086.348671,3719.814761,54975,704.6865302,3829.44091
d7_T021_04.11.23,field,Gladius,na,R9,T,64143,160,2670,80,1436.7125,2662.675,186471,1066,2217,208361,892,2394,57201,148.6715617,2584.233807,107963,1212.552958,5351.525523,424288,258.9224324,2590.812752,111999,1173.598229,5316.418843,54926,146.5992426,2558.13216
d19_08_G01_1_4_T,glasshouse_b2,Gladius,T1,R4,T,23354,1896,1793,47,1852.723404,1653.680851,17824,1865,1242,18996,1897,1300,23354,1940.300762,1797.179113,8703,1895.149029,2019.635758,979388,1663.345203,1603.231494,8706,1768.300942,995.8336779,19076,1953.99675,1911.464458
d15_27_G04_0_3_S,glasshouse_b2,Forrest,T0,R3,S,4676,1007,1627,90,1412.611111,595.3888889,11875,1476,711,18759,1072,1427,4676,1007.3287,1627.11805,9612,1478.407303,575.0366209,380550,865.5671659,1640.035286,9801,1474.624324,584.0116315,4213,764.9681937,2362.704249
d11_29_G04_1_1_S,glasshouse_b2,Forrest,T1,R1,S,1968,1139,1299,96,1428.895833,309.0208333,4385,1461,497,4631,1454,527,1968,1141.922764,1300.07063,2200,1439.885,315.2459091,318062,1453.320035,285.0227094,2203,1439.942351,315.3685883,1968,1141.922764,1300.07063
d11_47_G06_1_3_S,glasshouse_b2,3811,T1,R3,S,3015,1206,1370,57,1578.157895,380.4210526,8272,1504,646,8498,1506,652,3015,1205.93068,1369.840796,4495,1553.390211,424.3922136,382368,1457.531603,987.1768506,4159,1558.708824,409.0134648,3015,1205.93068,1369.840796
d11_10_G02_0_1_T,glasshouse_b2,5489,T0,R2,T,10198,1717,758,79,1737.936709,291.6075949,15365,1753,515,15547,1914,1253,7414,1943.73024,1535.84799,6608,1706.971701,296.9664044,478558,1980.831408,432.9709753,7040,1674.055966,306.8487216,7414,1943.73024,1535.84799
d15_10_G02_0_1_T,glasshouse_b2,5489,T0,R2,T,14893,2134,1455,58,1953.396552,987.9655172,18697,2268,1807,26536,2185,1565,14893,2115.144632,1461.835157,9962,1686.261092,511.4445894,666752,1671.457248,1243.580747,6316,1687.172894,408.7811906,14109,2148.246651,1503.786519
d5_T015_21.10.23,field,3811,na,R6,S,14493,325,845,83,701.9518072,4715,186265,968,5063,185376,968,5064,12629,249.2107847,279.1922559,110460,786.1439073,5717.411443,434335,261.1689825,439.6691816,67165,428.6989206,2978.190233,11253,264.968364,294.747534
d11_31_G04_1_3_S,glasshouse_b2,Forrest,T1,R3,S,2697,1336,1366,63,1468.444444,299.8412698,6329,1614,528,6330,1614,528,2697,1341.72525,1371.512792,3729,1564.260928,335.9018504,272868,1462.840388,269.7450745,3664,1561.662937,333.6877729,1733,1386.745528,1300.085401
d35_26_G04_0_2_S,glasshouse_b2,Forrest,T0,R2,S,6479,1435,3109,49,2017.020408,3330.795918,33917,1521,3588,35678,1561,3511,6262,1011.64085,3915.737624,13903,1501.107675,3539.522189,342293,1453.160395,3638.607252,8840,1191.314367,2620.718213,6262,1011.64085,3915.737624
d11_41_G06_0_1_S,glasshouse_b2,3811,T0,R1,S,4424,1559,1062,59,1505.728814,1515.881356,12068,1542,1535,12705,1546,1508,4424,1568.972197,1065.60217,5163,1613.818129,379.5429014,361461,1458.882776,1014.344397,7125,1536.226386,1686.117333,4424,1568.972197,1065.60217
d27_06_G01_1_2_T,glasshouse_b2,Gladius,T1,R2,T,8630,1526,2015,93,1759.88172,648.0645161,21086,1658,837,21832,1562,1857,8630,1482.016338,1991.23314,14567,1719.616599,684.0645294,435505,1467.086745,401.513629,15031,1716.388264,693.1851507,6539,1631.730846,755.6329714
d1_T009_27.09.23,field,3811,na,R5,S,86462,1505,903,82,1547.939024,725.6585366,250384,855,5338,316129,996,4799,77334,1554.914889,872.5578659,129047,1523.086573,803.9289484,885231,1279.084994,752.8137051,123570,1511.110375,768.459788,59253,1660.753582,938.7280475
d11_36_G05_0_4_S,glasshouse_b2,Hartog,T0,R4,S,4851,1156,1669,68,1465.676471,455.5882353,17144,1478,696,22174,1333,1137,4851,1170.650175,1670.278499,8485,1489.463995,434.1381261,351428,885.8922738,1478.827083,5909,1416.095955,367.5659164,4619,1164.511799,1688.256982
d31_31_G04_1_3_S,glasshouse_b2,Forrest,T1,R3,S,3843,662,3157,53,398,2905.981132,16415,974,1891,15384,976,1890,3843,649.3791309,3156.629716,6095,2185.090894,3010.8274,358494,1321.400205,2057.419388,3976,634.5487928,3150.246479,3843,649.3791309,3156.629716
d4_T012_14.10.23,field,Gladius,na,R5,T,47993,1094,5405,77,1207.181818,4407.909091,208776,1168,5607,212794,1122,5569,25240,1105.387995,4957.949208,111828,1158.618906,6166.41427,841588,584.9226082,6191.941332,76586,1030.478142,6361.147011,21558,1099.377493,4873.277159
d29_11_G02_0_3_T,glasshouse_b1,5489,T0,R3,T,18908,1566,3800,48,2776.541667,3256.916667,24243,1599,2796,23877,1542,2635,11458,1451.926427,4105.70693,10981,1401.278117,2423.599035,513938,1683.778574,3867.503827,10302,1399.810911,2489.615803,8403,1406.323932,4234.244794
d19_07_G01_1_3_T,glasshouse_b2,Gladius,T1,R3,T,12979,1321,1832,60,1378.1,3017.716667,19989,1332,2573,20846,1330,2555,12979,1343.452115,1840.895061,10442,1615.874354,1493.35702,435602,1418.297905,1155.885664,6366,1256.192271,2595.267672,12979,1343.452115,1840.895061
d49_06_G01_1_2_T,glasshouse_b2,Gladius,T1,R2,T,19510,1638,743,56,2062.767857,1462.803571,67916,1819,956,65978,1827,944,14527,2296.916294,1547.138088,36651,1710.317099,722.8924722,531208,1463.278721,488.0154064,36315,1885.054633,1200.360209,14367,2299.352544,1552.698336
d25_31_G04_1_3_S,glasshouse_b1,Forrest,T1,R3,S,3047,851,2181,70,677.1,1926.028571,11537,846,2176,11537,846,2176,3047,867.3193305,2183.561864,3687,727.9335503,2205.945755,379871,871.1039432,1630.648523,3002,864.8774151,2187.113591,3047,867.3193305,2183.561864
d19_20_G03_0_4_T,glasshouse_b2,CALINGIRI,T0,R4,T,18881,1793,2327,57,1229.649123,3157.807018,25678,1803,2972,25621,1803,2972,18881,1860.888194,2318.220751,12200,1873.176393,2149.138689,576019,1957.90534,1869.133506,10941,1863.947537,2419.964903,18669,1861.031068,2329.988698
d07_16_G02_1_4_T,glasshouse_b2,5489,T1,R4,T,2997,1607,1022,64,1567.296875,307.90625,3751,1587,457,3751,1587,457,2997,1614.550551,1018.680347,1631,1579.639485,906.6076027,275200,1466.871533,860.5509266,1692,1646.11643,1126.981087,1712,1645.474883,1125.408294
d43_35_G05_0_3_S,glasshouse_b2,Hartog,T0,R3,S,12003,1473,4418,60,1192.9,3210.733333,53813,1168,3842,53546,1168,3842,11837,1485.280054,4410.736758,33908,1630.811608,737.2198301,394979,1807.53139,287.9012859,27243,1700.958999,635.6363837,11704,1484.781528,4412.198906
d19_44_G06_0_4_S,glasshouse_b2,3811,T0,R4,S,9170,1040,1736,69,1623.985507,669.1594203,29056,1337,1136,29799,1073,2223,9170,1062.791167,1747.392366,16151,961.1612903,1504.883908,484552,914.4210322,1121.348349,12315,2085.632318,2006.042793,9122,1061.82449,1749.668713
d29_45_G06_1_1_S,glasshouse_b1,3811,T1,R1,S,7650,778,2485,52,1091,1652.269231,20613,1236,2384,25173,1375,3278,7650,775.9709804,2485.066405,10523,975.6424024,2261.434192,545911,805.162761,1847.599253,13827,1637.549288,3559.407174,6788,767.0309369,2190.708456
d09_19_G03_0_3_T,glasshouse_b1,CALINGIRI,T0,R3,T,4788,1642,1251,60,1564.25,1312.283333,9706,1505,891,9819,1505,891,4788,1672.462824,1243.674603,5130,1575.216569,1126.413645,410869,1833.853004,911.3168017,5114,1509.991201,320.9939382,4773,1672.336686,1244.827991
d29_09_G02_0_1_T,glasshouse_b1,5489,T0,R1,T,10381,802,4296,64,1746.109375,942.4375,35503,2239,3181,34665,2427,3404,10381,833.9339177,4296.398998,12039,2450.87092,4291.37744,376785,888.5114482,3935.772645,14436,2268.514062,2070.074744,10381,833.9339177,4296.398998
d1_T010_27.09.23,field,Gladius,na,R3,T,17019,1338,5926,53,1347.867925,6061.245283,144350,1236,5347,154645,1254,5228,13840,1383.707587,5895.865679,60390,1587.881288,6003.939046,421185,1088.848159,5889.990517,99055,1371.455656,5732.567675,8118,899.0996551,5461.831855
d31_20_G03_0_4_T,glasshouse_b2,CALINGIRI,T0,R4,T,18028,1804,2370,72,1491,4457.833333,46540,1162,3803,47431,1151,3726,18028,1873.609552,2353.373641,20474,1508.979975,4392.441243,609296,1965.004108,1873.54133,19826,1666.166599,1031.186876,18028,1873.609552,2353.373641
d09_14_G02_1_2_T,glasshouse_b1,5489,T1,R2,T,5516,1963,1089,74,1573.662162,287.1486486,4264,2014,1223,4212,1894,850,5516,1962.414793,1088.742023,2632,1975.083967,946.4266717,383403,1619.792,878.5091327,3010,1573.306977,300.8036545,5516,1962.414793,1088.742023
d35_38_G05_1_2_S,glasshouse_b2,Hartog,T1,R2,S,3125,2236,4300,62,1162.274194,1003.806452,23888,1122,1371,26182,1016,1947,3125,2239.8432,4300.4208,9590,842.3407716,2151.555162,386812,870.6183288,2475.105436,9021,866.9677419,2419.756235,2907,2239.067767,4315.933953
d05_43_G06_0_3_S,glasshouse_b1,3811,T0,R3,S,3997,1684,641,54,1690.759259,840.4074074,3323,1683,432,3279,1684,701,2084,1685.168906,487.5431862,1283,1733.44661,376.4723305,278502,1468.103698,266.9892424,1678,1691.18534,830.3557807,2476,1687.84168,455.4232633
d17_37_G05_1_1_S,glasshouse_b1,Hartog,T1,R1,S,5050,2325,2578,73,2333.835616,2160.69863,7074,1052,2203,7074,1052,2203,5050,2339.925149,2577.553465,4475,947.4634637,2206.83933,358047,2554.542292,2084.603544,4927,956.5088289,2185.966917,5037,2339.896764,2576.804646
d49_21_G03_1_1_T,glasshouse_b2,CALINGIRI,T1,R1,T,15873,1405,2956,65,1619.676923,3238.692308,52998,1845,4089,52961,1462,1754,15873,1399.958168,2956.213066,31151,1766.944175,4537.66107,559989,1565.922016,3889.020143,35940,1564.304981,2710.774513,15689,1400.120658,2956.982281
d15_06_G01_1_2_T,glasshouse_b2,Gladius,T1,R2,T,9859,1602,1605,62,1643.225806,806.2903226,14972,1623,948,14893,1538,1838,9859,1536.773405,1596.475302,8801,1633.272696,750.5530053,574739,1481.546549,1318.369439,10131,1655.044912,803.403514,9859,1536.773405,1596.475302
d49_07_G01_1_3_T,glasshouse_b2,Gladius,T1,R3,T,32831,1337,2332,61,1536.688525,2962.688525,52981,1476,1516,66711,1274,2469,19548,1327.945723,2421.431297,28358,1400.904154,3120.768954,588455,1472.910274,1277.364351,37362,1210.151785,3249.461619,13174,1365.903294,2528.775846
d11_14_G02_1_2_T,glasshouse_b2,5489,T1,R2,T,7090,2017,1337,70,2066.528571,1417.728571,10205,2027,1373,7755,2047,1473,7090,2008.345275,1340.043865,4181,2043.316671,1335.682133,357237,2030.894988,1001.654761,5505,2034.362035,1294.981835,7090,2008.345275,1340.043865
d11_22_G03_1_2_T,glasshouse_b2,CALINGIRI,T1,R2,T,5629,2009,1561,61,1944.737705,1802.868852,10903,1554,887,12870,1712,1417,5629,1994.623557,1561.229348,7122,1906.534962,1652.029065,529780,1861.909559,1059.704377,4564,1887.599912,1753.363278,5629,1994.623557,1561.229348
d15_35_G05_0_3_S,glasshouse_b2,Hartog,T0,R3,S,3974,983,2104,50,869.98,2293.14,12621,835,1867,13916,835,1867,3974,982.0727227,2104.290639,7328,1550.271288,628.025655,335707,279.9568433,1467.066361,3609,999.8423386,2019.062621,3956,981.3336704,2105.543984
d19_27_G04_0_3_S,glasshouse_b2,Forrest,T0,R3,S,6981,732,2731,65,707.6615385,2638.292308,14835,753,2387,16292,791,2302,4443,2717.860455,1950.548953,8198,1464.342157,707.9442547,377513,872.5167451,2468.160418,7020,720.9155271,2425.62265,4443,2717.860455,1950.548953
d19_12_G02_0_4_T,glasshouse_b2,5489,T0,R4,T,13059,1045,1888,57,2146.54386,2130.614035,23340,1884,2476,24941,1865,2424,13059,1121.085841,1904.607167,10395,1544.364983,803.6681097,590010,1590.223191,2308.414235,12917,1500.2338,894.0229155,13059,1121.085841,1904.607167
d15_25_G04_0_1_S,glasshouse_b2,Forrest,T0,R1,S,6465,1521,1747,72,1485.361111,1794.25,9899,1553,789,11917,1502,940,6417,1488.084775,1735.104098,5916,1427.619168,608.546146,359283,1452.450753,1343.490947,3949,1365.787794,516.8678146,6417,1488.084775,1735.104098
d29_26_G04_0_2_S,glasshouse_b1,Forrest,T0,R2,S,7161,1375,3102,58,1086.155172,2581.724138,16084,1392,2587,15803,1392,2582,6912,1402.126591,3110.530671,10567,1160.324974,2517.130879,378159,1456.174466,2767.602173,6882,1512.474571,804.2150538,6913,1402.140605,3110.611167
d15_18_G03_0_2_T,glasshouse_b2,CALINGIRI,T0,R2,T,13866,1206,1827,68,1467.014706,1831.088235,26611,1472,929,28561,1471,937,13866,1202.207558,1826.540098,10231,1420.025999,1816.328805,430488,1392.287627,1171.993382,8613,1429.538488,519.9004992,13866,1202.207558,1826.540098
d5_T019_21.10.23,field,Gladius,na,R7,T,269318,829,5036,64,1156.4375,3652.359375,353714,989,5425,377885,1317,2972,197280,897.3957015,5093.282664,168584,1453.421772,3897.293065,1229792,1895.84814,3615.066704,293452,955.3870139,5645.703703,193488,891.3957661,5090.131114
d19_15_G02_1_3_T,glasshouse_b2,5489,T1,R3,T,8701,935,2279,57,980.2280702,2007.614035,15628,1048,1796,18154,1013,1862,8701,936.6103896,2279.857028,7520,928.3037234,1864.533511,512473,913.3203057,1862.451665,4899,941.6029802,2093.409471,8241,932.7961412,2300.807062
d09_47_G06_1_3_S,glasshouse_b1,3811,T1,R3,S,2890,1434,772,71,1598.43662,257.1971831,5696,1593,639,5735,1593,639,2890,1423.407958,766.9529412,2673,1466.40853,717.298541,389201,1022.692909,875.8017503,3280,1605.422561,252.6039634,2890,1423.407958,766.9529412
d29_17_G03_0_1_T,glasshouse_b1,CALINGIRI,T0,R1,T,22507,1392,3471,73,1731.30137,931.890411,31290,1411,2468,35489,1336,3102,22507,1311.753677,3471.324521,12049,2722.271807,2449.635405,510494,1420.881632,2213.663781,16572,1272.535783,2534.057989,11546,1347.236012,4075.289711
d45_27_G04_0_3_S,glasshouse_b1,Forrest,T0,R3,S,10728,790,3221,69,1499.594203,646.3043478,31787,1055,3660,33764,790,3221,10728,852.9209545,3201.260999,16197,705.1005742,3015.299932,497116,845.4187172,2329.646795,21806,1459.350958,726.9866092,8017,1426.60484,635.3636023
d29_33_G05_0_1_S,glasshouse_b1,Hartog,T0,R1,S,5543,1335,3662,66,1550.5,718.3787879,18553,1214,2820,23603,1244,2680,5543,1340.723074,3659.778279,9795,1164.167432,2413.710465,343480,1453.326042,3082.823972,10151,1165.751355,2389.679145,5424,1344.297382,3667.439897
d33_27_G04_0_3_S,glasshouse_b1,Forrest,T0,R3,S,7757,835,3529,71,2666.309859,2721.084507,23921,754,2911,23921,754,2911,7757,888.6025525,3518.448627,9593,729.4424059,3032.112478,385785,871.1317729,2832.576738,11367,805.3049177,2245.375033,7757,888.6025525,3518.448627
d15_01_G01_0_1_T,glasshouse_b2,Gladius,T0,R1,T,9752,2161,2257,75,2307.64,2325.96,19646,2081,2238,24802,2149,1814,9752,2129.950779,2269.721596,12088,2301.424222,2432.894523,350554,2026.722351,1623.179479,11760,2306.690051,2443.872109,6107,845.8693303,2120.022925
d13_24_G03_1_4_T,glasshouse_b1,CALINGIRI,T1,R4,T,8252,2227,1520,50,1283.74,883.4,15172,1291,1777,15719,1295,1764,8252,2200.928987,1527.732429,6433,1226.70356,1235.844085,338674,2054.840463,1479.280819,6331,1572.933344,507.9352393,5868,2248.957055,1724.532379
d21_20_G03_0_4_T,glasshouse_b1,CALINGIRI,T0,R4,T,17219,1811,2412,53,1764.773585,3954.150943,21275,1719,2082,21898,1724,2095,17219,1854.77037,2398.658633,9132,1773.879216,3713.48883,620716,1734.014657,1788.153929,12242,1854.202826,2516.992893,18652,1857.64095,2321.684055
d29_05_G01_1_1_T,glasshouse_b1,Gladius,T1,R1,T,17271,1306,3790,52,1642.307692,1196.557692,25243,1639,2353,25585,1630,2407,8414,1430.117067,3197.412764,10954,1484.604711,2189.970148,422707,1785.238326,2748.369462,13023,1470.018122,2590.540198,8263,1432.750696,3190.312719
d17_32_G04_1_4_S,glasshouse_b1,Forrest,T1,R4,S,2073,1361,972,61,1367.885246,949,3238,765,2008,5326,834,1723,2073,1356.868307,971.9044863,1884,797.0467091,1867.049363,329116,874.9635782,2056.582539,2073,1356.868307,971.9044863,1884,797.0467091,1867.049363
d21_02_G01_0_2_T,glasshouse_b1,Gladius,T0,R2,T,8466,2093,2848,64,2016.234375,2704.390625,20192,1739,2176,20429,1901,3231,8466,2086.711198,2844.5163,9662,1983.414717,2768.269923,512677,2070.323623,2228.193445,17240,1943.685499,3219.647216,8466,2086.711198,2844.5163
d15_45_G06_1_1_S,glasshouse_b2,3811,T1,R1,S,4130,764,1720,67,945.7761194,954.1044776,13430,1226,1762,16592,1258,1652,4130,763.6588378,1719.637046,6029,1448.926854,1408.954553,374206,1017.057848,1468.598769,5392,1468.419325,1379.505935,4130,763.6588378,1719.637046
d35_40_G05_1_4_S,glasshouse_b2,Hartog,T1,R4,S,18189,2354,3383,58,1302.551724,1259.948276,38111,1687,3563,39684,1581,3444,18189,2365.351366,3387.611798,18120,2142.341336,3240.996744,495550,2531.404401,2405.4434,17015,2405.815339,3105.907435,17962,2364.893108,3389.587017
d31_45_G06_1_1_S,glasshouse_b2,3811,T1,R1,S,9031,787,2391,66,1029.363636,1750.924242,28629,1253,1909,27884,1257,1894,6837,779.6704695,2205.885769,15327,1345.589678,3192.421935,392611,856.9652226,1525.730132,15794,1657.060529,3675.433709,6815,779.6311079,2207.808217
d31_09_G02_0_1_T,glasshouse_b2,5489,T0,R1,T,10985,784,4320,70,2464.185714,4214.757143,44106,2258,4070,54930,2136,2804,10985,813.2738279,4318.23878,21100,2443.64455,4135.756493,375043,886.5445402,3944.809643,25479,2430.068723,3973.455983,10695,813.9944834,4316.33324
d45_01_G01_0_2_T,glasshouse_b1,Gladius,T0,R1,T,9115,503,3181,62,731.1774194,3109.709677,47184,2175,3533,47189,2175,3533,9115,513.4017553,3181.394515,24233,769.4814922,2932.025626,778986,897.9865197,2541.369023,32457,752.5733124,3153.674523,7441,951.6750437,2713.734041
d29_32_G04_1_4_S,glasshouse_b1,Forrest,T1,R4,S,5249,591,2503,65,2472.215385,3155.907692,8752,526,2728,8752,526,2728,5249,590.8915984,2502.699181,4486,2476.225591,3101.472804,491708,2959.553509,2642.664905,4855,2475.096395,3074.301957,5037,594.4228708,2485.660711
d41_27_G04_0_3_S,glasshouse_b1,Forrest,T0,R3,S,10668,773,3211,59,899.2711864,1955.118644,29174,744,3061,29174,744,3061,10668,847.3458943,3195.874672,11159,2768.471189,2389.404785,498315,908.4441046,3232.905273,17619,1430.835291,780.5600772,7291,879.8291044,3519.448224
d29_15_G02_1_3_T,glasshouse_b1,5489,T1,R3,T,14880,992,2933,75,1493.146667,3619.293333,18488,938,2650,18214,1254,3436,14880,1082.623051,2932.718548,9188,954.2224641,3089.512734,617792,1240.480482,2362.846987,10897,916.2737451,2961.398734,15441,1072.269089,2894.082313
d07_17_G03_0_1_T,glasshouse_b2,CALINGIRI,T0,R1,T,8314,1326,791,59,1494.440678,753.8474576,13616,1650,538,17358,1337,774,8314,1318.202911,789.6505894,6054,1532.113809,366.3406013,439142,1434.507651,423.6437576,6963,1611.224472,332.019101,7680,1302.083724,838.953125
d33_08_G01_1_4_T,glasshouse_b1,Gladius,T1,R4,T,9692,2015,2614,53,1852.754717,920.5849057,20909,1931,1698,24660,1981,2648,9690,2020.328999,2592.840557,9387,1969.852029,2636.269415,395018,2014.330382,2082.412262,9568,2076.206835,1502.866325,8417,2002.196626,2598.065938
d3_T009_08.10.23,field,3811,na,R5,S,93693,863,5572,69,994.2318841,6216.086957,268237,1082,5314,291078,1029,5122,52312,1017.574037,5761.915775,136010,1129.882678,6156.607595,608270,667.8315288,5946.564593,135159,1135.947713,6160.599242,46637,995.960675,5692.724125
d7_T024_04.11.23,field,3811,na,R9,S,35443,896,3820,78,413.7435897,2495.128205,240572,960,2166,273303,1014,2463,32072,886.2319469,3791.56317,119717,734.4177602,3629.667967,588057,863.9981022,3450.371551,79425,953.4793453,3829.937337,29761,278.6539431,2776.87944
d21_39_G05_1_3_S,glasshouse_b1,Hartog,T1,R3,S,3547,1023,2081,49,1045.183673,2686.306122,7006,1015,2397,7006,1015,2397,3547,1026.078376,2081.617141,3363,1756.528992,2013.315789,375679,1010.645748,2056.248686,3547,1026.078376,2081.617141,3547,1026.078376,2081.617141
d7_T017_04.11.23,field,Gladius,na,R6,T,16145,173,5036,59,1494.220339,5586.661017,178637,985,5039,174608,979,5081,16144,180.3442765,5036.004708,98389,847.4025552,3675.142577,547439,222.0198817,4578.27168,91504,851.8378322,3575.822948,11691,184.0459328,5104.898726
d2_T005_02.10.23,field,3811,na,R2,S,14864,895,6158,62,1607.935484,4722.854839,169494,1288,5302,174294,1265,5304,13256,882.2159777,6186.451192,64356,1850.905867,5027.670955,385387,2008.25087,4950.038374,61618,1233.856552,6235.931092,12427,883.7197232,6171.841072
d15_02_G01_0_2_T,glasshouse_b2,Gladius,T0,R2,T,7269,1741,2080,67,1884.835821,2228.537313,21434,1765,2358,21414,1744,2312,7269,1769.924336,2087.104691,11503,1939.763279,2562.83726,353649,2014.352474,1584.08634,9934,1940.186632,1521.708476,7269,1769.924336,2087.104691
d1_T011_27.09.23,field,Gladius,na,R4,T,70376,1476,5849,70,339.9285714,6556.542857,268514,1218,5728,236567,1171,5856,57456,1408.74551,5784.911828,103047,1618.258232,5698.287888,594366,413.5278953,5182.787993,112371,1620.796424,5694.775511,52788,1414.197962,5738.021691
d37_08_G01_1_4_T,glasshouse_b1,Gladius,T1,R4,T,12173,1952,2170,94,1817.744681,1577.702128,22972,1901,1873,21677,2009,2803,11122,1984.854433,2120.638644,10836,1727.671465,2413.78636,627423,1957.312434,1534.905292,15249,1807.178307,2376.261919,5665,1969.945278,2441.157988
d27_29_G04_1_1_S,glasshouse_b2,Forrest,T1,R1,S,3512,978,3307,54,2503.055556,2440.37037,11277,1304,2496,12295,1304,2496,3512,971.4752278,3305.772779,5485,2496.87639,2498.26618,276855,2589.969558,2628.90231,4309,2488.28336,2669.260153,3195,984.3104851,3279.652895
d21_44_G06_0_4_S,glasshouse_b1,3811,T0,R4,S,8806,1047,1760,58,821,2250.017241,25213,959,2056,25371,959,2066,8806,1070.419827,1780.869634,12590,960.9312153,1608.581096,556955,918.560855,1168.907712,10798,1723.440359,705.7712539,9002,1076.600866,1766.618974
d19_05_G01_1_1_T,glasshouse_b2,Gladius,T1,R1,T,7639,1479,3082,55,1420.6,2878.054545,21188,1572,2661,28119,1423,2143,7639,1450.981149,3078.151198,11325,1672.816336,981.5773951,507770,1415.123733,1105.146925,8769,1505.264682,2150.140951,7639,1450.981149,3078.151198
d45_15_G02_1_3_T,glasshouse_b1,5489,T1,R3,T,13241,1072,3128,56,1356.767857,4323.232143,50633,1335,4091,53270,1319,4074,13241,1125.610679,3074.747451,23883,1449.008374,4458.437675,390737,1440.851849,3986.185772,47340,1359.082763,4179.340494,6984,1166.835481,4166.674685
d35_39_G05_1_3_S,glasshouse_b2,Hartog,T1,R3,S,6341,1500,2617,98,1644.683673,2306.867347,20954,1453,2727,24546,1495,2614,6341,1509.928245,2619.393313,9204,1649.49196,2354.29661,358891,1447.148744,2193.084223,10743,1579.514568,2449.418784,6341,1509.928245,2619.393313
d13_07_G01_1_3_T,glasshouse_b1,Gladius,T1,R3,T,10712,1411,1464,54,1656.537037,486.0740741,13072,1469,1277,15151,1362,1939,10712,1399.519137,1468.565814,6313,1479.405829,1203.954063,410954,1429.14717,1101.206103,7442,1336.300457,1795.383499,10950,1401.065114,1456.371416
d1_T017_27.09.23,field,Gladius,na,R6,T,17752,1035,5116,50,743.48,2597,176893,1065,4963,182669,1076,4913,17748,1062.898636,5110.85604,88010,939.8332576,4551.549892,437705,1281.850845,4726.81629,77672,884.5531852,4592.754081,12936,1036.701067,5164.144481
d05_28_G04_0_4_S,glasshouse_b1,Forrest,T0,R4,S,2098,1506,469,88,1447.715909,277.4204545,4607,1495,434,4610,1495,434,2098,1505.842707,469.1830315,2155,1543.884919,390.4900232,236165,1457.695332,245.8352169,2277,1496.581028,264.8770312,2497,1501.927513,438.649179
d11_37_G05_1_1_S,glasshouse_b2,Hartog,T1,R1,S,2003,1076,1852,64,1106.25,1392.765625,5676,1074,1722,8774,1193,1136,2003,1075.722916,1851.949576,2578,1345.292087,899.4868115,348902,870.0565574,1483.019398,2003,1075.722916,1851.949576,1986,1075.754783,1853.223565
d43_02_G01_0_2_T,glasshouse_b2,Gladius,T0,R2,T,9215,1875,3615,73,1430.479452,3150.342466,55824,1690,3697,59171,1697,3681,8987,1817.235229,3600.210081,22409,1530.414878,4349.160337,619425,2075.913357,2544.146268,24956,1810.965619,3930.985294,8926,1818.345844,3596.845395
d31_01_G01_0_1_T,glasshouse_b2,Gladius,T0,R1,T,10824,923,2665,106,2384.811321,2626.566038,33471,2187,3279,37184,2338,2985,9463,918.8066152,2566.34228,19475,2369.592606,2300.689191,333824,982.2354115,2082.842974,10856,2332.104735,3394.804256,9468,918.8549852,2566.570765
d2_T021_02.10.23,field,Gladius,na,R9,T,125746,377,2757,57,235.2280702,3296.894737,196740,701,1967,194779,701,1955,99225,357.5887428,2733.107251,102699,474.6253323,3140.20564,1233394,251.4075924,2153.720295,85880,406.9145552,3245.498102,68615,223.8422211,2502.193923
d5_T001_21.10.23,field,Gladius,na,R1,T,191055,1295,5830,153,1388.542484,6397.810458,352466,1231,5575,350080,1244,5590,171919,1308.806013,5792.063175,135795,1358.712567,4899.857609,1501203,1206.83513,5354.859101,345802,1241.353844,5612.605456,162774,1301.311874,5781.535116
d21_11_G02_0_3_T,glasshouse_b1,5489,T0,R3,T,7302,1639,3265,66,1621.833333,3416.666667,23416,1438,2831,23410,1438,2831,7302,1635.47576,3266.737606,8443,1626.008646,3420.315172,383853,1459.576674,2211.873905,11488,1415.647023,2498.246083,6864,2674.160839,2502.269376
d09_02_G01_0_2_T,glasshouse_b1,Gladius,T0,R2,T,5862,1233,1144,60,1563.133333,355.0833333,9487,1825,1296,9487,1825,1296,5862,1233.747868,1143.579324,3761,1968.339006,1074.937517,354880,1454.801595,862.2670367,3643,1648.379083,329.0584683,4237,1245.702148,1015.927071
d37_37_G05_1_1_S,glasshouse_b1,Hartog,T1,R1,S,4636,2372,2591,66,1017.348485,2084.348485,7549,1093,2583,7546,1093,2583,4636,2387.214625,2591.19025,4161,979.4556597,2216.028359,208078,2584.535982,2632.509891,5224,2378.585184,2410.535222,4636,2387.214625,2591.19025
d37_15_G02_1_3_T,glasshouse_b1,5489,T1,R3,T,13301,1033,3044,60,1550.516667,4214,24382,1482,4066,27785,1441,3960,13301,1134.321028,3027.646342,12123,912.3678957,2608.064011,437470,896.3374357,2333.517286,18743,1642.73254,4162.664728,13999,1119.522823,2970.235588
d31_43_G06_0_3_S,glasshouse_b2,3811,T0,R3,S,17401,1764,3714,45,1583.133333,1466.155556,47118,1755,3964,46342,1402,2110,17401,1822.219068,3713.885754,22706,1789.358407,2627.060821,454193,1521.900047,3258.908455,20626,700.1035101,4004.851789,17238,1822.927312,3713.904687
d27_17_G03_0_1_T,glasshouse_b2,CALINGIRI,T0,R1,T,24583,1351,3231,50,1909.34,1103.62,35675,1400,3471,42795,1358,2618,24583,1261.065492,3231.477159,20561,1639.433004,1110.023102,499745,1424.462214,2243.07057,16251,1242.892684,2516.250262,9705,1257.725811,2898.397012
d41_46_G06_1_2_S,glasshouse_b1,3811,T1,R2,S,11720,1434,3938,58,1275.051724,4184.206897,27922,1801,2851,28403,1799,2863,11720,1506.851536,3960.635751,12324,1250.617089,3918.577653,351406,1424.924603,3318.21227,21812,1231.830598,4306.587566,10336,1057.717492,2563.900542
d37_39_G05_1_3_S,glasshouse_b1,Hartog,T1,R3,S,6427,1516,2619,70,1254.142857,2918.371429,17565,1511,2243,17845,1511,2243,6427,1525.299673,2621.714953,6055,1044.533443,2244.839472,363462,1449.988288,2202.33264,9653,1635.623019,2422.503678,6427,1525.299673,2621.714953
d25_41_G06_0_1_S,glasshouse_b1,3811,T0,R1,S,9137,1418,3471,74,1427.189189,1533.851351,21330,1528,2039,23777,1349,2844,9137,1427.718507,3485.675057,9468,1438.540135,1884.367554,354461,1460.612242,2532.989387,11184,1349.042471,2716.009657,8237,1431.382542,3497.899357
d33_12_G02_0_4_T,glasshouse_b1,5489,T0,R4,T,13719,2061,2788,76,1584.289474,686.2894737,35521,1748,2054,40213,1759,2108,13719,1986.846709,2817.201035,17917,1392.962605,1852.611319,597198,2087.171359,2504.198194,23209,1601.095092,851.1264596,13641,1986.343523,2815.568947
d33_07_G01_1_3_T,glasshouse_b1,Gladius,T1,R3,T,12751,1267,2128,43,1812.906977,2159.069767,24313,1430,1674,24493,1745,1730,12751,1321.805741,2156.953494,10846,1530.792827,2199.194081,651267,1488.912699,2401.131235,10637,1786.550155,1270.235687,10571,1930.741368,2466.323243
d37_17_G03_0_1_T,glasshouse_b1,CALINGIRI,T0,R1,T,25126,1401,3645,61,1380.409836,2158.213115,36275,1457,2167,41851,2725,3379,22003,1345.730173,3724.330546,17383,1315.82132,2709.190531,484517,1429.332065,2205.074833,22381,1637.693043,834.2373442,12894,1355.042888,4202.0736
d27_25_G04_0_1_S,glasshouse_b2,Forrest,T0,R1,S,6451,997,2892,68,823.0441176,2731.514706,24880,960,3003,24649,960,3003,6451,1007.302279,2897.955976,10448,846.8703101,2720.362653,450772,1375.484646,2657.271528,8218,1392.6532,743.5704551,6011,1474.276826,1849.764598
d41_30_G04_1_2_S,glasshouse_b1,Forrest,T1,R2,S,1953,1012,3139,68,771.8676471,2247.455882,9137,1010,3060,9250,959,2064,1953,1006.229903,3138.745008,4857,889.4836319,3179.110562,376347,871.0604097,2486.122895,4900,888.6589796,3175.403061,1953,1006.229903,3138.745008
d35_20_G03_0_4_T,glasshouse_b2,CALINGIRI,T0,R4,T,17882,1779,2376,46,1627.5,774.0217391,52571,1128,3702,54909,1119,3667,17882,1847.524774,2356.88206,29599,1827.723876,1139.191358,581043,1955.441661,1875.519719,25452,1772.672285,1024.075515,17656,1847.725136,2370.034606
d21_14_G02_1_2_T,glasshouse_b1,5489,T1,R2,T,10087,2190,2603,72,1927.041667,1209.097222,13061,2150,2014,16836,2201,2452,10087,2166.448994,2597.666006,6369,2256.575601,2528.097033,534515,2093.617536,1378.241939,6027,2002.038162,1291.707815,14124,2109.571863,2223.900453
d21_04_G01_0_4_T,glasshouse_b1,Gladius,T0,R4,T,16450,2089,3052,61,1933.508197,2743.409836,20997,1740,2029,20973,1740,2029,16450,2028.245714,3068.299514,9908,1888.382317,3114.119197,572700,2105.135746,2699.468814,13422,1559.820817,894.7175533,13603,2087.019187,3246.414835
d13_36_G05_0_4_S,glasshouse_b1,Hartog,T0,R4,S,4780,1158,1669,62,1251.080645,680.1612903,16665,1194,1577,16665,1194,1577,4780,1172.349372,1671.347699,6389,1210.40601,992.5146345,390110,874.7795878,1612.519769,6741,1504.215843,415.9873906,4563,1166.88867,1687.439404
d05_30_G04_1_2_S,glasshouse_b1,Forrest,T1,R2,S,1314,1348,678,63,1327.095238,297.5079365,1362,1350,674,1362,1350,674,1314,1348.141553,678.0258752,504,1392.781746,333.75,334039,1453.690279,293.9112948,866,1390.418014,305.5635104,1314,1348.141553,678.0258752
d07_48_G06_1_4_S,glasshouse_b2,3811,T1,R4,S,1644,1392,976,68,1570.191176,257.3382353,5161,1613,319,4931,1455,785,1644,1392.138686,976.7512165,4365,1632.232302,279.484307,210382,1461.942181,238.0208573,4365,1632.232302,279.484307,1644,1392.138686,976.7512165
d6_T008_28.10.23,field,3811,na,R4,S,34651,1196,6437,68,691.1764706,6236.911765,173212,931,2923,229697,958,3448,30905,783.2994661,3113.652548,85372,934.734468,2887.714028,459765,1131.529018,2623.746286,94974,900.3197612,2815.462832,29152,784.6535058,3119.712678
d27_02_G01_0_2_T,glasshouse_b2,Gladius,T0,R2,T,8867,1861,3582,53,1952.773585,3695.433962,36353,1773,3745,35705,1769,3751,8867,1804.764746,3581.299876,16789,1788.979749,2979.22616,386608,2014.276973,1557.258474,15174,1893.319362,3686.339265,8770,1805.917218,3576.725428
d17_16_G02_1_4_T,glasshouse_b1,5489,T1,R4,T,6445,2315,1978,54,1698.759259,826.1296296,14307,1828,2032,14307,1828,2032,6445,2298.594569,1980.764779,4382,2178.755135,2397.39571,513670,2046.752997,1746.143514,3423,2340.253871,2163.608238,6445,2298.594569,1980.764779
d33_21_G03_1_1_T,glasshouse_b1,CALINGIRI,T1,R1,T,25508,1899,3472,61,1597.131148,2045.311475,27044,1857,2860,26211,1858,2854,21548,1851.90078,3408.230833,13247,1604.889484,2504.585265,528761,1984.090251,2540.482899,15285,1578.742623,1621.886294,22783,1851.417943,3334.813677
d13_06_G01_1_2_T,glasshouse_b1,Gladius,T1,R2,T,9071,1578,1633,69,1270.942029,1463.347826,11664,1575,1130,11655,1525,1826,9071,1529.334583,1607.840811,5646,1543.787814,954.2665604,457377,1818.306441,965.3602586,6490,1591.753159,819.9711864,10235,1542.843771,1504.254519
d27_04_G01_0_4_T,glasshouse_b2,Gladius,T0,R4,T,19226,2084,3354,48,2002.333333,4367.8125,39001,1649,1318,43824,2080,3319,19226,2031.999116,3353.547384,20815,1617.880615,848.5326928,411664,1965.242074,3390.853023,26102,1627.127423,954.3015861,18820,2040.666153,3379.370776
d13_28_G04_0_4_S,glasshouse_b1,Forrest,T0,R4,S,3734,1500,1924,70,1513.614286,408.5571429,9880,1135,770,9976,1130,777,3734,1500.414301,1924.2421,3734,1500.414301,1924.2421,366123,862.3600484,866.5370681,6787,1518.659643,400.9201414,3734,1500.414301,1924.2421
d33_01_G01_0_1_T,glasshouse_b1,Gladius,T0,R1,T,9619,2202,2483,65,2440.446154,2743.692308,26461,2098,2346,28965,2349,3382,7555,948.4129715,2715.693448,15707,2388.030114,2266.489782,367949,2403.782252,3192.825248,17690,2388.941718,2323.453872,7559,948.3872205,2715.526525
d27_22_G03_1_2_T,glasshouse_b2,CALINGIRI,T1,R2,T,12422,2133,2427,63,2254.825397,3678.428571,24301,1737,1722,27216,1904,2950,12422,2126.679037,2426.628643,10207,2024.20388,2766.720388,452327,1991.531702,1704.019185,8007,1898.785438,1830.234545,10210,1148.918609,2559.822135
d45_45_G06_1_1_S,glasshouse_b1,3811,T1,R1,S,9327,1728,4463,56,1889.160714,4073.678571,37990,1743,4340,37722,1744,4366,9327,1755.199314,4467.975555,22812,1859.464931,4514.46984,385645,1910.478347,3450.957303,40020,1841.61087,4162.675037,6487,800.0707569,2208.624171
d49_44_G06_0_4_S,glasshouse_b2,3811,T0,R4,S,35104,2133,2626,70,2159.828571,2960.7,146733,1445,1727,148883,1726,3467,29201,2141.859491,2737.556899,75322,1627.10564,935.4364727,452769,1996.613032,2160.453472,56515,2126.669309,2516.700699,27802,2136.854903,2729.997374
d21_22_G03_1_2_T,glasshouse_b1,CALINGIRI,T1,R2,T,11017,2145,2566,59,2136.576271,3075.033898,15822,1766,2068,20271,2130,2446,11017,2138.137242,2566.367886,7087,1971.091294,2516.652321,766361,2010.312348,1595.895628,7297,1885.56393,1905.896944,8591,2175.19276,2777.64521
d25_44_G06_0_4_S,glasshouse_b1,3811,T0,R4,S,10723,1234,3301,58,1130.448276,3335.034483,26236,1256,1662,27242,1222,3092,10723,1195.579689,3308.695235,12923,875.9646367,1848.383889,462465,1244.894695,2795.173803,10173,2146.930404,2882.89364,8891,1186.178158,3204.276009
d49_38_G05_1_2_S,glasshouse_b2,Hartog,T1,R2,S,3278,2253,1954,57,1618.035088,631.5789474,41660,1833,1432,50506,1158,1727,3161,901.1917115,1670.248023,24242,837.8095867,2340.740863,375514,865.9751141,2449.757825,25779,844.1667249,2281.653672,3072,898.1009115,1676.467448
d29_44_G06_0_4_S,glasshouse_b1,3811,T0,R4,S,13703,1222,3554,51,2104.117647,2588.039216,33713,1032,2423,39661,702,3002,13478,1182.908666,3575.806129,13621,874.4352103,2991.60627,458429,1241.142997,2752.948832,13618,844.4232633,2734.455867,8134,1227.932383,3988.402508
d4_T024_14.10.23,field,3811,na,R9,S,33782,1175,3803,59,1948.372881,2114.59322,202370,1005,2154,209252,1006,2156,30707,1177.488846,3807.609666,94171,1276.793854,3733.265899,465348,759.4199567,2374.362621,89747,1340.646172,3697.121007,17817,1133.765,3719.113768
d45_17_G03_0_1_T,glasshouse_b1,CALINGIRI,T0,R1,T,20463,1406,3494,70,1738.457143,1091.557143,70806,1442,2118,73415,1443,2141,20463,1323.803792,3493.82593,29550,2365.209374,2102.525076,397116,1346.012012,2162.389302,54734,1272.291482,2122.612325,10347,1737.021262,683.479366
d09_25_G04_0_1_S,glasshouse_b1,Forrest,T0,R1,S,1918,1534,622,103,1383.271845,290.631068,6599,1239,542,6599,1239,542,1918,1533.023983,622.3196038,2394,1256.732247,466.9632414,360160,1453.587111,767.5277127,3978,1394.749623,311.1895425,3159,1334.768598,324.7730294
d33_17_G03_0_1_T,glasshouse_b1,CALINGIRI,T0,R1,T,22036,1412,3508,58,1215.034483,2368.051724,35266,1298,3122,35501,2435,2346,21217,1329.943347,3466.19852,14661,2787.154492,2596.722188,492955,1432.102017,2215.277153,17147,1293.56523,2576.253222,18756,1348.4783,3624.764769
d31_25_G04_0_1_S,glasshouse_b2,Forrest,T0,R1,S,6217,1010,2904,65,1476.876923,846.7846154,26099,944,3150,26491,944,3150,6217,1021.069326,2906.422551,11251,853.9976002,2792.779753,486855,1268.037025,2742.097103,10706,1429.616197,806.6099384,4820,975.8435685,3022.768465
d25_19_G03_0_3_T,glasshouse_b1,CALINGIRI,T0,R3,T,11660,1712,2799,56,1546.089286,2908.339286,24583,1485,2384,24454,1423,3645,11660,1749.286707,2809.949914,12835,1414.985197,2988.061628,649859,1516.045411,2416.60135,15295,1460.559464,1195.52697,10064,1464.236188,3105.48599
d31_40_G05_1_4_S,glasshouse_b2,Hartog,T1,R4,S,11009,2387,3199,66,1553.348485,4291.590909,27151,1665,3469,33771,2392,3151,11009,2374.050686,3201.709329,14968,2130.960249,3044.503407,405051,2193.155711,2694.856524,15217,2446.994546,2670.686141,10879,2373.780586,3201.379447
d17_07_G01_1_3_T,glasshouse_b1,Gladius,T1,R3,T,10225,1285,1985,56,1264.875,2193.303571,14627,1379,1806,15188,1330,2663,10225,1304.690562,1991.774181,7164,1254.950307,2333.077331,523294,1391.576464,1373.951584,6702,1458.145628,1405.14712,12928,1343.738707,1837.104811
d25_33_G05_0_1_S,glasshouse_b1,Hartog,T0,R1,S,5442,1334,3593,56,1151.75,2098.357143,17518,1188,2802,22637,1241,2632,5442,1340.095921,3591.598677,9627,1160.750909,2365.340293,345098,1454.605127,3076.816803,9484,1161.090046,2356.431569,5442,1340.095921,3591.598677
d5_T021_21.10.23,field,Gladius,na,R9,T,27662,117,2252,60,882.5333333,1717.75,169016,1011,1937,170395,1011,1937,27225,122.0458402,2250.547585,102036,1171.68617,5419.01177,428750,307.6361166,3141.463967,111928,1165.511293,5321.229701,25451,123.9222427,2240.26388
d05_23_G03_1_3_T,glasshouse_b1,CALINGIRI,T1,R3,T,1393,1556,989,66,1778.863636,343.8939394,2606,1639,358,2606,1639,358,1393,1556.431443,988.6159368,1170,1791.687179,358.8290598,312446,1464.58493,281.5750146,1691,1773.782377,336.0928445,1471,1581.511897,309.9517335
d13_15_G02_1_3_T,glasshouse_b1,5489,T1,R3,T,4072,1240,1302,52,1846.480769,1647.423077,9105,1177,1438,9105,1177,1438,4072,1237.522348,1300.467092,3141,1275.927412,1229.545049,357676,1457.640949,872.9812931,3409,770.1381637,960.4147844,3937,1241.94793,1292.538227
d21_29_G04_1_1_S,glasshouse_b1,Forrest,T1,R1,S,3286,242,1788,61,1176.52459,1375.672131,5170,372,1558,5504,1314,2159,3286,247.5952526,1793.461656,3721,274.8898146,1746.132491,331622,283.8689954,1480.999303,3851,283.8171903,1732.006492,3286,247.5952526,1793.461656
d07_28_G04_0_4_S,glasshouse_b2,Forrest,T0,R4,S,3083,1692,967,46,1585.652174,285.1956522,8043,1521,381,7223,1528,346,3083,1682.230944,966.643529,3628,1537.484564,254.1361632,385975,1828.752367,267.879443,4306,1561.228751,283.4396191,3083,1682.230944,966.643529
d45_08_G01_1_4_T,glasshouse_b1,Gladius,T1,R4,T,9926,3048,3784,94,1787,2090.723404,44998,1945,2281,46159,1945,2281,9926,3040.99859,3787.544429,18435,1520.021318,1958.588988,330244,1461.031395,2085.38342,17317,1708.528036,2264.844661,9926,3040.99859,3787.544429
d21_15_G02_1_3_T,glasshouse_b1,5489,T1,R3,T,10205,936,2405,62,947.0645161,2362.83871,12406,934,2306,12405,934,2306,9772,951.8120139,2420.87454,7144,942.4540873,2003.723404,483810,1248.154619,2170.524948,5473,967.1982459,2720.587064,9476,947.9451245,2399.786091
d43_03_G01_0_3_T,glasshouse_b2,Gladius,T0,R3,T,14017,1364,1672,70,1584.742857,1756.414286,57961,1818,3654,59570,1818,3654,14016,1348.723388,1668.874287,30746,1818.730176,1180.331653,444157,1773.079226,959.6003688,27026,1791.384815,1101.472952,13081,1470.634355,3303.941136
d25_03_G01_0_3_T,glasshouse_b1,Gladius,T0,R3,T,12940,1531,3137,57,1530.947368,1061.684211,23206,1554,3421,24606,1540,3386,12940,1484.826739,3130.02527,10542,1274.889205,2842.073326,745129,1826.997771,2941.936419,11391,1507.394083,1207.089105,15222,1376.530022,1588.742544
d43_45_G06_1_1_S,glasshouse_b2,3811,T1,R1,S,7291,1707,4542,79,1775.911392,4135.417722,50788,1590,4029,48466,1593,4028,7291,1713.31244,4542.084762,26498,1795.282436,4370.476376,467229,1542.804554,3774.815431,36915,1792.355736,4116.675173,7156,1713.05436,4542.834265
d31_12_G02_0_4_T,glasshouse_b2,5489,T0,R4,T,14860,1053,2101,53,1255.433962,1504.811321,37298,2053,2992,40199,2057,2860,14860,1172.02712,2102.112584,20806,1525.093242,884.7770355,406411,1468.779041,1409.109544,16473,1564.689128,773.3990166,13931,1969.964324,2844.542962
d45_10_G02_0_1_T,glasshouse_b1,5489,T0,R2,T,16169,2210,3891,121,1846.61157,797.2066116,52725,2758,4314,52488,2299,2500,16169,2136.65774,3873.25252,30953,2473.824056,2200.557781,551888,2549.776875,2473.435036,35098,2493.492165,2211.310445,15807,2528.316632,2857.019865
d25_01_G01_0_1_T,glasshouse_b1,Gladius,T0,R1,T,10411,943,2606,54,1455.685185,1031.611111,23866,2070,2137,32843,2354,2905,10411,960.2414754,2605.291615,12467,2361.548167,2163.704821,283992,853.2026959,2602.344165,14041,2341.360943,3610.013318,9663,929.1466418,2454.228811
d43_08_G01_1_4_T,glasshouse_b2,Gladius,T1,R4,T,13211,1889,1913,60,1627.616667,1854.333333,45432,1683,1535,47067,1933,1531,13211,1950.496405,1920.541064,23265,1845.941629,1673.758178,483114,1981.567404,1237.09636,16896,1870.885417,1450.816347,8158,3019.115102,3666.622824
d11_26_G04_0_2_S,glasshouse_b2,Forrest,T0,R2,S,2750,1350,1865,58,1524.534483,418.2413793,6508,1583,643,6467,1583,641,2750,1359.815636,1862.413091,2876,1514.563282,402.8390125,363436,1455.829654,318.6125343,2160,1490.003241,380.5162037,2750,1359.815636,1862.413091
d21_12_G02_0_4_T,glasshouse_b1,5489,T0,R4,T,13095,1982,2649,60,2111.366667,2873.266667,18553,2053,2842,19532,1054,2200,13095,1941.894922,2668.225964,9120,1335.719737,1761.074342,357413,2027.144547,2202.644887,13158,1535.27071,920.5931753,13095,1941.894922,2668.225964
d21_07_G01_1_3_T,glasshouse_b1,Gladius,T1,R3,T,10067,1295,2057,50,1955.74,2010.18,14913,1415,1803,15178,1376,2798,10067,1329.315784,2059.710738,7200,1289.699444,2407.907639,652919,1492.649566,2409.130318,6881,1351.786514,1975.392821,13163,1376.489098,1868.618856
d05_42_G06_0_2_S,glasshouse_b1,3811,T0,R2,S,1483,1592,563,71,1603.140845,594.3661972,1701,1587,540,1701,1587,540,1483,1592.273769,562.9393122,759,1573.16996,507.7536232,325333,1456.424377,288.8592273,1483,1592.273769,562.9393122,1483,1592.273769,562.9393122
d25_48_G06_1_4_S,glasshouse_b1,3811,T1,R4,S,15791,1479,3024,69,1380.550725,3052.101449,15700,1217,2242,16273,1335,3062,15791,1404.928504,2992.059654,7935,1397.162823,2796.677379,774445,1448.72376,2596.600768,13656,1424.054189,3101.828793,13698,1385.64002,2894.240692
d19_14_G02_1_2_T,glasshouse_b2,5489,T1,R2,T,13137,2169,2088,71,2218.028169,2549.56338,16226,2199,2488,23892,2142,1980,13137,2106.626703,2101.833295,8980,2103.000557,2353.064922,464296,2068.131416,1179.105409,6551,1999.690887,1280.124714,12992,2106.563116,2089.222522
d27_10_G02_0_1_T,glasshouse_b2,5489,T0,R2,T,15668,2511,2839,64,2188.21875,1800.296875,37547,2551,3059,54871,2249,1833,15547,2505.485045,2832.46472,17231,2326.142534,2652.291684,430606,2575.533327,2293.778305,16543,2306.091942,2507.975518,15411,2507.040426,2839.541172
d33_40_G05_1_4_S,glasshouse_b1,Hartog,T1,R4,S,13023,2363,3328,68,2146.470588,2966.808824,25424,1690,2700,35098,2316,3447,13023,2367.018122,3327.746833,12877,2113.242525,3624.271181,204024,882.9000069,2631.790495,15505,2463.781361,2769.503193,12883,2365.495847,3334.600636
d37_42_G06_0_2_S,glasshouse_b1,3811,T0,R2,S,14124,909,3151,80,674.95,2522.8375,39693,1117,2615,38646,1185,4131,14124,859.1709856,3146.391745,19679,787.1681488,2483.469333,558415,914.9289023,2558.448364,15541,545.8029728,3535.184287,14187,862.1543667,3126.92472
d09_26_G04_0_2_S,glasshouse_b1,Forrest,T0,R2,S,2234,1427,1291,65,1532.738462,278.4153846,4125,1593,681,6231,1477,1125,2234,1423.539839,1290.410922,2052,1428.57846,1276.725146,356208,1451.940072,840.1996081,2389,1515.555881,283.7626622,2758,1598.507977,456.4967368
d2_T010_02.10.23,field,Gladius,na,R3,T,14211,891,5293,100,1497.95,6004.7,145325,1213,5281,149988,1223,5208,10718,1342.631088,5892.002892,58631,1557.128601,5976.809316,412859,1426.856726,5337.455221,91842,1353.039002,5741.396943,9964,874.9085709,5379.399338
d21_40_G05_1_4_S,glasshouse_b1,Hartog,T1,R4,S,3535,1647,2172,50,1134.04,1302.68,11348,1652,2407,12363,2432,2489,3535,1649.359547,2171.597171,5096,1648.800628,2049.843799,317277,2533.452661,2054.012724,6328,2500.307048,2238.997314,3535,1649.359547,2171.597171
d29_13_G02_1_1_T,glasshouse_b1,5489,T1,R1,T,8463,1277,2043,64,1494.90625,2740.59375,16718,1809,1881,16149,1743,2600,8463,1270.849817,2044.773603,7389,1606.995534,2262.735553,398025,1373.684723,1669.599495,7512,1654.183307,812.4530085,10136,1714.776539,1726.654203
d33_15_G02_1_3_T,glasshouse_b1,5489,T1,R3,T,15147,1005,2903,62,1642.387097,3580.403226,22519,957,2656,25614,958,2665,15147,1085.747871,2892.762659,9865,955.5721237,3173.9259,380013,1463.141029,3342.068521,12886,1546.819106,4009.458792,14243,1092.894545,2943.852489
d33_28_G04_0_4_S,glasshouse_b1,Forrest,T0,R4,S,6655,1284,3762,60,1559.566667,765.45,17101,1503,3257,18991,1503,3257,6655,1272.757325,3762.263711,7350,1445.692245,2752.190612,392837,1441.606038,3382.091063,13496,1529.966657,721.8310611,4808,1234.782654,3915.483777
d09_29_G04_1_1_S,glasshouse_b1,Forrest,T1,R1,S,2000,1150,1186,65,1445.753846,175.1230769,2833,1398,592,2833,1398,592,2000,1152.508,1188.1885,1418,1335.758815,700.5557123,346377,875.8113732,885.6410097,2000,1152.508,1188.1885,2000,1152.508,1188.1885
d11_34_G05_0_2_S,glasshouse_b2,Hartog,T0,R2,S,8318,2103,1060,70,1490,448.4571429,19313,1595,622,24277,1626,1424,8318,2089.530176,1065.465497,12432,1534.262387,443.0814028,224012,2171.591165,894.9351731,9414,1480.466858,380.2398555,7693,2111.469258,1112.859873
d49_11_G02_0_3_T,glasshouse_b2,5489,T0,R3,T,22837,1539,3946,57,1844.947368,1110.719298,66951,1642,3790,85656,1684,3539,22832,1518.250964,3935.707954,27794,1104.692488,2927.508851,496387,1423.36146,3579.954403,21091,1428.094875,4456.881751,14522,1455.998967,4219.26422
d27_03_G01_0_3_T,glasshouse_b2,Gladius,T0,R3,T,14902,1341,1661,60,1576.716667,1334.333333,33842,1493,3425,32422,1688,1521,14902,1329.219165,1657.079117,15100,1351.554106,2753.618808,639656,1297.00307,2991.240551,10988,1158.875046,2538.158719,14816,1327.551296,1660.627025
d3_T021_08.10.23,field,Gladius,na,R9,T,19584,318,2714,71,1615.535211,2031.15493,164729,1015,1843,165578,975,1864,19584,328.6025837,2714.318781,89393,1109.872373,5374.303391,398355,261.7870141,3131.743033,94625,1237.739223,1289.388132,15972,305.9913599,2757.478963
d13_02_G01_0_2_T,glasshouse_b1,Gladius,T0,R2,T,7553,1725,1929,56,1868.410714,1583.875,12773,1755,1350,12695,1756,1342,7553,1754.438634,1928.871839,5990,1883.873456,2194.135559,379150,1599.978642,1480.657199,6179,1481.231915,387.9877003,7553,1754.438634,1928.871839
d41_42_G06_0_2_S,glasshouse_b1,3811,T0,R2,S,13630,1176,4149,80,1501.4625,660.95,52386,1055,2847,54205,1010,2866,13168,845.4628645,3223.368925,24731,564.2853099,3456.978974,611895,599.4846747,3337.44538,42012,620.4201657,3049.232267,13986,858.2474617,3133.974045
d31_17_G03_0_1_T,glasshouse_b2,CALINGIRI,T0,R1,T,21762,1371,3494,75,1520.173333,1106.88,38164,1404,3516,39776,1248,2913,13691,1305.975385,3344.465707,21459,1693.860105,1109.025817,506383,1428.040617,2958.911685,17322,1258.098545,2604.60478,8468,2537.674658,2706.773264
d29_46_G06_1_2_S,glasshouse_b1,3811,T1,R2,S,9899,1043,2608,62,1329.548387,3600.225806,17550,1781,2398,17129,1768,2344,9899,1033.089706,2604.62875,8717,1327.050476,3866.018011,406549,1418.695409,2079.314552,10929,1070.063684,2351.161771,10598,1043.983865,2558.295056
d05_25_G04_0_1_S,glasshouse_b1,Forrest,T0,R1,S,1482,1567,647,66,1572.909091,684.1060606,2925,1303,527,2767,1302,527,1482,1567.435223,647.2483131,1678,1372.220501,394.3837902,305283,1454.832519,280.9505377,2184,1378.759158,365.396978,2418,1385.762614,355.8573201
d49_23_G03_1_3_T,glasshouse_b2,CALINGIRI,T1,R3,T,15512,1572,3121,53,745.9056604,4113.641509,53189,1430,2073,63116,1461,2230,15512,1522.338512,3120.779139,29819,1817.082632,2876.586103,760594,1906.739891,3628.729312,52041,1436.094925,2688.739321,11003,2034.833591,4133.711806
d29_36_G05_0_4_S,glasshouse_b1,Hartog,T0,R4,S,8398,737,4480,74,881.5,2380.472973,27262,1096,2156,29616,1074,2344,8398,748.4025959,4482.538223,13713,769.9585065,2705.980238,411476,873.8020395,3842.434929,14218,766.6379941,2729.53587,8398,748.4025959,4482.538223
d45_04_G01_0_4_T,glasshouse_b1,Gladius,T0,R4,T,19215,2067,3487,58,1592.413793,2728.913793,59520,1782,2328,61599,1753,2408,17329,2092.507531,3615.297421,30686,1740.186926,3008.206511,391901,1476.677487,2117.23323,42468,1668.17844,1000.51905,17206,2092.737127,3612.041323
d3_T011_08.10.23,field,Gladius,na,R4,T,74487,1392,5770,59,336.779661,6628,275561,1119,5571,252905,1113,5696,68256,1370.889255,5745.063027,112298,1181.575407,4759.588523,662720,1418.361865,5292.392771,203654,1212.252919,5940.618696,61762,1375.819436,5698.244924
d2_T001_02.10.23,field,Gladius,na,R1,T,195590,1293,5739,147,1379.496599,6397,354932,1214,5544,351814,1218,5555,171616,1276.590825,5720.699603,134441,1351.113113,4844.352273,1892302,1351.707114,5469.597208,347178,1225.797029,5577.037309,160204,1250.300935,5768.790305
d17_14_G02_1_2_T,glasshouse_b1,5489,T1,R2,T,8561,2188,2280,57,2013.052632,2266.157895,10954,2086,1773,14805,2175,2175,8561,2143.397033,2264.325546,5173,2204.08525,2194.612797,478656,2060.751414,1267.776129,6078,1973.510859,1269.984205,11773,2083.122823,1978.181177
d05_47_G06_1_3_S,glasshouse_b1,3811,T1,R3,S,1651,1513,406,62,1562.645161,273.6935484,2019,1534,376,2107,1534,376,1651,1513.866747,406.399152,850,1486.811765,460.5694118,323326,1455.876672,286.8902532,893,1455.600224,670.3975364,2156,1529.160019,369.1618738
d33_11_G02_0_3_T,glasshouse_b1,5489,T0,R3,T,14273,1436,4235,52,1464.365385,1697.826923,26663,1631,2806,26563,1630,2804,14222,1452.883561,4234.406624,11895,1418.722068,4358.469273,373934,1446.463603,3864.868019,12905,1431.843084,4316.884773,8567,1423.636746,4240.876269
d19_21_G03_1_1_T,glasshouse_b2,CALINGIRI,T1,R1,T,14210,1873,2696,58,1382.37931,2494.672414,20102,1864,2712,20279,1864,2712,14210,1875.795496,2696.818719,10210,1562.287855,1807.712831,439702,1900.30351,2219.357067,8276,1903.477767,3026.796278,14210,1875.795496,2696.818719
d11_28_G04_0_4_S,glasshouse_b2,Forrest,T0,R4,S,3151,1689,1076,77,1548.077922,364.3246753,10325,1541,552,8898,970,1006,3151,1679.110124,1076.060298,7270,1522.595873,439.5364512,383732,1820.460053,269.1007552,7012,1527.318882,433.0029949,3151,1679.110124,1076.060298
d25_47_G06_1_3_S,glasshouse_b1,3811,T1,R3,S,6541,1715,2162,96,1558.46875,1977.072917,11857,1445,2503,14946,1431,2434,6541,1716.73261,2163.535851,6522,1526.972094,2586.180466,361892,1459.459825,1608.653258,8048,1536.458623,2511.962848,6488,1466.908292,2078.557491
d17_17_G03_0_1_T,glasshouse_b1,CALINGIRI,T0,R1,T,11305,1217,2750,55,1414.290909,1405.654545,18316,1381,2791,20041,1379,2720,11305,1241.202654,2748.077311,9065,1377.82791,1478.410149,533290,998.2638996,2323.409704,15993,1284.16007,2668.207216,11252,1240.638642,2747.086385
d45_32_G04_1_4_S,glasshouse_b1,Forrest,T1,R4,S,5150,616,2521,98,1748.795918,4865.469388,13872,551,2744,13869,551,2744,5150,615.5576699,2520.587767,7408,731.6796706,2143.979482,337625,856.2672284,2076.649792,8477,1443.211514,682.6624985,4010,2498.647132,3133.831421
d15_30_G04_1_2_S,glasshouse_b2,Forrest,T1,R2,S,3059,1059,1714,69,1362.42029,492.4492754,6429,1050,1754,5020,1334,920,3059,1057.044132,1712.515201,2754,1369.576616,575.8776325,301638,883.4143079,2033.340295,1737,803.6338515,2145.001151,3059,1057.044132,1712.515201
d21_21_G03_1_1_T,glasshouse_b1,CALINGIRI,T1,R1,T,15564,1874,2788,55,1437.709091,1793.636364,18208,1443,2299,19353,1452,2335,15564,1884.159985,2791.49396,6829,1373.36345,2135.346024,448820,1898.896137,2226.623254,8315,1403.120265,2721.201563,15564,1884.159985,2791.49396
d2_T020_02.10.23,field,Gladius,na,R8,T,311943,1125,4413,113,1493.283186,4771.99115,301357,1043,2824,316354,1039,2881,229706,1153.783854,4238.381949,158654,975.5763233,5895.299747,1104613,1127.193583,4861.205123,243311,1041.875061,3031.105343,120493,1142.525624,4580.946487
d3_T015_08.10.23,field,3811,na,R6,S,20995,221,892,64,906.15625,3512.390625,187140,747,1644,186779,1049,5059,17263,556.2818745,2637.042113,108358,675.0569501,866.8022112,520389,411.1781629,481.1988013,93664,505.4637,807.642125,11817,704.5766269,6529.816874
d11_16_G02_1_4_T,glasshouse_b2,5489,T1,R4,T,5230,1725,1549,60,1672.716667,1378.166667,7165,1728,1568,9903,1569,1053,5230,1725.945507,1547.899426,4216,1674.039611,611.6212049,349471,2024.134103,1479.003228,2246,2245.352627,1462.723063,5230,1725.945507,1547.899426
d05_21_G03_1_1_T,glasshouse_b1,CALINGIRI,T1,R1,T,1332,1578,938,46,1674.847826,479.9130435,3033,1599,503,3129,1599,503,1332,1578.427928,937.8596096,1332,1578.427928,937.8596096,293287,1460.892014,275.2007181,1904,1579.522059,381.0745798,1332,1578.427928,937.8596096
d09_07_G01_1_3_T,glasshouse_b1,Gladius,T1,R3,T,9571,1464,1130,86,1412.05814,1320.44186,10418,1536,1006,12781,1432,1269,8539,1441.9603,1174.708748,4457,1514.532421,899.9028495,392289,1847.545858,884.6902284,6509,1370.394531,1552.382855,8482,1441.227187,1176.944471
d37_25_G04_0_1_S,glasshouse_b1,Forrest,T0,R1,S,6198,1000,2903,63,1341.555556,1109.47619,23785,850,4091,33882,949,3040,6198,1010.029848,2908.005486,13757,828.3651232,2902.557316,520290,1259.175143,2766.457839,17372,1411.288453,829.4801405,4807,964.6634075,3024.787809
d31_41_G06_0_1_S,glasshouse_b2,3811,T0,R1,S,8161,1446,3582,67,1640.61194,900.0597015,28739,1392,3002,30814,1393,2786,8161,1428.233305,3580.214557,12548,1494.172059,3548.558017,536047,1223.537266,3323.186665,11212,1477.405102,3336.807706,8161,1428.233305,3580.214557
d05_11_G02_0_3_T,glasshouse_b1,5489,T0,R3,T,2353,1517,1156,74,1435.945946,436.6891892,2917,1445,527,3302,1446,561,2353,1517.050999,1155.832979,2265,1516.715232,1163.133775,351810,1455.61998,847.0577499,2348,1517.038756,1156.255111,2353,1517.050999,1155.832979
d05_40_G05_1_4_S,glasshouse_b1,Hartog,T1,R4,S,1479,1423,403,50,1593.98,460.94,2274,1598,399,2279,1598,399,1479,1422.741041,402.9614604,1063,1441.362183,376.2935089,305815,1457.551301,276.2859899,1671,1696.298025,317.6582885,1817,1440.823886,381.9620253
d31_10_G02_0_1_T,glasshouse_b2,5489,T0,R2,T,15694,2517,2848,55,2466.490909,3006.763636,45084,2236,3415,68055,2345,2087,15694,2515.080923,2849.009303,21438,1790.397705,750.0274279,516436,2576.482819,2416.663585,19018,1767.514775,697.2403512,15664,2515.438138,2850.273557
d07_04_G01_0_4_T,glasshouse_b2,Gladius,T0,R4,T,8080,1642,882,74,1619.216216,270.5540541,11458,1643,474,11129,1635,1047,8080,1628.732673,876.8285891,6834,1624.1753,354.976295,388929,1450.855817,354.5865672,9759,1626.609489,433.0012296,8080,1628.732673,876.8285891
d11_42_G06_0_2_S,glasshouse_b2,3811,T0,R2,S,3338,1933,2097,51,1093.666667,1060.745098,14996,1313,710,15359,1306,726,3338,1923.155782,2099.79269,6217,1090.707254,944.5333762,376434,864.2205566,1291.041062,4810,954.1629938,1557.880457,2375,873.1174737,1594.399579
d17_46_G06_1_2_S,glasshouse_b1,3811,T1,R2,S,5192,1107,2288,66,1765.545455,2487.530303,10946,1897,2279,10951,1897,2279,5192,1114.561441,2287.595917,4658,1790.409618,2591.237012,369452,1008.390838,2059.776737,3970,1127.964736,2041.49597,5192,1114.561441,2287.595917
d11_08_G01_1_4_T,glasshouse_b2,Gladius,T1,R4,T,20544,1890,1235,55,1922.054545,1387.709091,14513,1862,1668,14345,1706,848,20544,1856.695775,1247.172264,7510,1718.573236,992.3455393,462536,1555.068496,494.3862964,9169,1704.494601,704.7010579,20544,1856.695775,1247.172264
d13_12_G02_0_4_T,glasshouse_b1,5489,T0,R4,T,8318,1135,1313,49,1085.408163,1504.489796,13277,1195,1093,13854,1176,1145,8318,1135.427867,1313.210507,8196,1461.607491,903.3961689,432221,1050.03343,951.9046067,8237,1390.56052,877.8159524,7654,1124.942775,1366.705775
d25_36_G05_0_4_S,glasshouse_b1,Hartog,T0,R4,S,4770,730,2747,61,1270.491803,1048.754098,18660,701,3195,26789,999,2779,4770,744.7607966,2750.675052,7082,2689.648546,2028.907371,316466,867.6921059,3691.451853,8163,808.2352076,2899.791498,4653,744.3793252,2748.046207
d49_27_G04_0_3_S,glasshouse_b2,Forrest,T0,R3,S,11579,1419,619,77,1384.792208,709.987013,45939,1650,1119,51110,760,3222,11579,1418.720615,619.0517316,27179,1427.981935,763.531219,478684,838.3867854,2332.285211,29508,1398.179443,842.861563,10965,1422.336799,607.2725034
d6_T012_28.10.23,field,Gladius,na,R5,T,87815,971,5616,60,753.85,4853.166667,196153,1081,5652,203045,1082,5608,62751,917.9126707,5553.984988,107021,1034.668336,6163.746293,662612,541.4215001,5692.125897,75894,1388.602551,3769.377645,53899,931.2765728,5647.612015
d19_13_G02_1_1_T,glasshouse_b2,5489,T1,R1,T,10935,1707,1719,53,2550.566038,2164.358491,17326,1830,2192,17811,1830,2192,10935,1690.392867,1726.491907,8100,2001.424691,1686.718148,536772,1531.012633,1263.269435,5826,1649.508239,971.1004119,10935,1690.392867,1726.491907
d45_29_G04_1_1_S,glasshouse_b1,Forrest,T1,R1,S,4128,865,4600,46,1363.173913,1127.478261,13170,2512,2913,13083,2513,2927,4128,871.1877422,4600.021318,5837,921.6087031,3528.419394,377937,874.820605,3902.703977,6291,1549.302337,669.09299,4128,871.1877422,4600.021318
d31_37_G05_1_1_S,glasshouse_b2,Hartog,T1,R1,S,4859,2361,2581,65,1046.784615,2879.415385,10596,1088,2189,10596,1088,2189,4859,2375.379708,2584.154353,4361,979.6308186,2186.462509,186227,2574.185263,2631.044199,4853,2370.325366,2423.608696,4859,2375.379708,2584.154353
d37_16_G02_1_4_T,glasshouse_b1,5489,T1,R4,T,11952,1949,3335,69,1537.565217,795.2463768,26148,2016,3545,32589,2154,2991,11952,2037.674448,3306.603079,11152,2040.894817,3027.401811,589591,2024.253469,2560.720773,20519,2219.360251,3522.858083,11586,2034.562748,3294.56223
d35_01_G01_0_1_T,glasshouse_b2,Gladius,T0,R1,T,8037,954,2769,65,2455.861538,2320.630769,38201,2071,3418,37811,1841,1800,8036,955.9753609,2767.84333,19361,2387.784877,2387.57497,467028,938.9846626,2319.753957,22146,2206.327689,3785.245643,8037,955.9871843,2767.909419
d45_40_G05_1_4_S,glasshouse_b1,Hartog,T1,R4,S,20992,2352,3486,53,1625.150943,969.490566,42258,1508,4158,40191,1678,2480,18603,2355.579154,3476.84524,23710,2006.237706,4437.419528,471055,2488.208753,2935.000957,30804,1554.394299,953.0556097,13579,2314.636277,3724.374181
d43_21_G03_1_1_T,glasshouse_b2,CALINGIRI,T1,R1,T,31719,1864,3722,56,1795.982143,4389,46466,1870,4009,45590,1871,4020,31708,1803.83512,3725.175981,18680,1711.817559,3822.677248,548007,1562.811451,3887.156597,16027,1380.416921,1115.445623,29059,1802.517189,3839.980729
d09_03_G01_0_3_T,glasshouse_b1,Gladius,T0,R3,T,8150,1451,1265,104,1668.067308,362.0096154,13364,1416,1148,11384,1577,909,8150,1440.801227,1259.829571,4950,1449.481818,1178.405657,515874,1696.65005,988.1847428,7703,1380.976892,1373.720628,8097,1439.371866,1263.395949
d09_43_G06_0_3_S,glasshouse_b1,3811,T0,R3,S,2743,1491,1545,68,1708.323529,835.0294118,6243,1696,647,6780,1697,676,2743,1490.808239,1544.975939,2854,1691.925718,525.3083392,358950,1453.932576,1393.674818,5796,1713.829193,342.7020359,3049,1716.062316,419.6575927
d07_24_G03_1_4_T,glasshouse_b2,CALINGIRI,T1,R4,T,2678,1149,890,58,1411.206897,569.4310345,8805,1726,475,9721,1526,602,2678,1148.750934,890.0881255,3463,1434.330927,672.1874098,353304,1455.898626,778.5770045,3050,1606.932787,353.8268852,2603,1146.104879,896.4037649
d43_22_G03_1_2_T,glasshouse_b2,CALINGIRI,T1,R2,T,12703,2008,4080,61,2009.065574,2687.672131,35248,2010,4123,33981,1997,4169,12703,1942.993309,4085.786979,18198,1931.040774,4603.169579,549650,1937.105076,3569.728291,21119,1923.536389,4522.524457,12703,1942.993309,4085.786979
d17_38_G05_1_2_S,glasshouse_b1,Hartog,T1,R2,S,4472,2186,1840,58,839.4655172,2549.87931,13538,1056,2261,13538,1056,2261,4472,2185.556798,1840.35085,4924,912.9821284,1821.288383,383736,870.3103853,2447.543668,4288,1318.697295,819.3355877,3243,2224.933703,1941.623497
d37_22_G03_1_2_T,glasshouse_b1,CALINGIRI,T1,R2,T,12185,2003,4001,67,2029.925373,4346.164179,25814,1996,4237,25935,1996,4237,10386,1959.935394,3867.464471,14114,2041.08318,4551.216168,568770,1940.893493,3576.174665,17106,2022.538057,2515.102829,10388,1959.931171,3867.458125
d17_21_G03_1_1_T,glasshouse_b1,CALINGIRI,T1,R1,T,12613,1869,2635,52,1878.826923,2753.903846,16203,1431,1987,16896,1850,2431,12613,1869.385872,2634.928883,6003,1897.557221,2954.829918,431445,1995.279092,2210.938597,6739,1895.800415,2921.750853,12613,1869.385872,2634.928883
d37_20_G03_0_4_T,glasshouse_b1,CALINGIRI,T0,R4,T,17548,1823,2399,49,917.7346939,2604.795918,44207,1746,2124,46340,1180,3867,17548,1889.239571,2388.713928,20655,1497.608376,3079.978698,582302,1967.076886,1821.889707,25910,1652.798726,913.2940563,18276,1889.728496,2348.286387
d41_18_G03_0_2_T,glasshouse_b1,CALINGIRI,T0,R2,T,13339,1088,2687,70,1022.585714,2606.928571,44006,1583,2339,41988,1590,2301,13339,1179.217782,2685.910113,22521,1059.846765,2230.759158,443143,972.6254347,2311.494105,25693,1066.065621,2234.733274,16821,1195.501932,2393.80881
d45_20_G03_0_4_T,glasshouse_b1,CALINGIRI,T0,R4,T,17328,1824,2402,66,1504.378788,4031.333333,64324,1133,2252,66251,1285,2523,17328,1888.682018,2399.610111,31271,1374.149212,4386.131719,305540,912.9367284,1725.900736,42336,1655.377173,959.0215892,17942,1888.943373,2364.201427
d7_T010_04.11.23,field,Gladius,na,R3,T,14744,718,5141,91,507.3846154,5049.978022,146566,1125,5327,152171,1050,5257,14744,709.1656267,5140.602618,65211,853.4753953,5074.670209,390500,855.4162561,4963.770784,128525,1181.782618,5488.815491,14485,709.1490507,5140.14408
d4_T010_14.10.23,field,Gladius,na,R3,T,18007,797,5275,101,1072.722772,5200.514851,145474,1147,5294,149009,1147,5282,18007,796.565891,5271.845616,56902,1483.932111,6007.648114,593913,1239.921669,5331.256868,127471,1249.985526,5476.041641,12000,811.32,5320.3535
d41_32_G04_1_4_S,glasshouse_b1,Forrest,T1,R4,S,5077,589,2507,82,1517.219512,611.597561,14503,525,2731,14500,525,2731,5077,589.7075044,2506.954107,7799,2450.629953,2799.885883,333572,862.7083808,2068.301323,8714,1415.433211,678.3184531,3840,565.0388021,2577.548177
d05_20_G03_0_4_T,glasshouse_b1,CALINGIRI,T0,R4,T,2544,1799,826,81,1571.259259,402.382716,4934,1818,949,5146,1813,930,2544,1794.032233,826.9508648,2520,1545.74881,426.1349206,357156,2039.222225,874.4522366,4017,1298.506348,365.21882,2513,1794.466375,828.4878631
d13_38_G05_1_2_S,glasshouse_b1,Hartog,T1,R2,S,4514,2180,1628,61,904.0163934,1993.918033,9720,1025,1651,9720,1025,1651,4514,2179.9856,1628.2572,3712,1051.648438,1922.168912,384295,881.862374,1326.383708,4767,1322.179148,595.1139081,4514,2179.9856,1628.2572
d3_T019_08.10.23,field,Gladius,na,R7,T,217433,975,4829,55,276.9636364,4862.654545,351036,989,5395,363879,1330,2874,192819,954.3082995,4880.640891,158733,1458.464812,3865.549879,1073726,1136.052287,5275.765849,293115,959.2128277,5607.553397,165182,946.8639803,5127.74559
d4_T023_14.10.23,field,3811,na,R8,S,52867,600,3796,73,1502.739726,3395.520548,266234,1060,4873,317737,1081,4549,50683,597.4853304,3793.79794,152207,1071.801823,4242.433232,412694,842.2168677,3773.157162,220195,1031.841813,3833.720239,49427,596.9083902,3796.021729
d25_30_G04_1_2_S,glasshouse_b1,Forrest,T1,R2,S,2491,688,2204,63,729.8571429,2414.063492,8462,768,2283,8458,768,2283,2491,692.4592533,2205.5833,4598,732.6100478,2259.379513,358253,1947.225321,2055.149883,5661,749.7028793,2255.376435,2289,684.0096112,2221.437746
d25_46_G06_1_2_S,glasshouse_b1,3811,T1,R2,S,10298,1045,2528,68,1646.485294,3308.367647,16093,1751,2203,22310,1015,2697,10298,1036.295786,2528.274811,8154,1078.815305,2228.977925,437409,1293.473648,2149.343573,10831,1070.01348,2290.676207,10797,1043.915254,2495.506715
d09_46_G06_1_2_S,glasshouse_b1,3811,T1,R2,S,4007,1651,1351,53,1715.773585,496.9433962,5014,1649,1330,5374,1652,1305,4007,1659.192413,1354.880459,2535,1334.692702,717.5786982,379663,1452.116045,1349.605877,2558,1559.818217,375.9468335,4007,1659.192413,1354.880459
d45_07_G01_1_3_T,glasshouse_b1,Gladius,T1,R3,T,28457,1390,2478,52,1497.5,2282.961538,39507,1414,2096,37562,1447,3134,15317,1444.547562,2466.244565,18030,1433.980588,3162.354908,354577,1685.202131,2139.098388,29108,1271.860038,3062.473409,11616,1470.153753,2578.891185
d5_T002_21.10.23,field,Gladius,na,R2,T,176380,1181,5228,99,1622.090909,4792.828283,357329,1141,5429,372011,1351,5251,87098,494.5259937,3638.812315,176319,1087.159705,5183.989564,917215,550.4647187,3288.051087,285121,1035.448957,5646.154727,63636,919.8201804,5406.362499
d35_15_G02_1_3_T,glasshouse_b2,5489,T1,R3,T,14023,1015,2951,59,946.1186441,2816.169492,34926,1351,3644,33282,1330,3603,14023,1100.738358,2959.440277,17982,1613.855522,4102.244077,445756,898.4954863,2333.561401,16502,1564.519695,4159.514847,10799,1157.446338,3206.89499
d29_20_G03_0_4_T,glasshouse_b1,CALINGIRI,T0,R4,T,15177,1817,2497,54,806.6666667,3390.074074,30360,1199,4059,34528,948,2713,15177,1844.144561,2494.448573,17651,1491.371707,4376.244462,589840,1543.974429,3550.843781,16982,1481.110823,4393.358556,17695,1852.141339,2362.215372
d43_34_G05_0_2_S,glasshouse_b2,Hartog,T0,R2,S,20730,1909,865,61,1165.278689,2934.393443,70555,1595,1024,91782,1559,2843,20730,1905.931838,867.2696575,53130,1634.010728,789.341709,546974,1590.293965,480.970101,50856,1579.796661,777.7551125,12871,1824.917334,676.3320643
d19_09_G02_0_1_T,glasshouse_b2,5489,T0,R1,T,7354,1072,2944,57,1717.684211,1692.385965,27871,2101,2817,24303,2108,2876,7354,1092.058608,2953.261762,10112,2305.251187,3207.668018,349851,2028.446885,1588.796845,8956,2297.595132,3252.318669,6505,2194.06103,3157.60661
d15_13_G02_1_1_T,glasshouse_b2,5489,T1,R1,T,11577,1727,1633,64,1413.65625,1409.4375,15593,1594,1160,17179,1602,1232,11577,1711.632547,1640.502635,6941,1893.317822,1418.631897,469887,1509.596341,1196.91366,5824,1184.781937,1566.499141,11577,1711.632547,1640.502635
d41_13_G02_1_1_T,glasshouse_b1,5489,T1,R1,T,7372,1284,2034,63,1294.650794,1539.253968,32519,1901,1580,33596,1910,2617,7372,1277.614352,2036.046392,15572,2230.232982,1478.417159,550004,1514.501118,1731.913992,16662,2243.60635,1197.774097,7372,1277.614352,2036.046392
d27_15_G02_1_3_T,glasshouse_b2,5489,T1,R3,T,14376,974,2824,51,1633.254902,3534.843137,24416,1177,3203,23429,1086,1835,14376,1050.238592,2810.31323,10699,1605.967006,3527.101131,541612,922.327742,1884.7551,10385,909.5433799,2930.730188,9879,1113.549853,3126.970341
d43_23_G03_1_3_T,glasshouse_b2,CALINGIRI,T1,R3,T,11418,2037,4151,50,1800.22,1314.18,39297,1586,4071,39192,1448,1959,11418,2060.947189,4151.210807,18487,1835.188565,4389.469086,653528,2031.117101,3757.4105,17921,1851.256236,4408.522794,11418,2060.947189,4151.210807
d41_09_G02_0_1_T,glasshouse_b1,5489,T0,R1,T,14400,768,4446,60,2196.35,2426.866667,45611,2430,3222,42670,2425,3475,12629,800.3605986,4377.815029,19503,2448.798339,4184.60201,535205,844.3543427,3890.564079,23971,2423.368654,4018.685412,11935,801.4352744,4365.856221
d25_20_G03_0_4_T,glasshouse_b1,CALINGIRI,T0,R4,T,15547,1832,2439,49,1586.020408,4184.836735,26944,1799,2344,29381,956,2608,15547,1857.210137,2434.036985,15865,1551.237756,4060.279105,483391,1952.769187,3328.395047,14433,1847.326058,2601.332155,18143,1865.854875,2299.200739
d25_14_G02_1_2_T,glasshouse_b1,5489,T1,R2,T,9001,2194,2597,54,2011.833333,1672.722222,14830,2206,2230,14816,2206,2230,9001,2177.963226,2593.240084,6959,2142.258802,2523.650956,656039,2132.397136,2141.825661,5903,2013.019143,1265.91445,12247,2115.25002,2055.116355
d19_41_G06_0_1_S,glasshouse_b2,3811,T0,R1,S,5581,1536,2021,56,1401.196429,1484.089286,21865,1561,1334,21823,1373,2504,5581,1535.02401,2021.432718,11142,1397.306408,2237.9317,358441,1453.196244,1599.872696,14001,1369.492679,2850.798657,5581,1535.02401,2021.432718
d11_06_G01_1_2_T,glasshouse_b2,Gladius,T1,R2,T,9368,1648,1472,79,1785.177215,1085.620253,14249,1681,788,15091,1632,1667,9368,1601.89272,1472.455807,8048,1642.838718,975.1780567,544968,1882.314356,1169.207667,8598,1618.186904,893.4504536,9368,1601.89272,1472.455807
d09_37_G05_1_1_S,glasshouse_b1,Hartog,T1,R1,S,3526,1305,919,70,1081.785714,1405.885714,2911,1343,866,3587,1307,916,3526,1301.595009,916.1554169,1304,1410.187883,739.3443252,267188,1441.737234,877.7742488,1845,1384.737669,789.6281843,3509,1301.980621,915.4559704
d13_34_G05_0_2_S,glasshouse_b1,Hartog,T0,R2,S,7037,2145,1165,61,1557.836066,541.6721311,19724,1648,1432,17106,1569,1150,7037,2144.582493,1164.780304,7717,1793.818842,954.8394454,212660,2176.446896,893.2851829,11110,1523.032403,426.8008101,7646,2125.36542,1118.397463
d29_28_G04_0_4_S,glasshouse_b1,Forrest,T0,R4,S,6775,1251,3775,59,1375.898305,791.8135593,17738,1535,1935,16476,1464,3258,4429,2544.689095,2991.962971,7844,1434.371494,2468.723355,387118,1486.416718,2639.50675,12194,1456.324176,780.9982778,4409,2544.92606,2991.146292
d21_46_G06_1_2_S,glasshouse_b1,3811,T1,R2,S,7664,1057,2487,70,1089.571429,2257.9,11686,1090,2359,12091,1808,2561,7664,1056.874739,2487.049582,6983,1092.016469,2142.599599,416687,1294.550867,2137.068058,7113,1091.352313,2148.238015,7670,1056.988657,2486.522816
d09_10_G02_0_1_T,glasshouse_b1,5489,T0,R2,T,6226,1764,781,54,1641.166667,281.4444444,9515,1784,642,8353,1774,611,6226,1763.805493,780.5107613,5218,1937.233806,1053.978727,433192,1520.655806,382.9322471,5414,1935.220724,1053.434429,5629,1898.717357,1334.716646
d19_10_G02_0_1_T,glasshouse_b2,5489,T0,R2,T,12342,1882,1112,58,2479.672414,2820.603448,21955,2325,2333,22059,2323,2337,9219,2396.317605,2371.411975,9937,2283.13334,2209.317601,369969,2030.466996,1016.82621,12838,2328.739212,2432.599704,9219,2396.317605,2371.411975
d37_07_G01_1_3_T,glasshouse_b1,Gladius,T1,R3,T,14910,1469,2592,54,1329.222222,2629.888889,23695,1398,2888,24446,1395,2855,10590,1464.925024,2358.562229,12860,1510.839347,2280.776361,414848,1611.07644,2113.265114,15209,1313.475968,2709.239463,6051,1522.020988,2419.932573
d33_10_G02_0_1_T,glasshouse_b1,5489,T0,R2,T,15470,2515,2832,54,2093.185185,3671.018519,36999,2053,2176,37954,2053,2176,15470,2510.743504,2836.01267,17463,2452.61198,3389.998683,468978,2558.557047,2293.138761,29156,1834.728598,841.7085677,15450,2510.997411,2836.487573
d07_41_G06_0_1_S,glasshouse_b2,3811,T0,R1,S,3954,1555,957,69,1676.115942,710.5072464,7591,1623,381,9754,1582,578,3524,1564.367196,920.4636776,3639,1644.361363,257.3632866,387243,1453.109735,351.2918426,3490,1641.735817,249.7475645,3524,1564.367196,920.4636776
d27_36_G05_0_4_S,glasshouse_b2,Hartog,T0,R4,S,6848,743,4404,89,755.2247191,2260.808989,32001,1298,1562,39328,798,2622,6848,742.7686916,4403.733645,13887,795.5387053,2797.488226,386158,869.0790842,2239.461164,14147,809.0062911,2733.689758,6848,742.7686916,4403.733645
d17_39_G05_1_3_S,glasshouse_b1,Hartog,T1,R3,S,3518,1011,2101,51,1740.27451,2066.333333,6439,991,2356,6439,991,2356,3518,1012.669414,2102.827175,2272,1768.424296,1830.080546,298756,894.5257769,2071.27888,2880,1017.636458,2050.428819,2113,1778.12778,1274.296261
d29_34_G05_0_2_S,glasshouse_b1,Hartog,T0,R2,S,6081,972,1582,64,1645.6875,703.859375,25937,1665,1913,27131,1972,2422,5815,841.2995701,2576.126225,10597,1879.621402,1522.088138,344865,2187.919467,3209.938564,14247,1525.361339,650.8989261,6499,2103.117249,1339.939375
d1_T020_27.09.23,field,Gladius,na,R8,T,307955,1043,4447,93,1213.55914,4875.88172,313639,1090,2831,339475,1057,2925,209022,906.0828477,4197.439183,166976,937.208539,5865.621622,873757,455.8429827,2887.44602,317787,1141.091193,3417.049168,145404,929.0497029,4766.168118
d27_27_G04_0_3_S,glasshouse_b2,Forrest,T0,R3,S,11833,758,3199,58,1366.275862,813.3103448,24493,746,2902,25001,742,2736,8838,694.2270876,2636.505318,9903,1432.652025,734.3625164,435639,851.6974559,2257.43655,11995,800.2080867,2228.695873,8115,874.9617991,3506.743192
d31_23_G03_1_3_T,glasshouse_b2,CALINGIRI,T1,R3,T,10259,1451,2353,56,1616.071429,4040.375,26652,1420,2057,26259,1539,3697,10259,1497.987036,2341.881567,14981,1825.926507,3140.032508,394591,1903.228421,1492.084351,8246,1645.619331,1682.755518,10259,1497.987036,2341.881567
d13_33_G05_0_1_S,glasshouse_b1,Hartog,T0,R1,S,3117,1224,790,59,1163.898305,777.3728814,9444,1276,2107,9369,1276,2107,3117,1227.046519,790.5107475,5569,1144.558449,780.6518226,382208,1023.841529,2052.082615,4923,1161.490148,1963.761731,3162,1228.507274,786.8598988
d07_03_G01_0_3_T,glasshouse_b2,Gladius,T0,R3,T,5040,1527,1081,66,1639.863636,366.3181818,11175,1536,1070,15856,1570,918,5040,1510.943651,1076.817659,6310,1645.238669,329.4339144,377504,1833.457831,876.3770874,6197,1644.956431,324.7292238,5040,1510.943651,1076.817659
d05_15_G02_1_3_T,glasshouse_b1,5489,T1,R3,T,938,1574,309,53,1574.018868,313.7169811,1141,1570,297,1141,1570,297,728,1574.092033,329.6428571,367,1574.643052,358.2479564,336449,1455.951981,292.5796272,446,1574.786996,351.9910314,728,1574.092033,329.6428571
d15_42_G06_0_2_S,glasshouse_b2,3811,T0,R2,S,7585,1927,2484,68,1505.102941,647.0147059,20079,1001,2123,23185,998,2093,7585,1913.408438,2484.001978,11528,859.1407009,1952.552828,394376,1444.490836,355.2341649,8482,1464.65244,596.9438812,6163,1914.935097,2592.509979
d3_T020_08.10.23,field,Gladius,na,R8,T,286217,1334,4497,90,943.0888889,2680.188889,318912,1017,2805,325942,997,2849,256844,1269.40715,4491.024338,156089,1105.728841,5890.651776,1038714,1086.129546,3123.317966,343518,1119.315928,3312.459359,165827,1240.515139,4817.297774
d41_02_G01_0_2_T,glasshouse_b1,Gladius,T0,R2,T,13021,1730,3884,54,1799.833333,4314.222222,35573,1546,4061,35004,1639,4090,9782,1789.368023,3662.728992,16844,1771.033721,4327.086975,341259,1859.770992,3006.804187,23067,1557.696623,3117.392639,9366,1796.008008,3643.714606
d2_T022_02.10.23,field,3811,na,R7,S,37955,813,5248,59,1297.694915,4514.694915,175198,1212,5308,178282,1225,5303,35905,806.7647681,5241.686506,80789,774.5543824,5636.088762,539757,464.720489,4874.878873,157123,1166.732751,5416.817201,31053,833.4641742,5289.340064
d35_13_G02_1_1_T,glasshouse_b2,5489,T1,R1,T,9445,1740,1734,59,1746.338983,560.4745763,34087,1632,1059,34900,1621,1093,9445,1729.571837,1740.190789,20238,1719.506671,790.6795632,485376,1566.339974,1023.297674,18895,1742.18841,768.9673459,9445,1729.571837,1740.190789
d19_43_G06_0_3_S,glasshouse_b2,3811,T0,R3,S,8240,1809,2958,62,1632.112903,2044.387097,27335,1250,2781,29266,1307,2627,8240,1770.286286,2949.513956,14118,1691.96168,2084.225528,378354,1488.064233,2569.301519,12434,1538.985524,2117.865691,8240,1770.286286,2949.513956
d29_31_G04_1_3_S,glasshouse_b1,Forrest,T1,R3,S,3843,667,3139,53,620.2830189,2361.528302,11752,777,2502,11752,777,2502,3843,656.3814728,3139.162633,6119,810.9297271,2090.061938,360440,1320.754866,2057.13104,3843,656.3814728,3139.162633,3843,656.3814728,3139.162633
d09_30_G04_1_2_S,glasshouse_b1,Forrest,T1,R2,S,1404,1134,1406,70,1388.828571,270.8142857,2605,1148,1293,2605,1148,1293,1404,1131.687322,1405.235755,1330,1367.43985,655.3037594,308157,1447.456686,880.778814,1838,1401.07889,259.2742111,1390,1132.034532,1404.360432
d25_38_G05_1_2_S,glasshouse_b1,Hartog,T1,R2,S,2980,1079,2440,60,835.6333333,2777.416667,16755,606,2406,16752,606,2406,2980,1077.742953,2439.939933,7687,834.4169377,2043.322623,383552,871.6881909,2449.970134,7777,820.1038961,2211.761862,2980,1077.742953,2439.939933
d09_39_G05_1_3_S,glasshouse_b1,Hartog,T1,R3,S,2417,1770,1002,77,1774.571429,1038.571429,4160,1750,848,4160,1750,848,2417,1769.78403,1002.252793,1322,1715.608169,615.3502269,312481,1486.696634,876.0161866,2878,1753.339124,511.5993746,2417,1769.78403,1002.252793
d37_26_G04_0_2_S,glasshouse_b1,Forrest,T0,R2,S,7218,959,3959,50,1701.3,3307.52,21375,1597,4013,23642,1595,3982,7218,970.413688,3960.544472,12059,1627.878763,3507.250518,336207,861.1450178,3770.044035,10656,1651.250469,4225.915728,7061,967.6180428,3972.520606
d21_06_G01_1_2_T,glasshouse_b1,Gladius,T1,R2,T,9011,1518,1933,58,1646.517241,1953.12069,10733,1537,1440,10879,1459,2119,9011,1469.980912,1933.498169,5731,1681.689234,1397.983947,507830,1489.097861,1149.332749,8194,1605.076641,894.2734928,10643,1492.526731,1778.454289
d11_02_G01_0_2_T,glasshouse_b2,Gladius,T0,R2,T,5674,1772,1880,57,1939.596491,1910.719298,16617,1777,1718,17821,1762,1666,5674,1769.894078,1879.724357,7004,1976.69703,1328.548401,372689,1618.727803,1478.511982,5650,1540.216106,478.1895575,5674,1769.894078,1879.724357
d41_22_G03_1_2_T,glasshouse_b1,CALINGIRI,T1,R2,T,12658,2001,4050,59,1869.661017,4674.79661,27550,1938,4385,27489,1943,4385,12658,1942.676963,4060.074656,15904,1920.813066,4685.946994,547119,1936.824206,3544.988105,22119,1940.48429,4527.682535,12658,1942.676963,4060.074656
d09_38_G05_1_2_S,glasshouse_b1,Hartog,T1,R2,S,1696,856,1060,62,1316.145161,615.7419355,5630,1155,914,5630,1155,914,1696,856.4946934,1060.474646,2174,1252.170653,618.0096596,175491,903.8343448,855.6987196,1903,1178.25959,585.4261692,3409,1412.477266,474.7735406
d49_45_G06_1_1_S,glasshouse_b2,3811,T1,R1,S,10137,1877,4055,56,1639.642857,3063.892857,69191,1588,4039,69449,1682,4047,9819,1956.011916,4057.03758,30194,1851.654633,4503.161588,519279,1564.575303,3484.996318,46695,1843.103459,4085.805118,9629,1955.108007,4052.180808
d15_37_G05_1_1_S,glasshouse_b2,Hartog,T1,R1,S,3670,2381,2349,54,1016.277778,2043.518519,11074,1103,1617,11074,1103,1617,3670,2380.528065,2349.077657,5543,1021.0884,2076.010464,297355,2563.528812,2071.962217,3305,1059.418759,2017.179123,3670,2380.528065,2349.077657
d19_45_G06_1_1_S,glasshouse_b2,3811,T1,R1,S,7077,763,2127,79,966.4556962,1146.746835,16370,1309,1407,16072,1360,1501,7077,768.8854034,2126.712731,10198,1447.97931,1900.058051,364102,868.3369193,1472.706527,5090,1467.41611,1513.024558,7077,768.8854034,2126.712731
d15_11_G02_0_3_T,glasshouse_b2,5489,T0,R3,T,6550,2257,1405,55,2312.254545,1523.054545,19694,1503,2418,24982,1418,1888,6549,2242.639334,1413.376241,8715,1527.328055,2699.260241,358814,1458.089645,2194.828658,12128,1395.868321,2431.493651,6428,2245.92906,1418.39468
d2_T006_02.10.23,field,3811,na,R3,S,40460,1796,6080,59,1224.677966,5323.338983,219777,1263,5310,269626,1148,2602,35415,1776.204151,6076.336355,118726,1405.385813,5948.5416,763077,1937.653213,5752.635747,175800,1319.133288,5604.934886,34296,1783.686815,6074.646606
d27_21_G03_1_1_T,glasshouse_b2,CALINGIRI,T1,R1,T,19948,1889,3070,49,1689.428571,3144.836735,30276,1423,2020,30346,1423,2022,19948,1862.202326,3076.316022,13728,1646.61553,2835.360358,656373,1388.834893,2371.220434,16510,1800.912417,3880.467111,18664,1865.575386,3128.781612
d3_T024_08.10.23,field,3811,na,R9,S,37242,1218,3758,94,518.0106383,2799.074468,203175,981,2118,213163,988,2122,28170,1207.154739,3706.305644,101671,1283.636199,3677.825122,458964,904.57971,3212.982297,84383,1343.003295,3724.477999,27775,1207.774653,3710.598992
d07_44_G06_0_4_S,glasshouse_b2,3811,T0,R4,S,4954,1794,498,73,1565.123288,199.2739726,11698,1747,396,9393,1272,601,4954,1801.721034,494.2652402,4569,1745.603852,332.9266798,376561,1821.224922,268.9621097,2937,1727.685393,293.5274089,4884,1803.925471,498.6007371
d33_04_G01_0_4_T,glasshouse_b1,Gladius,T0,R4,T,20098,2077,3488,81,1686.617284,725.0987654,32656,1729,2024,33768,1743,2036,20096,2059.068869,3483.875498,15131,1667.373207,1474.470227,356420,2025.942326,2198.80881,23407,1644.639168,810.6143889,17522,2101.803162,3663.749115
d6_T002_28.10.23,field,Gladius,na,R2,T,204860,727,5500,55,565.1090909,5598.781818,352025,941,5523,356763,1235,3516,145017,900.3558272,5360.382176,185802,1065.28222,5140.707204,1372940,918.3113537,5086.660989,266822,753.5568844,5729.895293,139486,901.4772952,5372.394871
d17_35_G05_0_3_S,glasshouse_b1,Hartog,T0,R3,S,3992,971,2222,72,1564.5,691.0972222,10355,796,2546,12069,913,2335,3992,970.5784068,2221.61022,5989,835.3045584,2830.450493,376622,867.928326,2221.798838,3939,1485.317339,657.4267581,3992,970.5784068,2221.61022
d27_43_G06_0_3_S,glasshouse_b2,3811,T0,R3,S,15485,1775,3555,47,2054.617021,3560.829787,42730,1718,3667,44457,1397,2072,15406,1795.116967,3553.928534,21387,1729.775985,2376.253051,412864,352.9792958,3311.812839,19682,715.8198862,3904.643431,15387,1795.082277,3553.477481
d35_37_G05_1_1_S,glasshouse_b2,Hartog,T1,R1,S,4689,2377,2581,53,2387.150943,2737.226415,12911,1100,1976,11234,2373,2607,4689,2391.695671,2581.065899,5716,1022.33345,2074.179846,198502,2584.718794,2631.338374,4843,2381.9777,2367.844724,4689,2391.695671,2581.065899
d29_16_G02_1_4_T,glasshouse_b1,5489,T1,R4,T,10047,1886,3143,61,2096.344262,2004.213115,27004,2156,2876,27004,2156,2876,10047,1963.159849,3123.411765,9203,2008.200261,2906.001739,457397,1992.07929,2293.527594,14312,2118.881708,3382.565539,6011,2304.350358,1984.891699
d11_03_G01_0_3_T,glasshouse_b2,Gladius,T0,R3,T,9831,1409,1478,76,1690.894737,573.7763158,15881,1334,1634,23286,1435,1169,9831,1398.332418,1467.167633,9058,1488.225326,1177.600464,386813,1435.167598,1060.934072,7519,1277.619364,1845.297912,9831,1398.332418,1467.167633
d05_12_G02_0_4_T,glasshouse_b1,5489,T0,R4,T,2224,1835,531,66,1447.545455,301.7121212,4958,1504,823,7294,1509,718,2224,1831.534622,532.381295,2224,1831.534622,532.381295,351924,1458.101397,767.0299639,3201,1444.729147,335.4823493,3405,1774.88047,445.0992658
d11_39_G05_1_3_S,glasshouse_b2,Hartog,T1,R3,S,2362,1804,1067,85,1054.364706,1766.482353,5203,1784,904,5203,1784,904,2362,1803.584251,1066.574936,2412,1803.943201,1070.901741,279330,2011.912376,880.6619196,2412,1803.943201,1070.901741,2362,1803.584251,1066.574936
d19_18_G03_0_2_T,glasshouse_b2,CALINGIRI,T0,R2,T,17239,1198,2227,55,1438.963636,2058.581818,29827,1449,1147,34287,1419,1269,17239,1203.372237,2231.687859,12523,1513.646091,790.5267109,332801,993.1670307,2179.094074,11922,1386.232847,2005.115752,17210,1203.303544,2231.914991
d07_18_G03_0_2_T,glasshouse_b2,CALINGIRI,T0,R2,T,8237,1615,384,79,1493.708861,249.8987342,11907,1472,422,11327,1474,412,8237,1540.155518,399.240136,6288,1489.298664,296.7380725,380608,1815.50716,269.2969197,6847,1481.790127,307.6838031,5680,1306.108803,1011.863556
d17_05_G01_1_1_T,glasshouse_b1,Gladius,T1,R1,T,6231,2391,1895,68,1507.558824,2484.029412,13875,1542,1853,18981,1380,2302,6231,2389.843845,1895.534264,7245,1498.527674,2338.750035,409621,1453.505309,2085.15101,7962,1474.604748,1291.228586,5517,1494.322639,2945.211528
d15_08_G01_1_4_T,glasshouse_b2,Gladius,T1,R4,T,21886,1914,1537,58,1748.827586,676.8793103,17601,1777,1060,18963,1804,1089,21830,1913.807467,1538.819285,9130,1820.466484,1314.733954,704496,1924.089156,896.1959145,10264,1741.171765,862.1760522,21080,1922.349905,1567.402609
d35_42_G06_0_1_S,glasshouse_b2,3811,T0,R2,S,14028,900,3150,68,1904.794118,2545.220588,52812,1162,3792,58461,1499,3579,14028,850.7820787,3144.909894,21548,1392.664702,879.104418,344076,1455.119709,773.1276346,21831,734.8788878,2355.517842,13903,852.220456,3136.106668
d5_T010_21.10.23,field,Gladius,na,R3,T,11242,812,5403,82,973.7317073,4871.304878,140698,1258,5322,145093,1240,5276,11242,820.6698986,5406.139655,56617,1495.657912,6042.35212,397138,1421.455756,5308.972166,121483,1290.125837,5525.563931,9472,834.1792652,5396.256229
d25_08_G01_1_4_T,glasshouse_b1,Gladius,T1,R4,T,15562,1939,2220,63,1769.412698,1032.698413,13981,1875,1819,15255,1977,2669,9234,1978.631904,2574.367013,6563,1836.406674,1569.002895,403111,1468.684722,1027.411314,9381,1739.044665,1016.768148,9750,1938.429641,1516.792205
d1_T022_27.09.23,field,3811,na,R7,S,43732,554,5251,83,828.8192771,4514.771084,183685,1061,5330,188965,1081,5267,43732,559.241768,5255.934259,76848,1204.745472,5974.339319,516819,731.5141278,4919.847718,88170,851.6415788,3525.03178,40179,564.4146196,5259.897011
d25_10_G02_0_1_T,glasshouse_b1,5489,T0,R2,T,13870,2453,2652,83,2389.180723,2613.650602,24067,1956,1900,40231,2269,2428,13870,2467.538861,2645.873107,10341,2335.743062,2777.994391,534473,2518.543113,2331.157853,14841,2306.161377,2387.840105,13773,2468.513323,2650.402454
d41_29_G04_1_1_S,glasshouse_b1,Forrest,T1,R1,S,3810,2208,3651,47,934.0638298,3440.617021,11235,832,3917,12408,831,3726,3810,2204.209711,3651.111286,4954,858.8909972,3724.13908,385619,872.1969794,3341.517581,5280,866.9257576,3698.356061,3713,970.9563695,3326.872071
d25_45_G06_1_1_S,glasshouse_b1,3811,T1,R1,S,8661,777,2353,56,999.6785714,1703.446429,16679,1221,2056,16048,1308,3018,8661,777.4714236,2353.07782,8583,1004.890015,1988.690668,501779,817.7907386,1791.516652,10312,1576.596683,3189.765807,6914,769.693665,2131.690338
d33_33_G05_0_1_S,glasshouse_b1,Hartog,T0,R1,S,5537,1351,3660,44,1154.636364,2704.477273,17335,1195,2872,18175,1198,2866,5489,1357.749681,3660.487156,9079,1333.599185,2243.883577,343527,1453.326044,3081.051976,10738,1169.207394,2413.994971,5469,1358.269336,3661.827025
d43_42_G06_0_2_S,glasshouse_b2,3811,T0,R2,S,16073,1349,3940,63,952.0634921,2526.555556,97059,1135,3802,139372,1130,3153,14311,845.5194606,3158.206205,39963,1380.234992,2320.540125,893877,440.0359938,3031.388396,35097,1315.666752,750.8719549,14198,846.7859558,3151.574306
d25_37_G05_1_1_S,glasshouse_b1,Hartog,T1,R1,S,5014,2391,2502,58,1038.810345,2120.775862,7692,2394,2557,7694,2394,2557,5014,2405.398484,2502.095732,4288,1011.909981,2121.366371,498539,2578.385258,2263.507563,4429,1015.075412,2113.888011,5014,2405.398484,2502.095732
d17_06_G01_1_2_T,glasshouse_b1,Gladius,T1,R2,T,9063,1531,1933,58,1671.87931,1358.344828,11052,1543,1443,10843,1479,2130,9063,1487.48207,1922.991725,6121,1692.041006,1409.704623,547789,1482.251078,1291.663347,7980,1625.316917,882.3246867,10536,1508.714313,1777.787775
d5_T020_21.10.23,field,Gladius,na,R8,T,297911,994,4595,116,670.1982759,3798.318966,307327,1080,2888,328152,1098,3011,227398,1020.836612,4854.298059,171419,900.5147096,5883.072909,1628073,1179.130655,5268.00747,222384,947.6032538,5663.076444,208470,1037.682017,4847.030868
d33_37_G05_1_1_S ,glasshouse_b1,Hartog,T1,R1,S,4943,2394,2562,67,1080.850746,2866.955224,7378,2397,2636,7381,2397,2636,4943,2408.786567,2561.651831,3795,1005.315415,2193.48643,167088,2585.485164,2629.240694,4957,2402.82671,2387.682671,4943,2408.786567,2561.651831
d13_01_G01_0_1_T,glasshouse_b1,Gladius,T0,R1,T,5493,1987,1844,66,1699.469697,463.2272727,14992,1973,1806,17670,2101,1590,5493,1988.072456,1843.545603,6808,2219.967391,2133.659812,368601,1605.456797,1467.07007,7652,1632.086121,382.4290382,5493,1988.072456,1843.545603
d4_T001_14.10.23,field,Gladius,na,R1,T,162398,1284,5725,64,1761.890625,5622.0625,349327,1254,5581,351669,1289,5558,115563,1113.216081,5703.367635,135441,1397.229701,4875.417783,1173477,1154.949427,5453.563288,342653,1273.672301,5599.076065,114335,1105.943412,5705.545196
d13_23_G03_1_3_T,glasshouse_b1,CALINGIRI,T1,R3,T,7855,1413,1812,64,1643.859375,1254.34375,10527,1448,1597,9298,1407,1762,7855,1451.494335,1806.025461,3942,717.0266362,1351.853374,523665,1702.038865,1609.002355,4591,1442.223916,2069.369636,7855,1451.494335,1806.025461
d07_35_G05_0_3_S,glasshouse_b2,Hartog,T0,R3,S,1839,1460,544,70,1452.857143,603.5428571,4169,1517,262,7615,1482,402,1839,1460.487221,543.6378467,2224,1425.553957,277.9842626,256227,1459.187947,256.2555546,2232,1428.885753,255.5291219,1839,1460.487221,543.6378467
d31_30_G04_1_2_S,glasshouse_b2,Forrest,T1,R2,S,2471,690,2288,81,754.1728395,2447.654321,13396,791,2557,10995,1740,2479,2471,694.8170781,2289.259409,6461,739.4816592,2496.655471,376177,871.758696,2482.24623,5167,746.6495065,2324.51287,2257,685.6663713,2306.628268
d13_40_G05_1_4_S,glasshouse_b1,Hartog,T1,R4,S,3047,1612,1459,72,1113.805556,1143.111111,4813,1645,1591,4813,1645,1591,3047,1614.264851,1456.906465,1678,1644.75447,1842.983909,388850,1904.489592,1469.421687,1725,1645.045797,1839.321739,3140,1122.892357,1125.606051
d07_26_G04_0_2_S,glasshouse_b2,Forrest,T0,R2,S,2710,1568,453,75,1510.266667,253.5066667,5017,1563,406,4431,1468,1013,2710,1564.064945,453.1435424,2700,1488.9,288.5185185,260778,1457.926309,267.2859482,2228,1488.986984,272.4829443,2710,1564.064945,453.1435424
d19_36_G05_0_4_S,glasshouse_b2,Hartog,T0,R4,S,4712,760,2781,52,1216.865385,1731.346154,22704,2094,1113,28751,1121,1973,4712,774.1090832,2786.393888,10197,853.9470432,2891.899873,382677,868.0507974,2235.432035,10534,860.7560281,2876.097779,4712,774.1090832,2786.393888
d15_03_G01_0_3_T,glasshouse_b2,Gladius,T0,R3,T,16477,1371,1528,57,1540.596491,820.9298246,19997,1584,1010,28154,1384,1549,16477,1358.878133,1525.847424,10247,1375.279887,1523.322826,420148,1413.73362,1145.970601,10721,1464.571868,1260.083761,16387,1359.43327,1523.591444
d25_18_G03_0_2_T,glasshouse_b1,CALINGIRI,T0,R2,T,16292,1119,2393,86,1462.825581,1400.94186,31927,1344,1841,33660,1641,1929,16292,1185.387,2428.725755,13023,1129.711894,1628.940183,456541,1400.177892,1303.201999,14985,1205.91705,2060.388922,18559,1204.897301,2246.488604
d15_04_G01_0_4_T,glasshouse_b2,Gladius,T0,R4,T,13548,2003,2502,48,1559.416667,761.4166667,20004,1896,2314,20947,1881,2306,11194,2084.195641,2565.452743,10975,1590.088109,746.7951708,366199,2026.586353,2209.160325,8754,2078.378684,2696.615376,11195,2084.180616,2565.430817
d7_T020_04.11.23,field,Gladius,na,R8,T,253158,1095,4912,75,1208.2,5520.48,311299,1133,5276,309837,979,2714,184546,1085.604521,4712.735925,166519,996.6469532,5890.271194,1135861,1070.328188,4609.508426,223928,1059.43443,5649.672627,180994,1085.619827,4715.368443
d09_04_G01_0_4_T,glasshouse_b1,Gladius,T0,R4,T,4533,1643,858,58,1575.689655,698.6551724,11945,1643,814,15543,1921,1183,4533,1633.570704,859.3745864,6233,1719.805391,1195.233275,384775,1448.778257,347.730232,9971,1625.202989,408.2788085,6573,1398.726913,655.2210558
d37_19_G03_0_3_T,glasshouse_b1,CALINGIRI,T0,R3,T,9860,1483,3177,60,1770.6,909.05,37531,1491,2467,38676,1488,2476,9860,1469.971805,3180.640365,21376,1348.314418,3277.360638,555415,1491.305676,2274.049621,30559,1593.494388,1149.88658,9860,1469.971805,3180.640365
d13_44_G06_0_4_S,glasshouse_b1,3811,T0,R4,S,8633,1049,1511,68,1210.014706,606.6911765,18848,1148,1294,18846,1148,1294,8633,1066.506429,1522.215684,8544,1114.629331,889.4015684,417021,840.2234036,917.4065742,13287,1641.450365,426.9914202,8580,1065.486014,1524.539277
d21_38_G05_1_2_S,glasshouse_b1,Hartog,T1,R2,S,3564,2218,1875,78,808.6410256,2731.474359,16753,605,2443,16751,605,2443,3564,2208.508418,1879.459596,7316,858.7885457,2027.975806,386034,875.4826,2444.08413,7929,810.4044646,2258.042376,3133,2223.863709,1915.928184
d17_26_G04_0_2_S,glasshouse_b1,Forrest,T0,R2,S,3995,1345,2160,53,1538.603774,749.1698113,9881,1371,2549,11080,1367,2491,3995,1344.797747,2160.185482,3487,899.2317178,2410.409234,373753,1456.02156,1521.816376,3487,899.2317178,2410.409234,3903,1345.669229,2168.06431
d33_36_G05_0_4_S,glasshouse_b1,Hartog,T0,R4,S,8522,727,4494,61,926.7213115,2257.836066,30192,724,3451,28375,1064,2399,8522,739.4476649,4494.037785,17291,695.795327,2986.43219,617699,844.22233,4093.929296,16179,695.8977069,2835.713085,8468,739.4465045,4495.99008
d17_15_G02_1_3_T,glasshouse_b1,5489,T1,R3,T,7095,910,2211,72,908.2916667,2235.277778,11476,947,2013,11476,947,2013,7095,891.4042283,2211.089359,4606,812.4413808,1874.231871,384984,868.968326,1656.557252,6911,904.9739546,2216.216467,7095,891.4042283,2211.089359
d21_23_G03_1_3_T,glasshouse_b1,CALINGIRI,T1,R3,T,9324,1470,2433,63,1443.349206,2047.269841,15309,1405,2146,18084,1404,2167,9324,1492.290755,2422.92396,7294,683.4840965,2218.961064,496046,1506.193532,1791.285088,6702,1600.108027,1504.884363,10671,1491.946397,2304.924937
d17_29_G04_1_1_S,glasshouse_b1,Forrest,T1,R1,S,3090,241,1741,49,1231.673469,2464.081633,5006,1275,2020,5006,1275,2020,3090,241.3168285,1741.986408,2399,1178.393914,1337.999583,327580,280.3567953,1478.336748,2487,214.9107358,1790.449136,3046,239.2892318,1745.605384
d43_40_G05_1_4_S,glasshouse_b2,Hartog,T1,R4,S,20594,2346,3487,55,2212.563636,4308.309091,53340,1608,3803,58089,1620,3707,17269,2338.399792,3546.485378,22528,1982.42112,4366.347257,462495,2484.308455,2931.010465,23868,1673.146682,1055.419977,17280,2338.585127,3545.237269
d31_47_G06_1_3_S,glasshouse_b2,3811,T1,R3,S,5742,1459,2228,79,1294.126582,3219.658228,18918,1493,2794,19208,1484,2758,5690,1445.130404,2224.975395,9809,1374.549699,2514.477011,560730,1490.054748,1783.180302,8444,1502.024159,1856.282568,5649,1445.049743,2228.78775
d17_47_G06_1_3_S,glasshouse_b1,3811,T1,R3,S,6702,1428,2126,75,1548.946667,968.3466667,9295,1438,2252,9676,1452,1624,6702,1428.276932,2125.542077,4637,1295.467328,2423.650205,365516,1457.426933,1610.047546,6162,1285.332197,1655.64492,6653,1428.124305,2129.026154
d17_23_G03_1_3_T,glasshouse_b1,CALINGIRI,T1,R3,T,10695,1457,2363,61,1535.786885,2742.754098,12467,1434,1904,11621,1437,1893,10695,1498.822253,2351.028612,5289,670.4811874,1989.24447,368330,1458.096794,1580.767054,5065,666.8238894,2012.823692,10839,1498.969554,2338.707076
d33_16_G02_1_4_T,glasshouse_b1,5489,T1,R4,T,10256,1908,3163,63,2228.904762,1853.777778,23882,1972,3391,31343,2181,2868,10256,1994.795924,3162.772523,10888,2040.731172,2942.601029,595480,2022.903475,2566.402553,21651,2180.215233,3283.007898,10256,1994.795924,3162.772523
d05_36_G05_0_4_S,glasshouse_b1,Hartog,T0,R4,S,2017,1419,841,61,1057.52459,821.9344262,3920,1399,894,3816,1398,901,2017,1419.858205,841.062469,1790,1063.997765,803.2206704,166030,1447.218768,220.9517557,2255,1551.516186,278.5587583,2017,1419.858205,841.062469
d45_25_G04_0_1_S,glasshouse_b1,Forrest,T0,R1,S,6432,707,3121,88,1450.227273,763.0227273,31940,878,4095,31401,1317,2296,6432,711.2361629,3122.758085,16797,792.4999702,4294.980592,407871,861.491626,2855.229565,20603,1398.421492,776.0514003,4585,975.931952,3025.467176
d43_29_G04_1_1_S,glasshouse_b2,Forrest,T1,R1,S,3771,2214,3664,54,846.0555556,3970.055556,21200,998,3324,23158,1056,3211,3771,2210.827102,3663.664545,7468,858.7915104,4231.539502,393776,873.7079685,3328.153303,4919,2250.06607,3593.399878,3656,871.8142779,4591.244256
d35_07_G01_1_3_T,glasshouse_b2,Gladius,T1,R3,T,14311,1457,2575,59,1627.135593,1569.305085,30510,1588,1204,31311,1460,2569,13935,1347.176893,2088.229709,17705,1599.842417,1482.196385,535350,1427.696399,2464.691155,13483,1330.609953,2476.723281,9749,1499.61832,2725.05857
d17_22_G03_1_2_T,glasshouse_b1,CALINGIRI,T1,R2,T,9595,2060,2265,50,1848.38,2071.94,12921,1732,1798,17650,2024,2198,9595,2066.634184,2260.874101,6039,1896.264282,2240.651929,466626,1997.586532,1776.289525,8358,1880.729481,1957.99653,7535,1769.97359,2226.175182
d45_35_G05_0_3_S,glasshouse_b1,Hartog,T0,R3,S,16380,1443,4230,49,1690.102041,4632.469388,51684,1095,3927,52281,1095,3927,12024,1509.007651,4398.400033,23447,1200.590992,3351.385593,345176,1457.498627,3970.550038,36975,1791.791995,791.2670453,11916,1508.397617,4398.565626
d35_45_G06_1_1_S,glasshouse_b2,3811,T1,R1,S,8904,787,2403,77,1254.74026,2188.454545,34581,1232,2112,38008,1231,2197,6720,1713.643006,4560.154762,19519,1192.256827,1791.671448,391877,857.144895,1526.265994,20388,1186.221944,1816.83142,6720,1713.643006,4560.154762
d13_08_G01_1_4_T,glasshouse_b1,Gladius,T1,R4,T,15543,1875,1550,73,1785.205479,948.4931507,12043,1885,1192,11951,1885,1192,15543,1922.501641,1559.831114,6762,1833.369269,1444.708814,558017,1604.174937,745.607693,5244,1630.948703,518.914569,21715,1862.584435,1295.323647
d37_03_G01_0_3_T,glasshouse_b1,Gladius,T0,R3,T,13579,1532,3291,63,1893.777778,999.9365079,35136,1556,4055,36607,1553,3965,13579,1482.782385,3303.33677,18130,1660.469277,1942.704799,531432,1440.700302,2701.458612,23674,1785.244319,1092.75095,14323,1360.15723,1679.568387
d3_T023_08.10.23,field,3811,na,R8,S,41189,570,3769,57,1228.052632,5884.719298,249107,1071,4869,298459,899,4569,37804,564.0971061,3770.404137,139185,1086.178791,4225.859633,405852,870.1320752,3767.321484,203272,1039.714742,3794.580975,36510,564.4225418,3777.906409
d49_34_G05_0_2_S,glasshouse_b2,Hartog,T0,R2,S,21825,1518,698,75,1596.173333,1264.106667,93593,1684,1107,121146,1533,2892,23250,1893.080903,878.7110538,68093,1643.046686,821.6335747,401463,1466.134747,351.8010377,70897,1633.384995,848.1807693,20421,1530.681798,694.8309583
d5_T024_21.10.23,field,3811,na,R9,S,31493,1143,3751,54,405.3333333,3014.666667,207910,971,2138,212871,972,2139,29110,1135.04641,3743.903195,94259,1235.65303,3720.45758,467771,896.5983013,3157.428797,85198,1162.01986,3788.36711,18554,1084.924814,3707.397219
d31_07_G01_1_3_T,glasshouse_b2,Gladius,T1,R3,T,14307,1317,2066,61,1711.606557,711.3934426,26248,1597,1211,33278,1477,2248,14307,1366.010484,2081.873768,14249,1715.788055,1460.07018,664349,1765.001851,2021.990687,8714,1837.604774,1260.85529,9339,1432.263733,2718.04176
d07_36_G05_0_4_S,glasshouse_b2,Hartog,T0,R4,S,3529,1452,710,64,1427.28125,793.1875,9206,1507,421,8819,1511,410,3529,1445.873335,706.488807,6362,1409.275228,317.7236718,348631,1452.877851,777.9450795,3216,1286.266791,335.1968284,2663,1430.883965,780.1430717
d07_39_G05_1_3_S,glasshouse_b2,Hartog,T1,R3,S,1971,1768,962,57,1713.245614,609.0701754,3489,1703,460,5460,1723,653,1971,1768.091324,962.1577879,1971,1768.091324,962.1577879,334488,2026.359143,881.6724427,1971,1768.091324,962.1577879,1971,1768.091324,962.1577879
d49_18_G03_0_2_T,glasshouse_b2,CALINGIRI,T0,R2,T,24662,1176,2414,54,1058.722222,2481.203704,81222,1380,1579,75516,1228,1648,24662,1198.117428,2422.33282,38361,1035.945465,2277.261776,367734,1459.862833,2045.677658,32641,1554.621703,994.2827426,15419,2628.202023,3224.505934
d29_14_G02_1_2_T,glasshouse_b1,5489,T1,R2,T,13224,2345,3022,65,2210.907692,2366.215385,18028,2149,2409,18093,2149,2409,12111,2344.853191,3121.158286,7880,2103.156599,2721.620939,622459,2119.048954,2095.824106,9060,2188.860817,3022.430684,13686,2075.262823,2240.356423
d13_32_G04_1_4_S,glasshouse_b1,Forrest,T1,R4,S,2283,1356,726,64,1535.078125,376.40625,3871,1417,596,3871,1417,596,2283,1354.249233,725.0477442,1266,1395.916272,640.3246445,311226,1452.226205,284.7189631,1261,1388.180809,653.88977,2283,1354.249233,725.0477442
d4_T008_14.10.23,field,3811,na,R4,S,32998,1351,6442,72,902.8194444,4313.388889,171403,984,3000,222140,1014,3424,20270,1269.087469,6298.815935,87907,765.5660869,3292.177551,432594,918.4576809,5994.780117,92556,995.3086024,2813.138003,19702,1275.134453,6303.288143
d13_39_G05_1_3_S,glasshouse_b1,Hartog,T1,R3,S,2055,1035,1775,63,1770.873016,1736.52381,4525,1814,1540,4525,1814,1540,2055,1034.817518,1773.981509,2320,1765.189655,1747.486638,323878,877.0542673,2048.351305,2324,1783.923408,1061.288296,2324,1783.923408,1061.288296
d05_44_G06_0_4_S,glasshouse_b1,3811,T0,R4,S,2532,1688,404,55,1478.272727,147.6363636,4434,1694,418,4434,1694,418,2532,1687.733017,403.6176935,1558,1659.476893,300.6752246,258760,1466.318608,253.8361377,2820,1665.136525,307.8471631,1968,1699.794207,437.3714431
d6_T006_28.10.23,field,3811,na,R3,S,47052,970,5876,63,1493.095238,6112.492063,223468,1219,5330,275730,1110,2760,42140,996.7602515,5868.883507,125092,1339.212148,5935.446855,833676,1082.261943,5644.84333,180834,1257.257031,5608.672567,35241,1768.768707,6020.12826
d07_12_G02_0_4_T,glasshouse_b2,5489,T0,R4,T,4787,1836,411,76,1563.855263,246.1842105,10672,1562,435,10205,1559,822,4787,1820.450595,425.56737,5373,1568.557231,284.048204,343442,2036.95431,292.930457,5223,1549.364733,284.6586253,4787,1820.450595,425.56737
d15_39_G05_1_3_S,glasshouse_b2,Hartog,T1,R3,S,3549,1009,1990,53,1772.245283,923.1320755,7603,992,2148,8578,1001,2027,3549,1012.399267,1990.475909,4188,1714.120344,974.1174785,310971,886.8292638,2069.325667,3114,1747.013809,1937.998073,3549,1012.399267,1990.475909
d43_46_G06_1_2_S,glasshouse_b2,3811,T1,R2,S,12419,1428,3948,54,1372.944444,1936.592593,42799,1475,3825,48227,1609,3555,12419,1497.711732,3966.619132,23119,1205.44258,4302.063671,511649,1391.13546,3488.28251,23357,1208.826776,4295.732543,11405,1502.431565,3911.463656
d19_01_G01_0_1_T,glasshouse_b2,Gladius,T0,R1,T,9656,863,2475,61,2404.131148,2909.590164,23951,2303,2737,33503,2000,2053,9656,903.0259942,2465.887635,13104,2366.250763,2919.038996,286505,1053.074637,2069.231884,17515,2326.318127,2750.058807,9656,903.0259942,2465.887635
d43_11_G02_0_3_T,glasshouse_b2,5489,T0,R3,T,21808,1550,3899,53,2804,4021.962264,47010,1676,3715,46354,1676,3715,12522,1458.526992,4133.058617,19329,1391.865901,2676.425475,508499,1960.315397,3828.700186,14333,2871.365241,3232.154399,9066,1413.694573,4258.544452
d45_30_G04_1_2_S,glasshouse_b1,Forrest,T1,R2,S,2089,1004,3781,57,1388.789474,596.5614035,11614,1022,3245,11745,1024,3237,2089,1004.786979,3781.117281,7538,950.2301672,3410.909658,356020,868.4932953,3628.353831,7383,867.0487607,2139.920764,1916,1025.185804,3145.940501
d6_T023_28.10.23,field,3811,na,R8,S,57832,550,3788,75,1349.573333,3200.84,273628,1009,4854,330013,919,4546,56250,550.59888,3791.369973,145651,1013.436763,4296.285381,505549,368.5506529,3479.965695,253718,950.5139998,3737.651657,54738,553.1717819,3792.748803
d21_16_G02_1_4_T,glasshouse_b1,5489,T1,R4,T,5385,2350,2020,54,533.0925926,2702.907407,18069,2037,2372,18069,2037,2372,5385,2333.834355,2023.793129,5615,2003.819947,2897.615494,387932,2038.540329,1597.573696,8347,2034.57302,2790.934467,6157,2320.943804,1959.336203
d09_08_G01_1_4_T,glasshouse_b1,Gladius,T1,R4,T,12808,1899,1107,62,1614.935484,340.2580645,9191,1756,868,9186,1899,1388,12808,1875.78654,1110.023891,4477,1798.776636,768.6028591,486129,1575.734924,513.8044367,6630,1636.695023,429.8683258,17079,1827.981498,941.7433105
d37_36_G05_0_4_S,glasshouse_b1,Hartog,T0,R4,S,9122,732,4528,73,735.1369863,2822.369863,32105,1071,2359,31957,1075,2542,8333,743.5814233,4488.100684,17141,683.2628201,3116.155125,487187,851.3947355,3855.007408,21170,696.6666037,2989.435805,8247,743.849036,4483.939857
d41_11_G02_0_3_T,glasshouse_b1,5489,T0,R3,T,12197,1464,4117,51,1555.666667,2806.45098,28413,1915,2665,30300,1920,2731,8759,1416.021121,4248.15447,11922,1471.466029,2439.755913,352216,1460.162906,2177.253188,12347,1424.568964,4300.233012,8757,1416.06943,4247.861482
d21_41_G06_0_1_S,glasshouse_b1,3811,T0,R1,S,6968,1440,3420,61,1366.327869,2303.983607,20338,1560,1965,22636,1358,2748,6968,1434.453358,3420.541332,9947,1449.458932,1856.372575,355373,1454.385088,1594.920264,10125,1346.792198,2722.177877,6968,1434.453358,3420.541332
d17_12_G02_0_4_T,glasshouse_b1,5489,T0,R4,T,10397,1889,2432,54,1567.888889,854.8703704,15028,1107,1716,15738,1104,1722,10397,1876.555641,2435.420314,7225,2084.816471,2740.934533,434107,1408.326274,2037.835262,8700,1356.05069,1166.98908,11600,1139.148793,1778.0275
d49_46_G06_1_2_S,glasshouse_b2,3811,T1,R2,S,13373,1410,4040,58,1364.086207,4491.965517,70883,1435,3918,78131,1527,3715,11931,1504.241975,4040.296371,34743,1161.589903,4439.638258,375286,1841.383086,875.5771492,32769,1169.152858,4484.214868,7443,1787.116754,711.794169
d4_T017_14.10.23,field,Gladius,na,R6,T,19724,1310,4897,68,1446.441176,5243.441176,176472,1247,4994,187773,1241,4907,12108,1323.96366,5109.286835,87854,1134.087213,4617.829342,393739,1211.513757,2491.714872,77504,1576.033211,3642.163746,12065,1323.983589,5109.393121
d4_T019_14.10.23,field,Gladius,na,R7,T,166513,516,4970,67,699.1044776,3452.820896,343912,1019,5311,326714,1037,5431,109165,486.6492832,4929.751193,172629,899.2654073,4080.879424,741562,1336.589988,3603.486305,168679,1023.768809,3965.391139,101486,481.9085884,4998.35663
d49_04_G01_0_4_T,glasshouse_b2,Gladius,T0,R4,T,25028,2073,3666,116,1139.293103,4985.137931,86313,1614,1548,93347,1638,1639,25020,2107.798881,3645.321503,44721,1653.929787,4387.207062,403061,1460.42305,366.1528677,41032,1583.846315,915.9153831,17225,2101.723135,3603.678433
d45_43_G06_0_3_S,glasshouse_b1,3811,T0,R3,S,25678,667,3883,48,1820.729167,4017.5625,70504,1681,4238,68342,1327,2660,25678,737.1615391,3862.939949,36927,1997.684486,4228.12977,475889,1976.291244,3118.417881,37379,2000.344552,4216.953102,24732,735.4022724,3864.440725
d31_19_G03_0_3_T,glasshouse_b2,CALINGIRI,T0,R3,T,10188,1461,3190,60,1631.833333,3570.766667,42005,1463,1749,42510,1461,1762,10188,1446.610326,3190.329505,20041,1158.374432,2147.777656,368903,1451.293863,1387.091287,14168,878.2801383,2491.210757,10188,1446.610326,3190.329505
d07_32_G04_1_4_S,glasshouse_b2,Forrest,T1,R4,S,3016,1477,310,70,1520.628571,269.0142857,3397,1481,293,2787,1360,625,2130,1331.546009,685.5788732,1958,1519.138407,268.9167518,309246,1451.717707,282.4755114,1151,1365.280626,611.9339705,2102,1332.733111,683.4400571
d49_16_G02_1_4_T,glasshouse_b2,5489,T1,R4,T,11976,1439,579,61,2324.098361,4281.262295,90339,1846,3790,117945,1927,3298,11473,2033.412447,3312.988669,43794,2333.71455,4134.923688,371408,1454.751939,320.6735154,44272,2334.310083,4122.187816,7894,1453.809222,596.5741069
d09_45_G06_1_1_S,glasshouse_b1,3811,T1,R1,S,3762,1545,1229,48,1645.958333,429.9375,4894,1552,1240,5586,1538,1150,3762,1541.053695,1229.153907,2340,1012.323077,714.2209402,319380,1460.951271,1447.64928,2386,1010.704946,716.0611903,3762,1541.053695,1229.153907
d6_T005_28.10.23,field,3811,na,R2,S,28684,1840,4938,69,1850.086957,4248.971014,182693,1316,5347,160216,1589,5294,25456,1848.660002,4901.384035,81690,1787.849308,4895.135378,457127,1527.634393,4835.038685,80269,1783.988576,4963.848161,19167,1923.512913,4881.453175
d41_47_G06_1_3_S,glasshouse_b1,3811,T1,R3,S,4181,994,3356,62,1544.693548,2494.887097,22155,1661,2345,21636,1284,3375,3950,2028.428101,2105.051899,10973,1284.522464,3373.697895,363696,1452.060105,2141.488708,12043,1529.431288,764.2646351,3950,2028.428101,2105.051899
d25_04_G01_0_4_T,glasshouse_b1,Gladius,T0,R4,T,18865,2074,3231,60,1595.083333,640.85,26664,2062,3694,26871,1751,2212,18865,2029.625073,3231.000318,15348,2046.628681,4029.351903,381000,1975.416591,3510.191696,20475,1605.336752,890.9830525,18422,2037.535121,3253.878243
d45_34_G05_0_2_S,glasshouse_b1,Hartog,T0,R2,S,13740,1063,4354,96,1603.09375,846.2604167,58990,1366,3508,82448,1552,3118,12490,1069.630825,4349.705845,31747,1631.001732,1299.454563,433205,1389.650627,3725.892263,62332,1670.902089,875.5153854,12446,1068.890487,4351.723204
d13_17_G03_0_1_T,glasshouse_b1,CALINGIRI,T0,R1,T,5552,1216,1062,62,1538.870968,451.1129032,16817,1587,1071,16566,1588,1066,5552,1229.822767,1072.714878,7669,1433.325727,958.1011866,436937,1437.662132,414.8391072,11378,1395.739409,1078.334242,7846,2134.240632,862.9871272
d41_21_G03_1_1_T,glasshouse_b1,CALINGIRI,T1,R1,T,35095,1848,3716,61,1686.131148,3648.918033,31562,1756,4324,32300,1754,4307,31066,1786.412895,3761.57851,12727,1805.415023,4756.914827,536345,1552.248267,3892.541789,17660,1773.968573,4642.358834,28602,1814.272883,3629.913712
d43_30_G04_1_2_S,glasshouse_b2,Forrest,T1,R2,S,2560,1495,585,62,934.2903226,3406.741935,16275,1011,3000,15329,950,1746,2025,999.3101235,3148.382716,8746,1084.407615,3306.520466,345973,1317.343579,3204.56753,6539,906.2189937,3309.102309,2025,999.3101235,3148.382716
d29_27_G04_0_3_S,glasshouse_b1,Forrest,T0,R3,S,11490,759,3200,61,1462.295082,723.6885246,23608,735,2761,23608,735,2761,11490,830.8697128,3157.075631,9831,704.0462822,2954.315736,433394,855.2233557,2255.284632,11876,788.2121927,2247.948973,7740,860.5232558,3487.421189
d4_T015_14.10.23,field,3811,na,R6,S,13057,415,871,61,670.3442623,5583.606557,188436,1030,5043,186976,1046,5066,13057,413.0346174,868.6758061,103898,788.156644,5806.045795,427081,242.324353,463.5485119,77033,522.7320629,5267.744837,12003,405.4935433,6558.019745
d07_38_G05_1_2_S,glasshouse_b2,Hartog,T1,R2,S,3310,1411,476,72,1448.375,340.5833333,4736,1388,528,6069,1297,644,3310,1394.982175,469.6610272,1751,1444.856082,354.8463735,305765,1440.87595,286.3247527,2552,1425.373433,414.0336991,3227,1398.884103,463.3969631
d31_15_G02_1_3_T,glasshouse_b2,5489,T1,R3,T,14993,993,2943,60,1574.183333,3602.933333,30179,1215,3346,31750,1205,3309,14993,1076.604215,2924.86387,14198,1530.554726,3747.469503,634865,1232.449485,2362.565797,11475,919.8115033,2952.63329,10909,1140.910808,3226.009992
d09_06_G01_1_2_T,glasshouse_b1,Gladius,T1,R2,T,7537,1582,1239,59,1670.830508,954.779661,9903,1623,893,10219,1607,1363,7537,1592.301579,1235.381452,4716,1714.686175,813.3131891,458680,1813.300608,963.1533357,5010,1725.763473,688.4728543,8123,1597.338299,1188.069679
d27_35_G05_0_3_S,glasshouse_b2,Hartog,T0,R3,S,4075,1304,4138,63,1063.809524,2131.952381,19844,1168,3199,22026,1168,3198,4075,1344.465521,4131.401472,11035,897.0340734,2994.440507,409466,1009.859046,900.274306,8261,1512.267159,693.0070209,3864,968.2968427,2219.999482
d37_41_G06_0_1_S,glasshouse_b1,3811,T0,R1,S,6162,1179,3881,54,1279.407407,3571.407407,34004,1306,3630,48682,1364,3230,6162,1180.258033,3881.655307,24452,1247.110502,3786.992311,498388,1373.468787,3467.039523,29190,1285.187496,3717.342412,6162,1180.258033,3881.655307
d17_20_G03_0_4_T,glasshouse_b1,CALINGIRI,T0,R4,T,21413,1815,2530,55,1579.6,996.1818182,17458,1717,1994,17171,1788,3005,21413,1841.435763,2525.203241,7859,1852.927217,2543.600713,743342,1477.393224,2134.668398,12139,1825.77321,2975.508856,18442,1846.453042,2361.694881
d17_10_G02_0_1_T,glasshouse_b1,5489,T0,R2,T,15304,2174,1713,54,1899.648148,1408.37037,15381,2026,1363,16054,2036,1379,8226,1953.806954,1817.751155,6875,2241.752582,2135.237818,479588,1684.710906,1598.067604,8761,2258.275768,2237.478028,8226,1953.806954,1817.751155
d49_40_G05_1_4_S,glasshouse_b2,Hartog,T1,R4,S,24427,2324,3736,60,2095.75,1216.216667,70075,1622,3809,98400,1681,3291,18506,2361.356479,3497.941046,44057,1563.976576,958.4198425,383049,1452.318774,333.4165342,44177,1572.944451,959.0836408,13275,2321.969266,3736.895367
d09_24_G03_1_4_T,glasshouse_b1,CALINGIRI,T1,R4,T,4300,2114,1109,62,1672.225806,356.2258065,10675,1396,1167,8686,1067,1139,4300,2113.500698,1109.329302,4606,1255.603561,1432.779418,355026,2040.709413,871.9154372,5736,1576.669282,367.7937587,4300,2113.500698,1109.329302
d27_01_G01_0_1_T,glasshouse_b2,Gladius,T0,R1,T,11158,918,2649,60,2434.45,2370.6,33814,2185,3260,39201,2333,2953,9759,913.1165078,2544.280971,20732,2377.914094,2336.290806,398368,995.4733814,2262.857735,15843,2209.12485,2309.550401,9758,913.0983808,2544.210904
d41_33_G05_0_1_S,glasshouse_b1,Hartog,T0,R1,S,5528,1346,3674,55,1220.545455,1198.436364,34183,1993,2884,41951,1707,2695,5444,1988.420096,2709.808229,15307,1429.216698,2430.025805,347645,1439.774624,3209.785649,22062,1464.951772,690.3050494,5470,1334.315905,573.6124314
d11_25_G04_0_1_S,glasshouse_b2,Forrest,T0,R1,S,3551,1533,1460,89,1342.404494,436.3258427,7676,1261,604,7827,1259,609,3551,1547.410025,1456.699803,3848,1334.017931,453.4475052,341452,1456.938665,1448.089969,2712,1368.124263,406.5427729,3551,1547.410025,1456.699803
d49_02_G01_0_2_T,glasshouse_b2,Gladius,T0,R2,T,8700,1876,3602,72,2156.333333,3343.402778,64149,1773,3792,61901,1772,3811,8700,1817.967126,3599.017931,25870,1429.386007,4243.944376,397353,1077.275229,2650.027542,29162,1622.275393,4298.385262,8353,1825.550581,3577.082246
d31_22_G03_1_2_T,glasshouse_b2,CALINGIRI,T1,R2,T,11100,1177,2684,58,1884.155172,1959.758621,26839,1756,1836,27206,1768,1868,9889,1140.193548,2577.500556,12873,1749.239571,3338.228074,349862,2018.400244,1584.287293,10850,2201.116037,4051.660829,9890,1140.208291,2577.588979
d09_42_G06_0_2_S,glasshouse_b1,3811,T0,R2,S,2679,1139,991,63,1453.396825,288.4603175,6107,1138,900,6780,1150,855,2679,1137.169839,988.9051885,2824,1170.086756,864.6607649,365899,858.3971697,864.5682552,3536,1158.103224,904.6730769,2147,1336.128086,606.7102934
d37_43_G06_0_3_S,glasshouse_b1,3811,T0,R3,S,24938,664,3883,58,871.3793103,3091.017241,45324,1786,4191,48315,1788,3494,24938,738.5583848,3863.498516,22704,690.282241,4190.239605,635508,863.5037057,3118.754979,25675,691.0006621,4086.078793,24647,737.0764799,3863.649531
d45_05_G01_1_1_T,glasshouse_b1,Gladius,T1,R1,T,11632,1406,4083,47,1153.042553,3526.170213,44837,1644,2463,44468,1360,3987,8465,1427.575074,4234.00886,23762,1128.49777,4149.196154,395160,1085.307124,2631.900208,49289,1150.792144,3230.816308,6738,1407.501039,4098.081033
d5_T012_21.10.23,field,Gladius,na,R5,T,82748,998,5738,72,979.9027778,5960.777778,209785,1111,5627,213605,1147,5602,40088,985.2994163,5934.176237,106616,1124.511415,6228.378151,958991,624.6013466,5904.736086,116570,1086.366055,6168.362083,37358,1001.616414,5935.684244
d19_48_G06_1_4_S,glasshouse_b2,3811,T1,R4,S,8410,565,2013,46,1372.152174,1066.195652,19481,1166,2430,20848,1165,2388,8410,632.0565993,2018.505232,7793,1556.275504,943.3382523,402232,1422.207594,1012.05862,5665,1480.281553,791.4026478,8410,632.0565993,2018.505232
d31_02_G01_0_2_T,glasshouse_b2,Gladius,T0,R2,T,12750,1727,3866,61,1645.295082,4254.032787,40919,1711,3661,40061,1711,3661,12750,1734.119059,3870.520078,18015,1750.969969,3022.339328,417349,1639.680965,3268.593971,19375,1892.683665,3678.104671,9028,1796.619185,3596.641892
d31_04_G01_0_4_T,glasshouse_b2,Gladius,T0,R4,T,20382,2056,3475,65,1573.369231,989.1846154,42458,1623,1395,44978,2036,3556,20382,2032.633451,3463.707144,24339,1614.882082,953.2806607,376985,1862.883168,892.6189371,26899,1630.516413,1008.216216,17622,2077.227102,3649.285325
d5_T006_21.10.23,field,3811,na,R3,S,56942,584,5887,59,1082.186441,6365.440678,233763,1049,5385,281153,1205,2589,40461,1410.500754,5987.956526,130650,996.5926215,5996.8969,678728,1011.7169,5638.867713,157283,945.2529199,5834.967403,39080,1420.247467,5976.712231
d19_37_G05_1_1_S,glasshouse_b2,Hartog,T1,R1,S,5006,2358,2537,67,1012.208955,1983.641791,11545,1079,1895,11545,1079,1895,5006,2372.955653,2536.554734,5901,996.7691917,2074.386884,215079,2583.506553,2615.559985,4795,976.1566215,2156.879041,4993,2372.925696,2535.447026
d6_T011_28.10.23,field,Gladius,na,R4,T,101466,1348,5812,76,1415.855263,5683.657895,280033,1107,5674,265954,1080,5698,84045,1309.421976,5867.373633,115226,1164.401897,4807.259811,575118,1426.733189,5127.303686,210367,1194.918462,5936.681404,81123,1311.118388,5870.678316
d41_34_G05_0_2_S,glasshouse_b1,Hartog,T0,R2,S,7883,1115,3766,72,1713.583333,776.2222222,50219,1415,3238,61074,1479,3061,7883,1104.478498,3760.313713,25130,1591.416554,1246.686868,406869,1937.213285,982.070755,43361,1693.204562,765.6823182,11062,1814.492045,644.5116615
d41_43_G06_0_3_S,glasshouse_b1,3811,T0,R3,S,25424,662,3889,49,1957.530612,3758.632653,53449,1341,2599,53878,1276,3929,24908,728.1077967,3858.098482,25048,680.4954887,4233.660891,598661,523.5425558,3409.667692,27045,697.861712,4169.510704,24784,727.9758715,3857.200371
d15_44_G06_0_4_S,glasshouse_b2,3811,T0,R4,S,9615,1081,1651,61,2175.409836,2048.622951,23496,1287,1590,24607,1287,1590,9615,1104.531981,1666.058554,12818,1723.78343,613.6110158,664928,1283.939547,1134.35194,11949,1705.702653,581.7894384,9561,1103.487292,1668.522958
d13_41_G06_0_1_S,glasshouse_b1,3811,T0,R1,S,5691,1517,1821,56,1506.5,1270.357143,11705,1409,1809,12471,1421,1753,5691,1514.499385,1820.622738,6296,1406.695203,1702.780654,511150,1791.962796,1618.398728,4036,1636.047324,292.7601586,5691,1514.499385,1820.622738
d05_22_G03_1_2_T,glasshouse_b1,CALINGIRI,T1,R2,T,846,1789,812,93,1600.903226,401.6236559,2383,1540,554,1929,1563,505,846,1789.463357,811.8356974,1071,1572.538749,499.952381,322591,1459.559293,287.8453863,1243,1606.536605,373.3604183,846,1789.463357,811.8356974
d09_36_G05_0_4_S,glasshouse_b1,Hartog,T0,R4,S,4027,1198,1541,64,2290.21875,1058.984375,12171,1317,1153,14166,1340,1093,4027,1206.00894,1544.262478,5230,1353.358126,642.110325,352173,886.1396189,1476.932593,6788,1437.439452,308.1984384,3803,1199.980542,1561.648961
d25_11_G02_0_3_T,glasshouse_b1,5489,T0,R3,T,7245,1600,3235,61,1538.901639,664.5081967,20702,2514,2244,20382,1470,2330,7245,1596.136922,3234.583989,9255,1530.520583,2993.210373,378587,1452.934369,2208.475257,8875,1607.64507,703.4357183,6826,2638.196015,2476.627454
d2_T015_02.10.23,field,3811,na,R6,S,29716,1943,610,58,1955.293103,624.2931034,184947,1162,4952,190417,1183,4833,29714,2017.144713,597.6659487,102177,1422.534024,3335.725026,450586,2007.04863,437.0111965,74516,1832.938993,713.9551237,27057,2026.252024,587.5751562
d15_36_G05_0_4_S,glasshouse_b2,Hartog,T0,R4,S,4828,1165,1759,58,2430.137931,1434.810345,19215,1409,1177,24206,1213,1652,4828,1179.597142,1763.844242,9323,1116.583181,1592.214738,371302,873.3351342,1506.078262,6616,1264.227025,922.6139661,4828,1179.597142,1763.844242
d27_13_G02_1_1_T,glasshouse_b2,5489,T1,R1,T,10240,1743,1738,66,1548.818182,1891.363636,19594,1780,2422,19674,1805,2360,10240,1732.048145,1739.936035,10212,1587.87593,2699.172836,427221,1512.2987,1096.16932,7404,1740.932334,951.0756348,10240,1732.048145,1739.936035
d11_11_G02_0_3_T,glasshouse_b2,5489,T0,R3,T,6742,2254,1276,63,1487.968254,2198.285714,12832,1506,833,16222,1503,1449,6742,2238.37437,1285.131563,7173,1460.644082,2108.692318,376941,2067.313946,952.5879806,6200,1377.916613,2022.059677,6570,2246.868645,1297.229528
d49_15_G02_1_3_T,glasshouse_b2,5489,T1,R3,T,11354,970,2688,122,1412.377049,4429.204918,83581,1370,4088,73526,1375,4196,11354,1007.259556,2688.286771,59196,1401.291979,4388.543787,394581,1442.707718,4000.066007,62901,1377.781927,4351.993212,9573,1200.817821,4288.414499
d37_48_G06_1_4_S,glasshouse_b1,3811,T1,R4,S,19230,1455,3236,60,1778.1,4545.05,26364,1283,2946,22531,1658,4030,19230,1472.321529,3242.745346,10761,1450.316327,2688.307778,528971,1426.010488,2576.671182,9529,1428.952041,3201.656312,15942,1424.57314,3084.61178
d05_18_G03_0_2_T,glasshouse_b1,CALINGIRI,T0,R2,T,3163,1310,828,71,1496.71831,266.4507042,4372,1433,397,3976,1434,378,3163,1311.548214,827.7594056,2354,1376.849618,374.1418862,528216,1090.365593,268.2523002,2078,1494.445621,272.172281,3163,1311.548214,827.7594056
d43_17_G03_0_1_T,glasshouse_b2,CALINGIRI,T0,R1,T,17598,1358,3865,55,1052.181818,1821.127273,90217,1604,1396,89228,1596,1413,17598,1358.188374,3864.545403,51454,1849.145625,999.0920822,330680,1524.199894,961.1971574,47627,1883.902072,969.6372226,9888,1717.153519,693.493123
d09_48_G06_1_4_S,glasshouse_b1,3811,T1,R4,S,3889,1364,1130,51,1583.176471,275.0784314,5830,1383,1076,8338,1502,696,3889,1360.540756,1130.065312,2978,1427.891874,530.4516454,351579,1457.143097,777.1903754,5885,1670.847239,309.4509771,3889,1360.540756,1130.065312
d05_10_G02_0_1_T,glasshouse_b1,5489,T0,R2,T,2402,1781,451,59,1850.694915,328.2881356,5654,1774,382,6361,1778,444,2402,1781.380516,451.407577,3515,1829.221906,439.7357041,391994,1632.678345,268.8288545,4819,1799.043162,271.5932766,3225,1777.063876,388.2905426
d41_20_G03_0_4_T,glasshouse_b1,CALINGIRI,T0,R4,T,17370,1816,2394,53,2227.792453,1551.566038,55615,1777,2251,56588,1781,2267,17370,1882.589062,2393.213356,29195,1294.709642,4339.294091,606562,1556.68943,3561.625033,44832,1532.950526,1104.968148,18134,1883.118838,2350.259733
d6_T015_28.10.23,field,3811,na,R6,S,17223,397,6404,57,663.3508772,2373.561404,199842,951,5065,204159,930,5010,14902,439.2576164,6461.555697,115021,819.7495414,5756.450153,514316,310.2028694,460.051585,84735,577.4620405,5245.650971,11709,447.6568452,269.1480058
d21_26_G04_0_2_S,glasshouse_b1,Forrest,T0,R2,S,7106,1404,3080,68,1227,2719.720588,11369,1407,2242,10894,1414,2304,5588,1434.860236,3209.1233,5279,950.4228073,2527.527373,354853,1338.163149,2642.345785,3426,1376.870695,2105.969936,5183,951.1302335,2535.262589
d45_21_G03_1_1_T,glasshouse_b1,CALINGIRI,T1,R1,T,35544,1864,3723,61,1767.672131,4532.344262,36284,1785,4254,36728,1788,4247,31116,1801.954236,3729.496561,14243,1686.661378,3473.619532,548314,1560.817338,3888.213991,27604,1634.293327,2631.354188,28530,1798.466947,3853.369891
d05_35_G05_0_3_S,glasshouse_b1,Hartog,T0,R3,S,2164,1865,615,59,1496,678.9322034,3385,1513,518,3385,1513,518,2164,1865.376617,614.6742144,1703,1495.964768,390.7116853,275706,1464.248355,266.0145409,1398,1609.459943,205.2281831,1989,1511.564605,567.5741579
d09_31_G04_1_3_S,glasshouse_b1,Forrest,T1,R3,S,1368,1401,1178,54,1627.518519,263,4095,1630,470,4095,1630,470,1368,1401.763889,1179.391082,1447,1594.309606,275.1188666,279859,1461.513037,268.8832198,2264,1500.293728,213.6333922,1368,1401.763889,1179.391082
d17_48_G06_1_4_S,glasshouse_b1,3811,T1,R4,S,9457,1225,2158,66,1510.984848,743.969697,12253,1222,1815,12689,1222,1815,9457,1225.311621,2157.899122,7361,1370.406195,2595.406331,366466,863.3310348,1490.016545,5392,1509.299703,750.6287092,6837,649.3666813,1921.696504
d45_23_G03_1_3_T,glasshouse_b1,CALINGIRI,T1,R3,T,14721,1595,3186,58,1719.948276,4439.396552,34059,1578,2714,34262,1578,2714,14721,1553.714625,3188.878405,14672,1852.2241,4522.010701,637331,1997.545963,3527.330389,20202,1315.381051,2879.102267,11318,2065.959357,4141.840696
d33_30_G04_1_2_S,glasshouse_b1,Forrest,T1,R2,S,2439,695,2262,85,753.9647059,2290.729412,7916,769,2428,7916,769,2428,2439,699.7913079,2262.419434,4141,728.9942043,2393.191983,376565,871.2527319,2479.815756,5557,742.7907144,2328.586647,2221,690.4678073,2280.058082
d27_31_G04_1_3_S,glasshouse_b2,Forrest,T1,R3,S,3286,677,3092,70,616.8285714,1989.971429,12637,774,2502,17273,997,2050,3286,676.7693244,3092.262325,5534,711.865197,2178.928623,360005,1321.919121,2055.497946,3352,854.577864,2249.560263,3286,676.7693244,3092.262325
d25_29_G04_1_1_S,glasshouse_b1,Forrest,T1,R1,S,2756,228,1786,56,1224.178571,2512.589286,8396,1221,2519,9897,1325,2422,2756,235.2812046,1789.067489,3119,2505.975954,2490.268676,314825,2579.324075,2625.261533,3889,301.1064541,1673.929545,3045,248.7720854,1762.543842
d11_15_G02_1_3_T,glasshouse_b2,5489,T1,R3,T,4191,1255,1396,83,755.4216867,1088.566265,8907,1265,1380,8907,1265,1380,4191,1252.468146,1395.334765,3595,785.3351878,1047.073992,303664,1456.452839,1466.306724,2485,1568.082093,351.7762575,4191,1252.468146,1395.334765
d21_36_G05_0_4_S,glasshouse_b1,Hartog,T0,R4,S,4772,782,2783,71,791.6056338,3173.211268,22554,836,2542,23483,1085,2532,4772,795.7652976,2786.256077,7141,894.7472343,2841.046352,384045,868.8139489,2236.224786,8547,917.1831052,2757.497016,4754,795.5475389,2787.612958
d7_T002_04.11.23,field,Gladius,na,R2,T,227381,976,5476,69,763.2318841,5216.57971,372993,1081,5449,391575,1276,5243,196173,905.0386241,5517.923919,180097,1005.51872,5181.353582,1507888,840.6535585,5275.033385,301576,952.7853642,5664.956432,134989,1092.871293,5365.309655
d6_T020_28.10.23,field,Gladius,na,R8,T,288334,1139,4488,78,755.8846154,2884.641026,306276,1119,5261,302023,1208,5308,211823,1185.368652,4969.460011,158891,986.7374112,5902.78185,1537919,1400.996707,5286.787855,205240,847.5015786,2735.106704,197351,1171.795993,4936.868285
d07_08_G01_1_4_T,glasshouse_b2,Gladius,T1,R4,T,12414,1718,793,69,1877.565217,1108.710145,9037,1831,986,9376,1816,968,12414,1772.451104,774.8032866,4410,1557.921088,364.7909297,478901,1821.62443,389.0727979,5061,1874.023513,1095.357242,12414,1772.451104,774.8032866
d27_12_G02_0_4_T,glasshouse_b2,5489,T0,R4,T,15105,1049,2093,64,2041.3125,3440.8125,31561,2043,2948,32182,2043,2922,15105,1167.136776,2099.199934,18266,1493.966112,902.8713457,431803,1059.7792,929.4699759,18026,1490.554033,895.9630534,13550,1954.315941,2797.200295
d29_38_G05_1_2_S,glasshouse_b1,Hartog,T1,R2,S,2953,1058,2510,56,715.9464286,2073.160714,16102,584,2476,16097,584,2476,2953,1056.059939,2510.091771,9079,857.4359511,2262.739949,386165,878.0798519,2213.020328,6435,807.8923077,2279.973427,2953,1056.059939,2510.091771
d11_07_G01_1_3_T,glasshouse_b2,Gladius,T1,R3,T,10991,1465,1347,60,1342.55,1899.316667,15314,1395,1752,21016,1432,1550,9893,1446.503487,1400.642778,7589,1699.388457,1058.335617,363812,1452.515192,1007.330992,8773,1363.972529,1897.74148,9893,1446.503487,1400.642778
d7_T006_04.11.23,field,3811,na,R3,S,66096,1105,5885,58,1725.327586,5874.568966,272330,1266,1828,363764,1204,2482,59872,1170.484367,5918.879376,118055,1455.580297,6129.743992,1713689,1532.189479,5880.072614,163496,1466.484746,5873.375771,32463,1835.164125,6098.729292
d41_31_G04_1_3_S,glasshouse_b1,Forrest,T1,R3,S,4254,665,3181,64,1526.046875,564.3125,15335,776,2471,15335,776,2471,4254,644.7733898,3175.374706,8745,683.6659806,2017.766953,365558,2026.300623,3664.437063,6694,1592.410965,601.7040633,4254,644.7733898,3175.374706
d27_47_G06_1_3_S,glasshouse_b2,3811,T1,R3,S,6596,1448,2139,68,1578.882353,2327.514706,18661,1414,2443,17846,1457,2050,6505,1449.039816,2133.201691,8965,1384.549582,2471.488344,379409,1454.515765,1562.268539,9528,1447.537049,1806.786314,6504,1449.044588,2133.137915
d13_42_G06_0_2_S,glasshouse_b1,3811,T0,R2,S,4611,1904,2348,71,1905.43662,2350.943662,16730,1065,1269,17264,1066,1270,4611,1904.528085,2347.709174,7776,876.586677,1643.502572,375672,861.1020757,1297.371641,8291,1433.953443,468.8024364,4611,1904.528085,2347.709174
d37_35_G05_0_3_S,glasshouse_b1,Hartog,T0,R3,S,8557,1463,4314,67,820.9104478,1096.597015,25912,1260,3949,30438,1158,3845,8557,1441.27907,4335.127498,12944,1286.035151,3622.296508,348046,1457.711294,4134.163691,13531,1285.414751,3613.353115,3848,971.0576923,2229.052755
d5_T005_21.10.23,field,3811,na,R2,S,26571,1911,4912,65,1390.230769,2176.753846,179839,1339,5368,134998,1787,5070,18773,1959.454003,4896.728333,79751,1797.657572,4931.389462,529389,1963.931049,4426.602882,76863,1802.516607,4963.769213,13471,2019.52446,4845.526761
d1_T001_27.09.23,field,Gladius,na,R1,T,129148,1196,5751,74,1703.364865,5877.824324,352590,1275,5577,349152,1321,5578,119081,1208.344362,5731.565598,134876,1422.042016,4863.276083,498646,1562.275073,5337.998562,341322,1306.694154,5607.170162,114727,1190.518291,5740.158254
d37_44_G06_0_4_S,glasshouse_b1,3811,T0,R4,S,8563,693,2973,62,2160.983871,3187.725806,40124,1013,2272,45062,1056,2448,8268,1247.19642,4051.850266,16687,907.2388686,4261.714029,362592,2009.727377,2147.348673,18023,812.4742274,2220.067858,7915,1247.285913,4047.354517
d45_09_G02_0_1_T,glasshouse_b1,5489,T0,R1,T,14794,782,4470,57,1186.578947,3816.701754,50050,2437,3269,46472,2158,3003,13537,795.9899535,4440.684125,22094,910.4238707,4492.57545,541927,846.1512842,3919.430071,25009,2485.150506,4143.062937,11959,808.439418,4380.974663
d43_47_G06_1_3_S,glasshouse_b2,3811,T1,R3,S,5638,1016,3238,59,2028.084746,2349.508475,32344,1306,3851,31639,872,3648,5638,985.1695637,3237.61387,18392,1191.941061,3354.915615,396256,1455.969252,2082.752915,12950,1320.679614,3245.386409,4991,691.9525145,4667.834702
d33_05_G01_1_1_T,glasshouse_b1,Gladius,T1,R1,T,16347,1323,3800,58,1428.844828,4259.741379,26416,1655,2346,26294,1655,2346,16347,1443.0052,3765.428886,11511,1378.475632,3176.452263,487051,1419.91143,3362.797565,11084,1487.81568,2503.213912,7951,1445.192177,4353.448497
d13_10_G02_0_1_T,glasshouse_b1,5489,T0,R2,T,10878,2016,1164,58,1930.603448,1003.568966,12106,1831,924,20209,2094,1353,10878,1990.947693,1183.080438,6397,1965.817102,1047.259028,423571,1540.647018,972.300606,7186,1653.051489,326.1180072,8534,1951.876494,1653.954769
d05_31_G04_1_3_S,glasshouse_b1,Forrest,T1,R3,S,1194,1621,547,64,1459.390625,230.359375,2263,1644,610,2457,1641,599,1194,1622.070352,547.4137353,1184,1617.134291,529.3597973,302657,1460.903184,276.9932927,1615,1475.778328,225.301548,1259,1548.314535,274.5710882
d27_19_G03_0_3_T,glasshouse_b2,CALINGIRI,T0,R3,T,10280,1484,3180,57,1186.140351,3710.210526,37894,1473,1792,37914,1470,1817,10115,1469.649333,3168.205635,18737,1148.48076,2187.326146,733183,1458.995136,2351.803441,13386,915.2393545,2315.125579,10119,1469.646803,3168.46971
d43_36_G05_0_4_S,glasshouse_b2,Hartog,T0,R4,S,12912,1505,668,66,554.8484848,3022.545455,59412,788,3600,80509,1029,3192,9372,1905.608835,4405.212121,39991,1626.182216,879.7034333,380131,1450.922532,329.5999695,36459,1661.906498,818.3665213,8447,758.5644608,4490.281047
d37_31_G04_1_3_S,glasshouse_b1,Forrest,T1,R3,S,4220,679,3183,62,750.3870968,2049.209677,13196,785,2513,13196,785,2513,4220,659.4547393,3178.753791,6152,811.2077373,2119.030559,360208,2025.857893,3654.321728,5756,2103.455872,3651.99114,3986,665.6746111,3164.619669
d41_08_G01_1_4_T,glasshouse_b1,Gladius,T1,R4,T,11304,1928,2089,60,1779.383333,1188.516667,28552,1894,1933,29969,1904,1965,11304,1977.365092,2074.716472,16264,1867.89984,1690.329993,780464,1915.396741,1504.546921,30253,1907.431131,2545.294615,12565,1944.336092,1905.35376
d09_17_G03_0_1_T,glasshouse_b1,CALINGIRI,T0,R1,T,6727,2259,936,67,1606.567164,285.6716418,12536,1206,1273,16484,1557,1189,6727,2229.979932,951.1095585,5867,1522.945799,730.2067496,437855,1433.674406,427.1074808,8217,1637.349032,321.9292929,8197,2170.83311,851.1495669
d21_25_G04_0_1_S,glasshouse_b1,Forrest,T0,R1,S,6162,1524,1831,58,834.6724138,2994.189655,11996,670,2775,18063,1133,2534,6162,1490.779779,1819.942713,5736,794.8802301,3034.886681,508541,1404.251227,1578.979874,7231,835.8723551,2968.158761,6162,1490.779779,1819.942713
d05_06_G01_1_2_T,glasshouse_b1,Gladius,T1,R2,T,3474,1647,839,65,1754.569231,257.2769231,4769,1682,595,4672,1670,623,3474,1644.058434,839.4689119,2327,1724.693167,775.6549205,328725,1922.045062,882.0561077,2314,1835.647796,673.9611063,3474,1644.058434,839.4689119
d1_T021_27.09.23,field,Gladius,na,R9,T,34560,484,3025,52,1451.442308,1458.903846,185528,927,2041,204392,955,2082,34557,481.159765,3022.862546,107237,758.0331509,3246.334017,529385,702.2654722,2661.732933,107705,533.1250267,3034.604039,32279,491.4305276,3045.597819
d07_29_G04_1_1_S,glasshouse_b2,Forrest,T1,R1,S,1747,1485,321,64,1447.078125,196.515625,3331,1420,264,2617,1355,669,1747,1478.74585,321.3560389,2194,1448.092981,210.8195077,313483,1451.550224,283.404829,2227,1448.719802,212.1127077,1308,1337.13685,706.5267584
d41_04_G01_0_4_T,glasshouse_b1,Gladius,T0,R4,T,19442,2068,3505,60,1632.916667,1030.766667,42640,1718,2165,43030,1726,2178,19442,2060.663923,3503.153174,18707,2093.502058,4366.929064,448369,1989.075875,3479.144278,26086,1632.130951,834.5861382,17252,2093.31747,3636.223394
d43_41_G06_0_1_S,glasshouse_b2,3811,T0,R1,S,21345,942,3998,78,1311.961538,3530.615385,85970,1464,3672,97697,1630,3501,14966,1183.387278,4534.650808,39284,1333.494502,3579.250127,628633,1220.742909,3655.111692,59615,1206.10915,4009.375208,12292,2375.169297,2956.410348
d43_20_G03_0_4_T,glasshouse_b2,CALINGIRI,T0,R4,T,19663,2105,1116,57,767.8947368,2208.947368,78415,1549,1458,102848,1735,3280,19663,2059.375477,1161.592432,42045,1627.775455,987.4281365,617569,1529.144154,3564.530025,40324,1619.789803,957.3787075,17431,1853.099535,2377.766049
d1_T004_27.09.23,field,3811,na,R1,S,32273,1492,5215,65,1574.523077,5526.153846,204284,1155,5139,231158,1182,4979,19877,1429.856618,5356.062635,93987,1220.678413,3098.346495,420612,1425.69717,4931.346783,170120,1279.498301,5274.579967,18350,1445.2,5322.578256
d15_31_G04_1_3_S,glasshouse_b2,Forrest,T1,R3,S,1934,643,1515,53,565.3207547,1811.132075,8111,1109,1786,8767,1133,1747,1934,643.0170631,1514.70062,3778,603.6058761,1676.123346,378303,1334.94599,1467.224817,2417,1355.083575,1414.730244,1934,643.0170631,1514.70062
d09_20_G03_0_4_T,glasshouse_b1,CALINGIRI,T0,R4,T,6544,1981,1533,49,1833.938776,958.8367347,10364,1757,1564,13127,1895,1218,6544,1950.397311,1533.127903,4975,1748.883819,758.4651256,494462,1990.834782,1052.298793,7442,1483.630476,346.9333512,6544,1950.397311,1533.127903
d49_36_G05_0_4_S,glasshouse_b2,Hartog,T0,R4,S,23678,1520,688,48,3035.375,3515.1875,89232,1866,3909,120896,1027,3187,18049,1508.483794,689.9080281,58996,1600.651824,875.3851109,378522,1454.412618,326.156654,51031,1634.603516,778.8113304,18030,1508.688131,690.0604548
d17_01_G01_0_1_T,glasshouse_b1,Gladius,T0,R1,T,11128,2179,2474,59,2067.254237,2044.084746,21457,2177,2395,21770,2174,2381,11128,2147.411844,2487.735442,7736,2253.189891,2372.569545,347146,2028.961846,1606.59265,14015,2329.90132,2688.06122,7994,873.2275457,2371.582562
d25_06_G01_1_2_T,glasshouse_b1,Gladius,T1,R2,T,10017,1565,1804,70,1682.557143,460.8428571,12349,1571,1258,12226,1502,2050,8537,1488.401898,1930.545508,5519,1580.607356,1034.940025,483178,1823.131434,1603.786762,6023,1708.520339,480.8729869,5133,1559.920125,1663.084356
d33_42_G06_0_2_S,glasshouse_b1,3811,T0,R2,S,13880,915,3109,61,1919.672131,2324.508197,35027,1042,2624,41105,1446,2740,13880,864.9393372,3091.616066,17167,707.7040834,2421.876857,355789,1937.096928,2070.496738,19656,1847.516127,2771.985246,13849,865.2332298,3090.153657
d19_24_G03_1_4_T,glasshouse_b2,CALINGIRI,T1,R4,T,9947,2309,2332,49,1324.22449,1204.897959,20331,1301,2760,22518,1322,2693,9947,2299.805268,2336.010858,9489,1074.711455,2205.693118,353712,2054.227476,1553.844673,7465,1096.648359,3161.303014,9947,2299.805268,2336.010858
d33_32_G04_1_4_S,glasshouse_b1,Forrest,T1,R4,S,5073,612,2500,55,689.0727273,2223,10854,542,2744,10854,542,2744,5073,612.0918589,2500.768185,4444,2505.40414,3124.161341,502559,2951.021198,2642.995931,4468,2508.557073,3082.580797,4841,616.1109275,2481.674034
d49_48_G06_1_4_S,glasshouse_b2,3811,T1,R4,S,22295,1429,3310,55,1619.690909,779.8181818,51197,1586,3898,48624,1586,3898,22294,1508.186911,3328.523639,26938,1039.383288,3583.520788,541631,1048.397922,3295.314251,15251,1598.889515,3704.793128,22093,1506.910107,3324.833069
d45_19_G03_0_3_T,glasshouse_b1,CALINGIRI,T0,R3,T,13517,1744,3063,58,1604.896552,1329.017241,58960,1668,2317,65280,1700,2446,13517,1774.72886,3046.982023,31602,1430.375166,3092.53696,884829,1482.667428,2596.706251,48430,1592.205513,1077.299959,12244,1756.825302,2951.720271
d29_35_G05_0_3_S,glasshouse_b1,Hartog,T0,R3,S,4844,1376,4218,46,1528.652174,767.7826087,16781,1229,3556,21304,1158,3207,4844,1385.728324,4194.473782,7220,1283.8259,3179.684072,350583,1456.279885,3622.629817,9525,1544.758425,652.8258268,3834,963.5863328,2223.925926
d05_08_G01_1_4_T,glasshouse_b1,Gladius,T1,R4,T,3386,1666,683,69,1502.405797,364.9565217,3953,1711,829,4110,1709,823,3015,1651.624876,648.6480929,2436,1662.542693,506.3965517,384792,1456.352533,756.4499314,2755,1651.224319,425.5092559,3852,1760.981828,569.4192627
d11_44_G06_0_4_S,glasshouse_b2,3811,T0,R4,S,5870,1139,1405,49,1817,641.9387755,17295,1219,1229,19483,1181,953,5870,1135.713799,1402.550256,8594,1548.653479,373.8259251,379279,1816.628403,272.4632896,12636,1662.971193,474.6126939,5782,1782.217572,613.0830163
d27_08_G01_1_4_T,glasshouse_b2,Gladius,T1,R4,T,21993,1925,2104,56,1598.821429,814.1428571,21103,1954,2669,21163,1828,1264,10428,1603.990123,2102.748753,9003,1887.90381,1988.469177,421276,2001.57046,2095.504097,7366,2030.354602,2712.486696,9681,1938.999793,1587.407293
d15_23_G03_1_3_T,glasshouse_b2,CALINGIRI,T1,R3,T,9580,1416,2000,74,1586.148649,1449.837838,12224,1409,1982,12592,1529,1077,9580,1483.68048,1988.865866,6131,735.7956288,1459.09297,375025,1872.329514,1477.669518,5083,1505.096203,2370.740114,9580,1483.68048,1988.865866
d07_10_G02_0_1_T,glasshouse_b2,5489,T0,R2,T,3700,1908,1208,53,1891.075472,1131.773585,11181,1742,370,10896,1742,370,3700,1884.381351,1202.128108,4571,1745.710567,245.746445,383276,1825.134911,271.0044146,3286,1545.101948,265.4297018,3700,1884.381351,1202.128108
d43_10_G02_0_1_T,glasshouse_b2,5489,T0,R2,T,16450,2197,3896,63,2531.809524,2063.888889,66363,2232,3772,70581,2235,3652,16450,2120.572036,3880.513799,31762,1869.530162,892.2631132,374619,2034.641873,1039.818445,21468,2190.010015,1475.677054,16050,2517.336262,2865.401433
d17_08_G01_1_4_T,glasshouse_b1,Gladius,T1,R4,T,16852,1908,2079,62,1709.645161,1299.935484,13873,1885,1688,14731,1880,1712,16852,1959.199264,2062.262877,5900,1876.480508,2140.715085,847944,1640.723562,1478.759953,7553,1738.184827,942.8648219,21168,1908.936744,1767.00463
d13_20_G03_0_4_T,glasshouse_b1,CALINGIRI,T0,R4,T,10148,1933,1915,66,1414.212121,406.5909091,16423,1931,1838,18283,1932,1745,10148,1886.126527,1911.592136,6790,1830.542121,1688.442563,393805,1997.022915,1805.877599,8737,1332.096715,435.6635001,10148,1886.126527,1911.592136
d13_37_G05_1_1_S,glasshouse_b1,Hartog,T1,R1,S,2212,1070,1914,62,2341.870968,1919.66129,7136,1060,1723,7136,1060,1723,2212,1069.955244,1914.006329,4351,989.0176971,1954.485176,293138,879.2121492,2043.368124,4365,989.2508591,1953.727377,2212,1069.955244,1914.006329
d17_27_G04_0_3_S,glasshouse_b1,Forrest,T0,R3,S,5731,734,2631,70,1447.485714,731.3714286,14802,859,2148,15840,889,2064,5731,746.7574594,2631.484383,6475,753.4126641,2201.594903,375778,872.5579358,2470.295345,7018,750.1554574,2233.745512,3975,757.4877987,2486.81283
d37_10_G02_0_1_T,glasshouse_b1,5489,T0,R2,T,21216,2430,2558,53,2490.245283,3813.09434,40607,2750,3975,42006,2750,3975,15736,2517.438612,2864.996314,22044,2411.094357,3622.333243,437430,2575.254761,2296.082809,19445,1782.669529,700.5790177,15695,2517.964129,2865.857216
d37_33_G05_0_1_S,glasshouse_b1,Hartog,T0,R1,S,5504,1349,3685,75,1582.186667,650.2,26087,1637,2924,35198,1716,2669,5457,1356.368884,3685.524281,9974,1171.406457,2405.239924,342047,1451.015761,3081.65962,19297,1460.059854,728.2145411,5457,1356.368884,3685.524281
d49_31_G04_1_3_S,glasshouse_b2,Forrest,T1,R3,S,4122,648,3198,62,807.5322581,2126.725806,26016,2052,3614,25194,994,1163,4122,627.5131004,3194.370209,12344,1531.731935,685.7682275,359407,1445.502052,778.7159237,12346,1525.858497,684.6065122,4045,628.7112485,3190.13424
d37_12_G02_0_3_T,glasshouse_b1,5489,T0,R4,T,13465,2061,2821,83,1675.433735,848.4216867,38583,1784,2196,37819,1776,2180,13465,1985.346528,2848.935834,17721,2378.347159,2979.060775,467492,2580.206089,1781.795182,22072,1600.895161,853.5155854,13442,1985.030948,2847.38655
d25_17_G03_0_1_T,glasshouse_b1,CALINGIRI,T0,R1,T,23622,1353,3044,76,1260.776316,2093.842105,26893,1538,1933,28401,1426,2129,23622,1292.651554,3080.561256,12041,1291.846192,1888.715306,706161,1374.419097,2576.061759,16218,1271.707609,2369.353928,10841,1280.549765,2753.80214
d31_38_G05_1_2_S,glasshouse_b2,Hartog,T1,R2,S,2926,1082,2518,58,876.1206897,2295.172414,22041,1110,1504,25495,1050,2015,2926,1080.302461,2517.643199,9984,857.9956931,2192.721154,310482,1443.672599,848.3627875,9285,883.8012924,2427.742272,2849,1080.75781,2511.213759
d29_43_G06_0_3_S,glasshouse_b1,3811,T0,R3,S,17057,1752,3654,61,685.4262295,2693.065574,35429,1282,2731,35638,1744,4006,17057,1806.803834,3653.520549,18364,1847.427957,2660.603463,476820,826.584512,3528.327212,20955,695.4246242,4009.903651,16844,1807.687545,3652.911066
d41_36_G05_0_4_S,glasshouse_b1,Hartog,T0,R4,S,9184,740,4515,86,1608.872093,977.2906977,40999,906,4215,44659,725,3934,9060,743.180574,4510.674283,21379,668.6855793,3009.717714,479453,369.9147675,2206.581949,29353,1676.085409,820.6511771,8231,752.0112987,4465.427773
d45_24_G03_1_4_T,glasshouse_b1,CALINGIRI,T1,R4,T,26833,1199,3797,58,1169.155172,3729.413793,29009,1308,4169,29621,1308,4166,25261,1247.762994,3822.138197,12125,1138.657155,2216.002309,533283,985.0773023,3263.457194,13443,2317.185598,1898.006397,15527,1211.407613,3970.976815
d15_38_G05_1_2_S,glasshouse_b2,Hartog,T1,R2,S,3245,2234,1821,48,2161,1675.3125,17920,1029,1552,17920,1029,1552,3245,2219.48074,1828.031741,7892,879.5400405,2210.189559,386125,875.3671842,1652.310104,4034,1309.313585,719.8973723,3245,2219.48074,1828.031741
d35_23_G03_1_3_T,glasshouse_b2,CALINGIRI,T1,R3,T,11285,1589,4173,64,1688.84375,4047.84375,30731,1518,3831,31051,1518,3831,9761,2073.603934,3479.449647,13999,1830.83506,2988.70455,616034,1988.175584,2756.930449,19926,1768.919552,3933.881662,7339,1573.173729,3856.060907
d5_T023_21.10.23,field,3811,na,R8,S,74693.34174,544.1526014,3928.489868,76.84915005,906.0551098,6144.727065,271728.2189,973.1063297,4842.348611,324644.5795,837.8657528,4499.132119,55378.91402,541.5965977,3824.704718,141043.3253,996.4646744,4273.075042,509223.5833,378.8740117,3456.970612,246741.594,934.5356776,3694.042979,55409.14214,540.4835073,3777.964061
d19_05_G01_1_1_T,glasshouse_b2,Gladius,T1,R1,T,7323.893516,1494.854138,3093.117984,54.86223844,1394.83066,2904.939031,23574.68223,1579.900671,2668.477394,31969.51391,1422.67537,2198.447474,7321.478477,1443.004091,3098.950506,11457.68041,1678.273357,993.5155078,505052.2667,1414.38084,1106.628143,9396.601871,1498.940233,2139.701062,6803.166126,1462.356349,3078.739141
d37_12_G02_0_3_T,glasshouse_b1,5489,T0,R4,T,13184.3511,2059.428824,2853.26759,82.83635553,1681.242907,889.3466349,39117.00231,1777.824507,2183.419019,39581.71993,1765.498884,2202.275337,13266.62571,1978.697549,2839.971859,17351.55185,2392.427117,2962.305035,472439.2363,2593.343937,1755.421585,23839.88238,1609.842929,820.7851107,12602.11425,1988.299262,2864.240337
d45_38_G05_1_2_S,glasshouse_b1,Hartog,T1,R2,S,3903.766084,928.5690552,1662.89883,71.5144977,1788.669133,775.0096131,24512.73865,1127.870435,2177.199085,21670.26458,966.0861107,2335.945833,4213.98714,931.2859081,1667.035027,11901.48186,928.3627531,1813.311794,380862.4461,845.5677925,1596.314836,22484.58891,892.399647,2150.736016,3320.735507,935.8246788,1739.61881
d21_19_G03_0_3_T,glasshouse_b1,CALINGIRI,T0,R3,T,11421.40284,1733.664664,2594.019602,57.64015701,1609.577562,2087.434702,21230.12088,1454.082185,3226.005539,19768.7821,1455.937029,3234.283013,9947.6089,1439.554085,3094.281515,9950.977768,1477.111071,2676.580654,755482.0388,1385.439752,2515.745764,16203.95276,1616.688361,2743.570938,9958.239918,1436.887426,3128.100594
d49_35_G05_0_3_S,glasshouse_b2,Hartog,T0,R3,S,20637.04236,1714.935673,654.908471,70.07393033,1694.290059,865.9143172,75970.11628,1326.027266,1249.030132,75280.63966,1545.030808,1028.53984,16887.88853,1743.39224,636.2003388,48162.64088,1740.539091,859.8355361,406074.3729,1479.866923,403.3228459,45643.28315,1738.055271,827.0599611,16578.22425,1749.31609,588.9594594
d35_07_G01_1_3_T,glasshouse_b2,Gladius,T1,R3,T,14640.14299,1456.916267,2548.430434,59.19442236,1623.887151,1566.884534,30133.06919,1595.597139,1211.892117,34102.90739,1461.997448,2575.109087,13832.12935,1346.355728,2089.500939,17640.83831,1610.891031,1454.452513,537931.0166,1418.393921,2513.836262,13052.51164,1343.780422,2530.376031,9122.753944,1499.465935,2738.656022
d43_18_G03_0_2_T,glasshouse_b2,CALINGIRI,T0,R2,T,22612.58345,1150.460053,2381.904143,52.0703524,1925.160619,1698.011783,64846.04734,1365.96026,1524.804289,62645.93237,1199.344526,1959.092929,23385.32994,1179.513598,2385.052734,33264.09713,1545.681026,1024.060733,423773.233,1414.211456,2137.99725,27947.72361,1054.869291,2430.1932,20639.61881,1164.943519,2436.863982
d17_39_G05_1_3_S,glasshouse_b1,Hartog,T1,R3,S,3434.177575,1000.493845,2133.457516,51.50916542,1744.466373,2010.052118,8479.43917,997.3225608,2332.148841,4789.609369,982.5162202,2352.915874,3248.720361,1019.750604,2106.837523,1152.606066,1767.225365,1829.728397,297236.7023,903.4347395,2061.231097,2418.604905,1015.5792,2009.240711,2369.275637,1780.39887,1304.506549
d41_41_G06_0_1_S,glasshouse_b1,3811,T0,R1,S,30558.98915,1296.545248,3730.398857,57.63164534,2386.784589,2691.128956,58224.30073,1195.160859,3859.457932,63732.48045,1199.450471,3837.893417,30983.98344,1319.762306,3670.897194,38539.03896,1302.17198,3614.835728,610039.5966,1238.8302,3616.791746,58709.54343,1214.86885,3929.142608,20709.86363,1248.173911,3731.073397
d6_T008_28.10.23,field,3811,na,R4,S,34111.6038,1182.351386,6409.136538,68.10821806,704.7251585,6212.097732,172102.58,936.6271932,2873.198375,229946.0396,959.1262774,3469.381738,30406.21539,772.28348,3112.989489,86136.09255,944.9486657,2882.51665,460048.7492,1129.123917,2595.958529,94166.8832,889.0702399,2822.146018,28511.32133,791.2804914,3166.451628
d45_33_G05_0_1_S,glasshouse_b1,Hartog,T0,R1,S,5571.606154,2001.460553,2742.700857,59.21194793,1154.459129,2173.335968,41009.68596,2054.728784,3063.547014,44423.19857,2062.599264,3017.641484,6525.315802,2016.882715,2775.386493,21545.41699,2208.437841,2444.389066,350244.9086,866.1661963,2074.744645,30006.38847,1492.655662,643.4870438,7591.67335,1388.073385,592.3499744
d13_11_G02_0_3_T,glasshouse_b1,5489,T0,R3,T,5826.368401,2272.032024,1342.465061,64.98089609,1454.856646,2383.972442,11767.52983,1461.655524,2147.813595,11759.82177,1465.43865,2174.876463,5461.748587,2288.540009,1392.827582,5267.612786,1328.963117,2045.632725,378893.1638,2076.489151,978.0009052,9982.155398,1367.922052,2266.653469,6187.457493,2239.893689,1341.299191
d27_25_G04_0_1_S,glasshouse_b2,Forrest,T0,R1,S,5659.901034,997.7742966,2855.36215,67.9761401,844.4862825,2746.674172,25415.13121,948.564704,3001.222923,24817.61101,959.1271953,2991.899691,6648.560939,1016.207417,2929.163133,9677.492052,847.0230727,2757.795305,449108.813,1379.641827,2664.577078,9073.452854,1395.982663,721.6956632,4355.535876,1480.931274,1808.198621
d49_19_G03_0_3_T,glasshouse_b2,CALINGIRI,T0,R3,T,17628.77524,1720.912034,2626.907991,60.77201943,1049.497054,2435.481068,86614.81765,1819.32658,3784.628704,132902.3597,1743.685644,3201.869126,11664.86862,1748.618895,3042.68865,51599.85592,1587.159454,984.9939533,486198.7748,1499.784138,2322.993857,51001.07772,1581.633746,1002.999894,11766.12287,1714.76425,2899.610558
d31_31_G04_1_3_S,glasshouse_b2,Forrest,T1,R3,S,3590.319074,661.6332908,3140.582701,53.0461915,397.3327403,2871.777426,17694.33219,973.8753229,1862.282948,17928.38806,973.1148296,1894.658871,3987.800011,645.1197287,3124.354986,6140.101919,2198.264582,2993.594269,357267.5988,1321.291048,2023.847146,4431.731606,634.4320108,3167.019705,4352.397124,652.7312582,3177.828099
d17_25_G04_0_1_S,glasshouse_b1,Forrest,T0,R1,S,7112.168289,1522.821895,1863.473465,60.76663869,664.2264936,2471.310558,7974.646642,1525.465405,1573.789152,8714.369071,1092.088942,2557.547198,6220.15494,1473.777651,1850.397359,3442.481899,639.2016403,2571.075422,508912.9838,1415.721996,1508.359643,2152.512884,1340.8065,694.7647468,6435.458204,1466.635769,1827.142747
d41_29_G04_1_1_S,glasshouse_b1,Forrest,T1,R1,S,4447.164804,2210.986349,3638.986165,46.63643792,941.2265756,3457.180683,13077.77366,836.1983153,3954.966164,12467.58082,838.3926067,3757.008067,2933.340704,2206.198757,3672.948222,6607.922164,869.9580559,3714.123884,383337.0583,866.347445,3379.112772,4006.597549,862.118491,3690.919635,3703.245595,970.1267752,3298.18592
d27_20_G03_0_4_T,glasshouse_b2,CALINGIRI,T0,R4,T,17149.39334,1796.171093,2358.609903,50.94306445,1593.748728,1379.908315,40809.35872,1121.678833,3721.38352,43517.9892,1072.242806,3404.704519,17928.50944,1876.622355,2389.221795,18523.92041,1533.575544,4242.702305,591248.6506,1533.869508,3534.02535,11769.38764,1868.780116,2591.104775,17815.71613,1885.354116,2340.228213
d1_T022_27.09.23,field,3811,na,R7,S,42041.12177,565.9803166,5238.343391,83.19511992,829.707502,4558.630188,184756.4912,1052.120772,5326.574016,189205.9012,1076.447005,5310.055695,43762.18135,546.4382974,5251.503384,76819.38455,1219.234442,5961.3123,517083.522,719.2995835,4905.630277,86141.51112,840.8782206,3496.221439,39499.92148,563.2225254,5302.871283
d17_28_G04_0_4_S,glasshouse_b1,Forrest,T0,R4,S,3741.68361,1495.317979,2083.836423,57.03435798,1449.484118,919.0232146,9985.692846,1449.768259,2266.48611,7640.118146,1453.172818,2204.941486,4576.351993,1506.966738,2152.14007,6103.49529,1415.963577,1151.015317,364778.3086,1452.833155,1969.894101,5690.408775,1519.876379,647.3822798,4135.349959,1493.280452,2106.945628
d31_02_G01_0_2_T,glasshouse_b2,Gladius,T0,R2,T,13728.2956,1738.272138,3895.511829,60.99601843,1640.051026,4303.645677,38939.14906,1705.629173,3659.863049,41199.35464,1711.607109,3657.302893,13359.58061,1750.68107,3909.716973,17722.59471,1736.121532,3070.866314,416289.9591,1646.811173,3222.372897,21228.18363,1888.562266,3719.567486,8859.845006,1799.60048,3602.649767
d37_24_G03_1_4_T,glasshouse_b1,CALINGIRI,T1,R4,T,26381.93115,1190.324371,3691.848374,47.30127912,2278.326487,2037.594898,26450.37708,1321.224296,4284.585385,24582.95164,1318.644249,4265.133707,27507.19258,1251.232483,3716.009888,11306.18677,1129.784871,3531.947892,581383.6081,981.0580704,2984.666522,13550.88861,1122.170801,2409.336505,25675.11431,1257.646751,3778.774204
d05_23_G03_1_3_T,glasshouse_b1,CALINGIRI,T1,R3,T,1314.718335,1563.185846,996.4044988,66.28766973,1786.507294,320.142988,4980.338868,1632.993304,370.2642275,2222.180256,1631.50114,362.3085138,1400.711947,1553.044309,1006.823363,863.0739766,1802.03899,404.7354496,314140.3689,1464.240121,246.6049117,1361.609368,1781.820329,251.1340723,1034.14782,1566.656521,352.4692746
d17_32_G04_1_4_S,glasshouse_b1,Forrest,T1,R4,S,2848.543418,1364.105624,998.1099691,61.24231502,1363.836326,915.7821474,2450.026005,766.4032369,1988.608463,4360.035551,838.1508224,1733.559398,2294.545862,1372.36869,962.7768085,1414.72539,788.9206189,1895.59119,329481.3589,875.1644305,2064.739988,1852.754394,1356.805985,970.1008412,1950.701942,795.7194746,1860.745783
d6_T020_28.10.23,field,Gladius,na,R8,T,287932.8007,1149.293088,4523.197777,78.02131607,752.7076393,2830.321086,307036.0861,1110.294207,5258.061419,300857.1238,1212.298981,5335.494514,212381.7631,1189.0755,4961.558762,160166.0578,984.1827101,5900.297041,1537574.301,1399.840505,5275.496053,205653.2867,855.2033843,2714.965085,197328.15,1168.997284,4873.110201
d1_T010_27.09.23,field,Gladius,na,R3,T,17147.19942,1341.282327,5927.449128,53.04995628,1356.121983,6098.855049,143320.7183,1243.913477,5367.474486,153470.5438,1247.873524,5251.540667,13706.77954,1404.197706,5904.387124,61245.28652,1605.356662,6058.467208,414194.9679,1074.737666,5876.611195,96761.05728,1359.037916,5733.010337,8641.122969,889.4959754,5456.750204
d07_27_G04_0_3_S,glasshouse_b2,Forrest,T0,R3,S,4345.382738,1445.593839,533.4461773,60.15755483,1398.363011,296.6257582,8503.53668,1454.62461,424.8490234,6618.730078,1455.867011,387.603023,4288.975528,1419.972515,524.5272323,3344.047399,1386.227882,290.2958489,388051.741,1830.326548,283.8330252,2778.802072,1350.896152,713.2792312,3910.378987,1407.431962,537.346208
d07_06_G01_1_2_T,glasshouse_b2,Gladius,T1,R2,T,7464.909884,1426.078309,695.7934392,65.14662033,1328.018755,941.3175051,7270.673978,1538.601844,1046.862281,11370.64347,1555.367647,1028.251373,6437.310741,1580.559483,999.557318,5256.130201,1642.75781,692.5018549,454742.8702,1458.25822,474.4677151,3092.831308,1737.130261,661.7638974,5881.23547,1419.297657,692.663505
d09_33_G05_0_1_S,glasshouse_b1,Hartog,T0,R1,S,3709.474403,1239.243101,712.2581266,51.86284497,1386.396843,179.5884625,8702.545708,1256.564919,649.5723328,7361.97126,1254.169601,683.3220671,3111.793904,1243.825117,745.1138793,3928.830928,1118.673792,803.2761126,358142.3863,1456.2584,771.7570975,2875.467256,1132.354495,801.8953144,3253.251102,1251.860976,740.5806428
d41_30_G04_1_2_S,glasshouse_b1,Forrest,T1,R2,S,1968.006446,1018.130899,3102.309239,67.77703465,771.298635,2214.723162,8638.636999,1011.765461,3054.877802,11449.52502,960.4748979,2085.151064,2104.956425,1000.508475,3156.797411,3941.959486,903.2938423,3151.064047,378659.2446,862.2945587,2530.614777,4809.731044,875.358069,3162.46162,1924.142397,1018.209783,3193.011339
d49_08_G01_1_4_T,glasshouse_b2,Gladius,T1,R4,T,13445.30126,1914.073657,1980.908329,89.72683553,1567.325049,681.5377369,65289.46626,1665.347101,1498.400029,62384.21868,2061.859531,3152.888426,12469.10397,3105.230353,4005.175146,31323.69419,1666.786396,883.8273975,494298.3697,1982.567586,1761.372668,22276.06778,1598.000633,782.2064768,13139.11941,3113.283128,3971.738808
d37_11_G02_0_3_T,glasshouse_b1,5489,T0,R3,T,12206.3272,1438.850628,4124.648974,51.10396554,1842.761961,978.6444067,28259.52512,1532.551848,3920.208084,24749.60695,1530.315069,3940.727602,11028.8744,1448.413878,4116.892303,10910.79434,1588.842446,3312.998886,543410.7022,1806.433579,3852.776306,10723.19064,1415.376924,4286.710565,7197.530443,1608.920382,3345.481301
d07_43_G06_0_3_S,glasshouse_b2,3811,T0,R3,S,4585.230991,1729.681708,466.0080749,66.0361601,1756.743553,302.1151949,8436.123245,1708.238803,479.5436313,10090.04361,1701.383936,481.6389944,2782.778254,1735.04921,388.8843139,6344.643931,1687.71743,371.4455719,411948.1118,1878.548128,248.029294,6294.927965,1679.501725,396.0764834,2826.997974,1712.558453,414.3855952
d43_30_G04_1_2_S,glasshouse_b2,Forrest,T1,R2,S,1974.63206,1512.477255,622.2099877,62.23380603,944.9278358,3396.910864,13815.51717,993.4525803,2971.601274,15289.41672,944.2581361,1756.412501,1781.078087,1002.738639,3103.256386,7990.927933,1083.896615,3325.881568,343977.111,1320.08715,3234.841257,7121.16377,881.8669347,3256.321225,1688.51015,988.5045418,3095.836717
d17_27_G04_0_3_S,glasshouse_b1,Forrest,T0,R3,S,6630.340592,734.6795139,2639.202233,70.00939712,1437.089586,760.2938776,15691.5706,850.5619525,2131.209806,16936.40835,894.3164387,2004.056359,5463.893409,734.7417715,2684.437176,6438.62303,750.2363489,2162.93825,372869.3657,858.4609599,2460.997455,7685.236748,748.0554518,2173.051381,3803.938064,767.0911445,2524.484687
d49_27_G04_0_3_S,glasshouse_b2,Forrest,T0,R3,S,10589.20933,1420.018554,664.1965048,77.03491036,1368.516814,701.3930846,45491.49206,1661.025646,1116.290573,49150.06555,755.2728288,3217.215741,11609.50928,1423.04829,652.5925582,27031.15265,1431.675676,792.4821117,475029.6051,843.5941046,2356.600542,31871.92728,1396.768664,842.8790946,11476.21361,1425.052933,603.7392622
d27_22_G03_1_2_T,glasshouse_b2,CALINGIRI,T1,R2,T,12264.72781,2137.989598,2398.479792,63.23341674,2247.153087,3670.660069,23078.99304,1747.127033,1683.361129,26927.98986,1907.186666,2964.559333,11998.47301,2143.563116,2405.72651,9772.580504,2015.140533,2793.511417,447064.8172,1998.309509,1732.842244,6835.50161,1898.303919,1869.73634,10310.67828,1146.421071,2523.316433
d09_34_G05_0_2_S,glasshouse_b1,Hartog,T0,R2,S,8016.816868,2132.990956,1023.640707,67.76664986,1652.135963,376.2921972,16087.25204,2130.768162,1108.765908,18083.00782,2137.264683,1028.091452,8011.989581,2141.530483,1018.343212,7322.199282,1435.869262,746.132142,403435.8571,1854.591398,388.8599964,8045.024569,1474.424478,316.0575746,8712.128568,2098.536482,1077.217963
d27_10_G02_0_1_T,glasshouse_b2,5489,T0,R2,T,16493.43924,2501.879538,2877.198446,63.67424215,2177.8455,1790.467143,38599.47797,2557.916986,3050.519281,55003.33657,2248.340023,1906.761958,15577.97283,2512.448551,2847.055091,16799.91102,2338.922118,2646.568197,429385.9197,2599.04975,2306.298864,15503.7725,2312.691534,2531.975117,15044.51339,2513.931783,2857.813476
d15_04_G01_0_4_T,glasshouse_b2,Gladius,T0,R4,T,13773.03031,1968.43228,2508.903675,48.11660527,1560.37412,761.7670896,19564.12628,1893.161134,2354.851599,21594.5337,1893.559164,2328.219067,11581.83769,2061.409234,2547.55532,10165.05708,1577.354367,742.3127769,363737.1784,2036.576091,2176.130321,9786.791643,2076.192219,2701.798084,11617.21318,2088.343201,2557.403216
d45_45_G06_1_1_S,glasshouse_b1,3811,T1,R1,S,9351.712798,1729.392086,4478.188077,56.04744949,1881.469195,4067.90003,38927.065,1734.442461,4357.154995,37259.62508,1741.895705,4374.003746,9079.786787,1747.412522,4537.573564,23002.3167,1860.044838,4535.822065,388156.7987,1919.794062,3458.63343,41169.80617,1836.699501,4137.93974,5891.055956,795.4513463,2212.100133
d43_29_G04_1_1_S,glasshouse_b2,Forrest,T1,R1,S,5160.439022,2204.853028,3687.702936,54.60924885,857.0734783,3973.167714,20032.53406,1008.774351,3333.181174,24168.21696,1047.714214,3236.91028,3678.393347,2213.058468,3666.973853,7258.156904,855.3287565,4228.899702,395033.0417,893.9743634,3319.638722,6304.980917,2237.645721,3584.117869,4070.464688,852.9563823,4606.083696
d15_36_G05_0_4_S,glasshouse_b2,Hartog,T0,R4,S,5158.961373,1171.679358,1732.385981,57.44525916,2431.183211,1412.464018,17934.43276,1416.969021,1226.626185,25108.85948,1206.945615,1663.708734,4731.39743,1176.914331,1759.471744,9164.785369,1119.209249,1602.11704,369953.9454,866.4329362,1511.802604,6669.554819,1277.485769,915.0727289,4589.400628,1174.763921,1775.022441
d25_09_G02_0_1_T,glasshouse_b1,5489,T0,R1,T,8512.733951,1111.080862,2921.20652,70.31937928,2423.487861,3829.947868,32776.51786,2194.159089,3007.874516,28132.34905,2445.690075,3093.282081,7278.207642,1108.925842,2921.274585,10414.92773,2322.1351,3130.597952,351361.4233,2136.064457,3737.122118,13416.61988,2260.287825,1977.051581,6441.012364,793.0892753,4040.116935
d21_38_G05_1_2_S,glasshouse_b1,Hartog,T1,R2,S,3901.151994,2207.588576,1884.999995,77.96348637,800.2402604,2732.867001,15587.79904,603.1030391,2460.331068,14363.41866,596.2790523,2448.581594,2627.457884,2200.248057,1901.048436,6875.119551,846.3692125,2057.463985,385127.5421,880.9136731,2448.352107,8038.612868,824.4364075,2225.985134,3246.145148,2242.25997,1937.146824
d19_13_G02_1_1_T,glasshouse_b2,5489,T1,R1,T,11367.13484,1708.989749,1728.916675,53.26826079,2545.569209,2127.573227,20420.34355,1824.850938,2167.420826,16273.43269,1829.335421,2186.596879,10509.35549,1701.297842,1736.900643,8343.566246,1998.890341,1654.183801,543097.8179,1525.498084,1247.652704,5824.178124,1642.486716,971.6190136,10307.81697,1689.267,1745.273969
d35_01_G01_0_1_T,glasshouse_b2,Gladius,T0,R1,T,9421.620228,944.6823327,2769.125565,65.31226521,2449.996276,2259.191388,38287.09683,2069.447477,3397.073789,37639.49044,1836.176256,1806.591334,7326.381994,961.7755248,2727.860299,20132.75281,2392.848171,2392.213769,463498.8064,938.1318449,2317.529691,22897.15329,2196.674574,3823.665795,6373.445378,949.826227,2769.642125
d31_44_G06_0_4_S,glasshouse_b2,3811,T0,R4,S,9929.88667,663.547015,2883.138533,57.62021927,894.9543385,3443.179422,41155.6792,1217.164756,1411.257747,46615.87015,1199.087507,3183.159484,7026.580139,786.5129559,1445.365054,19128.85749,1515.118644,984.1312786,403757.5594,877.0045124,1013.864193,12402.50121,805.6913762,2714.445138,6565.218551,798.036978,1485.851249
d07_29_G04_1_1_S,glasshouse_b2,Forrest,T1,R1,S,1425.316243,1503.315955,302.7235328,63.64234125,1444.617974,236.383077,2411.080238,1416.512331,251.500223,451.0498444,1358.233115,654.5123288,1079.826746,1474.391084,332.1736059,3128.036523,1448.538507,228.698996,312687.9496,1444.8366,285.9616581,2586.518634,1444.309025,171.1431099,502.0535255,1355.455482,687.4687436
d11_26_G04_0_2_S,glasshouse_b2,Forrest,T0,R2,S,1804.475414,1346.578617,1856.915026,57.8373292,1524.005705,417.2146811,5401.303693,1590.7466,654.8731501,5215.036846,1588.221653,643.380246,2578.160136,1348.476872,1876.43605,4229.744502,1518.198314,413.4897471,362732.5904,1449.371466,330.7568808,2665.501978,1493.606382,373.8257217,3108.610012,1339.073967,1872.197202
d27_20_G03_0_4_T,glasshouse_b2,CALINGIRI,T0,R4,T,17692.37969,1785.541629,2413.661507,51.49222272,1588.831598,1365.447222,41568.73997,1140.595825,3668.645251,44117.70818,1079.912048,3371.466573,17373.80395,1860.106955,2391.172502,19553.09541,1540.804977,4201.726926,598945.0001,1564.397514,3593.262474,14837.09606,1851.191472,2573.424201,18737.40041,1852.84711,2346.828709
d33_17_G03_0_1_T,glasshouse_b1,CALINGIRI,T0,R1,T,20867.55209,1407.18641,3521.552979,57.89589367,1209.50951,2402.560718,33628.58505,1305.442772,3142.816442,34542.62507,2427.812639,2375.723022,21189.9173,1308.983543,3459.897689,14326.29396,2804.686374,2593.773229,491495.2849,1410.10611,2208.685285,18074.26718,1289.092245,2660.954871,18283.98814,1346.809147,3646.691864
d45_09_G02_0_1_T,glasshouse_b1,5489,T0,R1,T,14785.56858,776.464297,4466.702422,57.21685432,1185.587044,3794.60534,48251.23693,2436.978243,3231.0286,46353.32307,2160.966153,2991.074763,13956.97331,778.9238662,4464.384147,21635.5264,923.3542573,4483.996057,544651.9946,841.4304582,3882.572509,26119.04798,2482.92729,4135.622621,11540.42738,811.3656248,4389.291208
d6_T002_28.10.23,field,Gladius,na,R2,T,203912.6439,721.9660231,5510.196425,54.92627178,555.6374588,5588.181407,353312.8217,924.1056205,5537.415501,355910.056,1247.104464,3518.428846,145472.8021,894.9848755,5342.808064,185318.2659,1067.468744,5123.369108,1372270.704,921.3589822,5068.649794,268075.7596,758.9769892,5706.421131,139047.4712,887.2469981,5416.032689
d43_18_G03_0_2_T,glasshouse_b2,CALINGIRI,T0,R2,T,22839.10304,1169.042333,2340.386986,52.29119291,1929.243522,1717.914742,64315.06655,1378.323698,1527.095037,65183.92729,1195.242681,1929.068406,23395.56349,1206.927857,2364.893229,33619.79063,1548.663689,1054.875597,418529.1458,1418.559658,2143.886481,27001.97516,1048.222199,2427.572161,19778.31182,1168.365497,2461.373761
d25_06_G01_1_2_T,glasshouse_b1,Gladius,T1,R2,T,8988.138626,1548.667183,1821.254185,69.69109142,1674.923727,461.1557201,13429.32712,1567.478994,1220.5203,13182.39777,1507.799038,2063.733122,8236.555925,1474.908579,1959.440145,4798.690428,1590.978153,999.8608484,483496.6526,1834.754204,1625.725855,7937.877869,1698.254511,469.8423298,5268.715722,1560.280074,1631.979196
d31_08_G01_1_4_T,glasshouse_b2,Gladius,T1,R4,T,8668.372645,1973.533808,2569.08754,50.62073542,1844.426406,2048.183351,24863.14672,1807.518717,1202.734801,22595.2545,1796.058443,1276.351595,9036.794405,1940.417608,1590.274834,10888.03868,1714.438637,874.0032056,410831.5362,2002.079254,2087.651582,13874.80059,1875.827184,1498.938382,8035.392157,1607.623322,2047.00071
d29_30_G04_1_2_S,glasshouse_b1,Forrest,T1,R2,S,1613.372087,685.4682248,2263.446937,82.24460535,736.5788195,2361.77003,9189.16972,759.9540823,2434.641185,6771.436745,757.6176515,2430.296504,2160.973157,693.0401669,2244.503021,4327.246429,703.7892399,2450.630407,377543.4093,876.5230661,2481.76721,5073.727659,745.9842265,2346.57444,3286.396867,673.8621847,2313.403874
d09_14_G02_1_2_T,glasshouse_b1,5489,T1,R2,T,5549.105165,1978.653117,1105.505847,74.07647288,1578.477483,228.3090333,7220.903989,2027.727036,1240.153914,3779.867141,1897.5049,833.7743426,5914.067817,1957.351064,1081.169526,4442.32454,1966.845852,937.2943969,382161.1286,1627.191706,838.2550443,3993.260292,1565.969703,290.0668544,6198.001056,1973.336946,1001.220501
d25_20_G03_0_4_T,glasshouse_b1,CALINGIRI,T0,R4,T,15146.81676,1817.723929,2417.543416,49.24549188,1571.444153,4186.38342,28506.7754,1801.094554,2385.280542,31190.01909,952.1560558,2599.545241,16393.60643,1855.34647,2459.034601,15663.52809,1539.613676,4070.959792,481922.9706,1940.873286,3335.058975,15945.67602,1849.657092,2625.631776,18973.99916,1875.994801,2338.992431
d31_42_G06_0_2_S,glasshouse_b2,3811,T0,R2,S,14464.39549,889.7491845,3089.702253,58.56208781,445.2906018,3478.743291,42925.14577,1050.213318,1703.819588,43698.47653,1027.040309,1840.876732,14331.79917,857.9933407,3153.182078,18792.86487,1927.10621,2774.472334,510931.649,1464.005345,3500.718451,17092.63388,780.5961307,2277.225708,13517.261,868.8372412,3121.055148
d31_14_G02_1_2_T,glasshouse_b2,5489,T1,R2,T,19373.93709,2371.509193,2783.175396,64.74239815,2260.018905,3204.645165,19949.42396,2104.021317,3318.494571,23843.94469,2126.110901,1832.401358,14292.04796,2396.309588,3317.135193,10016.41907,2123.373481,2466.813479,591277.1983,2122.252182,2138.753555,8434.820963,2336.98249,3799.79244,13820.17848,2399.422535,3289.002631
d09_11_G02_0_3_T,glasshouse_b1,5489,T0,R3,T,4526.037271,2180.666596,1116.578311,55.50324431,1513.125678,1395.927846,8123.926899,2027.703096,865.7078053,8616.193918,1557.541573,1362.199067,4145.037725,2153.792887,1025.303088,3476.597414,1566.092246,1164.790281,350687.9906,1450.855048,745.6601261,5432.94047,1521.730611,339.7241515,4362.799907,2189.475769,1079.512328
d15_44_G06_0_4_S,glasshouse_b2,3811,T0,R4,S,8575.795261,1082.930926,1633.391112,60.98406294,2171.151289,2101.848348,24206.13027,1273.218573,1605.84213,24753.66708,1288.322355,1590.478718,9228.555677,1091.875141,1736.002118,12019.43117,1733.223173,562.39508,666123.4932,1286.692653,1154.298056,11445.30029,1722.241883,551.9768128,9654.860416,1085.710506,1625.807607
d31_36_G05_0_4_S,glasshouse_b2,Hartog,T0,R4,S,9779.186415,716.9453239,4536.727127,102.2352079,627.0018711,4926.079026,32600.45588,1348.648105,1403.362211,40859.27182,758.6536809,2959.914473,8795.830233,712.4668445,4567.069558,16776.66295,728.237077,2853.211682,484642.6088,820.5531889,3830.701591,15556.79787,731.7979502,2780.13781,8280.888376,740.6022727,4535.805832
d31_37_G05_1_1_S,glasshouse_b2,Hartog,T1,R1,S,4598.328757,2359.135765,2565.892936,65.18599313,1048.389645,2788.851838,9464.692623,1093.216821,2224.792877,8450.931929,1085.557958,2207.650736,4924.613586,2371.101229,2601.473171,4498.812148,981.48939,2139.59111,183628.7476,2573.595152,2614.447743,5561.664397,2369.223808,2490.72742,4428.039034,2373.375127,2621.717916
d31_46_G06_1_2_S,glasshouse_b2,3811,T1,R2,S,10837.72206,1049.983866,2574.272859,68.9007046,1306.645881,2102.075959,22820.71865,1649.42973,1948.369106,20967.8422,1734.687804,2076.200858,10218.69691,1031.863035,2568.247194,13339.04945,1307.859643,2217.394647,398899.0241,1419.692758,2101.866599,12047.34827,1287.950064,3951.738948,10529.63955,1051.50306,2590.32327
d27_11_G02_0_3_T,glasshouse_b2,5489,T0,R3,T,10923.97706,1475.106896,4061.010497,59.69999013,1454.171529,2392.155715,37892.35183,1673.002623,3384.087351,42833.73448,1548.561674,2639.818504,10294.34581,1476.459962,4078.898026,16340.37838,1481.928875,2590.868572,355858.7574,1815.853876,3756.354887,10715.66085,1455.107771,2542.45329,10888.7101,1476.431643,4050.977847
d11_31_G04_1_3_S,glasshouse_b2,Forrest,T1,R3,S,2546.992966,1325.199162,1326.264031,62.74109223,1468.248658,323.0726653,3691.795985,1608.18741,472.6803625,5339.997303,1612.500534,549.854587,1892.043685,1338.070598,1366.612087,3650.609024,1578.719668,371.7441049,272980.7163,1473.753545,268.2334151,4444.898396,1574.681533,306.418476,1875.110299,1387.551507,1346.948724
d25_41_G06_0_1_S,glasshouse_b1,3811,T0,R1,S,9396.066392,1421.890665,3426.022105,73.72826589,1405.126916,1515.122314,22380.76367,1526.638174,2033.871131,25181.67964,1342.828814,2853.925963,9961.876587,1424.065236,3472.793753,9057.765198,1450.426007,1852.967994,356163.5529,1443.72029,2561.501379,9881.571496,1366.924467,2648.890823,7738.110459,1434.503204,3506.131199
d21_39_G05_1_3_S,glasshouse_b1,Hartog,T1,R3,S,3967.117721,1009.82748,2017.103696,49.25417725,1036.803136,2685.946488,7951.322589,1023.807078,2397.845299,5992.490459,1015.649456,2435.355845,3531.530393,1023.712748,2034.787641,3374.406666,1760.521094,2000.105113,370644.3734,1018.829472,2071.868052,3397.14721,1020.743151,2134.216723,3572.321393,1024.026592,2078.609077
d25_48_G06_1_4_S,glasshouse_b1,3811,T1,R4,S,16958.88835,1495.730026,3031.906956,68.86633235,1372.902346,3060.124352,17741.14577,1212.379032,2197.41317,16324.67125,1336.995888,3095.681543,15969.0371,1413.979807,2997.779314,8421.574506,1396.945467,2778.508404,770403.4027,1448.942892,2627.277831,14281.32314,1426.621817,3044.747596,13616.00266,1384.281876,2869.364107
d41_43_G06_0_3_S,glasshouse_b1,3811,T0,R3,S,25883.02613,649.2677503,3869.678109,49.01378975,1975.199911,3731.561586,52062.55023,1339.596546,2644.322744,52946.40926,1282.741807,3986.747448,24472.09007,740.750311,3835.572183,24628.76284,681.6857138,4287.575177,596863.3102,534.6807235,3403.572222,28119.95079,699.9427146,4198.782363,25193.87338,712.3187632,3829.424755
d7_T019_04.11.23,field,Gladius,na,R7,T,266388.0875,726.9758075,4952.233857,64.69847938,1367.668937,3820.50336,363280.9239,1005.638886,5369.394031,387142.9623,1217.822672,2968.01449,179754.9568,781.7496358,4964.633745,184377.1829,1375.311483,3826.446068,1603540.981,639.0516371,4993.744392,296228.8555,921.0207682,5620.946872,177244.9481,780.2452472,4949.892675
d27_23_G03_1_3_T,glasshouse_b2,CALINGIRI,T1,R3,T,19251.39421,1576.493975,3000.234669,64.03037658,1719.677407,3143.623516,20864.39021,1441.710263,1877.751628,29361.34299,1441.922919,1946.496573,7207.253197,1569.324903,3809.45951,12432.05429,1793.108851,2735.177731,397193.7517,849.9739625,1559.016651,7290.465646,1512.260039,1622.079086,7266.904826,1572.549889,3875.576626
d49_25_G04_0_1_S,glasshouse_b2,Forrest,T0,R1,S,7797.97568,1592.032756,692.8375266,73.29382653,1418.311356,948.9480575,46670.56536,828.051601,3589.837619,63901.7946,945.5769272,3205.290933,7119.544227,704.2100899,3105.151341,32117.07905,1389.741318,907.9239575,386078.0291,1451.691941,316.0223765,22442.2886,1494.97206,699.7842411,7370.40383,724.3509021,3154.997421
d6_T012_28.10.23,field,Gladius,na,R5,T,87947.3426,973.2857936,5623.254988,60.17285199,759.8156158,4825.929689,194040.7573,1080.20611,5609.526309,203626.5675,1079.388258,5594.943017,62382.72671,909.7441087,5608.257932,106791.2056,1029.555815,6194.045432,662337.3223,528.5140489,5668.119394,73988.8336,1391.251511,3664.180498,54050.79468,945.1819942,5633.774357
d09_14_G02_1_2_T,glasshouse_b1,5489,T1,R2,T,4562.914045,1966.653146,1119.904038,74.32516942,1551.214608,310.5867182,4614.831496,2016.098039,1186.60715,3963.09865,1900.109016,825.2615283,6001.249684,1960.064245,1101.677471,2991.43613,1983.571081,948.1722515,382834.6465,1617.20951,916.9509525,2775.436298,1571.592649,339.9413973,4774.896195,1983.899142,1096.83656
d07_46_G06_1_2_S,glasshouse_b2,3811,T1,R2,S,2086.34477,1369.240486,706.7131928,81.4356982,1641.576812,391.4396181,5031.898256,1589.841282,427.4919793,7207.772622,1592.720619,495.5018509,2556.373159,1341.695963,730.7622471,4056.34033,1599.577875,381.1029474,409157.4123,1447.906085,384.3419321,2919.321485,1579.823053,452.4050029,1715.433939,1373.102524,685.2139897
d05_43_G06_0_3_S,glasshouse_b1,3811,T0,R3,S,3014.82934,1673.875969,607.0106199,54.14117468,1707.938734,823.1542998,-607.2794561,1681.167851,461.2195824,6741.532053,1677.088973,696.4044836,2012.261813,1680.745783,483.3522531,1482.607433,1731.764947,361.7114375,278721.8624,1456.969116,278.3268523,2373.076581,1688.728969,819.0080704,1984.88996,1692.740851,435.4381321
d37_16_G02_1_4_T,glasshouse_b1,5489,T1,R4,T,11735.88787,1965.98382,3303.826432,68.83463991,1539.114076,767.8629207,26536.52296,2009.434929,3516.761928,33158.12844,2145.219617,2996.211963,12509.29319,2041.738402,3275.230786,11147.11335,2036.784744,2999.702248,587713.1353,2036.838858,2536.255753,19240.59454,2202.360408,3532.890551,12003.74292,2027.10265,3291.431814
d09_16_G02_1_4_T,glasshouse_b1,5489,T1,R4,T,5289.769664,1603.562082,1216.290865,79.00743183,1522.416256,485.9621038,6718.637417,1656.473631,1371.803471,8247.965706,1534.010894,1026.67583,5483.985897,1602.942994,1223.18491,2838.489224,1675.90781,1437.84681,371558.2385,1424.661215,1333.617014,2684.205458,1684.292001,1482.19518,3372.118249,1648.968674,1311.155393
d5_T006_21.10.23,field,3811,na,R3,S,57004.1411,612.5643385,5900.565715,59.19376967,1072.018935,6362.853493,230862.0132,1055.793684,5424.06234,282071.3715,1202.421717,2552.685216,40320.8428,1405.249967,5952.004226,129834.1564,996.3834904,5973.338114,679419.1475,998.9765689,5658.13881,157013.1721,938.9108953,5836.533175,39290.7766,1408.055817,5967.750646
d13_10_G02_0_1_T,glasshouse_b1,5489,T0,R2,T,10523.85115,1993.853532,1168.655242,58.0024504,1927.20838,975.6252103,12314.72745,1846.360691,936.8452646,19117.34735,2100.807745,1324.237106,10447.86417,1990.82336,1202.768601,6808.96147,1957.144456,1075.388398,423301.3949,1531.082867,1003.247203,7386.856095,1651.956,328.7416866,8771.672459,1960.536846,1637.739478
d49_44_G06_0_4_S,glasshouse_b2,3811,T0,R4,S,34466.05993,2142.123467,2648.85721,70.52230791,2156.861307,2925.207232,147057.5918,1443.931019,1724.43668,147390.6749,1722.43087,3454.668293,28859.59996,2141.881472,2733.303166,74678.76229,1626.358515,921.9957416,451458.8236,2018.108544,2159.01953,55292.12305,2117.245053,2536.122045,27769.69003,2139.81002,2746.328007
d45_35_G05_0_3_S,glasshouse_b1,Hartog,T0,R3,S,15091.00006,1438.763342,4217.182186,48.74617662,1675.396889,4586.461939,50492.18595,1088.436463,3939.292018,53221.54526,1097.669907,3912.655892,12179.05736,1518.154007,4361.984623,24065.68921,1187.410816,3369.547963,342601.5278,1433.825892,4014.496378,36698.72628,1787.345943,744.5776389,11360.49585,1514.64544,4411.413329
d15_18_G03_0_2_T,glasshouse_b2,CALINGIRI,T0,R2,T,13438.54848,1219.745979,1805.086765,67.79428955,1464.454961,1869.418251,27801.18875,1470.506143,909.441911,29798.81489,1467.768988,955.2689874,13696.86794,1192.204906,1824.79022,9621.016422,1425.811226,1812.913734,431611.8188,1403.755689,1135.034175,8258.010003,1414.402899,548.6866682,13646.74724,1200.380046,1804.040621
d41_11_G02_0_3_T,glasshouse_b1,5489,T0,R3,T,12269.9219,1470.207115,4126.78103,50.98339559,1559.945882,2843.692747,29434.52246,1918.174378,2683.29247,31594.07471,1934.278609,2728.996931,8087.286728,1430.655707,4256.182199,12226.43426,1473.681293,2451.147667,353325.561,1457.540285,2197.220972,11761.94438,1420.575955,4283.24517,8531.916906,1424.49089,4263.680802
d11_42_G06_0_2_S,glasshouse_b2,3811,T0,R2,S,5127.82828,1938.548025,2084.576603,51.02667134,1083.618475,1061.18435,15959.91275,1312.209315,752.990801,15402.55907,1298.740723,772.3260071,2981.955022,1926.250065,2098.481624,6624.643086,1090.884297,961.3736346,379094.1361,863.8848541,1240.391153,3897.227973,955.8205104,1532.484122,2507.568062,875.7950954,1594.570711
d37_21_G03_1_1_T,glasshouse_b1,CALINGIRI,T1,R1,T,30293.11436,1868.323565,3653.463539,59.63419055,1583.150966,3545.157417,25559.29931,1777.604979,4193.229825,26026.0827,1788.541385,4215.331694,19099.20263,1861.936379,3280.320847,14098.4651,1737.009014,4012.440195,550157.31,1951.908027,2741.489978,14055.77824,1588.543934,1814.842923,18615.38204,1856.819556,3250.167074
d09_23_G03_1_3_T,glasshouse_b1,CALINGIRI,T1,R3,T,5450.944404,1513.642539,1357.641594,64.04367637,1519.988691,1154.011033,5255.621757,1580.546924,901.6568255,5333.780842,1527.671227,1170.20856,6328.508062,1511.528204,1296.343776,2154.125684,1488.981112,1581.164942,387163.9656,1467.038184,1043.511957,4170.567366,1611.531786,323.5754464,4570.139756,1478.014202,1410.83499
d19_25_G04_0_1_S,glasshouse_b2,Forrest,T0,R1,S,5360.971141,1520.249737,1811.473882,64.08274711,1403.096083,962.9379429,13372.4139,1102.281158,2612.545273,11256.7307,1578.098654,1216.941132,6298.919059,1473.799979,1861.401441,8300.527896,787.7112595,2664.473196,351847.0972,1430.246295,1447.072651,3131.942666,1436.475692,2035.173039,6200.078297,1464.180368,1777.363187
d31_38_G05_1_2_S,glasshouse_b2,Hartog,T1,R2,S,3367.862974,1082.747784,2494.130324,58.14408361,867.4201276,2263.831937,22281.20502,1101.212526,1536.351521,27144.78594,1047.599222,2025.348054,2743.391257,1086.427826,2515.948986,10234.16432,844.0788694,2220.554268,311071.0412,1439.284654,840.6982662,10008.5296,886.4056794,2513.122685,3608.697519,1083.623736,2546.564622
d5_T005_21.10.23,field,3811,na,R2,S,27067.22481,1916.734838,4866.24586,64.89192719,1389.893234,2116.327353,179549.4441,1337.679379,5386.761343,136148.3462,1783.50263,5084.189306,19521.50379,1957.779248,4900.054603,80307.45553,1786.590714,4902.329415,524433.41,1952.207969,4474.024887,76230.59464,1801.435683,4988.652206,13199.1894,2011.677665,4835.914004
d45_38_G05_1_2_S,glasshouse_b1,Hartog,T1,R2,S,4385.874888,932.2099793,1666.057297,72.15706141,1785.740374,724.4639301,26642.21793,1118.32014,2229.712136,25032.44734,978.0762608,2346.34944,4060.046577,925.0111751,1663.818834,11287.40523,919.3009526,1806.60066,373949.1507,853.9538803,1661.65952,20843.04418,891.7442902,2159.337402,3895.746136,939.7958158,1686.644996
d33_12_G02_0_4_T,glasshouse_b1,5489,T0,R4,T,14054.71855,2059.203036,2790.358611,76.00774426,1585.845761,696.6729453,34397.13879,1746.899931,2035.279032,39002.95527,1746.889242,2108.09983,14176.45738,1993.332142,2787.346973,17402.57464,1403.418913,1841.652899,595097.2835,2083.686314,2462.46202,23550.42091,1598.363022,915.3097836,14365.70723,1999.083756,2813.885611
d21_14_G02_1_2_T,glasshouse_b1,5489,T1,R2,T,11500.04211,2195.113182,2566.125473,71.73949465,1936.17458,1174.181191,15582.43795,2152.957553,1961.759557,17024.40349,2207.810027,2470.856662,9924.746783,2172.504212,2617.05977,7480.855645,2255.440365,2510.349478,536154.5174,2092.348067,1375.767242,5473.939485,1993.505663,1153.825817,13719.40483,2116.204189,2206.359157
d21_16_G02_1_4_T,glasshouse_b1,5489,T1,R4,T,5447.295936,2341.585157,1985.923688,54.12021273,525.5918169,2739.298451,16403.1359,2030.382474,2342.512428,14851.12565,2034.287547,2385.740351,6415.406912,2324.359383,2051.991081,5227.859183,2005.675237,2863.699239,389689.4947,2034.467515,1575.11753,8531.503296,2034.077046,2771.102173,6295.239252,2326.535492,1970.964972
d33_20_G03_0_4_T,glasshouse_b1,CALINGIRI,T0,R4,T,16613.55089,1803.257273,2425.1319,48.9376787,1734.50354,4210.25655,36281.90824,1198.806764,4004.153316,36236.31882,1180.678228,3938.735561,17489.75332,1877.028872,2342.686463,17461.46677,1557.420633,4361.393853,657808.5144,1714.518112,1858.738737,21258.57157,1578.409935,4191.340949,17767.34598,1904.797849,2382.826737
d17_22_G03_1_2_T,glasshouse_b1,CALINGIRI,T1,R2,T,9371.643403,2061.936832,2293.885675,49.76612074,1836.964744,2111.250384,13066.56908,1735.03809,1680.736869,17752.64421,2020.620652,2152.589854,9218.887448,2060.106275,2326.681146,6181.109567,1889.299309,2247.570678,470987.5413,2014.096808,1745.31537,7916.734336,1869.83835,1984.871821,7361.159876,1771.721393,2230.857208
d6_T009_28.10.23,field,3811,na,R5,S,116751.3998,706.3502982,5580.844301,54.82899167,341.0134395,963.4897563,287873.9577,843.388713,5281.979508,306354.0156,833.7611697,5172.418303,69266.09759,746.2428818,5971.381022,141347.7728,1077.27524,6172.790572,688345.6505,997.0512748,6065.025235,141888.6064,1069.067851,6207.748826,66691.95892,754.4794782,6047.584033
d45_30_G04_1_2_S,glasshouse_b1,Forrest,T1,R2,S,1641.917218,989.3557949,3808.715617,56.9577203,1398.922331,648.5418992,10923.0838,1030.251759,3252.301043,9724.081559,1015.181207,3273.867004,1999.424362,1005.076905,3789.484724,8160.652678,951.8436602,3435.880384,358478.3595,862.6296516,3596.893411,6764.758423,855.0073387,2130.99505,1661.499182,1023.097684,3197.01823
d07_12_G02_0_4_T,glasshouse_b2,5489,T0,R4,T,4680.778255,1839.997593,379.2108384,75.54708075,1566.551198,237.5441309,10077.05625,1554.505362,448.309622,7901.089218,1558.917037,827.4504935,4062.868651,1824.773977,416.6491867,5254.825002,1559.688632,264.8598376,343575.8954,2050.820714,238.5750267,5056.282082,1534.825364,291.1815913,5097.550948,1838.349876,437.9299687
d29_27_G04_0_3_S,glasshouse_b1,Forrest,T0,R3,S,11139.97564,758.091122,3194.609569,61.03877678,1452.476128,765.5122395,22697.18219,745.0513431,2731.923382,24441.29532,732.7204956,2721.495574,11517.39345,837.7446088,3146.774547,9701.570626,704.458737,2933.243803,434982.4105,856.2500363,2262.10773,13551.93438,800.5235479,2190.121029,8358.125177,872.3903852,3422.154644
d5_T011_21.10.23,field,Gladius,na,R4,T,92988.76653,1492.876489,5999.64392,60.69018238,666.9331178,6381.147798,268737.7823,1194.78319,5634.346783,249506.2645,1177.526529,5807.639981,70828.04473,1462.193666,5856.719214,109033.7529,1259.139881,4860.044807,643677.5173,1183.33878,5670.701016,198074.1769,1251.824699,6029.785059,63363.17017,1475.127698,5812.070984
d37_18_G03_0_2_T,glasshouse_b1,CALINGIRI,T0,R2,T,18342.04471,1120.849699,2481.541283,44.98677626,925.4765716,2824.360146,38399.26491,1321.146921,2118.302402,34849.67046,1348.19017,2110.529586,17240.95385,1219.867301,2498.72105,16943.17233,1093.593835,2046.181621,584164.6528,1424.272654,1804.501472,17598.87674,1446.630023,910.5215646,18110.74662,1185.94384,2329.812454
d41_20_G03_0_4_T,glasshouse_b1,CALINGIRI,T0,R4,T,17213.78992,1813.314242,2410.190361,52.78308209,2228.333839,1561.839168,54888.24511,1772.902885,2295.545943,58373.03555,1791.512738,2249.502954,16508.63005,1878.420395,2404.738837,29542.34947,1319.02325,4300.348063,608051.5879,1544.288093,3557.484922,45181.72408,1544.650957,1123.154925,17901.18112,1870.253763,2344.345674
d37_46_G06_1_2_S,glasshouse_b1,3811,T1,R2,S,9621.874955,1439.727384,3922.49103,63.65093651,1230.484216,3814.629079,21413.64695,1795.696334,2801.441056,18908.99171,1798.529425,2818.922517,11530.18222,1539.086003,3945.272019,10639.91143,1284.131585,3796.636279,352525.0213,1436.900457,3309.168341,16247.46329,1303.339603,4149.7206,10808.18367,1549.731845,3947.307594
d31_22_G03_1_2_T,glasshouse_b2,CALINGIRI,T1,R2,T,9589.727993,1162.028413,2712.064125,58.2495228,1884.876651,1931.202077,27223.79107,1756.558859,1823.400239,27697.22448,1770.697312,1886.204846,9610.901535,1145.926052,2548.806556,11592.07081,1739.066777,3322.84819,346495.4779,2017.726078,1589.931933,11453.03859,2210.306162,4089.883037,10069.59514,1146.731169,2600.989496
d27_42_G06_0_1_S,glasshouse_b2,3811,T0,R2,S,13462.34058,934.3733796,2991.309577,51.022093,1270.495738,4160.381618,37464.78297,1079.628242,1718.684065,41997.90487,1719.743484,1996.412523,11888.92858,874.3069293,3021.11516,16700.89307,849.1091789,2255.762012,354445.2276,1949.075911,2107.204423,16034.74001,866.0763897,2161.460178,12531.10099,896.5506164,2931.434198
d07_16_G02_1_4_T,glasshouse_b2,5489,T1,R4,T,4267.772226,1628.25117,1040.476294,63.85792775,1576.315168,286.5654822,4228.063169,1602.080803,452.3139563,1898.089218,1584.728592,457.401594,2003.067114,1618.861852,1031.245472,1145.390236,1581.562474,934.0193409,271979.8639,1460.384324,844.4709163,1873.228138,1645.93219,1165.326382,1377.731651,1655.683015,1140.507422
d13_15_G02_1_3_T,glasshouse_b1,5489,T1,R3,T,3177.90312,1239.700756,1291.297952,52.29934075,1848.332684,1664.185954,9581.541815,1177.846055,1429.248788,11003.95905,1179.830691,1477.929854,4244.64326,1246.484289,1380.44825,2590.122397,1258.483863,1230.074377,356780.2924,1443.243789,878.9691276,3441.890611,772.6331263,948.0457384,4459.138964,1236.586976,1274.256834
d19_40_G05_1_4_S,glasshouse_b2,Hartog,T1,R4,S,2755.035696,1645.434318,2172.357913,57.68145883,1178.339,1460.841127,10791.47667,1619.947736,1617.81477,10673.09898,1646.30062,1979.256475,4005.296938,1661.011588,2161.784129,3961.844653,1626.084104,1857.89615,339924.5404,2532.994074,2054.692531,5841.778559,1077.82161,1486.904185,4507.168505,1635.581243,2138.444847
d35_04_G01_0_4_T,glasshouse_b2,Gladius,T0,R4,T,19523.15781,2057.884938,3462.950027,66.27818271,1582.625943,714.7200374,55310.04112,1637.836524,1266.804594,51791.16224,1648.531414,1150.501865,18566.39208,2040.906101,3508.622584,31974.51006,1610.616563,800.8062319,490989.8868,1498.331119,481.2029226,31572.35901,1621.327874,771.1142391,19697.67127,2027.578586,3524.912057
d41_16_G02_1_4_T,glasshouse_b1,5489,T1,R4,T,12116.2429,1937.433097,3334.35431,51.6979251,2184.210858,2175.499712,31508.27169,1983.068816,4064.138822,37127.32385,2222.728512,3303.564343,12057.47827,2036.874779,3317.600958,18542.09252,2408.895443,4006.434685,407726.8265,2033.168516,3078.375461,20391.90734,2200.680004,3641.592336,7530.03287,2047.918342,3461.642297
d27_47_G06_1_3_S,glasshouse_b2,3811,T1,R3,S,7465.093963,1451.336494,2103.529288,68.1771329,1580.908946,2342.603535,19325.14366,1411.404426,2502.722727,16771.44668,1453.510465,2033.610374,6723.471876,1467.374434,2159.319289,8951.070744,1368.866457,2481.147877,374528.0401,1430.428225,1555.00036,10576.32532,1442.462394,1772.353344,5760.144344,1482.692581,2095.173429
d05_03_G01_0_3_T,glasshouse_b1,Gladius,T0,R3,T,2266.872849,1565.946308,910.1215529,75.75890526,1668.585676,389.189717,6947.863496,1465.427826,889.874179,9499.270918,1589.020686,825.5366777,2698.242495,1551.353992,855.5895498,2938.511784,1530.752828,775.9786829,368050.9219,1847.374639,852.6461727,5770.938351,1640.372556,371.3438832,1934.065699,1681.002457,427.4005592
d17_27_G04_0_3_S,glasshouse_b1,Forrest,T0,R3,S,5109.943357,722.6948463,2624.008946,69.7976563,1442.91538,678.294053,13385.01465,852.2600962,2189.671096,16322.29953,886.5015568,2077.503586,6484.869658,744.1202823,2657.910513,7003.866187,751.5552066,2230.245599,367159.7813,876.061312,2481.46209,6057.016113,733.4043873,2274.513144,3891.42129,772.1493989,2467.705075
d49_36_G05_0_4_S,glasshouse_b2,Hartog,T0,R4,S,22088.91907,1529.711325,715.123496,48.18625218,3046.882634,3507.715724,89181.33892,1867.556291,3914.529279,121400.2572,1023.977072,3228.850975,18135.42775,1509.241676,666.0773374,59736.35506,1595.488523,853.3199446,377280.139,1466.575635,330.3675388,50545.13317,1627.631656,798.0811854,18876.57803,1533.122625,666.0545384
d11_34_G05_0_2_S,glasshouse_b2,Hartog,T0,R2,S,8215.929519,2098.5743,1000.164779,69.95353787,1496.092037,530.050348,18788.18387,1589.094978,585.4809212,24301.01265,1601.771262,1408.963753,8137.201093,2094.94177,1083.165942,13108.99144,1531.466242,446.9074707,227380.0376,2161.013785,891.6823693,10749.93494,1477.582188,421.3993749,7754.512803,2129.314828,1085.488901
d37_24_G03_1_4_T,glasshouse_b1,CALINGIRI,T1,R4,T,26552.30553,1183.96566,3756.044766,47.09136983,2262.966733,2071.406347,23839.97434,1298.259619,4240.894958,25880.78503,1321.624665,4239.344268,27236.39319,1218.189662,3806.907559,12338.62671,1122.881754,3576.431876,571609.0035,996.5454784,2997.149658,14514.9909,1125.787756,2417.496612,25726.47182,1242.81007,3800.592672
d45_39_G05_1_3_S,glasshouse_b1,Hartog,T1,R3,S,5832.340905,1525.066713,2633.62727,69.80825072,1721.791439,2376.047021,27726.99309,1704.020313,2390.892005,26991.26997,1045.171867,3184.515329,7584.049112,1538.360076,2609.749752,13546.28679,1707.650418,2397.210249,383752.9338,1446.429776,2089.15442,16025.9538,1433.164992,2724.184515,7914.823672,1543.605096,2630.707391
d17_35_G05_0_3_S,glasshouse_b1,Hartog,T0,R3,S,3786.09403,957.979778,2195.111691,72.32163259,1556.049066,673.969875,11390.23545,791.5572188,2547.776587,14133.49149,903.5053263,2374.076582,3817.604489,966.73772,2199.255818,5440.811644,818.5155295,2870.792923,375085.3731,869.178579,2220.473838,4623.574197,1470.055216,645.9881002,3896.336931,965.5106056,2239.98707
d27_04_G01_0_4_T,glasshouse_b2,Gladius,T0,R4,T,18803.33927,2092.223883,3342.8285,48.24274635,2010.393164,4373.191759,38585.53702,1647.735491,1324.944272,42099.38981,2075.068614,3301.389961,18226.15674,2046.51622,3389.4764,20145.17999,1608.200078,833.3408205,414580.9058,1963.964888,3376.670599,25123.61013,1624.049177,945.7983732,18005.92255,2048.673998,3346.685034
d6_T021_28.10.23,field,Gladius,na,R9,T,69635.57477,184.0906099,2582.325453,80.90478384,175.5989088,1306.183511,195261.7287,923.1844648,1900.087839,220421.8864,916.5258461,2355.399043,66514.58665,174.5477815,2606.643446,110242.1659,1209.814818,5256.282131,644989.9151,271.9827074,3008.486243,121802.1393,1195.430242,5172.042111,65590.18957,171.9257701,2582.094718
d27_34_G05_0_2_S,glasshouse_b2,Hartog,T0,R2,S,6528.466348,2120.120967,1372.017828,87.86538933,1529.890201,553.0672112,31103.08198,1576.496598,1175.068346,43814.29481,1945.529737,2372.892986,6396.316926,2115.834066,1367.504944,16766.41656,1562.92703,761.2809048,469246.6064,1926.142071,978.6994944,13866.66822,1538.390807,621.7443491,5922.769453,2113.411268,1349.582835
d25_03_G01_0_3_T,glasshouse_b1,Gladius,T0,R3,T,13369.26641,1546.429585,3162.680202,57.05482042,1526.630316,1054.633317,22450.58387,1560.236226,3396.881786,23111.77343,1532.656979,3376.431408,12343.21318,1505.240527,3202.097761,10774.31342,1291.199983,2868.979529,747810.2212,1826.351095,2919.30259,11169.79999,1494.383046,1233.239022,15399.67679,1378.343564,1575.540622
d29_20_G03_0_4_T,glasshouse_b1,CALINGIRI,T0,R4,T,15389.30944,1814.644585,2480.556602,54.3858075,810.8402789,3396.373921,30896.0409,1198.920989,4026.257464,32708.26656,946.7420456,2678.844888,15742.37511,1840.342765,2486.480856,17844.47049,1493.711979,4396.247347,586443.1585,1544.467311,3535.810869,15632.17289,1479.97746,4386.572539,17387.69129,1860.250095,2345.841253
d49_21_G03_1_1_T,glasshouse_b2,CALINGIRI,T1,R1,T,17148.87607,1412.702656,2915.941623,65.42591169,1611.120953,3233.984203,53823.14406,1848.51678,4089.68479,54527.60574,1452.42432,1746.230627,15312.22083,1392.81988,2969.462588,31745.58125,1764.062856,4537.349041,567336.3543,1574.134075,3867.697012,37596.81047,1581.578022,2735.510011,15692.48596,1397.605732,2953.167391
d07_35_G05_0_3_S,glasshouse_b2,Hartog,T0,R3,S,1821.364274,1476.502524,497.5423999,70.08875632,1445.590725,622.5884045,6658.804322,1523.856904,268.5576112,6058.371138,1471.646366,376.0643196,1797.820142,1465.879164,546.9321902,1546.151198,1421.757401,315.3619184,255942.6098,1467.117781,272.2475666,1257.635164,1436.117339,303.3222543,1663.987647,1452.629835,553.499789
d31_09_G02_0_1_T,glasshouse_b2,5489,T0,R1,T,11426.30264,771.9301477,4276.972675,70.13451987,2474.478335,4193.903768,43754.75096,2252.796481,4107.17783,56032.01955,2134.593578,2811.716882,11518.20823,814.7871195,4336.555293,21368.24007,2455.303662,4138.647223,372113.2481,892.1530753,3976.879257,24868.03432,2435.812246,4011.159317,11022.72184,820.8299322,4343.002425
d09_32_G04_1_4_S,glasshouse_b1,Forrest,T1,R4,S,2597.960109,1374.805109,679.854345,58.15747495,1407.650963,593.0868621,2107.17122,1363.461563,690.3099824,3374.596072,1404.316977,633.9808812,2811.218389,1373.243308,694.7369408,1506.79837,1556.749373,297.4833476,303169.4456,1471.758097,246.9042608,1974.568461,1581.266992,243.7905314,2850.030163,1362.981643,686.8216052
d19_20_G03_0_4_T,glasshouse_b2,CALINGIRI,T0,R4,T,19213.24798,1805.569865,2375.833034,57.14685245,1222.302964,3158.778114,26226.02121,1811.883179,2942.250238,24918.12056,1792.85573,2966.269389,18716.06229,1861.509236,2292.157357,12526.90113,1863.583085,2153.373095,571147.2106,1958.460287,1892.939307,11542.19707,1888.47734,2430.726188,18594.66864,1859.79983,2342.162268
d19_37_G05_1_1_S,glasshouse_b2,Hartog,T1,R1,S,5246.729147,2357.2616,2522.812586,66.44329959,1020.793116,1999.241537,12824.27588,1080.587848,1884.0598,12789.09459,1068.665337,1927.084436,4055.37598,2383.284062,2512.150781,6442.768078,987.7692373,2072.554047,213975.9483,2585.637983,2605.708589,4246.835879,988.5587955,2145.098031,4429.567494,2362.713788,2528.537524
d25_33_G05_0_1_S,glasshouse_b1,Hartog,T0,R1,S,6663.351493,1320.125555,3574.337674,56.11610484,1150.066906,2048.032278,17804.00919,1177.680325,2821.959243,22747.91716,1242.368129,2602.300674,4859.260986,1332.220944,3580.72002,8917.848871,1149.884389,2394.740222,338025.2832,1458.851442,3086.652869,9450.135934,1162.862526,2374.457177,5665.427569,1350.91659,3551.183606
d31_27_G04_0_3_S,glasshouse_b2,Forrest,T0,R3,S,10510.00411,723.7419645,3240.441133,57.24192736,1421.810807,684.4348027,23779.16204,737.2875822,2996.845197,35934.63167,848.5636378,2170.659848,12121.02282,847.3446582,3215.445845,10706.69753,704.3786229,2931.499664,375678.1304,869.5871752,2205.10656,13649.15823,708.0650276,2798.697686,4670.5328,913.688121,3721.162818
d19_40_G05_1_4_S,glasshouse_b2,Hartog,T1,R4,S,2894.210956,1643.308218,2143.907169,57.85800365,1170.586174,1450.553531,11617.03802,1611.328336,1588.179117,14460.26597,1648.157256,1948.785603,4202.67016,1658.726836,2160.152513,4811.38594,1621.56081,1895.963818,346643.5585,2515.285885,2028.413654,4216.631902,1056.768476,1421.175171,3841.850658,1640.491918,2163.747065
d37_29_G04_1_1_S,glasshouse_b1,Forrest,T1,R1,S,4794.988148,993.253164,3358.786166,56.13317743,961.8704754,3416.142152,8782.6554,835.4398575,3736.427718,11102.17312,855.6580348,3584.523444,4383.085313,968.8457878,3333.901684,3663.010804,875.3712887,3641.325873,502341.1197,2572.815854,2295.1146,3439.179082,2507.952979,2792.631937,3515.283508,960.9503834,3332.04452
d27_09_G02_0_1_T,glasshouse_b2,5489,T0,R1,T,9193.795294,756.5787536,4256.655353,94.12973794,2341.208209,2453.05449,40282.20949,2303.223115,3963.240162,49694.90624,2072.065034,2601.388472,10719.21008,790.7707072,4291.626162,18858.22076,2383.528334,3999.812396,374740.1296,883.8138428,3968.092168,15369.60084,2338.960687,3299.414869,10600.58939,776.5254326,4247.823329
d41_38_G05_1_2_S,glasshouse_b1,Hartog,T1,R2,S,3462.632932,2159.825704,1815.303922,65.85922993,1005.689525,2307.029772,22063.97995,954.7258344,2316.512695,18824.53898,913.153175,2338.715208,4290.93133,2180.145277,1770.491436,11564.54747,850.4413352,1957.293359,394827.965,906.6988841,1585.53545,11925.61949,753.231422,2741.546312,3528.207023,870.4312364,1744.124573
d17_01_G01_0_1_T,glasshouse_b1,Gladius,T0,R1,T,10623.78377,2183.731243,2451.540315,58.92870202,2060.160372,2042.913073,22225.9384,2170.175293,2348.643853,22853.04453,2167.292282,2393.370504,11441.84066,2142.78136,2493.912644,8140.18621,2275.756835,2403.572104,351482.3263,2036.844169,1563.489971,14750.77606,2328.310241,2701.037754,8062.589929,877.8038641,2383.467642
d09_36_G05_0_4_S,glasshouse_b1,Hartog,T0,R4,S,4478.810623,1173.442264,1538.562846,63.96328536,2297.595822,1054.318506,12102.22934,1311.334372,1162.106278,12778.07556,1339.116999,1051.310992,4506.201926,1205.46173,1601.376191,4694.606895,1345.952535,595.2751028,349980.8622,889.6209598,1470.960234,5990.504055,1415.375547,324.4244366,3965.97004,1214.521424,1550.752721
d35_22_G03_1_2_T,glasshouse_b2,CALINGIRI,T1,R2,T,11633.63465,1184.858518,2662.740503,69.01940985,2068.004171,4428.638379,33462.98615,1945.989605,3867.689275,32386.86481,1962.590633,3939.135003,11264.7887,1944.316743,3931.466324,16286.5198,1884.805353,3469.059886,352698.1605,2013.882149,1587.252815,14000.80985,2173.60254,4360.18318,10503.03578,1142.586694,2614.803853
d35_36_G05_0_4_S,glasshouse_b2,Hartog,T0,R4,S,8700.914255,742.0460707,4510.881313,56.19957855,1624.555435,864.9703479,38351.77184,740.7630093,3431.696648,44187.83488,752.2478132,3062.00622,8747.949738,747.1705437,4496.58524,21043.72285,682.8769526,2898.751034,399012.613,1863.709017,899.7801099,20815.97638,720.4618648,3030.349516,9097.840964,753.0633073,4501.362739
d25_01_G01_0_1_T,glasshouse_b1,Gladius,T0,R1,T,10921.32391,935.146281,2609.266195,53.79679694,1452.49377,1030.490456,23998.403,2069.582053,2111.23477,33604.51048,2369.710033,2870.070825,10745.68666,963.4840426,2599.036571,12424.53647,2366.670706,2153.379941,281761.7981,852.8912006,2609.514089,14573.75498,2332.346311,3609.150515,9661.876822,941.1803212,2391.707884
d45_27_G04_0_3_S,glasshouse_b1,Forrest,T0,R3,S,10092.24206,790.148594,3224.523731,69.14625493,1487.011782,685.3312168,35466.74493,1053.623848,3671.496456,34188.33602,788.829957,3221.136748,10734.66585,836.5495333,3263.389857,15588.55924,697.3994193,3030.341232,492260.3465,857.7065168,2293.986624,20438.66549,1460.241478,670.1383934,7161.801843,1425.738889,600.4346091
d17_38_G05_1_2_S,glasshouse_b1,Hartog,T1,R2,S,5509.227565,2197.290017,1758.426081,57.88393296,817.8528527,2561.382215,14596.00146,1062.102651,2237.737248,11851.48709,1051.616294,2257.737468,4654.08748,2187.065769,1859.275039,4591.808221,924.0674064,1831.315317,383261.3856,886.4044448,2426.064319,5037.712025,1316.533858,801.931736,3644.85026,2229.886257,1958.485995
d09_08_G01_1_4_T,glasshouse_b1,Gladius,T1,R4,T,12969.21809,1917.2528,1084.465069,62.17460355,1598.585488,322.7881743,7760.186811,1754.274768,908.9571927,9634.847027,1909.441015,1399.131914,13220.76441,1864.194081,1082.991407,3535.761796,1795.686412,779.7333771,487721.0032,1586.611884,531.4058287,8834.322098,1636.107501,379.9023483,17838.68163,1837.628173,935.0338645
d7_T002_04.11.23,field,Gladius,na,R2,T,228709.2371,993.8998984,5477.170842,69.1398487,759.4617352,5177.883766,370968.533,1075.013826,5483.249695,389148.1957,1277.029282,5249.802445,196194.6816,907.5121095,5497.335312,179089.2544,1023.153442,5214.208407,1507778.422,819.4745467,5303.37094,301193.989,967.1131806,5613.381245,134484.7006,1089.3575,5352.827769
d41_48_G06_1_4_S,glasshouse_b1,3811,T1,R4,S,19605.63986,1434.765519,3231.92032,62.60417734,1696.666567,4366.91309,29940.83393,1226.430821,2846.674598,26418.55181,1631.820644,4047.025294,19374.59024,1459.586076,3241.261836,12418.96885,1753.536112,4493.261348,503774.7153,1698.748744,2731.541117,12693.9475,1730.636908,4479.218022,11615.29106,1477.214848,3276.7943
d09_04_G01_0_4_T,glasshouse_b1,Gladius,T0,R4,T,4298.079169,1653.622879,847.5399489,57.96610602,1568.719591,698.2576606,15314.34777,1653.077796,772.0716071,13833.22159,1916.389012,1192.341089,4232.271297,1646.544134,887.5549632,5705.270125,1723.427676,1155.589316,377431.8617,1445.969261,359.2640934,9333.570066,1626.194219,383.1937672,7000.639703,1388.791206,669.7314918
d6_T023_28.10.23,field,3811,na,R8,S,56443.49552,541.8390498,3806.653291,75.07442535,1354.766607,3202.074271,273125.0855,1007.838275,4884.36938,329588.8784,921.9783075,4518.473498,56388.26895,554.9822584,3806.032973,145554.2657,1016.887075,4302.325397,499959.3479,371.1194739,3505.084479,254337.9347,946.9391643,3725.807692,55162.67502,544.1430586,3737.113552
d11_16_G02_1_4_T,glasshouse_b2,5489,T1,R4,T,4065.5217,1720.982195,1529.011641,60.11049188,1683.160721,1408.414286,6231.794747,1729.930866,1534.265699,8936.77612,1575.788066,1058.271292,6278.809236,1723.862868,1526.762892,3446.122911,1676.100939,554.1410319,344612.973,2017.236903,1476.417032,3223.256934,2259.455109,1515.058833,5122.771853,1714.533542,1490.308716
d07_32_G04_1_4_S,glasshouse_b2,Forrest,T1,R4,S,1658.473444,1482.608374,334.0914709,69.88298397,1511.337651,271.1080949,1940.263642,1490.347201,272.5681949,4084.438284,1360.318513,667.9852541,1929.83658,1344.286882,681.4080828,3607.769747,1519.096484,258.7689033,312780.1844,1450.829629,238.334204,1051.905818,1377.40158,578.8797851,1910.923987,1337.094604,661.5705543
d07_41_G06_0_1_S,glasshouse_b2,3811,T0,R1,S,4370.017361,1525.430519,990.1678335,69.0980091,1686.733403,733.6678882,7017.440629,1626.068426,368.6283352,9337.354642,1580.759658,614.7610239,3001.338621,1569.569926,901.20566,3685.419304,1638.750236,246.3889539,386487.6825,1452.847734,363.5543365,2731.750706,1643.70211,257.6280384,3744.277156,1561.256088,920.5200055
d21_14_G02_1_2_T,glasshouse_b1,5489,T1,R2,T,9950.652421,2205.080898,2619.627908,72.00089435,1924.227977,1198.491838,10575.6203,2162.946553,1999.129966,18081.44995,2212.386739,2526.862828,10597.77781,2184.489542,2604.945278,7092.103197,2246.800144,2515.781327,533680.5982,2121.370437,1370.384928,6366.133513,1990.719516,1298.500364,13925.6865,2105.546865,2210.670449
d27_21_G03_1_1_T,glasshouse_b2,CALINGIRI,T1,R1,T,18711.674,1902.717552,3042.462452,48.80921403,1693.401994,3140.471513,30957.27583,1428.66685,2022.773266,33325.63135,1420.862129,2032.875959,19837.60939,1873.72345,3075.587313,13440.56508,1647.359488,2781.754001,657043.9915,1388.761876,2334.455436,16144.25662,1803.203094,3859.103867,18640.12559,1859.108787,3142.748376
d19_48_G06_1_4_S,glasshouse_b2,3811,T1,R4,S,7799.209407,569.7078256,2006.787927,46.00475551,1369.282609,1072.26469,21651.25267,1176.012583,2405.078794,21364.90413,1170.741421,2415.28921,8344.842785,637.064633,2028.477684,7404.551814,1567.167491,948.4900234,403763.7663,1429.538325,992.0745672,4684.987829,1484.635919,722.59391,9143.749152,639.9408581,2048.379689
d33_34_G05_0_2_S,glasshouse_b1,Hartog,T0,R2,S,5456.808543,2133.761926,1338.372576,85.09290281,1644.437048,644.4916071,27037.43713,1579.735452,1507.655079,27724.53502,2123.429609,3003.412066,5843.041949,2142.503999,1331.197014,16904.16831,1722.27829,1175.395127,450564.0896,1919.182364,996.2835559,27986.72361,1616.039104,702.5369753,6209.498615,2130.006792,1274.759164
d45_16_G02_1_4_T,glasshouse_b1,5489,T1,R4,T,11726.82356,1990.014654,3359.696863,65.64252614,1615.394386,711.1101561,37905.82454,2337.973139,4001.01668,50066.90978,2357.449328,3623.910419,13052.90542,2057.107844,3311.025731,17831.15443,2429.90917,4305.601228,563611.3201,2070.172086,2943.792934,30614.89856,2390.954304,4100.97022,8815.5315,2087.466263,3492.496934
d25_01_G01_0_1_T,glasshouse_b1,Gladius,T0,R1,T,10003.59063,940.2907325,2630.514931,54.3537248,1471.587317,1040.048321,22472.82282,2080.614543,2138.050366,32911.75204,2365.819885,2879.005675,11091.14925,969.9566596,2592.787244,12421.35997,2360.356572,2133.56148,282807.7361,821.4384902,2607.905264,14622.70174,2344.302398,3619.689415,10092.17654,928.5877601,2422.093872
d45_05_G01_1_1_T,glasshouse_b1,Gladius,T1,R1,T,12419.36517,1402.965286,4058.41332,46.95808967,1153.278192,3515.437951,45707.03797,1649.843423,2477.179246,43903.5292,1362.280612,3978.647041,8232.038594,1442.523871,4260.323181,22772.26957,1142.747906,4156.387926,390930.9036,1109.425243,2642.901785,49324.54025,1156.237738,3222.430022,6934.896423,1400.64904,4118.618271
d19_27_G04_0_3_S,glasshouse_b2,Forrest,T0,R3,S,6940.936861,741.4936909,2777.852882,65.43874872,683.4514684,2630.871748,11002.09979,739.7432246,2427.46303,14529.7028,780.100655,2308.265857,4569.554325,2716.387411,2006.608677,8000.200175,1471.66622,684.8073654,377024.5925,868.4955695,2520.639865,7258.901845,700.253643,2376.380798,4796.419067,2716.177392,1915.009472
d45_21_G03_1_1_T,glasshouse_b1,CALINGIRI,T1,R1,T,34527.43846,1861.883933,3723.923885,60.95549005,1766.016015,4498.946162,35891.46806,1791.204337,4253.528299,40467.29323,1780.180535,4272.187175,31384.4219,1792.043412,3746.884347,12337.94571,1675.114255,3472.977804,553434.8267,1571.470641,3898.568428,28354.60247,1636.267695,2607.944436,28720.09823,1798.857003,3837.422059
d15_06_G01_1_2_T,glasshouse_b2,Gladius,T1,R2,T,9552.213365,1600.400807,1630.456919,62.06370746,1662.073038,802.7744704,13122.86256,1621.873174,913.5475378,13222.79135,1546.974732,1922.930507,10011.32162,1540.785641,1569.810684,8522.718431,1633.318628,746.7392994,577891.5705,1487.789423,1356.576316,10638.96591,1641.571991,817.0957311,9838.893182,1540.129845,1565.01365
d45_47_G06_1_3_S,glasshouse_b1,3811,T1,R3,S,5932.812567,672.799012,4661.214559,71.22217272,1392.403133,3811.90297,28294.0157,1510.997151,2760.441782,32540.56872,1503.136621,2725.976219,5138.585,692.5504203,4619.359328,15300.22578,1510.348408,3586.081866,332577.0492,869.8723006,4279.60814,14397.47058,906.5126266,4363.795288,4259.607951,1124.44811,4462.262027
d41_16_G02_1_4_T,glasshouse_b1,5489,T1,R4,T,11742.30332,1945.346118,3303.686394,52.22525542,2202.137234,2162.372423,30031.29791,2007.073096,4109.85341,40073.10136,2203.046406,3347.265862,11528.66251,2028.219505,3365.139734,17501.09766,2388.142025,4071.46669,409182.153,2039.531341,3096.744665,21388.22966,2206.497939,3690.479052,7577.410795,2051.716925,3514.14836
d37_10_G02_0_1_T,glasshouse_b1,5489,T0,R2,T,20488.38168,2437.426969,2537.161666,53.20861874,2503.309601,3787.367232,39920.96036,2762.055237,3990.62358,41764.47196,2755.993183,3974.079493,14821.76061,2524.271134,2893.211901,21948.04588,2407.947374,3607.234448,435699.5322,2571.87867,2318.701786,18555.06095,1778.488857,717.2684166,15768.27049,2539.922374,2881.19198
d31_10_G02_0_1_T,glasshouse_b2,5489,T0,R2,T,15990.12225,2515.535678,2897.22323,54.7197308,2461.320152,3000.418708,46038.34232,2214.722511,3426.20354,66528.4869,2345.278229,2084.19312,16403.07532,2520.29869,2881.409143,20178.26885,1778.970181,756.241541,518720.8874,2587.170916,2364.355613,18713.98957,1770.292896,718.5820319,16015.6888,2524.206999,2826.361172
d35_20_G03_0_4_T,glasshouse_b2,CALINGIRI,T0,R4,T,18228.3494,1768.464859,2403.941574,46.4075727,1626.180057,814.3820626,51006.82296,1113.468595,3697.45936,57575.70817,1123.838196,3715.931124,18308.29823,1851.870186,2375.780934,29928.89816,1820.484053,1109.918215,575730.0519,1936.38199,1881.089596,24665.19395,1773.386831,1068.444226,17776.70439,1848.168945,2372.078385
d21_23_G03_1_3_T,glasshouse_b1,CALINGIRI,T1,R3,T,9904.465962,1463.498004,2449.043815,62.75036841,1460.416831,2028.223421,14851.14401,1409.634272,2128.695251,16742.98549,1396.577662,2170.402422,8921.262655,1498.289934,2422.534236,8064.259003,676.5472519,2215.573022,498480.6026,1514.073997,1786.731728,5243.694775,1603.53655,1525.612776,10177.44213,1516.255845,2319.298443
d37_22_G03_1_2_T,glasshouse_b1,CALINGIRI,T1,R2,T,11944.1503,2003.239091,3999.030912,67.05877976,2021.859739,4291.450933,27515.57854,2005.729825,4259.86365,27265.12982,1984.770963,4261.622392,9406.329107,1952.580434,3855.381704,13260.69941,2050.68747,4542.972241,573950.3559,1941.370034,3595.131772,15746.00014,2027.232504,2482.429723,11411.42863,1958.651231,3839.323232
d29_43_G06_0_3_S,glasshouse_b1,3811,T0,R3,S,16131.59223,1758.748089,3667.045572,61.58332835,676.9340878,2679.842103,33724.76242,1285.388067,2724.348748,34986.90584,1742.521796,3965.487286,17293.84992,1816.834707,3635.378863,19447.34294,1841.471665,2650.123389,473659.7784,815.1825964,3472.390518,21760.73662,700.8315561,3995.531553,16831.03894,1805.558733,3631.750489
d41_47_G06_1_3_S,glasshouse_b1,3811,T1,R3,S,3327.166053,979.9702149,3362.824505,62.01909349,1526.987676,2443.024872,23157.5463,1657.002453,2361.478339,18462.1952,1283.568634,3332.670359,4298.996182,2023.393645,2119.468493,10300.00865,1280.196727,3366.779783,361997.7792,1474.879043,2128.972024,11642.12655,1524.680952,734.7730204,3690.936091,2025.727585,2099.689431
d49_37_G05_1_1_S,glasshouse_b2,Hartog,T1,R1,S,4754.788497,2384.443784,2545.659485,59.14847816,1650.826057,755.2607021,14486.94194,1609.959392,2293.721384,13699.17068,1605.570073,2309.688109,5300.770582,2408.250139,2579.914419,10080.71521,1648.285358,802.9018007,382520.5992,1887.567421,869.1000142,5000.546541,1467.957416,721.4978354,4574.767441,2393.807742,2553.150663
d45_29_G04_1_1_S,glasshouse_b1,Forrest,T1,R1,S,4147.328603,859.5149656,4604.436203,46.0306428,1345.128172,1111.063843,12283.01208,2513.637262,2912.373063,10728.16968,2508.95821,2938.695465,4055.832554,864.5117818,4557.08325,6133.547261,933.8978624,3558.347563,374783.7157,880.3865456,3916.6915,5943.519377,1549.823013,631.5365276,4102.147018,884.7852044,4617.940807
d11_18_G03_0_2_T,glasshouse_b2,CALINGIRI,T0,R2,T,10341.30153,1654.434448,705.3357982,62.17334254,1456.778672,429.9086458,20380.41237,1649.037622,725.2036595,25593.25974,1471.754132,856.3083061,10876.28081,1550.425565,713.6375843,7777.570096,1452.392698,395.2648013,469810.3327,1473.573602,432.3085839,8931.887508,1464.180205,397.6970511,10871.69295,1555.200832,689.8578921
d4_T017_14.10.23,field,Gladius,na,R6,T,20191.03166,1326.315307,4909.878416,67.79875413,1441.331411,5260.581072,175860.556,1239.600889,5012.286185,189289.1673,1251.18966,4885.515295,12468.00224,1327.648094,5115.11696,88808.06431,1130.705648,4614.875964,392522.8728,1206.450064,2461.796755,78480.19069,1577.743856,3630.548475,12267.00006,1326.325846,5119.529048
d33_17_G03_0_1_T,glasshouse_b1,CALINGIRI,T0,R1,T,21569.64707,1402.58749,3509.13772,57.81492242,1203.038859,2363.158666,34490.29212,1294.341044,3128.780375,34747.72664,2435.718479,2345.099838,21338.64144,1332.764051,3422.980968,15140.06091,2780.411047,2600.270225,493097.2131,1416.938761,2221.269862,17989.17502,1280.286169,2668.48761,19274.77483,1341.954771,3631.841713
d45_27_G04_0_3_S,glasshouse_b1,Forrest,T0,R3,S,10499.61913,788.8675537,3222.466251,68.89638068,1492.612548,703.3314776,31513.91543,1075.09926,3666.959057,36157.02506,787.173086,3225.188691,10610.77999,849.6181242,3222.460571,15868.60705,691.5724453,2999.832934,497760.7066,822.9102244,2346.141946,21073.17342,1470.281865,761.4472077,8401.412652,1427.741931,620.25032
d31_27_G04_0_3_S,glasshouse_b2,Forrest,T0,R3,S,10044.45082,749.2684329,3149.584963,57.09412836,1408.198504,679.0417644,24796.87129,724.4222686,2974.958052,34534.531,863.4957338,2146.192311,10864.29382,827.0469982,3197.927188,10270.04791,689.5261214,2968.248445,386685.5016,879.2321998,2235.553239,12268.06907,700.1851764,2804.365582,4755.945153,903.1103991,3663.302534
d29_27_G04_0_3_S,glasshouse_b1,Forrest,T0,R3,S,11155.84196,759.2007436,3180.378484,61.35558232,1465.382179,716.8992833,22518.26862,731.7114501,2765.549206,24732.02803,749.3820021,2742.921312,11464.76302,815.2440308,3168.352687,10179.81175,697.4199881,2964.960051,431374.3255,859.3734074,2269.835933,11970.47473,769.1148046,2257.851421,8084.574486,856.1137216,3506.401803
d19_18_G03_0_2_T,glasshouse_b2,CALINGIRI,T0,R2,T,18789.44548,1196.328131,2279.944699,54.75637138,1442.058971,2025.965652,27523.91001,1449.376597,1151.154599,37198.76059,1402.34665,1239.900842,16286.98269,1201.192485,2242.806143,12421.49435,1518.741204,735.8299925,326623.0017,1006.269222,2172.738509,11192.47202,1387.312639,1990.356686,18199.22401,1194.01613,2251.377128
d49_20_G03_0_4_T,glasshouse_b2,CALINGIRI,T0,R4,T,24268.43776,2145.627553,1175.951312,75.1195822,644.1512679,2419.080204,97642.46278,1535.00189,1532.126928,119291.1373,1885.481119,2989.902724,17828.4939,1869.78287,2354.711632,50178.36905,1510.364645,980.5052418,455332.7712,944.4409918,1950.872554,49520.27094,1728.580909,1063.778271,18009.73069,1891.208598,2379.347038
d17_17_G03_0_1_T,glasshouse_b1,CALINGIRI,T0,R1,T,10561.23915,1222.755697,2705.613814,54.7546217,1418.06749,1390.948299,19279.41437,1389.539703,2762.029749,19318.04794,1370.506798,2730.570327,11195.01314,1247.804884,2794.277442,9092.964757,1381.476562,1525.883237,528149.5971,1001.659405,2243.947755,15497.55917,1276.212003,2648.23973,11260.58999,1242.409812,2733.370956
d11_19_G03_0_3_T,glasshouse_b2,CALINGIRI,T0,R3,T,5405.908446,1677.069369,1539.666901,68.20797233,1568.496439,1916.13677,16453.22682,1542.809566,820.5400929,16331.7358,1540.882807,837.7668693,6385.993589,1667.32398,1531.073826,8027.731633,1515.107821,572.8042302,330887.5651,1442.941437,1353.222001,5584.443379,1583.968961,1985.669861,6237.037658,1700.739863,1564.400094
d13_02_G01_0_2_T,glasshouse_b1,Gladius,T0,R2,T,8324.164002,1730.569458,1952.478117,56.13899218,1858.428026,1596.22893,12620.69721,1764.285688,1367.943774,11481.58136,1766.684282,1266.070294,7753.022646,1767.509986,1897.658195,6805.181322,1882.521008,2201.884187,373351.5202,1604.388032,1463.582273,4280.224983,1491.61496,358.7293616,6714.301446,1764.121094,1936.214805
d25_43_G06_0_3_S,glasshouse_b1,3811,T0,R3,S,13722.80909,1760.723537,3336.875459,46.24134963,668.3978552,1811.007858,28351.26572,1764.213386,2674.056767,33499.31744,1810.295755,3012.844372,13039.96417,1776.67088,3331.601645,15088.8253,1794.989328,2437.071896,423964.7887,857.5587475,2830.173652,17863.20802,752.6284614,3627.903249,13510.57991,1770.478049,3302.357161
d49_36_G05_0_4_S,glasshouse_b2,Hartog,T0,R4,S,22845.87057,1531.428535,674.8084735,47.90417924,3016.125197,3549.529229,89902.54026,1867.226504,3900.21718,122275.5372,1034.333649,3186.786954,18186.98729,1509.484948,709.8099468,58016.60334,1572.558004,858.4885171,374062.958,1460.580362,338.1898897,50990.67711,1613.598132,760.7315752,18216.65295,1513.222156,694.2983895
d45_25_G04_0_1_S,glasshouse_b1,Forrest,T0,R1,S,6456.759166,700.2418833,3108.469867,87.81001882,1446.302482,787.3028167,33857.8278,882.5361247,4132.096909,33709.17722,1310.182223,2321.441202,5680.199585,718.6063103,3068.953428,18048.91084,789.7599345,4333.168699,409012.5322,865.7705523,2823.249483,20254.76696,1396.234595,782.2750288,4245.818401,986.3535582,3026.979083
d41_06_G01_1_2_T,glasshouse_b1,Gladius,T1,R2,T,6771.178994,1491.331174,1634.030916,76.93455257,1624.799822,1135.612039,25645.2521,1704.419536,1198.566302,25413.12321,1711.540675,1197.098557,6397.179174,1494.132307,1609.715455,12819.86542,1935.63359,1233.468404,364416.0473,1920.949775,1453.550702,16394.8587,1841.460331,1096.320758,6431.407759,1889.537812,605.3941924
d05_24_G03_1_4_T,glasshouse_b1,CALINGIRI,T1,R4,T,2115.0134,1521.595911,715.4083678,42.28533791,1661.503613,296.3135869,7109.25244,1524.73528,665.624594,4619.857334,1538.997954,721.0935146,1996.087562,1519.450521,696.8845327,2453.711766,1531.625183,838.3522936,286105.662,1464.408365,277.3114641,1542.638939,1700.683478,399.4531242,1980.198185,1528.813232,708.6190488
d05_35_G05_0_3_S,glasshouse_b1,Hartog,T0,R3,S,2046.776874,1854.985935,579.1144702,59.24101345,1486.689419,645.0624341,2701.864418,1510.978681,497.1310284,3563.349527,1500.198754,534.6590548,1885.079421,1874.397083,608.9018304,2043.658897,1503.437986,356.4552033,275293.8066,1487.800012,273.8121309,1145.837439,1602.486286,156.0432672,2634.833883,1504.971487,566.9170875
d41_18_G03_0_2_T,glasshouse_b1,CALINGIRI,T0,R2,T,13640.79597,1075.245222,2650.178161,69.71467989,1019.259226,2653.816947,45128.37738,1582.225128,2397.902607,41516.16032,1586.307543,2242.632928,12965.25163,1182.808258,2671.358912,23042.32134,1058.241629,2238.647861,447710.4878,984.8198744,2297.319976,25385.4304,1070.616115,2220.316989,16354.16492,1185.469234,2385.55123
d15_04_G01_0_4_T,glasshouse_b2,Gladius,T0,R4,T,14129.59928,1993.238482,2473.809742,47.88805155,1545.431144,729.9420862,22067.45632,1884.501483,2318.662444,17972.62432,1871.379311,2294.992062,11702.24417,2067.128687,2581.666107,10012.88507,1580.297765,756.0229679,367161.1413,2016.718488,2189.616382,7964.565726,2074.006825,2717.991987,11307.29214,2063.085413,2576.069959
d17_46_G06_1_2_S,glasshouse_b1,3811,T1,R2,S,4762.565499,1115.800201,2260.729147,66.13593463,1775.15639,2508.195075,14308.45444,1912.505828,2273.37914,13737.23784,1892.809332,2356.837939,4112.075451,1137.974587,2283.647517,3156.414801,1799.74421,2603.888052,371468.8431,1011.328161,2076.931973,4024.971105,1147.316097,2062.085534,5320.767508,1144.970581,2290.698985
d17_38_G05_1_2_S,glasshouse_b1,Hartog,T1,R2,S,4249.281366,2197.868481,1818.275549,57.83625399,840.7932412,2551.385673,13504.381,1053.359653,2259.329759,11136.25794,1064.052097,2298.455388,4222.85747,2178.264718,1816.795666,5500.749389,907.4769504,1819.771923,384710.3504,883.2159967,2469.272184,4465.659006,1303.254438,775.4544017,3760.746043,2226.015529,1956.951952
d33_04_G01_0_4_T,glasshouse_b1,Gladius,T0,R4,T,19875.41042,2069.925454,3480.41189,80.96316463,1677.286435,722.5831288,30053.25831,1721.518701,2048.66581,29884.83772,1738.348391,2024.642152,19997.46226,2059.763831,3451.9472,15998.67034,1656.500119,1457.443345,357392.7118,2025.243227,2172.727265,23668.26251,1641.578085,824.4562886,17971.40477,2099.064226,3667.737594
d05_35_G05_0_3_S,glasshouse_b1,Hartog,T0,R3,S,3353.712786,1880.186602,639.766228,58.80823436,1491.62577,709.0536093,2162.099872,1504.437236,557.9837447,4174.99014,1516.597406,550.803812,2490.930218,1863.271916,612.5448739,739.5559779,1490.542469,453.737644,277914.0905,1441.61826,247.96777,-103.0584571,1616.970752,208.9400963,1946.080729,1520.71179,549.3154994
d37_29_G04_1_1_S,glasshouse_b1,Forrest,T1,R1,S,4241.654445,972.9041884,3314.180062,55.61752826,948.0892266,3398.904411,12600.73819,839.5730172,3707.470269,14007.3179,862.1667332,3581.915478,3642.569122,980.3957933,3344.597975,5399.010537,865.4686198,3679.182694,501245.1291,2595.842466,2293.980913,2965.724126,2494.311829,2767.391086,3683.612426,974.3453825,3357.014713
d13_33_G05_0_1_S,glasshouse_b1,Hartog,T0,R1,S,3073.526934,1240.44307,730.0946318,58.86441121,1174.219442,744.2368862,9962.997161,1280.09407,2137.209698,9983.067974,1278.686359,2131.127966,2784.645658,1241.191175,791.7583898,5782.373858,1149.473183,780.4437544,382093.4109,1017.520481,2042.293855,4891.291061,1165.484481,1935.970677,3064.828936,1242.115499,824.7829327
d11_42_G06_0_2_S,glasshouse_b2,3811,T0,R2,S,2711.166212,1941.124543,2107.079602,51.14595285,1103.063342,1060.592766,16216.29592,1326.895127,703.0248518,14690.15089,1301.269783,729.4234395,3210.277059,1925.295786,2101.792939,6300.89087,1089.796297,912.0681901,380201.1495,849.7737044,1313.574308,4153.509139,964.5230416,1562.800131,2361.444445,865.980778,1596.552052
d31_46_G06_1_2_S,glasshouse_b2,3811,T1,R2,S,12503.50189,1035.655397,2520.575319,69.33888974,1289.155003,2057.950547,23227.77895,1647.825907,1960.114244,22391.01032,1719.862845,2137.605669,11048.67708,1047.738326,2565.847277,12818.4237,1287.079603,2222.506601,396087.0176,1436.295662,2048.519644,12054.8027,1273.078967,3961.573819,11250.21003,1061.132261,2585.625638
d17_48_G06_1_4_S,glasshouse_b1,3811,T1,R4,S,10091.45627,1216.735792,2170.843509,66.07108798,1505.933808,744.4992513,13226.12858,1224.483523,1749.495899,13417.86023,1224.938337,1843.461106,9805.802733,1238.458279,2150.044292,7377.376858,1357.647589,2566.519884,363174.8976,871.6225994,1444.920185,5825.463843,1503.850651,726.3482429,6959.335524,640.9386592,1922.700234
d13_11_G02_0_3_T,glasshouse_b1,5489,T0,R3,T,4751.691089,2290.709388,1348.35964,64.80246754,1458.345284,2392.366548,9600.531215,1461.895428,2178.634062,13022.97396,1469.169874,2162.927748,6258.981903,2277.629261,1389.040488,5520.843651,1317.000998,2043.897982,373016.428,2069.927497,952.0881976,7575.876372,1361.427694,2229.711368,6345.626109,2228.750068,1246.729887
d19_45_G06_1_1_S,glasshouse_b2,3811,T1,R1,S,7826.629758,754.0679106,2086.317622,79.05914281,951.1652789,1166.226891,16720.48982,1301.492426,1421.397766,19199.79567,1370.146026,1494.968747,7614.33057,758.0045647,2135.541414,10591.26178,1458.756781,1908.792804,369209.9191,866.127795,1470.939923,4155.377031,1473.893285,1479.738168,6702.160226,770.0927182,2106.128943
d21_12_G02_0_4_T,glasshouse_b1,5489,T0,R4,T,11579.30581,1984.646625,2648.168795,60.17813829,2112.828062,2846.438803,16934.90926,2062.096984,2814.775826,17516.33096,1057.587109,2203.022303,12699.81231,1935.614002,2635.675271,8755.007632,1343.855043,1753.952063,359539.2004,2013.478742,2222.886136,13693.06415,1536.823792,945.8707023,13007.65921,1939.934072,2680.821571
d11_38_G05_1_2_S,glasshouse_b2,Hartog,T1,R2,S,3021.453125,2129.671216,1528.717003,54.34282145,1322.063584,499.6624518,10813.24148,1111.170748,1039.811672,12271.85653,1125.154047,1038.099787,4381.955558,2156.87305,1525.839131,4039.554233,1304.482433,541.8737633,375792.5012,862.1792536,1328.087598,5652.727123,1307.864084,545.4102195,4420.572847,2135.431392,1544.630477
d13_28_G04_0_4_S,glasshouse_b1,Forrest,T0,R4,S,5118.472719,1503.702188,1896.895314,69.5342617,1529.815499,374.811339,9061.092924,1144.664201,765.8557004,10066.03095,1130.411878,758.4378426,3855.334754,1516.419894,1922.051552,4886.015664,1497.837646,1905.660519,363883.5767,879.8188926,882.731533,5793.148129,1535.02743,352.0773927,3598.96961,1494.755037,1883.89816
d31_27_G04_0_3_S,glasshouse_b2,Forrest,T0,R3,S,12311.08037,745.2238867,3241.248722,57.13758636,1409.902175,733.5915271,24670.38565,730.9203802,2999.136315,35665.73851,860.937653,2191.876895,11634.68334,832.7692196,3191.989087,10291.78944,696.7040164,3007.205783,376986.5085,879.4742872,2212.637692,12237.62957,691.4462926,2822.647252,5591.52606,893.9560528,3707.147826
d25_09_G02_0_1_T,glasshouse_b1,5489,T0,R1,T,7619.817856,1098.393276,2883.481686,69.76405259,2403.592323,3822.357643,35361.26648,2180.169091,2995.863688,29315.52789,2431.870856,3103.9118,7479.320689,1103.377986,2963.403363,9792.83061,2345.515466,3083.332817,346354.0024,2094.676046,3748.808158,14556.16634,2282.599736,1982.51607,6583.917637,795.9280383,3989.836596
d05_39_G05_1_3_S,glasshouse_b1,Hartog,T1,R3,S,775.0434539,1701.063335,620.062414,65.65176009,1694.074113,349.4689766,775.7817187,1685.444907,629.5665144,-246.7083304,1693.900533,646.8762598,272.8537083,1686.793137,665.2144495,1269.614893,1762.287926,402.1264966,335553.5231,1462.544262,268.6371347,-681.81986,1713.349541,431.271297,1691.119221,1730.074947,473.5353192
d29_09_G02_0_1_T,glasshouse_b1,5489,T0,R1,T,10592.20988,775.3064415,4332.019653,63.8832537,1756.157246,911.3783271,35954.75034,2247.774521,3156.595253,32500.61461,2418.060091,3376.236558,9228.530691,848.2067152,4277.619706,10132.09897,2465.542932,4340.015267,371658.1724,878.4738896,3952.743446,13516.51587,2265.167244,2076.32749,10753.29188,839.4357667,4299.892939
d49_06_G01_1_2_T,glasshouse_b2,Gladius,T1,R2,T,19368.74518,1639.321652,768.0954212,56.31218256,2068.018508,1474.343362,67708.61798,1825.692063,953.0999271,67360.59172,1826.466371,946.7529738,15369.71186,2282.071512,1516.083278,34913.6862,1711.586599,716.4525369,534787.451,1466.722747,511.2869962,35352.35153,1887.89394,1223.610374,14105.0968,2295.893172,1545.361434
d7_T009_04.11.23,field,3811,na,R5,S,72364.82481,1122.747068,6037.956334,67.0108622,791.7303329,4175.1539,281049.3303,1123.807832,5207.483421,306809.3514,1044.145625,5094.80039,44248.98651,168.6686556,909.5770882,136283.3523,1142.70792,6182.309074,1007836.249,400.7640577,621.8063538,135048.3036,1161.706048,6235.326555,42711.72765,164.6946503,967.0360173
d37_26_G04_0_2_S,glasshouse_b1,Forrest,T0,R2,S,7396.259682,958.898536,3934.697687,50.04396355,1709.669302,3308.997023,22004.55519,1592.383805,3989.742042,22759.81619,1592.492266,3977.79755,6539.305108,970.6051097,3915.913754,12305.08077,1629.8811,3512.653749,337196.6356,875.0289994,3785.30766,12838.74567,1649.550327,4227.746807,6383.260024,986.1730602,3999.006819
d19_43_G06_0_3_S,glasshouse_b2,3811,T0,R3,S,7484.784448,1807.45057,2934.55103,62.07184528,1627.223215,2053.371626,29257.1461,1245.825944,2777.185939,29512.56979,1309.460048,2607.246934,7678.448211,1768.600914,2948.075648,14481.79115,1686.312733,2156.014472,380888.83,1507.410734,2580.318407,12379.89872,1531.325459,2132.262338,7561.435852,1762.460426,2990.462771
d45_34_G05_0_2_S,glasshouse_b1,Hartog,T0,R2,S,13985.31282,1047.918756,4360.28425,95.87817855,1607.331615,853.5796628,58191.74989,1347.992922,3522.288415,84242.75615,1551.60146,3097.445518,11909.66995,1068.838648,4322.8429,32162.38767,1634.878198,1318.568652,433840.1686,1391.359048,3713.918559,61719.29227,1666.559296,844.7741838,12306.56896,1068.473654,4322.153331
d27_38_G05_1_2_S,glasshouse_b2,Hartog,T1,R2,S,2718.758495,1086.330854,2492.231383,58.53327339,937.6743774,3063.486003,24927.30129,1042.885302,1917.394222,25305.15158,1072.194038,2093.403291,4191.110074,1089.786143,2524.750147,9972.328788,868.8583276,2140.95426,380508.8908,876.5427955,2417.812847,12073.1193,886.569157,2299.407075,2727.930195,1072.910775,2495.761785
d7_T021_04.11.23,field,Gladius,na,R9,T,63864.36692,168.0776327,2665.264697,80.16961443,1423.535071,2688.630714,184880.2117,1067.0932,2206.684634,207367.8181,881.6593422,2388.156961,56637.05763,149.6047572,2603.172065,107804.0325,1224.056416,5316.368234,423796.2289,249.1601232,2577.135786,112233.1609,1179.370216,5278.717764,55251.42815,141.8598746,2574.306725
d31_07_G01_1_3_T,glasshouse_b2,Gladius,T1,R3,T,15340.07749,1328.420129,2053.402869,60.43592975,1709.677969,703.7702387,27324.64957,1598.47589,1157.505323,29367.39134,1498.739989,2225.325611,13793.19279,1347.594393,2099.560515,13158.56442,1720.33851,1445.440817,667270.3313,1759.884901,2030.779422,9188.885793,1834.683019,1230.148224,9326.90139,1448.614772,2743.070381
d33_12_G02_0_4_T,glasshouse_b1,5489,T0,R4,T,13920.22347,2055.166023,2802.565472,76.08270683,1590.271227,666.9372186,35085.43987,1752.123652,2053.553459,40675.20556,1733.968977,2085.871705,13311.14634,1972.001207,2806.399215,18609.48541,1387.099034,1871.879403,596959.0671,2101.427169,2512.577982,22272.88467,1612.83734,867.1065647,13122.45958,1975.589342,2827.604719
d13_24_G03_1_4_T,glasshouse_b1,CALINGIRI,T1,R4,T,8211.463604,2210.444383,1518.566409,49.71365185,1271.772362,932.8976662,14306.05195,1297.832008,1792.350206,17153.75905,1291.276991,1723.397182,8321.756253,2203.03357,1540.964526,5798.210688,1221.911622,1190.209037,337021.6778,2050.548635,1484.068361,6072.477574,1581.892539,512.1617278,5673.416382,2250.0572,1689.963664
d27_43_G06_0_3_S,glasshouse_b2,3811,T0,R3,S,15192.46849,1765.706868,3629.250599,46.9891294,2066.91491,3593.783808,41527.6734,1723.090708,3677.963691,44582.60818,1395.49651,2077.850157,15085.99661,1811.376279,3613.814444,21304.61278,1715.052661,2330.319764,422929.2337,340.4796562,3336.424372,19538.75598,712.1624387,3889.512652,15009.0439,1786.516945,3591.872523
d29_10_G02_0_1_T,glasshouse_b1,5489,T0,R2,T,14029.3225,2496.800682,2857.267039,52.92853389,1764.005333,575.2164333,34714.36649,2058.611904,2223.413671,32816.07235,2046.989529,2166.811544,15022.79444,2487.93184,2823.494999,14475.629,2318.320465,2514.867332,432855.0832,2579.979668,2336.556052,16396.19876,1745.73947,702.973501,15375.00705,2508.248848,2830.340936
d13_40_G05_1_4_S,glasshouse_b1,Hartog,T1,R4,S,2443.588229,1624.977492,1463.475204,72.00200664,1110.569436,1128.176933,6497.4754,1647.001284,1607.343916,8099.266854,1634.896425,1573.874609,3633.360423,1611.927242,1457.482067,1561.664164,1636.984147,1821.592296,383943.3468,1912.08202,1440.819381,853.0179264,1641.526511,1862.462795,3746.270534,1133.149225,1118.893488
d05_39_G05_1_3_S,glasshouse_b1,Hartog,T1,R3,S,33.68919927,1701.18798,616.9995761,66.19375364,1710.302076,338.9188952,2309.038806,1687.595044,703.4203686,1915.558717,1701.932054,690.7339069,1116.794066,1679.348535,655.1537777,505.5053184,1779.645279,406.6090131,330246.5395,1446.431066,327.3358065,-302.2579164,1707.810896,388.2237518,768.873445,1741.217312,415.4773617
d45_09_G02_0_1_T,glasshouse_b1,5489,T0,R1,T,14594.25091,780.8062382,4478.948116,57.33705379,1199.968414,3830.20789,50025.32114,2435.928094,3249.351429,46653.28319,2148.332048,2983.792393,13642.85096,805.7016182,4481.589797,23104.95976,930.418613,4505.993364,533701.9851,857.3991766,3913.754047,24642.02945,2489.404288,4155.095078,12613.71092,830.593201,4281.498428
d19_22_G03_1_2_T,glasshouse_b2,CALINGIRI,T1,R2,T,12300.73577,2110.684621,2271.57113,57.39047387,1857.40222,2181.288514,15080.39061,1691.928169,1433.427365,18667.09262,1786.499024,2468.623137,11378.43127,2136.695038,2279.309526,7608.661888,1943.809042,2215.158415,684273.2105,2000.721339,1456.286387,10682.79993,2059.113145,2661.545961,6699.19673,1798.144194,2167.137498
d09_04_G01_0_4_T,glasshouse_b1,Gladius,T0,R4,T,4882.628311,1647.079428,793.2839803,57.94866035,1578.288765,724.2333768,13891.79264,1647.695929,760.698934,14524.29574,1917.586359,1201.685839,4240.782435,1632.786732,839.6323493,6950.595915,1709.595445,1224.453103,382642.4537,1434.829788,359.6863064,10698.83404,1615.26538,420.5041989,7115.784096,1412.94213,607.5363455
d41_29_G04_1_1_S,glasshouse_b1,Forrest,T1,R1,S,4261.219613,2208.686859,3694.865864,47.15571403,942.5384958,3461.924683,11858.2106,828.5143548,3866.553447,10387.2412,829.2535854,3719.84768,3732.600002,2208.80085,3614.796279,4268.211401,856.0919709,3692.105416,382649.9516,870.6459634,3319.836556,5826.233755,879.7975926,3679.416019,3665.438176,969.389122,3304.628546
d41_08_G01_1_4_T,glasshouse_b1,Gladius,T1,R4,T,11530.58707,1917.476454,2099.567848,59.59668208,1776.856071,1266.524345,26852.64469,1884.812911,1922.449323,30889.10442,1898.645882,2008.011021,10739.5162,1979.797459,2074.05906,16719.40414,1864.545835,1702.122628,780381.4355,1912.984453,1537.541538,30909.14152,1913.172558,2547.722746,11712.22763,1939.88166,1921.053068
d4_T012_14.10.23,field,Gladius,na,R5,T,49084.9838,1100.965964,5413.81054,77.11650258,1210.366466,4371.032263,207107.4925,1166.675545,5622.034057,212657.341,1127.38617,5577.343362,25002.27877,1116.107035,4968.097739,111261.983,1164.669107,6104.595152,842888.8611,587.7973976,6184.844387,75907.65043,1030.664277,6403.93078,22104.4397,1103.242052,4911.713629
d13_01_G01_0_1_T,glasshouse_b1,Gladius,T0,R1,T,5387.056109,1986.272183,1798.474248,66.02038567,1697.988299,457.2216955,15140.94474,1975.408119,1767.067976,16385.04361,2100.629369,1602.986976,5353.308335,1982.476959,1865.378262,6844.81044,2213.863173,2116.093251,370143.1797,1606.156854,1472.221391,6848.417593,1621.229258,398.8179001,4939.849958,1994.108545,1794.424102
d21_46_G06_1_2_S,glasshouse_b1,3811,T1,R2,S,7986.525711,1076.254214,2458.62459,70.45806034,1097.795474,2273.037003,10026.51361,1091.865703,2376.752273,15312.34812,1801.127006,2549.34712,8443.281426,1057.537997,2509.492253,7710.165982,1088.608136,2181.274,414346.7823,1292.279613,2133.566383,8320.620311,1099.181302,2103.874461,8867.313069,1058.704963,2508.704093
d27_04_G01_0_4_T,glasshouse_b2,Gladius,T0,R4,T,19045.23941,2103.050604,3373.293904,47.86711684,1994.352715,4411.304772,39049.44764,1632.848586,1370.037308,44015.149,2075.458447,3282.909413,18829.64422,2032.796006,3345.802703,19861.6828,1630.70891,799.9202416,414432.1501,1964.710047,3390.823274,26719.32658,1633.95621,960.1706017,18350.07314,2038.342184,3383.226467
d13_46_G06_1_2_S,glasshouse_b1,3811,T1,R2,S,5339.684032,1641.063847,1444.352005,61.09784699,1595.256181,611.5820314,6239.016078,1632.372865,1773.013297,7706.314089,1641.570976,1305.771629,3581.801364,1650.580808,1508.740772,4582.193465,1644.023284,1375.517778,363765.3027,1455.206057,1036.634703,1649.241899,1157.71701,1825.215116,4983.756211,1642.609308,1485.381168
d17_29_G04_1_1_S,glasshouse_b1,Forrest,T1,R1,S,1888.00251,258.1586209,1716.774937,49.3684501,1250.960573,2476.805482,6387.861114,1284.326987,1969.624346,1659.665872,1267.559276,2040.568077,3537.971186,245.4819624,1699.981929,2848.439022,1184.042376,1388.037245,325145.8587,274.0697579,1460.469672,3902.409454,203.7578885,1807.945336,3342.745936,240.6290761,1699.099727
d33_41_G06_0_1_S,glasshouse_b1,3811,T0,R1,S,5722.748676,1438.364687,3361.995387,53.66377144,1397.304028,2126.584221,28323.18891,1531.518452,2113.986505,36257.1978,1367.468849,2811.454114,5273.93464,1453.653148,3305.685645,15608.74323,1417.071823,3575.512835,373440.8738,1455.363804,2652.432598,17893.78718,1433.820817,3503.916012,5162.575593,1439.572909,3275.236737
d05_06_G01_1_2_T,glasshouse_b1,Gladius,T1,R2,T,3327.829,1648.327589,886.5880013,65.61200569,1756.998047,310.1619588,3332.478785,1681.006298,646.302196,5271.827832,1662.998471,616.1854538,3340.329569,1658.053569,854.7667836,1687.321449,1718.67918,753.5546814,332504.0803,1896.41135,879.2833614,-401.405097,1833.74132,669.8821248,3516.93071,1641.670156,832.6745619
d21_15_G02_1_3_T,glasshouse_b1,5489,T1,R3,T,11434.22707,945.8449074,2424.971547,61.56878592,929.3152585,2353.784095,12689.09793,930.3354999,2302.682429,12113.53864,948.1175546,2314.73897,10011.75484,946.9966922,2431.153241,7117.86409,935.3303736,2024.520465,486339.6968,1238.921995,2145.569991,4238.35031,959.5478908,2729.79306,9897.329594,940.6266074,2402.510557
d11_37_G05_1_1_S,glasshouse_b2,Hartog,T1,R1,S,2042.163044,1082.907753,1819.231133,64.03078735,1101.117026,1438.550359,6381.264122,1079.042712,1773.66339,10891.61287,1190.71242,1171.517686,2022.933731,1089.522088,1837.747532,3524.306471,1343.670928,881.5106629,347658.9754,879.2908508,1485.242537,1494.256171,1074.052877,1844.670321,1439.895332,1069.110208,1858.671961
d45_29_G04_1_1_S,glasshouse_b1,Forrest,T1,R1,S,3823.451916,881.3545822,4608.230035,46.27656103,1368.151997,1200.588347,13241.25744,2515.495542,2907.719581,14881.53848,2509.337561,2907.690473,4098.699842,879.4409343,4583.221168,5894.347368,910.0304209,3546.468214,375370.9109,880.7304849,3900.403304,5836.190932,1565.126187,683.5935157,3884.787503,876.9854783,4595.319359
d09_27_G04_0_3_S,glasshouse_b1,Forrest,T0,R3,S,3818.465019,1467.441868,561.0938443,62.685057,1378.219785,600.9284051,6835.582779,1468.634745,551.3889611,8067.319455,1466.623533,515.9774395,4068.261639,1450.789696,572.2747418,3558.38104,1375.19722,414.8064204,387539.0131,1807.344428,302.3356147,4273.038337,1377.271062,289.794633,4751.407027,1438.743335,514.3544655
d19_14_G02_1_2_T,glasshouse_b2,5489,T1,R2,T,14324.51237,2170.976662,2103.473555,70.88778502,2200.207398,2516.715979,13702.34728,2195.345717,2476.817143,24598.16361,2155.027847,1991.560529,11939.28935,2110.768864,2129.646508,7982.721498,2103.530677,2424.215995,462688.6525,2059.673956,1198.78523,5773.268048,1999.243458,1287.691581,12855.03274,2127.317904,2063.697513
d07_08_G01_1_4_T,glasshouse_b2,Gladius,T1,R4,T,11843.94857,1737.273542,774.5115362,68.79125911,1865.039386,1099.056545,8826.772465,1832.68062,979.6299222,8154.164843,1819.263562,984.4642871,12688.71433,1773.454728,748.1220266,4051.34462,1552.746384,377.1289779,479034.889,1829.469228,389.0320436,4406.298483,1869.660014,1075.063125,12498.49075,1773.760193,752.5003394
d1_T010_27.09.23,field,Gladius,na,R3,T,16958.53301,1346.154416,5959.394407,52.91421566,1331.656095,6031.704496,145150.1791,1231.764837,5293.195442,155921.7188,1242.571711,5246.766875,13872.04144,1396.445415,5926.863957,60705.50549,1592.804645,6015.686626,423172.4127,1081.522007,5931.2502,98472.00007,1381.482019,5723.747862,7980.030395,907.949242,5479.480398
d31_20_G03_0_4_T,glasshouse_b2,CALINGIRI,T0,R4,T,18701.22593,1811.626994,2345.591315,72.09880958,1477.295947,4473.052508,46229.41887,1164.402293,3822.489294,47930.07378,1155.003564,3709.809481,18124.49452,1864.679962,2342.005299,19557.10844,1527.299116,4431.935521,610260.3871,1968.093775,1853.566,19011.05551,1666.317822,1035.766419,18547.51572,1880.779719,2367.501046
d33_41_G06_0_1_S,glasshouse_b1,3811,T0,R1,S,4800.020691,1423.056991,3342.689406,54.07291839,1401.225776,2152.663339,27613.38453,1548.338709,2106.636193,37798.70892,1370.123267,2846.950204,4989.245732,1428.859449,3339.05888,15417.2096,1422.655221,3542.604637,367909.0018,1468.07786,2716.561972,17122.51275,1437.657854,3515.890158,5160.43473,1425.949865,3336.063736
d07_41_G06_0_1_S,glasshouse_b2,3811,T0,R1,S,4454.869911,1564.467855,952.2541819,68.709982,1672.875932,689.5941997,7620.879737,1610.4451,369.1630341,10462.9733,1594.572322,620.2452702,3900.604658,1567.532353,867.7267817,4262.333482,1647.677343,292.753423,383803.4833,1451.115424,332.7070114,2904.719787,1649.445925,228.8411348,3387.014811,1555.928905,917.7038711
d41_02_G01_0_2_T,glasshouse_b1,Gladius,T0,R2,T,12570.63447,1718.203369,3854.560305,54.26849397,1801.819937,4370.091514,36314.21861,1549.531534,4043.690607,37062.72338,1624.277119,4103.571012,9290.005522,1790.747651,3678.592399,15636.92025,1781.206341,4316.047355,341388.7113,1857.898669,3033.796077,24258.11008,1562.593163,3105.157879,8732.783313,1786.17445,3627.790963
d49_25_G04_0_1_S,glasshouse_b2,Forrest,T0,R1,S,7707.019407,1586.954369,648.9971413,73.00374653,1396.043968,939.8958372,48759.14554,833.8890313,3592.566622,65318.76783,950.5504066,3231.46299,7768.569367,720.3668257,3128.952796,31574.94325,1399.404269,893.188302,382894.6709,1460.684829,347.8903286,21982.49736,1479.856918,663.7968246,7246.360517,716.3998859,3105.481362
d45_25_G04_0_1_S,glasshouse_b1,Forrest,T0,R1,S,6943.066398,721.2545572,3095.966789,88.48281783,1445.759735,769.7222659,31494.62254,881.8728931,4058.637888,32106.17183,1323.783485,2324.60774,6502.27665,716.9106296,3106.505572,17355.72866,787.4700198,4292.942049,410985.8373,860.729567,2850.264814,18700.54525,1398.870656,826.5881264,4595.341753,966.9824299,2970.007345
d33_41_G06_0_1_S,glasshouse_b1,3811,T0,R1,S,6311.724097,1427.361027,3334.549503,53.84177409,1409.549383,2137.670253,26844.31322,1535.56047,2054.03112,36415.15762,1367.547117,2820.282854,4267.395332,1434.103442,3362.273311,14541.98573,1433.819181,3515.753733,378477.0534,1450.963955,2612.315455,16903.00662,1434.973903,3510.051491,5325.922806,1420.211588,3295.719704
d07_46_G06_1_2_S,glasshouse_b2,3811,T1,R2,S,1876.942847,1381.138512,692.0177209,81.11174511,1633.16297,448.9542982,5981.357377,1595.406558,458.4739562,5551.470958,1584.718349,540.7661309,2792.712574,1333.094497,652.3570576,3539.070177,1585.419934,406.8687534,404897.349,1450.31025,350.1736114,2165.185689,1582.08775,392.640678,2649.048136,1355.578811,700.305819
d2_T006_02.10.23,field,3811,na,R3,S,39025.38938,1804.84276,6089.871407,59.02160803,1229.022709,5346.670953,217971.8301,1262.631965,5324.778386,267066.2627,1146.260027,2580.935714,35277.00664,1782.518349,6053.217384,118880.4434,1400.208343,5874.910279,767176.938,1942.108544,5721.909735,176007.9507,1330.49773,5575.956941,33769.57101,1787.66036,6020.343392
d35_46_G06_1_2_S,glasshouse_b2,3811,T1,R2,S,11194.94711,1453.128643,3889.149966,64.90368268,1753.175272,2978.170232,24243.90507,1731.989062,2169.398775,26950.93359,1779.511492,2308.7556,11155.80874,1541.79596,3934.857401,14551.38142,1342.068268,2340.947244,397403.867,1435.014713,2132.296135,14078.7236,1284.275649,4139.611841,11062.4755,1536.744658,3891.284646
d37_16_G02_1_4_T,glasshouse_b1,5489,T1,R4,T,11690.87289,1917.744579,3350.133544,68.69115761,1527.936483,834.4928066,26471.71007,2024.228976,3533.642787,32619.00768,2147.546,2995.924576,12764.41289,2042.346592,3316.169763,11433.19481,2053.104956,3019.217691,587935.7329,2009.962403,2565.741149,18621.74,2216.340362,3504.745234,10850.7289,2013.741593,3241.763449
d13_20_G03_0_4_T,glasshouse_b1,CALINGIRI,T0,R4,T,11050.37598,1943.888648,1898.669467,66.2994994,1409.710772,348.7605408,19326.97182,1940.823565,1838.616296,17838.83633,1929.284439,1771.656032,10414.33908,1893.451128,1919.623845,8029.263723,1823.878031,1671.591255,388172.5073,2005.384446,1825.783908,9736.930235,1323.525364,431.5473527,9556.708224,1895.243497,1961.658324
d49_04_G01_0_4_T,glasshouse_b2,Gladius,T0,R4,T,24121.37553,2069.453117,3659.990674,115.8342902,1115.804722,4932.780431,85732.06623,1621.398675,1553.558056,92464.77918,1638.444254,1587.487899,25523.51009,2092.168508,3679.754785,44540.84412,1659.434015,4407.014442,402812.7057,1451.393848,350.5173435,40467.09158,1585.178397,911.0301421,17249.88324,2095.362509,3590.266892
d05_39_G05_1_3_S,glasshouse_b1,Hartog,T1,R3,S,693.2273939,1692.744298,644.2399727,66.51302034,1702.434631,342.4598045,1792.02634,1696.032628,657.8906422,707.3646096,1697.065236,632.6249965,884.0752343,1691.539376,618.1150037,265.9372584,1778.686941,475.9109163,337513.3968,1444.2508,298.6884466,2719.667759,1711.209098,378.2867092,1347.223456,1736.759045,416.9182451
d29_09_G02_0_1_T,glasshouse_b1,5489,T0,R1,T,10176.73184,794.6753234,4305.481512,64.3204022,1749.82199,910.3410228,36435.9311,2248.457595,3159.92166,35081.6002,2425.256065,3434.328043,9664.234033,823.9329955,4357.968614,12223.52395,2443.758252,4315.034222,377716.8382,896.1349203,3881.167554,14401.95031,2266.821488,2056.147065,10247.62715,833.1484057,4335.756944
d5_T019_21.10.23,field,Gladius,na,R7,T,269305.0481,841.5806523,5012.650367,63.8631417,1139.378777,3631.143896,352994.5693,992.5690789,5434.425419,377481.8751,1307.804536,2969.43799,197707.0714,895.4370941,5082.56267,168109.6539,1458.46675,3873.609585,1226195.513,1878.532179,3562.500289,293559.0868,953.8099626,5653.550966,193317.6702,905.8544568,5112.242726
d49_45_G06_1_1_S,glasshouse_b2,3811,T1,R1,S,9590.991891,1874.645569,4066.942709,55.97026578,1637.302671,3060.390618,67244.26863,1596.952705,4018.494365,69047.03926,1678.711286,4110.835494,9498.756795,1969.452761,4082.16697,30786.52509,1854.020167,4492.644029,512715.15,1549.233094,3473.821486,48500.04886,1843.722191,4031.66874,9942.918466,1960.838266,4008.183461
d37_09_G02_0_1_T,glasshouse_b1,5489,T0,R1,T,14735.76847,749.1727897,4382.182835,47.60046147,802.677956,4534.553818,36801.25186,2202.342041,3208.697277,30948.00332,2187.9695,4551.602032,11888.76252,816.8068482,4346.863346,14715.40238,790.2973909,4523.393812,495701.5839,853.7914178,4035.788955,22703.23594,2434.394717,4053.782508,11729.15102,822.5319766,4397.14343
d37_18_G03_0_2_T,glasshouse_b1,CALINGIRI,T0,R2,T,18029.99372,1140.341324,2451.514108,45.28072049,935.2914366,2785.061312,40116.70942,1352.283479,2144.153204,38180.69454,1337.713521,2166.963441,17629.41751,1199.010485,2504.24209,15648.21721,1093.669209,1996.793453,583963.243,1398.528114,1825.395589,18662.4541,1458.02885,937.4796322,18249.10899,1215.395492,2310.923714
d09_04_G01_0_4_T,glasshouse_b1,Gladius,T0,R4,T,4713.61239,1637.807541,889.2318073,57.96239453,1580.949851,718.9659023,11619.28631,1632.162562,788.3344187,14814.17619,1922.253323,1171.625175,5218.964511,1643.625882,851.7077663,5682.222427,1730.342469,1224.810801,387600.8369,1435.730667,338.8740354,9242.776354,1622.423448,387.1834954,6249.274992,1398.488232,652.7910591
d41_11_G02_0_3_T,glasshouse_b1,5489,T0,R3,T,11127.48663,1482.898531,4117.518582,50.77702095,1553.136342,2809.499572,29168.81966,1921.401612,2653.906901,32401.87366,1909.584501,2728.926089,9308.334159,1426.144714,4205.860406,12124.38803,1469.012481,2439.641935,356984.3719,1463.065227,2172.403485,11917.70741,1402.960398,4267.373337,8759.092605,1436.41342,4249.504278
d13_01_G01_0_1_T,glasshouse_b1,Gladius,T0,R1,T,5185.021426,2013.616396,1837.193823,66.04350992,1692.880244,445.3568129,16456.565,1977.951276,1778.12234,15595.13217,2095.266431,1574.456819,6180.689927,1990.231188,1861.92132,5544.848444,2228.548309,2136.193874,370775.4743,1594.884146,1460.384749,8170.478781,1620.265671,396.4989452,4558.243083,1981.964811,1838.159278
d31_07_G01_1_3_T,glasshouse_b2,Gladius,T1,R3,T,14703.23493,1326.339769,2027.639549,61.08880224,1725.336345,682.8759526,25764.58988,1597.602057,1187.355113,35779.59437,1478.984284,2263.149415,13072.54444,1382.383125,2084.387922,14441.91235,1718.109034,1454.137668,658542.0446,1779.056088,2006.546988,9619.490936,1833.912234,1303.43436,8000.678769,1424.175666,2731.509614
d15_45_G06_1_1_S,glasshouse_b2,3811,T1,R1,S,4720.957121,772.0460957,1737.83541,66.98188813,961.1081191,961.5008186,12951.68794,1238.843083,1736.183441,15828.9135,1274.387293,1711.35834,3269.175998,757.8563395,1684.553515,5917.528712,1443.661661,1438.049632,381171.8553,1001.298932,1429.880417,5528.99988,1458.367447,1408.192066,3295.913507,763.8503079,1716.922442
d09_21_G03_1_1_T,glasshouse_b1,CALINGIRI,T1,R1,T,1630.918039,1832.318531,1472.354329,51.87077327,1744.107349,1246.601382,6420.993608,1615.747037,928.2482808,7186.851357,1630.215651,896.9307057,3156.487402,1663.817414,1059.498814,3528.878927,1741.294142,939.5820363,346035.7143,2036.666287,1486.111529,5839.068609,1818.340264,1474.536687,3134.375851,1646.38775,980.6056892
d1_T004_27.09.23,field,3811,na,R1,S,31778.97469,1509.554107,5243.460283,64.67709455,1551.992534,5542.284865,203045.029,1152.385549,5165.239108,230856.3183,1194.945205,4975.841505,19224.50769,1427.325336,5356.434287,94073.52076,1234.256397,3104.160667,421210.148,1429.60055,4945.293039,170002.1143,1290.481933,5311.401958,19059.44903,1432.11712,5289.674321
d13_07_G01_1_3_T,glasshouse_b1,Gladius,T1,R3,T,10279.5346,1421.309588,1480.019414,53.70559714,1647.151981,474.3165477,11453.95449,1472.058169,1278.655661,14433.67245,1373.798796,1938.170212,11608.18434,1406.346305,1456.106881,7156.624348,1477.317902,1251.034518,407894.1345,1445.698296,1139.279145,8868.823968,1329.000872,1799.461255,11291.03977,1413.576734,1424.799814
d4_T011_14.10.23,field,Gladius,na,R4,T,54331.054,743.5776463,6312.153888,86.22595271,918.1664499,5596.29318,217856.7161,1054.054051,5724.219661,216924.9298,1052.14414,5718.833308,46844.67899,773.8118499,6308.027305,110193.1087,1072.289875,6250.783049,584524.8437,496.2262511,6049.706858,142441.434,905.1703596,6109.76352,38685.71366,802.4983802,6341.181214
d09_28_G04_0_4_S,glasshouse_b1,Forrest,T0,R4,S,2884.94999,1679.136105,986.316852,77.60686748,1587.723265,295.6062906,6888.438693,1605.510673,620.5667183,7360.519756,1234.126484,609.1803666,2376.650276,1687.339428,977.006562,3217.00978,1678.966632,964.6789667,364963.0912,861.544336,843.4819301,7174.831679,1538.528595,327.2058037,3342.545453,1708.94168,995.6047649
d21_47_G06_1_3_S,glasshouse_b1,3811,T1,R3,S,6728.746374,1474.078952,2069.768271,61.22463363,1560.951245,2496.574465,11441.2734,1427.988236,2427.362834,11711.51306,1471.090648,1716.153449,6456.661325,1465.19182,2104.134353,5749.196973,1538.680175,2462.879843,441252.432,1546.8738,1786.810646,7237.121034,1538.953243,2433.473349,7042.061436,1486.133479,2140.7223
d29_26_G04_0_2_S,glasshouse_b1,Forrest,T0,R2,S,6808.426762,1358.996269,3121.769247,57.94237559,1092.657987,2562.782799,17726.76989,1398.300797,2615.590879,16109.49475,1385.948211,2582.251356,6827.790965,1400.270543,3070.110245,10796.63032,1153.550826,2529.936764,381668.5676,1448.291832,2737.62591,7240.804915,1521.923991,810.6000396,7419.139569,1402.789765,3134.54441
d45_05_G01_1_1_T,glasshouse_b1,Gladius,T1,R1,T,11323.74039,1408.705691,4099.533823,47.01170117,1168.479278,3493.614406,45556.73152,1649.602238,2446.048549,45999.64624,1357.29966,3979.759479,8132.023609,1432.688382,4309.128265,22654.30449,1130.287134,4170.879454,393541.6592,1085.142604,2628.745656,49464.70583,1156.974725,3206.945407,6780.430915,1419.127333,4088.362573
d41_10_G02_0_1_T,glasshouse_b1,5489,T0,R2,T,15633.57721,2194.40904,3883.884674,74.98579543,1824.765035,675.2385869,45063.53725,2753.291432,3992.746304,44557.11943,2749.989077,3988.826969,16905.44324,2102.512895,3848.418649,23760.03248,2410.660897,3565.145329,519137.9105,2604.33478,2818.67266,22078.30279,1754.575615,695.6932722,16174.43478,2519.229743,2853.190777
d17_45_G06_1_1_S,glasshouse_b1,3811,T1,R1,S,4924.12772,742.0594834,2015.169514,70.93085953,1046.455465,2121.373248,11022.7071,1649.488963,2058.118497,14500.09703,1217.696731,1878.971116,4892.577604,752.4563858,2060.684347,5138.717505,1441.727208,2103.491563,363948.2677,879.7939524,1469.687981,5776.305699,764.8249074,2084.922397,5603.087328,766.4136989,2044.799529
d15_31_G04_1_3_S,glasshouse_b2,Forrest,T1,R3,S,2666.474996,657.2081217,1503.502535,53.0960636,567.749908,1753.258682,7901.661415,1107.848975,1778.838925,9375.530485,1144.062741,1724.607941,2643.53574,643.3459872,1512.743003,3697.257328,589.3422439,1693.116873,381983.9265,1323.567586,1470.458966,3553.173816,1367.16609,1407.475154,1182.676594,653.7390153,1508.441297
d19_10_G02_0_1_T,glasshouse_b2,5489,T0,R2,T,11875.11398,1875.357317,1133.168153,58.431831,2490.790317,2833.549875,20201.80506,2320.482586,2347.20804,23910.01189,2325.721581,2325.350257,8861.675489,2400.835902,2341.782137,9301.592683,2279.742707,2177.551988,371085.9812,2038.019002,1064.035201,13914.63069,2315.684291,2426.50792,10021.87206,2390.601378,2436.389816
d4_T002_14.10.23,field,Gladius,na,R2,T,205571.4541,1046.43353,5520.741287,74.57132127,247.3347429,3342.56421,358579.3045,1126.471114,5475.532905,381936.632,1367.717877,5293.695074,85087.42207,872.0177574,5366.611678,174918.0511,1116.226331,5237.184821,944242.9195,540.6069915,3262.142673,289955.3268,1033.237686,5677.103818,82111.61239,835.0493567,5400.051781
d27_10_G02_0_1_T,glasshouse_b2,5489,T0,R2,T,16412.38603,2521.166508,2823.495735,64.1179519,2179.174025,1793.109252,38288.58989,2538.964675,3099.288511,56482.98603,2259.629078,1851.009589,15412.08372,2503.690768,2819.041867,17031.52992,2315.484265,2634.812966,422997.6378,2573.94546,2321.86942,16623.2585,2292.994217,2499.968439,16213.16653,2520.245458,2818.193008
d31_15_G02_1_3_T,glasshouse_b2,5489,T1,R3,T,15629.55917,981.0826317,2936.465676,60.13451386,1559.864258,3570.397764,30792.70105,1207.595592,3305.298913,31963.47337,1224.916078,3322.045088,15324.98454,1088.694994,2910.75914,13866.37115,1533.404659,3739.292775,632745.6595,1225.844986,2354.583897,11925.66055,921.6575782,2976.913627,10994.54084,1142.618362,3237.531532
d45_02_G01_0_2_T,glasshouse_b1,Gladius,T0,R2,T,8650.573335,1889.024622,3632.667931,47.75802983,1278.978493,2921.437773,38289.79457,1651.975313,4088.804971,41537.74662,1686.058948,3996.326484,7780.93539,1807.953816,3569.844328,16555.22535,1708.162128,2263.322592,616429.6675,2074.475681,2508.787945,19328.79021,1559.224998,4416.299658,8749.124108,1822.793374,3613.453118
d09_10_G02_0_1_T,glasshouse_b1,5489,T0,R2,T,7589.66976,1754.937084,852.3222596,54.19507279,1629.408011,258.0473864,10143.05043,1792.521817,622.7599198,7050.647585,1780.100997,632.9157174,6201.970077,1770.492858,792.4179264,3405.79955,1934.03983,1101.609922,431318.619,1532.183159,408.2703847,5337.428619,1933.977964,1029.682404,5313.889729,1894.641163,1328.033801
d41_38_G05_1_2_S,glasshouse_b1,Hartog,T1,R2,S,4684.281781,2178.755056,1837.603763,65.82075883,1000.523191,2351.21338,23746.4783,944.137501,2333.616328,19175.8006,910.5570365,2359.782322,4742.777145,2150.733929,1833.697389,11363.86431,843.2681966,1933.390582,394992.6848,910.92614,1678.496427,11773.20076,770.290093,2769.421023,4443.032899,885.9803555,1682.732741
d25_15_G02_1_3_T,glasshouse_b1,5489,T1,R3,T,12520.14631,972.4200803,2584.347366,75.64017894,923.0820381,2063.067889,17402.19075,927.1645241,2417.327508,17316.85082,967.1668534,2651.278611,12194.69455,1028.271108,2644.653678,9322.642859,938.2688066,2808.781386,598341.5261,964.765456,1931.524073,7918.574393,898.7326333,2821.671614,13116.21275,1019.749986,2644.51847
d45_11_G02_0_3_T,glasshouse_b1,5489,T0,R3,T,22291.90378,1570.659898,3921.74602,56.57921373,2807.960544,3400.132518,41141.52294,1621.143173,3360.925099,40697.07635,1696.64124,3698.306133,14004.91084,1473.385962,4217.009028,19679.88892,1499.549956,4227.709809,506893.6419,1907.697224,3422.84744,25653.18151,2944.553055,3603.526309,13825.11154,1472.628395,4199.566045
d17_42_G06_0_2_S,glasshouse_b1,3811,T0,R2,S,7245.169903,1906.742025,2571.929203,50.5803269,672.7853627,2548.274294,19955.15311,960.2321856,1926.173219,19458.71043,878.1788109,1938.956027,6110.625743,1906.095292,2687.638289,7337.523972,893.663816,1941.433635,357104.9569,1951.448807,2099.590044,7485.43565,1433.864616,745.5962407,6843.145764,1891.274063,2694.736208
d13_36_G05_0_4_S,glasshouse_b1,Hartog,T0,R4,S,5735.052383,1153.756746,1671.100478,62.1090119,1261.601898,645.1237584,17234.01166,1196.784412,1573.241804,14812.10414,1195.100865,1604.109966,4750.109791,1174.300852,1687.715331,5651.248435,1198.81767,971.4103815,393180.0965,863.59251,1619.575027,7101.190688,1511.941935,452.0571124,4228.476182,1142.735981,1721.943589
d49_41_G06_0_1_S,glasshouse_b2,3811,T0,R1,S,74429.67165,1172.019305,4140.004192,85.80284634,1794.571494,587.7487413,155795.8244,1512.338843,3830.115137,159422.4369,1697.826524,3765.158795,54128.03132,1118.898588,4330.11384,69590.81162,1706.147734,3743.603992,542181.4319,1318.745931,3554.934419,91537.73307,1145.168444,4164.804876,47613.14524,1118.298627,4252.617551
d31_04_G01_0_4_T,glasshouse_b2,Gladius,T0,R4,T,22265.92851,2064.086205,3431.210296,64.81404357,1572.784157,953.6169105,42617.44673,1604.310127,1364.729633,44634.12975,2019.414282,3555.614739,19834.10246,2035.44259,3474.269664,24707.09701,1617.843655,918.2961483,370707.5481,1875.888188,880.2630804,26745.77377,1626.115482,989.3493315,17899.79721,2079.4392,3649.997761
d5_T010_21.10.23,field,Gladius,na,R3,T,10947.13432,826.6148618,5393.941865,82.10271392,967.4804517,4879.871796,141550.8034,1253.298219,5340.242237,144109.0036,1230.157593,5290.38595,10890.51392,791.3130875,5449.257797,56960.80194,1496.76662,6076.557386,399740.7857,1426.63947,5266.861539,121677.5698,1293.174996,5526.001797,9192.279851,852.4131816,5407.417525
d31_22_G03_1_2_T,glasshouse_b2,CALINGIRI,T1,R2,T,11488.92455,1163.764665,2704.173489,57.92465748,1883.977946,1956.02085,27773.46155,1750.501966,1810.747674,23780.12426,1771.758153,1877.425815,9607.18286,1141.882901,2571.456929,11316.61428,1739.941011,3357.483994,344173.5042,2007.130437,1603.651751,8420.96838,2208.839077,4083.240101,9602.494553,1146.122297,2649.438018
d5_T019_21.10.23,field,Gladius,na,R7,T,269324.6591,824.1367482,5097.104822,63.90429946,1163.576313,3652.413463,354153.6123,998.4822179,5393.789719,376901.6847,1326.814254,2956.796661,197361.7525,907.6856337,5089.125142,168120.8125,1443.403578,3846.127152,1229973.957,1911.48597,3593.65882,294335.0427,948.1261891,5601.399932,193163.1232,889.0625218,5094.515344
d31_36_G05_0_4_S,glasshouse_b2,Hartog,T0,R4,S,10066.77381,704.0765831,4525.382672,101.9999223,644.9605853,4971.961783,33956.61283,1340.803913,1394.357302,41634.59943,765.077667,2931.685572,9511.613907,733.7730954,4539.772314,17373.33981,721.7289679,2854.026993,482027.7785,846.8788748,3903.150721,12643.16457,720.6445265,2785.69457,8906.269792,704.4238651,4525.080725
d27_10_G02_0_1_T,glasshouse_b2,5489,T0,R2,T,14298.91866,2512.715067,2848.882464,63.89053879,2191.870117,1823.152593,37235.85672,2554.567597,3065.368714,57400.89502,2247.755266,1793.102055,15592.92987,2515.531853,2871.913536,16548.77111,2308.769044,2669.736765,431264.7201,2569.539993,2251.577993,17704.39204,2297.596456,2475.09958,15393.11203,2524.624618,2877.020267
d45_41_G06_0_1_S,glasshouse_b1,3811,T0,R1,S,41913.24429,1191.746905,3812.576173,59.24324545,1261.252117,3584.86534,76440.58556,1189.555745,3929.010123,76306.37349,1178.735828,3938.426392,24081.18931,1041.698018,4027.169811,45145.95492,1346.361118,3635.505329,638087.3928,1203.997089,3665.460077,72987.4369,1250.678809,3921.559185,23698.87136,1033.717687,4021.535162
d21_30_G04_1_2_S,glasshouse_b1,Forrest,T1,R2,S,3216.451343,776.6931898,2238.887422,79.99240194,739.0591373,2260.238861,8526.624411,823.005162,2138.690872,4668.142385,836.8842835,2161.675638,3091.91866,799.6455682,2249.595351,3541.278447,731.0787286,2195.420268,372893.0589,859.9411481,2504.076277,2857.276445,745.3922468,2233.98332,2434.761598,818.5345094,2246.367927
d29_43_G06_0_3_S,glasshouse_b1,3811,T0,R3,S,17387.62659,1760.794051,3664.747457,61.07629767,688.0973926,2698.323833,38248.37694,1288.263533,2675.055122,34141.35742,1743.961685,4012.91865,18167.32048,1806.108049,3631.833547,18139.52532,1836.473013,2618.280198,470272.2844,829.6226107,3534.090334,19652.95227,704.9495118,4001.84953,16235.41993,1822.93837,3680.086463
d07_36_G05_0_4_S,glasshouse_b2,Hartog,T0,R4,S,3225.094062,1437.299375,680.3472053,63.74759489,1423.721461,791.3054089,10142.59291,1496.348888,438.0094582,9315.826077,1512.509943,374.345559,2889.54587,1439.785652,708.161424,6459.566197,1419.940892,382.1691756,347769.6397,1457.36097,762.5732324,2777.818789,1273.542273,334.1590825,1919.4514,1436.958707,741.8570358
d43_47_G06_1_3_S,glasshouse_b2,3811,T1,R3,S,4905.585544,1008.927402,3239.759697,58.98181813,2040.4947,2377.449131,31094.96016,1305.842322,3838.890594,32859.15043,868.2717568,3628.893784,5919.90995,992.8879562,3223.539503,18317.32738,1196.774433,3350.21396,400100.6658,1462.080281,2081.861986,12807.86272,1305.754665,3218.148297,5053.334386,697.6344389,4673.101999
d17_07_G01_1_3_T,glasshouse_b1,Gladius,T1,R3,T,10388.64481,1292.035485,2011.849863,56.27852155,1274.03461,2188.983971,15071.76054,1382.598549,1786.32907,13985.5294,1321.472422,2634.152976,10671.4203,1303.748619,2007.166101,6464.047471,1240.978224,2347.327178,521737.3962,1400.758382,1391.102758,5783.344115,1478.590304,1435.494844,13540.96695,1357.576886,1852.302919
d19_45_G06_1_1_S,glasshouse_b2,3811,T1,R1,S,8764.699371,767.5785268,2120.404356,78.68491711,959.9613335,1163.689194,14932.19612,1312.623139,1443.216573,14584.9201,1356.412834,1482.386471,6759.745048,770.7603246,2106.508722,9751.795328,1454.049424,1938.7869,364606.5058,866.1948007,1486.373913,6827.866366,1481.43485,1482.82614,6913.49214,758.4484767,2094.502211
d31_41_G06_0_1_S,glasshouse_b2,3811,T0,R1,S,8562.877942,1433.728688,3510.405634,66.76697433,1638.175826,923.8958971,29552.6633,1389.208136,2942.85866,29743.43307,1396.126101,2749.271659,8911.377184,1423.739233,3606.683853,11200.20684,1504.013358,3483.028515,531859.2029,1214.743713,3339.373381,10738.20826,1469.729892,3309.374949,8071.641815,1434.800157,3596.910424
d5_T011_21.10.23,field,Gladius,na,R4,T,94186.27295,1502.748641,5874.41162,59.80973732,660.8752401,6442.819266,269993.8128,1232.209857,5611.004206,249777.1412,1193.17099,5769.810561,72000.98794,1474.074454,5857.553999,110449.2458,1251.534692,4832.682816,641811.7976,1190.559682,5672.456252,196812.8916,1255.349194,6005.805979,63706.88115,1482.676996,5763.60399
d15_11_G02_0_3_T,glasshouse_b2,5489,T0,R3,T,6217.810257,2262.079445,1427.74319,54.72151483,2304.544503,1563.136838,22323.09317,1506.422699,2433.995985,25061.60071,1403.478687,1855.837385,6117.295941,2240.68133,1455.216006,7932.424926,1529.485793,2715.296936,359648.1124,1462.143676,2168.260681,11033.02491,1408.732442,2408.909297,6986.369698,2239.949067,1397.51665
d05_22_G03_1_2_T,glasshouse_b1,CALINGIRI,T1,R2,T,1372.494993,1786.690146,818.4141287,92.63284784,1612.757207,378.9690865,1924.927153,1552.321274,576.174758,3138.677492,1556.337728,488.8874181,1615.770265,1781.479616,765.7204614,-184.4680231,1567.323592,511.2703929,318750.9964,1453.922149,283.5683389,1818.181868,1604.821562,404.8847466,1134.271381,1799.359974,777.3379096
d13_28_G04_0_4_S,glasshouse_b1,Forrest,T0,R4,S,4188.520102,1507.1894,1911.010277,70.12862935,1519.318431,388.2114859,10399.95503,1147.896195,745.851006,8756.804651,1129.271359,749.2223791,3579.038171,1506.613265,1915.881495,4659.770454,1504.033316,1949.518136,361633.2887,864.6731028,884.8663945,6457.272901,1530.245828,412.0013902,3771.350027,1488.14044,1968.902774
d13_45_G06_1_1_S,glasshouse_b1,3811,T1,R1,S,3454.802888,1529.345707,1234.936225,63.67291404,1442.120491,1349.88928,10526.219,1552.52281,1538.866522,10261.38803,1549.301101,1511.842039,3369.417151,1520.808742,1277.559594,4735.498791,1504.179011,1224.596257,374787.9874,1007.595268,1496.998647,4445.097427,909.0627865,826.6242517,3330.071541,1522.135069,1277.618382
d21_02_G01_0_2_T,glasshouse_b1,Gladius,T0,R2,T,8566.322595,2089.587539,2831.201582,64.23082947,2007.530055,2691.966742,20875.50193,1739.582693,2179.290637,20266.96985,1891.780087,3210.637988,7852.721189,2088.234169,2824.975519,10497.95616,1985.234449,2722.837036,515924.0065,2064.229375,2275.541044,17353.13502,1945.602369,3208.64547,8375.586288,2077.413235,2815.311398
d21_08_G01_1_4_T,glasshouse_b1,Gladius,T1,R4,T,15242.01928,1943.463549,2163.010333,49.04910185,1915.454079,2499.021522,12145.77347,1887.969907,1775.177868,13985.26061,1866.137958,1734.048361,16661.87844,1975.761524,2222.425787,5969.712027,1827.169755,1570.848482,980449.298,1656.438576,1553.970369,8088.153418,1768.407538,1022.308851,19111.08407,1935.496674,1980.848077
d37_07_G01_1_3_T,glasshouse_b1,Gladius,T1,R3,T,14739.10819,1469.786947,2608.647253,54.20894691,1332.489909,2647.455409,25241.33009,1399.755949,2925.152705,25460.69029,1383.587251,2865.159665,11046.61556,1446.625903,2361.897601,12775.77292,1529.283013,2250.357107,415877.5717,1592.487126,2083.884028,14962.02336,1320.018387,2719.926856,6582.128998,1519.161072,2423.556372
d05_04_G01_0_4_T,glasshouse_b1,Gladius,T0,R4,T,4939.653428,1630.244133,734.1543497,83.81750275,1610.795843,357.2201873,5151.981453,1620.274103,498.6519343,5349.665056,1623.266069,459.5700402,5122.791223,1589.887359,699.3262737,3632.398729,1665.728762,447.5415841,382059.4565,1824.257957,324.9903153,2366.368479,1602.867358,252.4418803,6034.359761,1632.737404,673.6490289
d31_22_G03_1_2_T,glasshouse_b2,CALINGIRI,T1,R2,T,11855.57727,1152.479852,2658.870009,57.89732512,1876.705839,1973.524828,27518.45015,1759.260094,1851.322674,26785.60946,1779.409551,1889.882327,10102.2074,1142.397497,2580.73144,12992.09375,1750.847692,3369.623724,352625.3502,2016.824956,1554.392755,11492.15729,2225.555416,4079.265329,9404.935568,1136.484848,2573.608973
d45_02_G01_0_2_T,glasshouse_b1,Gladius,T0,R2,T,9653.752715,1867.009336,3624.548079,47.76166716,1270.367543,2821.612192,38081.75432,1649.040423,4040.471087,39643.91765,1686.337429,3981.815433,8741.655929,1834.71434,3599.740471,18299.49333,1705.818223,2224.384331,611516.5518,2066.061144,2547.733342,19395.77501,1536.97295,4434.499096,7726.892684,1833.246788,3560.41051
d31_36_G05_0_4_S,glasshouse_b2,Hartog,T0,R4,S,9229.19331,736.5989561,4504.399282,101.9944657,643.5119899,4966.435344,30546.85143,1339.701989,1431.096445,40715.71219,750.519452,2936.044148,8307.751026,748.9791706,4494.527156,17309.28985,738.7107852,2922.22159,479575.9671,845.8761442,3895.689455,14999.99293,728.9208848,2809.611986,9405.900475,733.5355204,4493.107756
d3_T020_08.10.23,field,Gladius,na,R8,T,286246.0759,1321.709455,4509.515563,90.0352879,928.6229523,2670.173169,318732.3219,1010.539547,2815.197867,324407.3478,1009.874105,2847.490853,257570.2607,1259.105489,4476.069965,156226.3416,1113.929913,5859.56214,1045508.564,1086.156013,3123.788366,342103.0039,1123.54927,3301.356306,165711.6506,1239.814415,4838.422392
d07_24_G03_1_4_T,glasshouse_b2,CALINGIRI,T1,R4,T,3863.157131,1152.06563,887.3014899,57.91334164,1413.817913,561.4839386,10194.25702,1723.439318,434.2824288,6959.205744,1530.587888,663.5996707,1642.163536,1142.145731,926.2004632,3098.847853,1438.233326,652.1581623,351728.1214,1440.458445,847.9161097,2618.245586,1599.585883,335.8376733,2635.264739,1143.738858,902.0157189
d07_46_G06_1_2_S,glasshouse_b2,3811,T1,R2,S,1866.002977,1353.858592,697.8545743,80.87323318,1641.933191,419.0954022,4905.507696,1590.106893,445.8425768,8549.254903,1595.137893,493.0714525,1786.327061,1363.43842,683.6679911,3897.118501,1583.341396,344.9468735,409939.0416,1432.873036,401.6625611,2875.891474,1575.288901,407.8711882,2389.110739,1370.670056,744.930209
d6_T017_28.10.23,field,Gladius,na,R6,T,18778.26776,1098.566551,5072.253302,81.23854507,1002.437247,5281.879385,192669.5512,1089.453301,5046.051344,199476.372,1105.477399,4989.113791,18332.48212,1093.564132,5042.007189,90405.01338,943.1886986,4527.269902,530518.631,1088.450131,4756.983635,92284.4782,984.5059515,4708.446142,14240.40622,1116.698923,5037.795761
d27_18_G03_0_2_T,glasshouse_b2,CALINGIRI,T0,R2,T,18411.93126,1207.493196,2295.761303,57.32024344,1129.854207,2448.878919,45183.71482,1389.898122,1483.522854,46025.01432,1359.30171,1765.203691,18702.51087,1231.161488,2290.572324,21927.82428,1465.827015,1066.920563,404802.3404,1430.96684,1084.449305,21552.07915,1188.105709,2184.684908,19349.4306,1230.202255,2297.444244
d11_03_G01_0_3_T,glasshouse_b2,Gladius,T0,R3,T,10087.54767,1410.008105,1479.102082,75.84427104,1689.219045,557.4545211,13370.68548,1321.306865,1610.645406,21932.622,1447.199103,1151.899155,9101.304957,1403.391034,1487.912463,10112.08097,1489.64576,1145.965102,387866.729,1452.009649,1068.645419,7627.301634,1276.499663,1787.51483,9200.434381,1373.156424,1481.075889
d41_46_G06_1_2_S,glasshouse_b1,3811,T1,R2,S,10612.37395,1430.639815,3983.444474,57.58578836,1268.146737,4221.001244,27956.39569,1810.282059,2850.09943,27545.00805,1802.499076,2866.335632,11614.03129,1507.181219,3943.401109,12392.5881,1233.595848,3990.679255,352163.1529,1438.078913,3300.578802,20304.00314,1234.516759,4284.459952,10028.22023,1066.0191,2562.217614
d11_24_G03_1_4_T,glasshouse_b2,CALINGIRI,T1,R4,T,6165.469721,2166.07089,1343.001986,66.24259036,1683.999827,350.8126696,13885.70881,1514.059831,849.1027023,16808.91816,1392.614135,1243.628199,6909.386715,2172.405816,1422.944323,7435.395257,1153.397862,1859.915122,455060.096,1937.226635,964.0640901,6026.561398,1602.842003,548.6963773,4121.61758,2213.455976,1593.533018
d25_43_G06_0_3_S,glasshouse_b1,3811,T0,R3,S,13362.49634,1762.910689,3339.68364,46.2198548,641.5682149,1745.26373,27983.08133,1768.577045,2664.843444,33089.94298,1808.695434,3035.730001,15005.05423,1777.993149,3327.167885,14957.54094,1794.397606,2429.343343,424150.5476,864.077509,2778.064754,17790.33307,744.0888602,3617.497099,13220.00314,1783.071539,3298.548579
d5_T009_21.10.23,field,3811,na,R5,S,116066.7352,907.96746,5798.536944,48.11906796,1003.746743,5960.523868,281419.8488,991.534681,5232.098334,312071.576,946.5089211,5138.675041,74543.26423,984.4685652,5958.824231,135657.0352,1112.068053,6194.597443,759122.3512,1151.991158,6164.358771,137310.4185,1122.161581,6159.32278,70484.15856,978.8740568,6044.523912
d13_46_G06_1_2_S,glasshouse_b1,3811,T1,R2,S,3715.691357,1629.291637,1441.637441,61.07858598,1605.49001,507.4010733,8056.310642,1631.562255,1765.110282,7393.644464,1645.135579,1272.92685,4802.994059,1651.859818,1437.554312,3860.733132,1642.961418,1452.706888,360544.0703,1465.80812,1051.672957,2980.368281,1149.946398,1788.524185,4886.675466,1655.432155,1499.645541
d41_48_G06_1_4_S,glasshouse_b1,3811,T1,R4,S,18910.9188,1455.648456,3275.4529,63.12649088,1689.359482,4386.407283,27846.83617,1244.62894,2809.803088,26389.64311,1626.36929,4022.94711,19267.42558,1456.18481,3260.381241,13035.21976,1735.236466,4435.191915,508045.1481,1699.001036,2702.546331,13765.4954,1729.300777,4447.094337,11759.19115,1485.937066,3282.230386
d35_42_G06_0_1_S,glasshouse_b2,3811,T0,R2,S,13888.37634,912.8973538,3167.036768,68.050529,1915.350785,2520.879746,49783.96246,1169.023989,3798.555728,58133.12803,1492.950484,3603.411913,14444.38823,835.1356061,3137.605245,21182.17118,1375.496832,858.9499335,346019.2589,1472.101849,759.0291622,20034.69321,733.4249043,2333.93028,14891.53253,865.067835,3146.958321
d5_T005_21.10.23,field,3811,na,R2,S,25224.78617,1918.397531,4910.826763,64.84909879,1398.582883,2180.108632,180367.9614,1338.073623,5380.306605,133875.1478,1789.039704,5019.051741,18516.97858,1959.445935,4905.199519,79701.68591,1791.610021,4961.917726,532300.483,1954.833776,4462.71642,76222.70264,1796.084614,4973.118623,13129.964,2007.542863,4850.249483
d43_26_G04_0_2_S,glasshouse_b2,Forrest,T0,R2,S,7294.07848,978.4216595,3978.024557,72.44248439,1395.517954,3684.113405,40323.05864,1543.267145,3740.13363,41783.44943,1520.457087,3681.657333,5859.685307,972.2137066,3967.570578,16461.97716,1457.958198,3625.886699,378041.7099,1854.830909,885.666996,10042.42746,1252.834286,2597.798392,6759.174363,983.9357082,3968.170013
d27_20_G03_0_4_T,glasshouse_b2,CALINGIRI,T0,R4,T,17454.33641,1792.263152,2319.849857,51.21763329,1572.393148,1333.07436,41886.90428,1141.976012,3684.382641,45306.78842,1075.688219,3388.711986,17544.7057,1867.513199,2381.47622,19882.10155,1523.247345,4220.497397,603704.914,1553.996081,3530.99732,11530.93324,1854.220098,2565.29484,17961.69649,1857.291967,2388.630687
d19_15_G02_1_3_T,glasshouse_b2,5489,T1,R3,T,7833.808872,934.1557986,2243.343388,56.81268859,985.962052,1996.980986,15190.26325,1051.9162,1809.232197,16741.39919,1005.808385,1887.662631,9346.288453,930.512788,2245.790464,8453.599056,918.9435898,1838.180951,512001.2223,914.7542001,1892.185109,3758.051675,939.9160974,2178.173767,7961.090903,930.4617566,2327.947211
d25_22_G03_1_2_T,glasshouse_b1,CALINGIRI,T1,R2,T,9773.557927,2177.838146,2608.519794,65.85685745,1937.980797,2288.766912,17540.11554,1783.589514,2164.57449,22511.85295,2180.775767,2763.553423,10372.69883,2167.574506,2573.906229,7877.155624,1898.45899,1996.92419,726349.3846,2012.295303,1513.930562,9261.772416,1922.302667,1724.863605,9620.491398,1141.337923,2424.004465
d35_41_G06_0_1_S,glasshouse_b2,3811,T0,R1,S,5086.470429,1402.307867,3364.426988,55.87001243,1326.995494,3618.177841,47737.46187,1500.834242,3172.841028,62738.51455,1419.645171,2414.078078,4925.219167,1415.757292,3367.904463,24116.29829,1333.602029,3622.540719,379986.2609,1446.959678,2625.626836,25669.96389,1317.950714,3575.206602,4912.880961,1423.300308,3309.294641
d37_27_G04_0_3_S,glasshouse_b1,Forrest,T0,R3,S,11827.58821,772.6572527,3269.784706,65.06861833,747.5454778,3194.995629,28001.7937,732.0959458,3069.159445,25833.97489,738.2238304,3058.819582,11085.46586,823.8511393,3281.313837,11113.82879,730.9260375,3078.304258,489585.69,834.4345106,2325.79158,15829.57355,751.860728,2685.173479,5892.506366,915.1711949,3664.649212
d4_T001_14.10.23,field,Gladius,na,R1,T,163083.2057,1282.794998,5725.209333,63.79723882,1777.494908,5631.609567,347823.3348,1258.982607,5591.132781,351789.8772,1290.568202,5593.017923,115753.0972,1109.874495,5743.473733,135738.3234,1400.449082,4943.477109,1172840.235,1159.571251,5445.511772,340833.1699,1273.895888,5607.510243,114529.4315,1113.277578,5742.663493
d19_43_G06_0_3_S,glasshouse_b2,3811,T0,R3,S,7381.101517,1822.890198,2969.64211,62.19286309,1639.590838,2049.153187,26073.34204,1248.953775,2779.325401,31395.49209,1288.063907,2630.022772,8652.290756,1764.743813,3000.022353,13375.91571,1700.168948,2091.828635,384255.0192,1473.397463,2544.50917,13415.59607,1537.510946,2060.634131,8370.040594,1765.748021,2910.562396
d25_30_G04_1_2_S,glasshouse_b1,Forrest,T1,R2,S,3719.410263,681.9694895,2249.478488,63.30589731,719.8599187,2423.476784,7185.686711,764.4589255,2290.14317,8067.778311,763.0226107,2307.78873,3041.10946,693.3393298,2192.885371,3839.622072,729.9712212,2225.688864,359551.8495,1964.531437,2014.631876,5634.684201,733.3771654,2240.560121,2182.365418,705.4569194,2211.024593
d41_02_G01_0_2_T,glasshouse_b1,Gladius,T0,R2,T,12716.01707,1724.122515,3936.265525,54.36911176,1790.613023,4373.630871,36205.32569,1548.128209,4055.177231,37883.91994,1644.293302,4069.696875,10161.29777,1797.443827,3669.406189,17260.48302,1774.466086,4355.105677,331924.2482,1847.499316,3021.087438,22549.65977,1574.149569,3131.334066,9142.107878,1798.88155,3642.434723
d45_01_G01_0_2_T,glasshouse_b1,Gladius,T0,R1,T,8881.015765,469.6611712,3118.937978,61.67101847,732.4027002,3084.978218,48264.41375,2177.604109,3541.435507,49702.12692,2172.69858,3524.521375,8197.034083,517.2010265,3145.735395,24934.81396,756.5417024,2957.351772,778154.9358,893.1325508,2536.607768,31370.08539,753.049706,3162.083743,7661.01883,980.7635958,2692.237125
d41_27_G04_0_3_S,glasshouse_b1,Forrest,T0,R3,S,10528.82775,775.6310005,3197.945045,58.894408,896.6005251,1938.213773,28327.29592,745.0094322,3058.84658,29691.76839,741.7181889,3088.727572,10997.25686,826.9478023,3176.939754,11069.06028,2773.161954,2385.093184,497129.7882,916.2009613,3253.058287,14816.02346,1412.029862,833.4560872,7294.859208,873.9804184,3534.279965
d45_31_G04_1_3_S,glasshouse_b1,Forrest,T1,R3,S,3143.57398,2100.066769,3666.957214,62.07869781,2365.480858,3111.340232,16609.49136,779.8873478,2512.424515,16907.01809,772.6139379,2516.603803,3458.806117,2104.046331,3666.041074,11632.27287,628.5182661,2121.120148,415534.8446,322.6395653,3135.334722,9466.382493,1599.363438,578.9398721,4974.1486,2107.271534,3650.517566
d07_10_G02_0_1_T,glasshouse_b2,5489,T0,R2,T,2797.399156,1903.374634,1171.799172,53.22820233,1883.61191,1155.566705,10486.00409,1746.99673,364.9871922,10713.6972,1737.851816,389.0262229,3159.146459,1900.184243,1218.15203,4531.762284,1754.492228,241.2757052,378185.9017,1833.704593,283.7276162,2679.620714,1540.700332,266.9167007,3994.052407,1892.464777,1155.040139
d27_18_G03_0_2_T,glasshouse_b2,CALINGIRI,T0,R2,T,19313.23669,1197.20821,2291.249863,56.98941354,1113.524771,2480.862047,40060.72935,1406.379934,1507.787697,48575.93317,1365.0331,1705.374398,18725.73823,1231.855986,2348.837714,23048.87208,1455.426314,1123.073806,397876.3596,1450.17272,1035.068523,22801.69339,1166.651344,2199.685199,19267.73269,1226.035159,2329.852065
d21_37_G05_1_1_S,glasshouse_b1,Hartog,T1,R1,S,4847.489961,2359.529515,2527.00804,61.5530769,1060.708719,1996.479033,9114.596039,2342.613857,2504.863944,8800.476524,2357.634101,2544.627434,5061.950799,2379.210469,2518.100016,4757.417164,1011.058736,2154.767836,366208.6879,2574.444744,2123.122998,3604.953148,985.6542266,2147.762396,5273.28943,2381.910429,2527.476858
d45_18_G03_0_2_T,glasshouse_b1,CALINGIRI,T0,R2,T,22718.48938,1101.719921,2549.360311,70.88534484,1074.963109,3066.387191,53202.7619,1626.17576,2221.33235,54243.24166,1347.673037,2180.728136,21148.41678,1203.313656,2584.270693,24462.91639,1080.643682,2057.609945,425273.3436,1408.797318,2206.908793,34081.49109,1016.963272,2665.344906,15274.49418,1172.661114,2213.212663
d19_14_G02_1_2_T,glasshouse_b2,5489,T1,R2,T,13258.1591,2147.072296,2155.51247,71.08738763,2217.259147,2552.839817,17088.70666,2197.612123,2503.750162,23680.3355,2153.796414,2016.158537,14138.31535,2095.423564,2136.998266,7807.49211,2097.876476,2326.700752,462962.5508,2058.863154,1188.530596,4854.486559,2002.379597,1287.34414,12254.69055,2105.125776,2157.402414
d13_28_G04_0_4_S,glasshouse_b1,Forrest,T0,R4,S,2974.151263,1501.048489,1910.289313,70.10693639,1515.073576,436.4398361,9319.96864,1119.623323,766.3195303,9413.515704,1125.152731,782.2315123,3699.931215,1507.539338,1912.691396,3376.062508,1506.857204,1906.721846,358039.4406,862.5052352,879.1667571,5983.502359,1515.353467,359.3287583,4245.524963,1522.863024,1943.216789
d41_48_G06_1_4_S,glasshouse_b1,3811,T1,R4,S,17788.04275,1445.699012,3263.237178,62.86139219,1674.264671,4358.817838,26950.90424,1243.159534,2852.417175,24197.25235,1651.020664,4015.837283,19461.72899,1458.018746,3247.12771,13418.24623,1770.101186,4464.386007,499695.3454,1691.084452,2758.918608,13320.78372,1744.529565,4465.372356,11037.99339,1468.366838,3268.537107
d35_08_G01_1_4_T,glasshouse_b2,Gladius,T1,R4,T,18838.06951,1879.057183,2160.215116,47.80644316,2025.659284,1580.371915,32118.84027,1819.789601,1275.587603,31298.91422,1791.469314,1262.765527,17590.30515,1930.676331,2071.181353,14576.96211,1751.000051,1476.391171,478989.1151,1978.050272,1215.238875,11806.26813,1803.339045,972.0324532,8091.93374,1576.005713,2031.300961
d37_12_G02_0_3_T,glasshouse_b1,5489,T0,R4,T,12341.1527,2053.696837,2847.753206,82.87208886,1664.650059,852.2825705,38192.76858,1793.107113,2233.449257,35396.98206,1785.843704,2208.451602,12322.39543,1966.469006,2865.528776,16300.78734,2385.206055,3031.412961,464066.638,2575.374343,1787.905933,21658.91516,1616.006217,835.8650124,13570.64329,1992.321028,2903.360867
d5_T011_21.10.23,field,Gladius,na,R4,T,93908.70335,1508.683316,5922.995812,60.06632234,688.0595683,6428.829874,268853.051,1205.611734,5610.509662,248821.007,1201.764534,5775.969771,72165.37277,1443.210355,5844.330548,109261.2553,1249.248554,4797.547764,647261.5614,1193.081657,5634.42634,197321.2065,1255.795598,6022.936225,63412.77421,1481.166064,5813.123212
d37_03_G01_0_3_T,glasshouse_b1,Gladius,T0,R3,T,12934.21491,1531.687238,3300.853643,63.3026393,1884.005142,1032.307682,34913.52623,1561.310612,4055.421877,37014.14288,1548.584925,3932.319176,14235.00728,1487.493636,3340.801288,19450.97405,1672.35442,1915.900758,529517.9005,1445.148924,2715.248173,22358.34912,1797.896251,1067.033966,13928.99937,1375.714376,1678.129395
d13_10_G02_0_1_T,glasshouse_b1,5489,T0,R2,T,12496.54804,2014.551895,1141.343675,57.89252477,1945.004159,974.701312,13077.77316,1819.269446,928.3133809,21465.21344,2109.162531,1367.695797,10137.85593,1991.783374,1188.538459,6042.366972,1962.368988,1018.085425,422947.7729,1548.894003,958.2813709,7011.229273,1647.066305,323.4485936,8882.807664,1965.218345,1656.519672
d15_47_G06_1_3_S,glasshouse_b2,3811,T1,R3,S,6810.845039,1408.107293,1841.80629,75.96506437,1517.573269,742.9846917,14364.65372,1402.644082,1740.632434,13227.14879,1410.336872,1677.121417,7122.839523,1394.615772,1867.333781,6782.060298,1282.066195,1443.579207,605232.6095,1384.071771,1299.736756,5512.665804,1325.794662,1453.729621,6618.505838,1410.749379,1822.390912
d07_12_G02_0_4_T,glasshouse_b2,5489,T0,R4,T,5444.169976,1828.984545,416.6268217,75.86667256,1556.977206,265.2665532,11192.50432,1564.300471,413.565846,8139.956486,1566.425108,822.4894989,4520.529468,1816.694435,431.4253719,5219.156567,1560.024845,214.5133104,347726.7082,2026.717647,291.9846356,6427.974566,1545.016298,311.3459162,4802.483937,1816.480829,412.2727994
d25_18_G03_0_2_T,glasshouse_b1,CALINGIRI,T0,R2,T,15351.43133,1127.831224,2418.250137,86.00996795,1458.802856,1414.704513,31809.5157,1335.902118,1825.922792,34055.27815,1626.212389,1952.905968,15633.40508,1199.740955,2372.669519,12882.78593,1122.614468,1627.307722,460746.9431,1396.91431,1284.064884,14208.01507,1212.00013,2068.247494,17980.08179,1214.322852,2213.086946
d09_33_G05_0_1_S,glasshouse_b1,Hartog,T0,R1,S,3526.375396,1228.835709,696.0776199,52.14659917,1393.040022,248.8756853,7920.572353,1243.155998,631.9582111,7324.76134,1256.79865,602.5956993,2667.93102,1230.653035,761.3329121,3771.523165,1118.788264,740.7763596,353912.8898,1446.924462,785.2222519,3958.296463,1106.338377,784.6417675,3011.624872,1259.473867,670.0011998
d7_T010_04.11.23,field,Gladius,na,R3,T,15146.07745,722.6913289,5175.470971,90.7383415,513.0147279,5040.6594,146945.0684,1119.417929,5352.981526,151486.9204,1045.919533,5286.716075,15524.2421,713.347752,5160.614222,65793.02385,846.4062181,5086.773308,384274.683,863.8753032,4949.984044,128608.9487,1165.052254,5512.606656,15318.55781,688.5617231,5125.933902
d27_31_G04_1_3_S,glasshouse_b2,Forrest,T1,R3,S,2989.598541,678.146647,3077.285816,70.06366518,626.6554682,1976.556698,13197.61797,783.1189443,2525.09867,16531.44542,984.7379212,2049.539437,3575.000374,685.9359986,3052.618886,5100.594501,702.3758596,2160.547506,364875.0164,1338.703755,2040.336711,3321.284174,860.8005293,2224.454169,3122.572254,678.9912684,3063.51783
d19_27_G04_0_3_S,glasshouse_b2,Forrest,T0,R3,S,6598.299925,741.486912,2756.934759,64.98551633,702.3213176,2673.56737,14526.00021,759.5206782,2410.3584,16443.05093,788.3970397,2318.064293,5041.717029,2725.127332,1960.936919,8346.097489,1477.892065,687.0293757,383637.2215,888.8076123,2436.563967,7255.62497,735.4942293,2440.77301,4061.897632,2722.281942,1989.333903
d07_06_G01_1_2_T,glasshouse_b2,Gladius,T1,R2,T,5534.47998,1421.629736,701.130821,65.02535698,1307.335891,963.8894115,9920.197532,1556.119322,1097.525918,8475.030213,1532.389617,1026.819897,6080.988305,1570.295797,1020.440402,5257.203854,1653.007476,579.8242118,454015.9663,1457.747108,426.0672646,3658.066045,1737.089141,662.0503511,6756.27127,1405.089143,714.3151181
d5_T005_21.10.23,field,3811,na,R2,S,26227.20583,1902.976746,4831.711584,65.13459412,1396.768155,2152.1283,176939.2436,1347.046081,5378.23981,137341.1103,1773.185108,5071.955701,18951.44688,1951.644674,4935.959047,79742.6799,1800.931385,4997.595759,528084.0886,1964.877042,4472.908229,76811.30546,1814.216806,4993.900053,12690.59929,2011.126857,4833.553245
d43_08_G01_1_4_T,glasshouse_b2,Gladius,T1,R4,T,12661.68208,1886.058091,1953.59532,60.0242113,1655.300498,1884.961466,45593.64908,1693.8961,1517.928597,46450.7851,1934.814185,1541.364007,12878.08254,1956.968169,1917.866407,23021.33228,1844.340744,1723.839554,484119.1321,1973.448277,1231.186564,14909.59518,1893.203632,1508.339452,8561.749426,3018.960377,3670.701349
d49_21_G03_1_1_T,glasshouse_b2,CALINGIRI,T1,R1,T,14884.32594,1405.823752,2950.634084,64.96649723,1617.608313,3244.579511,53356.31528,1829.560111,4072.253651,53594.11026,1465.562976,1767.94075,16780.43326,1399.144529,2987.495692,32141.38139,1767.677307,4546.483803,559268.8939,1569.5545,3863.697525,34412.27108,1555.540043,2746.165973,16143.8725,1405.646299,2958.503158
d27_09_G02_0_1_T,glasshouse_b2,5489,T0,R1,T,10304.26663,761.7883889,4266.156059,93.78396441,2347.324463,2481.346421,38652.47812,2302.12709,3980.517116,49692.27327,2067.999455,2677.399835,10464.39368,777.0790601,4239.613975,19808.75272,2401.73687,3952.776901,377292.2317,898.5805824,3891.067556,14418.88624,2333.022296,3263.866276,8979.734344,781.8833258,4304.763692
d7_T011_04.11.23,field,Gladius,na,R4,T,86635.06598,1542.179748,5859.563941,67.41606899,1468.600537,3895.060121,265328.7401,1281.812104,5665.261916,241532.148,1206.720136,5792.459478,71756.93302,1552.788616,5823.179751,109228.7031,1642.041337,5846.435532,849205.5532,718.22182,5554.873049,114452.7331,1643.775133,5745.175353,69708.48636,1527.733278,5829.240568
d29_26_G04_0_2_S,glasshouse_b1,Forrest,T0,R2,S,7528.421862,1374.321011,3142.858198,57.93122338,1080.807042,2591.948549,15787.02062,1402.280648,2566.137152,14103.2912,1390.58962,2568.146768,6550.41687,1407.281372,3105.683275,10269.86033,1156.762811,2496.186074,373941.1711,1458.064724,2775.870105,7147.549278,1510.751237,792.0076191,6674.954526,1397.484083,3138.340081
d19_45_G06_1_1_S,glasshouse_b2,3811,T1,R1,S,7157.710842,755.4469802,2155.821418,78.9490819,966.7452772,1151.507577,18449.15488,1313.846498,1403.399632,15760.07973,1368.662624,1510.307232,6579.632901,781.5506649,2132.206662,10365.3132,1451.93632,1928.769391,369320.5525,869.0689008,1463.705935,5867.964366,1472.112287,1452.208071,7073.252306,772.5686645,2158.526729
d35_22_G03_1_2_T,glasshouse_b2,CALINGIRI,T1,R2,T,10893.12945,1171.123962,2658.233105,69.62868644,2073.388793,4361.178208,33891.38528,1969.114592,3903.149025,30625.95542,1965.661405,3943.463803,11175.52471,1914.133145,3860.813899,17185.64946,1875.742378,3505.308769,355491.4717,2016.335779,1620.051431,13673.88694,2158.147174,4443.287015,10037.83902,1134.631587,2597.357295
d17_26_G04_0_2_S,glasshouse_b1,Forrest,T0,R2,S,4160.472585,1335.957837,2189.439919,53.0508741,1529.456134,739.5674908,12970.04817,1366.797941,2557.374562,9091.002303,1356.363776,2491.6582,3341.051032,1335.861587,2187.158096,2961.130196,889.8361944,2389.387804,368386.6748,1471.389888,1536.141801,4996.506309,901.7107584,2411.867978,3933.935841,1367.024611,2137.15231
d41_30_G04_1_2_S,glasshouse_b1,Forrest,T1,R2,S,1008.305217,1021.767398,3164.683719,67.83628699,763.9152456,2267.224093,7558.987919,1020.411737,3045.184945,9076.510492,976.4255371,2075.819805,1375.703573,991.4968089,3179.868404,4464.907694,886.2345215,3183.244232,376316.9938,887.7541558,2482.731488,4221.34223,897.5455946,3148.877096,2517.291224,993.1020329,3128.580377
d33_21_G03_1_1_T,glasshouse_b1,CALINGIRI,T1,R1,T,26260.41827,1913.516979,3494.898367,60.77640746,1593.249842,2063.072341,29106.635,1853.003759,2869.802997,25729.35467,1869.282608,2857.89674,21155.82961,1839.556799,3397.552796,12852.62915,1596.605636,2502.107228,532661.1419,1979.682436,2506.301818,15284.68071,1580.686253,1639.172097,23794.74965,1858.944162,3301.14491
d29_11_G02_0_3_T,glasshouse_b1,5489,T0,R3,T,19727.64935,1555.787644,3811.265977,47.78597042,2773.813113,3234.287005,24688.97706,1599.877709,2770.570275,27826.66492,1541.457787,2661.691347,11800.31182,1440.67328,4142.780873,11508.34821,1393.057741,2405.283607,510443.9854,1673.223629,3857.770453,8706.280362,1396.512849,2486.019536,8105.117715,1396.418901,4207.908137
d37_11_G02_0_3_T,glasshouse_b1,5489,T0,R3,T,10271.51268,1430.973049,4106.184644,50.64180914,1830.138246,952.5864521,27737.64179,1545.269064,3901.050845,28505.82405,1537.62068,3828.156975,11637.7512,1440.565894,4101.8802,12131.68633,1588.421004,3282.22561,541780.2953,1768.931737,3803.799474,13049.37451,1404.714444,4258.854453,6930.489991,1616.759738,3337.947904
d4_T015_14.10.23,field,3811,na,R6,S,13257.42618,415.8127606,826.957912,61.37968645,670.1218218,5609.42569,188573.1325,1028.663539,5043.921525,186713.3895,1059.65208,5113.354994,12409.61774,405.2110375,863.5323792,103140.9846,789.8892899,5826.29566,431611.6981,225.7270852,473.3020388,78074.12233,512.66915,5322.640705,12354.48082,409.6567904,6585.584431
d5_T020_21.10.23,field,Gladius,na,R8,T,298047.1718,984.2876745,4596.964199,115.8126186,668.7943626,3836.046102,308774.0007,1081.698753,2940.181249,328378.9551,1098.759608,3055.842799,227399.2889,1017.283163,4870.352063,171914.9752,900.7751745,5861.615643,1626214.756,1165.162469,5279.560745,221102.7148,962.3499874,5679.952451,208733.703,1042.970675,4831.932442
d33_29_G04_1_1_S,glasshouse_b1,Forrest,T1,R1,S,4047.899275,996.2427603,3314.377025,60.4524368,1070.508106,3085.336191,6788.202625,980.9523105,3317.974989,9962.224798,1007.659664,3340.100051,3508.879145,982.7288406,3238.07918,3209.340802,980.5346125,3318.285467,226947.0559,2582.806844,2604.984042,5924.091016,2495.616778,2847.270245,3755.771031,975.663715,3272.725758
d1_T008_27.09.23,field,3811,na,R4,S,29504.55625,1393.478548,6401.56357,67.7794205,1466.594196,6189.271033,171505.203,1027.848886,3075.426598,222269.4289,1040.683686,3481.314088,18440.94978,1321.521097,6359.512106,83560.29534,722.177235,3303.930509,400509.8846,1422.008601,5986.032529,102843.8385,911.9845365,2971.212223,19513.97033,1316.823508,6285.430146
d15_10_G02_0_1_T,glasshouse_b2,5489,T0,R2,T,14855.20842,2131.761775,1438.580746,58.316268,1946.402607,978.4339067,21205.9996,2261.855487,1803.35444,27586.01368,2182.105387,1600.524823,14038.34375,2108.185934,1449.960106,9567.048994,1681.604311,488.7637073,667245.3303,1675.909107,1275.347724,7581.907503,1680.403524,440.3282996,13812.76069,2149.663472,1456.729447
d19_13_G02_1_1_T,glasshouse_b2,5489,T1,R1,T,11410.46308,1703.177745,1652.650591,53.24471939,2530.674838,2212.425819,15979.90314,1833.197952,2205.033211,19704.63043,1807.570332,2170.505349,10702.80048,1699.846887,1713.705841,8415.521179,1997.806074,1718.643615,539990.5619,1529.083134,1300.136173,6933.279229,1642.934172,991.4347828,11095.19871,1704.484044,1786.693453
d35_39_G05_1_3_S,glasshouse_b2,Hartog,T1,R3,S,5844.174392,1505.817676,2572.808186,98.01356139,1631.358747,2314.035081,21234.50721,1457.43171,2710.065446,24479.11366,1491.091672,2586.645219,7367.525907,1504.403297,2625.899256,9662.416345,1654.875035,2330.694559,358861.7724,1441.311361,2215.256391,11420.52113,1587.880064,2440.389857,6379.287155,1491.493181,2636.480323
d41_43_G06_0_3_S,glasshouse_b1,3811,T0,R3,S,25501.54252,656.7794596,3818.166996,49.10510968,1954.064254,3730.024583,53875.80024,1332.460378,2599.407863,55159.44861,1267.916898,3888.702434,25086.9009,731.7845782,3857.143741,25309.32042,692.8677318,4185.255006,596711.7685,523.7150854,3367.327732,26511.37783,704.2713125,4175.576459,25550.67368,730.1714698,3838.090034
d7_T009_04.11.23,field,3811,na,R5,S,71498.76127,1109.992304,6037.050297,67.14688093,786.4301438,4190.407514,282237.5257,1131.696442,5249.298534,307974.9342,1031.517277,5124.815915,44880.24198,173.9600383,960.1125936,136405.0225,1148.069849,6255.232728,1005920.47,413.7469095,595.2381761,136935.6512,1180.669086,6150.956847,43527.66973,167.742058,981.4624517
d43_43_G06_0_3_S,glasshouse_b2,3811,T0,R3,S,25614.50459,684.4899215,3754.466882,85.97338066,1572.325464,766.7058183,90465.55107,1284.063121,3885.679157,110797.33,1751.934701,3412.101252,25418.93325,707.7127863,3863.467242,36770.5916,2012.764974,4024.57579,608239.7563,851.9111379,3186.879183,41840.23735,2037.986019,3867.688049,24482.92117,697.7949113,3845.683576
d29_29_G04_1_1_S,glasshouse_b1,Forrest,T1,R1,S,3038.076258,965.7124509,3310.805065,54.88061722,2497.344334,2314.748145,8264.32745,1097.194048,3045.515362,11903.24316,1101.926536,3018.372084,3747.275604,979.0892189,3300.412242,5686.714363,918.7160518,3435.22793,270314.8922,2601.374853,2659.22608,5338.729517,2489.371927,2720.713379,3278.085291,995.2746195,3322.367344
d07_06_G01_1_2_T,glasshouse_b2,Gladius,T1,R2,T,5779.618112,1403.320465,696.9439143,65.03906354,1328.066812,943.6612228,9921.784177,1543.867077,1109.767793,10053.23185,1562.019898,1071.627665,4898.011637,1602.613489,1026.681804,4742.923844,1627.921542,586.9064018,456583.544,1466.515445,438.3861959,2468.321661,1740.856782,722.3849356,6563.133756,1411.989806,664.8069694
d17_48_G06_1_4_S,glasshouse_b1,3811,T1,R4,S,9789.192071,1223.351594,2115.468477,66.22566098,1511.168439,778.4526869,13906.27045,1220.313754,1824.096586,13777.91464,1215.622244,1789.785732,9494.969513,1215.869075,2157.368078,7301.409112,1353.932505,2587.579868,368991.2734,869.067844,1506.950262,5862.600225,1521.13014,758.9008709,6916.751443,656.245959,1990.740817
d09_10_G02_0_1_T,glasshouse_b1,5489,T0,R2,T,6773.311417,1761.86327,758.2068407,54.02817341,1634.248298,259.2343322,9582.301308,1785.905237,624.0411756,8984.453992,1762.828835,654.8158403,7522.663991,1777.181346,791.5344132,4494.805447,1936.612607,1091.491787,427974.5133,1545.216572,370.6139977,4901.840916,1928.680867,1085.997347,5480.523278,1899.993777,1276.571626
d11_20_G03_0_4_T,glasshouse_b2,CALINGIRI,T0,R4,T,7873.567031,1969.569955,1851.584899,73.137816,1394.91713,459.1820708,14654.47615,1735.125684,1931.390565,19513.56997,1768.722697,1718.331041,7935.957907,1943.549285,1836.050946,9573.206291,1897.042773,1952.231501,543420.542,1658.122085,1525.153739,6937.900888,1443.782882,484.4119964,7891.265693,1954.354397,1841.497249
d29_44_G06_0_4_S,glasshouse_b1,3811,T0,R4,S,13210.68438,1217.042254,3543.599308,50.81399366,2110.07967,2595.507588,33325.22244,1036.408456,2398.998717,40008.82751,715.8298978,2998.484484,13063.16084,1179.594496,3545.052365,14821.31512,861.8166951,2997.531389,450582.9177,1242.101686,2757.338449,13644.57877,838.0401487,2725.90766,7761.491415,1216.380931,4007.412188
d41_46_G06_1_2_S,glasshouse_b1,3811,T1,R2,S,13121.39109,1430.594924,3948.965718,58.2188092,1272.41454,4184.201012,25935.2726,1782.283421,2865.295899,28693.74269,1803.962974,2819.431192,12335.45478,1507.143407,3943.178145,11239.79818,1254.881317,3966.627088,352160.2294,1431.91847,3348.269765,21811.60254,1236.074549,4314.94371,10758.41787,1068.056255,2508.506904
d21_25_G04_0_1_S,glasshouse_b1,Forrest,T0,R1,S,6020.056058,1531.39173,1814.477408,58.28643042,837.5353748,3021.964014,13960.26852,675.6040614,2785.089329,17790.00557,1125.469006,2527.181842,5762.856115,1480.324703,1836.857511,5568.078988,790.5969601,3045.539395,507316.7872,1409.675861,1588.905166,6767.260724,841.8275575,2932.679662,6562.841385,1477.410136,1851.139415
d5_T005_21.10.23,field,3811,na,R2,S,26908.92997,1905.122571,4933.358508,65.02001118,1379.173833,2164.382011,182121.3939,1336.387762,5360.271721,131820.0213,1777.606449,5077.190668,18000.11473,1949.731918,4906.377983,79569.83499,1805.595508,4905.76633,528991.7928,1952.234522,4414.800135,77090.13938,1806.66499,4947.962932,14093.61057,2012.978511,4856.559653
d35_42_G06_0_1_S,glasshouse_b2,3811,T0,R2,S,15351.9763,896.9662206,3069.171571,68.37609424,1913.446735,2518.041934,52856.73778,1156.827792,3807.752152,58756.47152,1492.102331,3544.098947,14158.88523,843.0063041,3085.759106,20572.13524,1392.459164,880.6752732,337155.122,1450.72566,743.6517144,21134.88313,749.1466983,2364.658449,13845.74502,845.1323487,3050.43707
d21_40_G05_1_4_S,glasshouse_b1,Hartog,T1,R4,S,2378.440711,1646.800703,2189.320907,49.52465997,1151.90574,1268.835244,11866.02737,1637.787147,2390.335389,12186.09884,2434.532796,2500.925867,2467.869844,1648.796606,2200.644507,4985.871239,1655.432031,2022.885802,313461.4319,2525.001454,2059.698158,7531.657714,2493.822697,2227.022564,4209.388789,1663.777251,2205.238412
d11_16_G02_1_4_T,glasshouse_b2,5489,T1,R4,T,4760.496523,1705.903612,1536.810588,60.36761422,1685.210764,1421.122826,6883.223645,1726.569806,1611.813183,9847.099915,1559.096734,1099.31717,4653.265252,1726.384346,1545.795419,4748.0597,1665.419784,606.884453,343156.5478,2008.683294,1489.055112,3416.508748,2241.333921,1456.90651,5490.449058,1735.320971,1554.493676
d07_27_G04_0_3_S,glasshouse_b2,Forrest,T0,R3,S,3683.049274,1432.796834,509.3812044,59.85418521,1404.820475,320.1010118,9363.800107,1466.626867,435.00412,7987.528053,1461.952822,325.6403351,4215.030223,1399.084444,544.55734,1963.44291,1387.649918,253.7965948,388381.9728,1828.934581,260.5907416,4019.144875,1375.021295,750.789366,3731.692442,1413.07686,487.3778338
d43_39_G05_1_3_S,glasshouse_b2,Hartog,T1,R3,S,6077.039327,1516.58939,2642.137216,63.05972649,2351.755942,1947.079646,29059.51374,1817.68284,1809.089865,23246.92851,1034.38656,3086.187975,6453.953245,1504.244265,2643.950529,12497.87865,1512.448124,2672.845413,363338.1755,1442.127466,2166.924407,9734.119421,1579.44539,877.2640398,6910.667621,1503.799415,2640.10409
d33_40_G05_1_4_S,glasshouse_b1,Hartog,T1,R4,S,11738.82566,2362.808822,3383.452088,67.85253811,2140.79868,2982.863094,26687.8287,1699.499621,2717.541542,32001.31172,2302.685459,3435.981604,13455.63418,2377.807823,3352.706649,13387.91808,2111.193524,3629.759889,206919.9486,888.3428884,2615.668372,14259.94367,2467.340078,2699.644937,13580.98635,2344.849119,3372.81406
d17_13_G02_1_1_T,glasshouse_b1,5489,T1,R1,T,7948.926457,1832.287108,1947.700811,59.30719277,2682.649095,2382.749901,14862.9393,1275.292112,2046.091209,16105.21582,1306.299019,2172.155297,8948.263713,1747.7646,2021.752998,5876.314616,1661.841821,2508.435719,542393.2085,1536.887091,1277.635566,5522.142975,1636.612715,955.4450357,11570.96012,1720.362954,1781.969348
d17_09_G02_0_1_T,glasshouse_b1,5489,T0,R1,T,8850.602101,1916.816901,2001.647702,62.32104445,2109.125708,1814.700637,16059.97388,2070.63558,2774.384642,18192.08899,2046.201637,2687.205893,6788.960216,1965.573877,2184.286609,8221.407068,1202.036894,2722.429635,389984.2418,2135.527362,2549.628697,6010.920048,2237.186116,3005.276417,5945.185075,1972.419652,2182.996673
d35_46_G06_1_2_S,glasshouse_b2,3811,T1,R2,S,12541.38317,1449.113355,3865.474398,64.75491772,1732.996007,2999.947928,27911.54898,1750.328822,2129.967267,28483.60505,1763.201681,2274.395157,11346.3962,1514.293283,3948.810283,13797.24412,1313.670005,2321.732584,396617.9106,1426.53281,2133.432083,15156.72691,1307.6829,4126.917939,10472.95625,1553.239955,3864.803563
d7_T012_04.11.23,field,Gladius,na,R5,T,85105.36954,768.3372661,5693.763562,81.37272676,548.1040276,6289.264939,200387.4518,964.9052653,5702.886214,200783.1945,858.8639523,5672.927602,77396.40073,758.3258882,5756.460431,92034.65998,677.5183093,6205.834278,716676.2653,493.7708115,5774.823521,115795.9107,850.3520575,6115.112391,74688.29891,733.359162,5716.385324
d49_44_G06_0_4_S,glasshouse_b2,3811,T0,R4,S,34923.80411,2133.809839,2625.961575,70.10579158,2158.29684,2956.62204,149549.6845,1447.551408,1723.991104,149652.9876,1738.433398,3436.827394,28694.35741,2148.91381,2743.47656,74435.562,1622.055584,906.9518439,451558.7945,1999.224444,2184.605071,54660.58179,2147.571817,2498.026237,28030.8032,2111.552017,2762.340166
d37_32_G04_1_4_S,glasshouse_b1,Forrest,T1,R4,S,6333.548268,588.8159871,2484.789129,50.80077828,1427.694122,703.6104657,14226.04427,510.5440733,2789.957681,13199.17982,522.6437058,2773.470613,4375.993767,591.1647191,2500.104278,4523.158406,2440.342326,2587.454905,319061.2086,861.8187551,2005.647925,8973.094308,661.4957319,2358.242978,5594.131386,565.1389115,2482.900415
d31_31_G04_1_3_S,glasshouse_b2,Forrest,T1,R3,S,4978.304055,676.5429547,3097.26653,52.56979317,371.9933445,2910.057899,15083.17404,976.5231154,1897.320253,14694.39316,977.5287984,1921.833595,3468.756562,664.0369283,3140.2919,6281.724493,2196.003652,2987.060737,361500.7761,1327.767078,2041.687817,4615.645547,625.5909374,3151.844974,3438.57935,643.0287775,3163.175273
d33_15_G02_1_3_T,glasshouse_b1,5489,T1,R3,T,15228.38393,1010.273589,2878.855116,61.61764864,1641.095191,3597.911811,22415.34724,954.3785665,2634.042409,24683.51931,961.2292969,2690.558851,14684.87595,1093.738008,2881.31398,9507.326717,959.4322432,3168.956704,376109.417,1472.102066,3335.572331,11772.73078,1549.886095,4021.363452,14419.45739,1090.890133,2926.196623
d41_48_G06_1_4_S,glasshouse_b1,3811,T1,R4,S,19922.84976,1425.904139,3214.447165,62.81537691,1693.345192,4345.793541,28032.63338,1251.574801,2813.250801,24380.13625,1617.802125,4074.038345,19439.55215,1453.687413,3252.74575,11902.31081,1755.441209,4439.217756,505485.0982,1707.559564,2781.969051,11912.32663,1738.913121,4402.487557,11614.81587,1468.975217,3277.396075
d45_34_G05_0_2_S,glasshouse_b1,Hartog,T0,R2,S,12501.89249,1058.775786,4328.928362,95.91208966,1609.37775,836.041154,58404.76638,1351.397685,3551.40289,84507.91418,1551.035682,3080.164711,12460.5124,1067.214098,4346.725461,32203.16522,1636.351616,1326.60109,435182.4349,1382.917034,3739.609896,62318.64661,1653.67497,888.0332525,11863.90646,1043.929126,4378.131903
d11_24_G03_1_4_T,glasshouse_b2,CALINGIRI,T1,R4,T,6550.432895,2155.093826,1414.629954,66.99931409,1674.027026,401.0536827,16830.74413,1514.896381,903.7149158,18992.62305,1400.316984,1263.286804,6249.07127,2187.22791,1440.123351,7703.68878,1147.495048,1796.603608,447941.7724,1943.195608,933.8256473,6362.756268,1587.235109,504.3632069,3378.256819,2229.580499,1644.002395
d17_45_G06_1_1_S,glasshouse_b1,3811,T1,R1,S,6550.889525,761.2925756,2056.264069,70.97415932,1033.907154,2050.816755,8949.777682,1664.02302,2036.333706,14508.88971,1215.968723,1919.577095,5168.432422,764.1192091,2086.056016,5128.417782,1454.80157,2097.030337,364011.3208,884.9498024,1460.564019,4959.513606,748.3709787,2067.455541,5691.537276,746.5478898,2011.436096
d49_41_G06_0_1_S,glasshouse_b2,3811,T0,R1,S,73898.57295,1189.319228,4091.866072,86.15211994,1790.735391,534.4886141,155020.1921,1519.752241,3831.874841,160622.4665,1701.150024,3741.92024,53826.29578,1132.618525,4230.324528,69698.32255,1689.620006,3721.820971,547549.0836,1321.847813,3596.885976,92424.9256,1126.552267,4052.660918,46703.63741,1129.081603,4248.277856
d21_15_G02_1_3_T,glasshouse_b1,5489,T1,R3,T,9193.380843,946.0742974,2389.082318,62.06390738,944.7189103,2333.395255,11034.52529,932.7902903,2339.517378,13499.48298,935.775129,2330.168981,9783.206675,961.3666171,2447.069023,7023.105114,955.3899497,1981.541462,486506.9844,1239.755155,2181.64569,4886.564737,966.5487552,2743.47387,9513.463995,947.3301367,2395.995927
d33_38_G05_1_2_S,glasshouse_b1,Hartog,T1,R2,S,3014.859934,1073.413374,2506.274278,53.78768042,800.597865,2817.596867,16852.69084,1079.966648,2491.528552,16460.4914,591.4056666,2482.139633,3024.657804,1068.909578,2508.462406,8669.013577,863.642038,2107.122286,380718.39,880.7361069,2432.156219,6885.379277,793.2021634,2992.412013,2987.702674,2253.129415,4258.297955
d3_T005_08.10.23,field,3811,na,R2,S,16106.68376,1644.21415,4883.326169,64.09100557,1832.747973,3492.002088,174097.0591,1278.936308,5374.598089,173323.7508,1278.80156,5354.561976,15404.37758,1687.853529,4911.131593,83680.6055,1656.071047,4767.050511,502672.9369,1854.975415,4804.092394,87527.66528,1557.773277,4960.508931,12860.08575,416.6599785,6206.232318
d29_28_G04_0_4_S,glasshouse_b1,Forrest,T0,R4,S,7116.76238,1263.545846,3744.221235,59.01744911,1382.008332,814.0687861,17085.01372,1548.424023,1967.380835,15577.53466,1466.919627,3268.66166,4163.189234,2550.3811,3011.35284,7497.316138,1426.467055,2472.27811,381251.8562,1471.945646,2610.211047,12860.65407,1445.826233,795.2707255,4048.398513,2532.459962,2984.936045
d41_48_G06_1_4_S,glasshouse_b1,3811,T1,R4,S,18889.42341,1435.394939,3223.946428,62.7428578,1676.644746,4314.233749,29815.93979,1226.992011,2839.765572,24920.96061,1626.014006,4032.804421,19249.66625,1445.447933,3248.214589,13564.50132,1753.590709,4479.230698,504110.472,1712.228658,2710.349679,13382.18687,1722.304,4474.085821,11213.17273,1456.516997,3315.191069
d43_29_G04_1_1_S,glasshouse_b2,Forrest,T1,R1,S,3511.976791,2216.510024,3623.255922,54.00915012,848.9796406,3983.20585,19984.49416,992.6636794,3287.928969,23455.38914,1054.297677,3200.959987,3505.286689,2205.29839,3687.928279,7667.205231,864.9737432,4295.39689,391965.0473,867.8057532,3334.967076,4865.451426,2254.291962,3621.66343,3448.950422,882.2802837,4590.204466
d11_09_G02_0_1_T,glasshouse_b2,5489,T0,R1,T,5130.233803,1993.79009,1900.244992,62.32505669,1975.284664,1980.724369,14671.15914,1961.547163,1725.144615,14682.33344,1573.686,661.7831057,5912.785561,1983.310394,1883.670312,4465.967329,2464.812616,1520.575879,448899.7882,2019.957798,1622.790206,7966.563704,1576.221411,311.8958646,6032.334994,1990.372996,1880.774065
d07_05_G01_1_1_T,glasshouse_b2,Gladius,T1,R1,T,2889.608922,1612.188125,922.468563,58.17189439,1654.328517,149.8844157,6013.406577,1865.78021,375.4966585,8463.41001,1600.227647,708.9754371,3474.803365,1600.041122,917.3894987,2889.673434,1528.638882,1018.4291,344101.1645,2038.439055,303.9915124,3179.83681,1530.497312,734.7114899,3608.118478,1582.7881,944.9003823
d07_43_G06_0_3_S,glasshouse_b2,3811,T0,R3,S,4320.696538,1731.000566,379.2932046,65.75189837,1747.113408,337.4816549,4056.560823,1704.298293,444.8510164,7987.862606,1713.583509,499.0766058,3561.330958,1736.653682,415.1716539,5805.806054,1680.454367,325.5837112,413056.3935,1882.234292,275.118552,5580.017373,1682.892439,342.0459205,3571.290052,1738.59629,396.1806889
d09_33_G05_0_1_S,glasshouse_b1,Hartog,T0,R1,S,3223.15902,1202.400591,686.0256604,51.69721336,1379.980826,263.0710017,5477.107447,1235.177042,638.4182214,10037.77325,1239.886031,697.9121082,3597.376266,1246.652258,716.9700811,5145.872032,1139.07285,813.890847,358123.7604,1459.950613,774.0390076,4661.82985,1121.867901,807.3654868,3141.237291,1246.98975,715.112927
d07_45_G06_1_1_S,glasshouse_b2,3811,T1,R1,S,2353.130758,1556.039721,1161.499816,63.63537448,1528.817575,1089.011213,4629.3449,1497.033084,974.2719912,2453.682912,1499.594629,1022.347072,1882.484715,1535.770627,1182.376598,2351.769904,1699.338002,404.5448588,255896.1381,1457.102456,289.7987981,1765.125807,1706.116043,412.5015202,2310.723259,1536.580417,1189.929911
d31_29_G04_1_1_S,glasshouse_b2,Forrest,T1,R1,S,4578.437951,972.4445913,3312.789679,75.83062274,2498.044129,2561.823811,13320.49657,1067.142033,3071.32247,9949.561053,1189.648462,2716.144275,3686.941765,971.1445918,3372.67266,6981.46133,2495.053624,2609.520388,445225.9399,892.1352679,2799.442589,3726.218786,2483.315007,2748.617279,4757.519105,972.8256355,3420.185014
d1_T006_27.09.23,field,3811,na,R3,S,43408.01452,1825.707001,6129.192398,97.75254527,1265.467974,6172.591766,227688.1537,1293.537063,5410.280981,299276.1431,1186.934141,2730.407223,35913.45228,1834.605863,6041.311129,143341.7314,1395.948322,5864.505429,799290.7538,1921.152987,5697.236254,190957.163,1120.196466,3192.726432,34045.70468,1824.966288,6074.612411
d19_33_G05_0_1_S,glasshouse_b2,Hartog,T0,R1,S,3003.450821,1247.724036,966.3535957,74.99469501,1147.224241,2243.344015,17079.86568,1243.055629,2661.161087,23194.36109,1261.552611,2486.556199,3220.591114,1248.094114,931.5007716,9246.546676,1174.765425,2273.608755,398047.9909,1032.113711,842.1461703,11356.0483,1281.024771,742.6548726,3777.425015,1273.818954,950.0078396
d6_T015_28.10.23,field,3811,na,R6,S,17859.11732,400.7821478,6355.852908,56.6402098,660.6107921,2386.621359,199351.3961,955.3613569,5080.707754,204310.8235,932.4871941,4998.643766,14796.63918,439.1112834,6477.950713,114451.3897,821.9992598,5792.352933,507529.0692,312.1565902,468.5901981,86887.05589,589.2028479,5215.528633,11387.59181,463.8362416,314.6066987
d4_T019_14.10.23,field,Gladius,na,R7,T,166033.3554,512.9936538,5013.732047,67.06741806,678.414266,3468.089347,345092.2696,1013.777749,5289.181682,328185.3537,1023.802944,5470.018202,108833.7233,484.0178906,4942.094075,171001.2192,892.6414987,4096.56556,740492.3711,1335.752647,3604.709194,167528.3787,1032.216649,3998.2423,101379.91,482.8352936,5022.483181
d37_16_G02_1_4_T,glasshouse_b1,5489,T1,R4,T,12992.11758,1959.429358,3353.608201,68.94891712,1541.448716,841.1230729,27436.77004,2012.775209,3555.019523,33318.25196,2135.157343,2987.572646,12294.05151,2049.369152,3308.120289,11580.39327,2045.094111,3081.944177,588982.3849,2018.028815,2507.516413,19534.20796,2228.223164,3522.105323,10880.69685,2033.833386,3311.859447
d09_03_G01_0_3_T,glasshouse_b1,Gladius,T0,R3,T,8651.107253,1431.691925,1286.962764,103.6891833,1669.429824,391.7314722,14134.87684,1404.101215,1186.547458,11938.72237,1554.790528,898.8475779,8792.905234,1466.460074,1302.156067,4415.748095,1456.980448,1193.985826,517929.3538,1705.28465,1020.914339,8736.761177,1388.485028,1354.516459,8641.500512,1431.997781,1275.188875
d31_29_G04_1_1_S,glasshouse_b2,Forrest,T1,R1,S,4521.861164,972.6603739,3324.89391,76.08292979,2504.496502,2504.519808,12646.68612,1078.364363,3076.653376,11848.79552,1202.914613,2694.023222,3750.261876,968.227027,3305.454666,5724.576602,2509.556569,2624.422981,442462.1866,882.5560554,2834.122542,4982.814122,2484.472368,2815.190035,3908.280947,961.8630568,3350.00956
d13_44_G06_0_4_S,glasshouse_b1,3811,T0,R4,S,7859.485735,1030.707962,1556.663834,67.98496458,1212.550597,624.1214148,16107.98046,1152.602854,1276.330639,19172.85378,1148.728882,1272.472089,8133.479413,1080.637346,1583.515808,8450.895982,1112.115079,913.7081016,412626.5899,831.2205597,870.6416824,12666.28969,1633.814762,468.5769163,8212.426517,1063.246459,1555.928418
d41_20_G03_0_4_T,glasshouse_b1,CALINGIRI,T0,R4,T,17548.24637,1835.342881,2403.665738,53.11162808,2228.959532,1533.100046,54037.16156,1771.727708,2245.71074,55283.09755,1779.476439,2224.900065,17303.36429,1890.811419,2395.35797,27608.14435,1279.96496,4294.573245,608309.2119,1567.731086,3544.961955,45482.70438,1528.399539,1056.563141,17638.90117,1879.206862,2326.990766
d2_T022_02.10.23,field,3811,na,R7,S,38257.83372,815.641509,5227.718031,58.80701722,1288.020744,4523.2645,175553.5624,1224.49224,5319.950411,176798.9549,1227.516315,5294.536257,35233.38664,784.133298,5256.049559,82193.83975,774.8452927,5671.595157,543848.5872,470.8484536,4888.323648,156800.764,1177.008207,5418.890823,30312.0066,827.7626538,5284.659787
d27_41_G06_0_1_S,glasshouse_b2,3811,T0,R1,S,7405.647052,1448.646841,3550.964743,55.71195658,1347.227881,2541.960575,25363.00798,1607.195129,1498.845762,26306.22706,1345.614819,2749.527002,7897.516542,1432.496299,3577.273125,12430.72092,1430.582448,1852.392564,363065.4746,1475.909186,2531.926173,11671.17431,1348.374405,2830.537178,8942.770309,1433.089834,3551.306879
d17_08_G01_1_4_T,glasshouse_b1,Gladius,T1,R4,T,15930.29534,1898.568242,2093.853809,62.31757862,1709.866123,1287.415621,14087.82842,1882.066761,1672.220483,14926.01582,1879.761741,1709.67994,17386.00635,1958.506407,2047.924714,6614.921838,1863.581409,2102.342452,845643.5616,1622.435074,1461.593855,7755.507217,1736.440294,986.5019989,19899.52727,1902.263902,1802.16217
d25_10_G02_0_1_T,glasshouse_b1,5489,T0,R2,T,15805.66069,2468.327876,2635.530837,82.93112351,2383.773346,2632.993927,24912.61661,1958.611829,1894.15615,41254.24468,2265.593204,2445.292319,13933.67871,2463.301617,2631.404826,9625.826438,2342.656248,2741.873707,537626.914,2517.960573,2346.433621,13660.06763,2307.334549,2392.027029,14021.67465,2462.640935,2635.533207
d15_37_G05_1_1_S,glasshouse_b2,Hartog,T1,R1,S,1900.764663,2368.356959,2359.284721,53.96384763,1004.920573,2034.403664,12794.72602,1091.243659,1572.943446,11105.15903,1107.586421,1610.021518,4029.438094,2394.860349,2365.106836,6089.011787,1033.449113,2101.928845,294545.0667,2560.817684,2052.295436,2437.753174,1058.722733,2045.049122,3489.94916,2384.470381,2351.945165
d15_46_G06_1_2_S,glasshouse_b2,3811,T1,R2,S,3138.144705,1668.534401,1516.693494,70.22732844,1633.59751,637.3311676,14667.91942,1718.676489,1916.990167,18012.95462,1679.246433,1820.295796,5240.780541,1680.827518,1527.213556,5581.359702,1569.727233,1374.700913,364558.2897,1463.748058,998.1847154,3238.301726,1702.287358,1558.762585,3756.825813,1671.884196,1519.829943
d25_33_G05_0_1_S,glasshouse_b1,Hartog,T0,R1,S,4586.220306,1322.770162,3637.922607,56.09326663,1161.316468,2106.65947,14191.17402,1192.183873,2813.314777,21795.53231,1239.456796,2685.688142,4932.170539,1340.715691,3554.808756,8508.637999,1173.974181,2399.070646,343856.7103,1458.70401,3054.992557,9823.973161,1165.220259,2322.329575,6323.898023,1354.107507,3599.28691
d1_T010_27.09.23,field,Gladius,na,R3,T,17054.39637,1338.996628,5920.924216,53.08838934,1345.561518,6090.765701,144927.8016,1228.398677,5366.355492,155629.742,1254.454803,5264.070466,14054.9192,1383.886573,5918.11479,61330.5442,1584.860046,6006.81817,423639.5695,1095.83649,5901.150922,99920.151,1369.256459,5749.67725,7708.979933,890.9458362,5459.838641
d11_11_G02_0_3_T,glasshouse_b2,5489,T0,R3,T,6063.965383,2238.534532,1252.397793,63.05307665,1467.922453,2203.593954,12617.58173,1514.345744,876.6957083,18244.85075,1513.979558,1446.007244,6138.482347,2248.573881,1265.129316,7251.985536,1475.649807,2099.845946,373206.5296,2068.484756,975.7455644,5986.346841,1377.69296,2044.017808,6501.83952,2255.856639,1307.765503
d45_31_G04_1_3_S,glasshouse_b1,Forrest,T1,R3,S,5437.461382,2080.041697,3748.289335,61.96883124,2370.434062,3158.695163,18231.93721,784.9926178,2545.681748,19834.62418,789.4464588,2505.860043,4446.398258,2094.064568,3710.827032,9773.888156,619.6409697,2055.570809,412743.5476,340.6505078,3086.393238,10309.3738,1596.991193,603.072012,4838.413803,2104.389506,3658.929547
d15_06_G01_1_2_T,glasshouse_b2,Gladius,T1,R2,T,9846.030711,1606.993437,1610.63555,61.99060069,1645.275701,877.0979872,15511.30667,1612.347116,969.1697258,15181.11273,1522.087141,1777.198436,10080.8779,1529.704026,1563.197036,9483.19079,1627.69555,759.4316869,579353.7788,1482.154467,1295.057836,9519.112634,1662.532164,779.2211123,8787.16362,1563.138564,1610.601782
d7_T006_04.11.23,field,3811,na,R3,S,66394.75236,1107.354829,5944.021547,58.19774615,1715.079044,5887.597408,270941.9148,1278.778196,1855.563711,364042.709,1197.324986,2481.572279,60638.97824,1179.597376,5921.537755,117788.7977,1459.336931,6179.282714,1705875.952,1530.495575,5832.7365,165356.1171,1464.186998,5889.901873,32856.89619,1847.281214,6103.558526
d49_22_G03_1_2_T,glasshouse_b2,CALINGIRI,T1,R2,T,9375.908384,1173.262049,2552.431203,55.02493415,1745.962691,4399.289647,43450.71513,1945.901387,3823.706184,44999.53747,1931.521165,3839.429485,10162.56981,1167.637127,2567.829198,19136.27248,1962.748509,4517.97455,434498.019,1955.505152,3484.374303,17750.10903,1786.097146,1061.815004,9126.39895,1161.2672,2552.617017
d35_43_G06_0_3_S,glasshouse_b2,3811,T0,R3,S,24759.33889,654.6993329,3891.069866,54.87910083,712.4097908,3660.274186,55775.42076,1605.134666,3656.399327,57943.33446,1596.922828,3717.870335,25694.16501,719.6255152,3789.447983,26013.11576,1745.191911,2543.730972,575206.4635,1236.601355,3329.561457,26780.79828,703.5824081,4016.393161,24501.03763,733.6568858,3817.102143
d29_12_G02_0_4_T,glasshouse_b1,5489,T0,R4,T,14389.94118,2033.635854,2782.247722,74.8999328,1536.972011,896.9192406,28182.93383,1712.797047,2070.42371,26277.57123,1722.463996,2075.309293,14422.5421,1945.271562,2858.350551,12444.54487,2134.259236,2843.154014,580834.869,2037.93069,2571.988057,19120.09221,1501.6988,984.2512038,13289.32531,1956.904689,2791.05665
d49_44_G06_0_4_S,glasshouse_b2,3811,T0,R4,S,34567.38662,2117.477711,2633.509806,69.92771062,2152.0173,3005.946548,146458.5213,1445.231425,1698.432759,149430.4035,1741.014102,3468.258145,28859.05165,2139.255521,2721.120759,76175.53595,1625.105054,934.2512469,456202.7424,1988.861685,2174.840564,58288.32657,2142.903523,2508.173404,27827.93933,2149.054097,2714.613192
d15_04_G01_0_4_T,glasshouse_b2,Gladius,T0,R4,T,14462.03095,2025.718938,2477.593873,47.89321079,1565.860577,769.1054863,20224.90327,1910.97216,2320.138048,20323.67837,1877.03731,2299.123881,11146.27422,2088.906943,2567.056673,10491.44043,1580.603353,734.7270757,365301.8169,2030.943634,2197.061326,7653.114486,2075.077796,2738.499304,10368.74921,2082.108322,2570.072991
d09_24_G03_1_4_T,glasshouse_b1,CALINGIRI,T1,R4,T,4469.551234,2132.639135,1136.992599,61.83713212,1680.378699,343.6694077,10681.76873,1405.013877,1173.736076,9706.002169,1047.658727,1132.962269,4508.693261,2116.636039,1078.326175,5783.720815,1243.347399,1482.829345,356038.9692,2033.040478,914.8930128,5793.202442,1584.165342,363.3092402,4518.57053,2115.463307,1109.574889
d19_21_G03_1_1_T,glasshouse_b2,CALINGIRI,T1,R1,T,14762.35337,1876.160843,2702.257236,58.44745059,1386.158825,2482.813016,22060.40929,1871.827484,2708.235363,21583.72496,1868.05835,2699.272908,14568.0256,1875.703295,2695.933742,9195.142249,1570.431292,1791.852353,444187.314,1902.329539,2224.661727,7834.617853,1899.270104,2998.743094,14713.46517,1881.451666,2746.414551
d15_38_G05_1_2_S,glasshouse_b2,Hartog,T1,R2,S,3865.86095,2231.026183,1847.631545,48.16292476,2161.336846,1672.525639,18709.48464,1027.419489,1523.250484,16421.64239,1018.583504,1543.764297,3334.078777,2232.173858,1811.333018,8105.444688,885.4979927,2196.058853,387026.2355,880.6236151,1591.086183,4709.333192,1317.338692,716.7574767,2964.965823,2207.918945,1854.535822
d37_44_G06_0_4_S,glasshouse_b1,3811,T0,R4,S,7958.595459,697.3415224,2960.128192,61.71037197,2142.694904,3235.507122,42688.00287,1004.993175,2240.952585,45425.27483,1056.192545,2473.114614,8735.151019,1240.210657,4020.834426,17391.44152,924.8881205,4244.146645,363516.4707,1999.831159,2166.195703,18349.39578,834.0673243,2248.961407,6708.67337,1262.989281,4043.86821
d29_33_G05_0_1_S,glasshouse_b1,Hartog,T0,R1,S,6278.175957,1324.909993,3656.608814,65.83727385,1547.044448,733.3714604,20318.62985,1210.59339,2799.275569,22263.31976,1241.018602,2711.615458,6084.500881,1358.459719,3717.854487,8935.827347,1155.507146,2446.247025,350707.1046,1439.328128,3073.322097,7619.215213,1160.114252,2404.68494,4999.098336,1328.621532,3680.877634
d13_02_G01_0_2_T,glasshouse_b1,Gladius,T0,R2,T,7920.431979,1725.970769,1877.537318,56.16871061,1864.793748,1574.959811,13879.54376,1746.345136,1354.882143,14188.41954,1757.103352,1283.064733,7957.05208,1769.449339,1931.316459,5616.055369,1887.294456,2189.378897,375374.3718,1595.599455,1466.426902,4200.38825,1484.111139,438.8629021,7632.012491,1750.282424,1878.129586
d09_17_G03_0_1_T,glasshouse_b1,CALINGIRI,T0,R1,T,5568.150145,2238.370075,923.7985407,66.55311713,1616.776284,252.3530022,12387.2467,1209.1707,1274.059223,17163.5855,1553.510532,1195.038776,7416.55342,2244.178555,926.2568377,6828.118019,1540.537942,784.5349368,441896.9391,1441.441734,451.9998907,7257.036319,1623.256997,254.694208,8651.120407,2170.431664,826.602178
d21_12_G02_0_4_T,glasshouse_b1,5489,T0,R4,T,12884.08893,1975.125648,2655.201134,59.59355802,2107.05335,2840.27334,16797.94021,2044.371597,2866.472078,19458.60871,1051.505863,2205.376278,13848.68852,1940.96512,2675.38419,9854.95213,1358.653333,1769.227569,355567.9827,2038.218795,2210.522192,14687.51772,1558.223677,925.1169443,13366.69645,1942.218426,2691.124639
d43_36_G05_0_4_S,glasshouse_b2,Hartog,T0,R4,S,13368.38187,1510.182114,683.463851,66.08564591,540.3390751,3029.07344,59900.00077,776.9340591,3612.270978,81907.98954,1035.369944,3166.197891,9953.096265,1906.811572,4406.6501,39935.38611,1617.5733,872.705084,381383.1522,1445.967698,313.2638852,36044.98448,1668.876329,758.5479993,8324.72301,763.5466723,4457.108452
d11_19_G03_0_3_T,glasshouse_b2,CALINGIRI,T0,R3,T,6681.976006,1687.085089,1546.554029,68.25941021,1585.932661,1901.549971,15003.78315,1537.781412,834.5058796,15184.89137,1528.981169,827.0386597,5688.89946,1695.034152,1513.154877,7909.645787,1521.059223,602.6171655,334930.4906,1431.080892,1395.078596,7150.970726,1574.434734,1987.097467,6700.71953,1694.468221,1555.517334
d37_19_G03_0_3_T,glasshouse_b1,CALINGIRI,T0,R3,T,10230.74625,1499.536161,3197.162433,60.1081763,1757.284515,864.9019406,38384.89054,1490.98805,2509.115741,38241.27412,1481.145525,2436.015587,9300.902593,1459.52972,3195.920666,21412.61974,1364.314519,3273.138998,554690.941,1499.577225,2298.237329,31592.64468,1599.535879,1163.507492,10061.79144,1458.141284,3168.072198
d19_42_G06_0_2_S,glasshouse_b2,3811,T0,R2,S,8552.377095,1935.000717,2591.841938,80.17463739,1012.52361,1596.122156,23966.67404,1042.403353,2663.81007,33769.15318,1037.058086,1657.528417,7849.18396,1901.820097,2583.956921,12219.80931,1267.439236,891.4402144,355400.3128,1942.169804,2063.763575,16196.69928,853.4383171,2206.003343,6344.852495,1904.548502,2690.347949
d29_08_G01_1_4_T,glasshouse_b1,Gladius,T1,R4,T,17636.52035,1949.706082,2125.052793,48.69430305,1643.673295,940.4495972,18435.87748,1883.283416,1755.734537,16976.54805,1989.584094,2759.001927,16639.41561,1973.872882,2110.942828,8845.980595,1888.363169,1989.224631,252191.2807,2079.421665,2199.335034,11290.70889,1709.715916,897.209158,9839.031957,1931.363497,1530.147519
d41_43_G06_0_3_S,glasshouse_b1,3811,T0,R3,S,26807.52885,645.0034019,3874.06927,49.56173134,1950.041748,3779.129088,53414.98695,1347.498901,2612.875329,53174.21542,1261.001408,3960.504436,25341.90453,718.0561899,3843.401409,24291.81072,683.2764474,4239.740109,604256.5011,514.5492737,3447.558395,26111.33573,698.6567566,4184.541571,24561.66885,725.0706947,3897.918362
d33_40_G05_1_4_S,glasshouse_b1,Hartog,T1,R4,S,13772.37735,2362.805496,3305.433852,67.96328229,2162.968055,3033.892221,25302.47001,1680.432182,2718.839469,34352.35008,2316.512227,3409.132865,13758.76321,2372.003996,3302.430347,13066.68176,2138.14726,3625.554426,201890.2945,900.6451337,2589.201598,14170.18503,2463.447854,2753.1813,12628.73549,2367.08376,3357.382327
d15_25_G04_0_1_S,glasshouse_b2,Forrest,T0,R1,S,7596.998025,1523.873266,1760.260283,72.18135606,1492.288686,1764.195462,10488.00859,1562.585052,823.2821686,13087.80792,1501.665877,919.1281646,6746.143315,1502.283418,1756.987826,6927.30042,1427.447804,620.8979785,350402.094,1473.811543,1354.709841,3203.123612,1363.965297,545.7550134,6923.398818,1496.41261,1735.373475
d11_39_G05_1_3_S,glasshouse_b2,Hartog,T1,R3,S,2008.032928,1813.531356,1033.757544,84.92757426,1055.900317,1736.702098,5731.875074,1771.301709,862.0287511,5015.83813,1775.477558,902.9353342,2532.595009,1806.566488,1112.044551,2543.486896,1820.205775,1049.334947,277932.7445,2033.837935,877.6160675,2740.040441,1813.602504,1031.407243,3191.522782,1772.374267,1080.029295
d13_06_G01_1_2_T,glasshouse_b1,Gladius,T1,R2,T,9238.014625,1548.371307,1623.999442,69.20672634,1252.538326,1445.289957,13016.56769,1584.171379,1148.086633,12095.57303,1536.512518,1813.119438,9275.709027,1547.810565,1616.910502,6882.174736,1532.312628,979.4774496,454955.1878,1822.768645,963.9327551,7431.285007,1581.600947,826.8869262,9561.351337,1532.410301,1528.768833
d27_26_G04_0_2_S,glasshouse_b2,Forrest,T0,R2,S,6994.068193,1421.648667,3132.747046,52.15154199,1590.302437,2815.220699,26331.94186,1416.494319,3083.510657,27210.24083,1403.190824,3051.59357,5816.021053,981.9340852,2613.640031,9429.1801,1229.45299,2780.354912,397404.6041,1455.193215,364.6675425,9203.098741,2018.387546,2941.537567,5533.910487,971.390403,2534.783118
d27_11_G02_0_3_T,glasshouse_b2,5489,T0,R3,T,10038.1255,1482.362422,4036.644339,60.27044797,1432.483285,2469.182975,37233.2559,1661.680962,3353.5199,42874.02675,1542.729301,2660.532984,11577.59112,1474.095451,4072.673338,16023.06988,1498.949774,2595.107488,352998.1706,1827.693284,3782.120508,11433.40445,1454.511703,2538.406992,10471.90914,1465.68913,4065.733208
d41_40_G05_1_4_S,glasshouse_b1,Hartog,T1,R4,S,21472.70722,2349.485293,3437.859496,46.71500224,1374.521689,996.4659767,36036.62919,1441.791439,4192.055671,47691.22763,2272.994035,3466.54185,21099.08212,2355.202769,3447.341433,19313.81466,2143.413814,3389.323119,464933.4209,2494.569858,2978.53995,21097.40429,2339.62733,3559.329414,17024.50001,2323.490944,3516.996947
d43_41_G06_0_1_S,glasshouse_b2,3811,T0,R1,S,21517.31104,956.5732972,3992.566503,78.24448033,1313.340473,3547.409554,87903.78601,1481.193489,3659.013322,99012.1976,1634.463942,3483.952364,14101.14777,1170.815017,4536.357379,38172.05555,1331.430074,3605.692897,627631.9514,1210.472542,3637.759354,60805.4326,1228.31468,3990.164925,12670.33791,2363.599999,2926.603192
d33_30_G04_1_2_S,glasshouse_b1,Forrest,T1,R2,S,3185.688291,694.9168569,2275.962968,84.76316927,743.8015068,2296.230507,9329.420063,777.0835061,2458.737968,7934.478437,764.6544174,2439.370736,3389.093577,703.8276305,2195.824037,3654.115694,720.8218733,2386.507348,376077.0376,876.2260587,2487.755502,5815.59157,744.0849785,2327.379928,2421.764815,688.2935907,2301.161449
d21_16_G02_1_4_T,glasshouse_b1,5489,T1,R4,T,5403.265043,2350.271811,1975.183785,53.96191579,536.1642658,2692.755646,17850.60087,2027.274731,2388.988762,14868.77401,2034.658249,2382.487527,6151.508398,2322.933178,1997.504772,5244.49284,2009.353066,2867.764217,387249.0033,2021.299628,1566.892535,8136.465663,2042.71051,2757.87631,6222.172441,2304.923447,1979.549322
d17_08_G01_1_4_T,glasshouse_b1,Gladius,T1,R4,T,16162.80385,1924.04516,2044.373681,62.02497123,1720.181091,1314.679888,13602.67267,1885.322754,1735.647094,10520.36827,1862.230486,1683.85585,16984.84917,1952.849438,2009.481641,5048.354815,1896.507826,2120.30461,850399.8284,1647.43078,1456.135607,7768.065606,1747.217105,953.6813175,20648.45579,1918.432626,1748.044697
d27_40_G05_1_4_S,glasshouse_b2,Hartog,T1,R4,S,8662.023097,1651.912834,3429.680165,64.6799178,1342.332716,1880.317044,19623.16526,1653.824343,1907.447596,27998.44938,2410.260863,2828.161194,9418.185814,1627.969485,3426.961581,10784.48016,1355.952833,1840.434976,403319.5492,2211.238517,2723.709367,12279.9952,2549.353262,2098.869056,8145.419126,2423.75141,2972.80742
d25_45_G06_1_1_S,glasshouse_b1,3811,T1,R1,S,9197.231274,766.0693736,2335.516934,55.99636394,1000.348598,1748.399562,16043.56467,1232.228346,2085.53329,16342.53985,1320.519839,3037.753346,8601.820289,781.3741739,2380.147937,8298.777978,1003.499267,1988.381124,502699.3509,823.0404785,1800.901841,9888.610575,1564.336694,3227.654652,6844.917968,761.568272,2194.481281
d05_36_G05_0_4_S,glasshouse_b1,Hartog,T0,R4,S,1587.605948,1422.601651,857.7166353,61.14646512,1057.108245,773.4127098,3345.372148,1398.627297,859.5665892,5554.771227,1395.415956,914.2293429,1374.57174,1415.003233,806.7750113,2743.817147,1051.692472,755.4003806,164395.1371,1451.967789,182.2001427,2432.194895,1556.616256,256.6890181,1828.526592,1421.132758,824.5577116
d37_22_G03_1_2_T,glasshouse_b1,CALINGIRI,T1,R2,T,12416.87911,2023.661669,4037.43143,66.78398936,2029.850321,4307.420328,25416.5045,1996.939851,4220.413594,25721.31597,1998.855794,4275.217047,10247.8208,1965.535217,3844.220363,13003.79017,2033.690856,4568.362438,566650.016,1935.205379,3561.776652,18150.79403,2013.447044,2507.776355,10470.31984,1968.148627,3863.242359
d25_09_G02_0_1_T,glasshouse_b1,5489,T0,R1,T,6395.857539,1117.605805,2918.633877,69.55537019,2431.101642,3764.273273,30038.34209,2183.901222,3026.764522,31882.7496,2427.978368,3122.416232,6904.896229,1133.068397,2958.526289,11449.29619,2331.153993,3176.784032,344168.3284,2116.542861,3754.958827,14004.59661,2271.054977,2011.83261,7149.924598,812.8630802,4074.272211
d21_43_G06_0_3_S,glasshouse_b1,3811,T0,R3,S,9123.926368,1798.827071,3075.007042,51.96780025,1774.801212,2593.647284,23432.39718,1734.765142,2443.644819,30295.76676,1785.927694,2732.702165,9247.854466,1758.457487,3089.947752,10802.60793,823.0809053,3293.544513,425573.4042,849.9729948,2816.493211,12940.29744,796.6144694,3300.201919,10104.01764,1757.727994,3112.123426
d15_33_G05_0_1_S,glasshouse_b2,Hartog,T0,R1,S,3199.695841,1219.407728,888.3691772,51.3052214,1194.313793,2329.392136,13068.47352,1250.233464,2239.151664,12554.56215,1259.647704,2311.919513,3154.686656,1221.360836,876.6910428,6154.499155,1056.694109,1021.661996,359672.8651,1465.750021,2213.702936,10229.72178,1163.669139,2286.221596,2760.113718,1236.998433,884.7196959
d49_08_G01_1_4_T,glasshouse_b2,Gladius,T1,R4,T,12642.89392,1916.034367,2042.172244,89.98195449,1560.058954,700.9166053,66281.66632,1644.197935,1448.080964,64153.20978,2074.605357,3151.697188,14063.96177,3086.311083,3942.419653,30811.40561,1673.981964,912.7948863,495606.6887,1999.393357,1697.081493,21022.30944,1590.622227,741.0959133,13554.97083,3114.068551,4020.432043
d09_03_G01_0_3_T,glasshouse_b1,Gladius,T0,R3,T,8239.298097,1446.579952,1259.892137,103.8653273,1675.857857,373.6866502,13965.89211,1419.817171,1140.752615,11854.09754,1593.442202,857.9623663,8360.301803,1425.611159,1275.905496,4516.509075,1448.243831,1199.261715,523113.8075,1672.741021,990.6169565,7554.677415,1380.081891,1362.566356,8047.93256,1438.385254,1268.440002
d35_27_G04_0_3_S,glasshouse_b2,Forrest,T0,R3,S,10516.71135,777.9299359,3246.885858,54.96395941,705.8443398,2903.534872,26063.70126,779.1718407,3170.786694,26184.3946,744.0846135,2932.060929,11307.05713,839.2676428,3170.712446,11570.85772,1463.951015,677.2775491,486146.3709,839.6817872,2368.299339,14520.15246,1428.943269,757.4592381,7499.674648,854.448535,3502.266733
d4_T021_14.10.23,field,Gladius,na,R9,T,47877.5486,174.628435,3198.444009,57.21380538,225.9506835,2404.76466,195370.3192,848.9389924,2019.139974,220102.6462,962.1338942,2381.283198,30050.83027,172.2958281,2848.36082,90990.60096,405.9763315,3263.769159,413903.4932,270.6839661,2428.089795,85430.62006,1208.502886,4841.166626,30203.51361,149.1276034,2927.922589
d17_29_G04_1_1_S,glasshouse_b1,Forrest,T1,R1,S,1142.144664,238.9087911,1774.423199,49.01650482,1230.610281,2420.843963,3955.717335,1289.01337,2001.39217,7648.48443,1283.706271,2030.431182,4015.918025,237.3044436,1742.095189,2850.038786,1176.871194,1305.862289,328675.7398,280.1446251,1463.728863,2208.276484,197.018886,1729.191974,3059.067008,243.4117544,1767.258317
d15_04_G01_0_4_T,glasshouse_b2,Gladius,T0,R4,T,13810.45453,2009.562821,2518.719696,47.79279129,1577.458723,753.7459709,22147.50481,1902.062595,2324.562135,18531.61819,1880.584043,2323.102494,12018.15108,2083.219854,2556.354952,10063.51035,1588.218919,701.9778279,364683.255,2020.249312,2215.613597,7430.799625,2071.404013,2719.145968,11808.65438,2093.255161,2510.288288
d09_20_G03_0_4_T,glasshouse_b1,CALINGIRI,T0,R4,T,4506.371878,1980.424008,1509.138087,49.04772296,1851.743586,988.7051034,10087.09504,1753.3483,1560.863047,12418.27015,1881.641371,1252.719403,5845.734106,1930.359389,1568.720024,4546.157226,1753.050332,818.2899385,490687.3191,2011.947368,1062.89681,7001.577913,1490.371519,386.7294241,6482.314134,1946.247098,1551.600062
d15_36_G05_0_4_S,glasshouse_b2,Hartog,T0,R4,S,4689.200639,1154.657056,1759.463648,58.01712674,2438.619687,1398.524446,20630.89811,1408.434159,1186.881655,22591.40225,1213.83855,1616.162328,5740.685101,1182.206288,1762.925767,8693.490867,1127.551426,1571.833469,371927.14,875.3488835,1533.303539,5991.520137,1255.073123,927.1138623,5079.95145,1185.882961,1787.884563
d35_41_G06_0_1_S,glasshouse_b2,3811,T0,R1,S,5334.904736,1411.069938,3350.067296,56.0887825,1327.380459,3613.751734,45381.40783,1497.842813,3226.565345,63612.67524,1422.703611,2373.761427,5258.356786,1405.754562,3273.267162,24481.01881,1329.555674,3653.079996,375838.3648,1460.311428,2676.387267,26081.73494,1318.573,3609.735983,4788.787754,1423.714089,3391.887079
d31_01_G01_0_1_T,glasshouse_b2,Gladius,T0,R1,T,10206.84208,926.2474795,2687.623035,105.7294466,2387.856981,2600.23159,32729.73592,2181.896234,3254.740834,38205.02594,2329.932556,2965.863041,9265.487845,917.2047865,2532.831485,19502.38121,2383.46594,2285.617242,331486.9164,979.3907543,2071.241857,11355.05136,2335.860259,3442.200724,8973.76169,917.8223702,2541.426693
d07_41_G06_0_1_S,glasshouse_b2,3811,T0,R1,S,5297.294743,1555.329106,957.2772749,69.07227898,1652.92547,646.424704,7676.045268,1634.587367,401.2122794,11734.39519,1580.189146,559.0661966,3589.476059,1558.894572,930.5713546,2979.745309,1650.024184,215.9956854,379605.901,1442.853778,375.0821883,1275.646272,1650.883948,238.938613,4193.018865,1558.856952,949.0070031
d41_28_G04_0_4_S,glasshouse_b1,Forrest,T0,R4,S,4632.105588,1199.070478,3930.429755,95.20788244,1371.782011,686.037884,22964.06477,2003.77029,3855.816859,25859.1905,2048.774803,3819.098502,4769.907242,1198.671839,3944.007231,14588.37378,1346.23529,4162.689105,310514.7828,2570.200569,2561.662989,21687.44737,1351.308858,707.7737034,5496.973476,1199.593629,3926.902846
d37_18_G03_0_2_T,glasshouse_b1,CALINGIRI,T0,R2,T,17331.06457,1133.664315,2473.322318,44.47825338,930.5413023,2796.351711,39437.13492,1328.759737,2175.84156,37394.52578,1317.056903,2141.387745,18166.20327,1197.059858,2512.862425,16749.12641,1092.421485,2068.334606,583512.6783,1421.394304,1803.954849,18658.24496,1433.288284,878.0454532,18472.57116,1219.687277,2306.277725
d07_24_G03_1_4_T,glasshouse_b2,CALINGIRI,T1,R4,T,2102.760931,1130.511492,877.1605466,57.85076406,1402.129266,562.1746827,8514.082891,1722.06955,502.4392162,10967.2593,1527.816673,605.7736088,2720.914167,1125.927885,852.8190136,3581.37039,1442.687541,694.6012441,353462.5141,1463.074964,789.3097123,1596.847104,1603.701203,361.5515885,2866.812357,1139.549228,861.1060571
d13_33_G05_0_1_S,glasshouse_b1,Hartog,T0,R1,S,4152.802928,1232.203005,837.5667694,58.70270653,1163.513535,742.9886089,9511.011216,1272.445206,2114.644046,11118.72835,1285.654131,2127.967844,4237.760622,1229.016023,796.9501408,5736.361277,1149.300307,772.0482652,383370.9495,1013.979673,2053.018388,4831.197782,1161.011451,1936.491456,2708.036628,1226.176536,751.5470951
d33_34_G05_0_2_S,glasshouse_b1,Hartog,T0,R2,S,6701.92757,2156.137267,1334.831057,85.02587647,1653.412176,629.7848633,28829.15276,1571.20777,1541.422472,30711.21337,2122.72576,3049.092805,6879.012302,2132.879895,1308.270348,16867.2143,1712.401001,1157.297555,446932.0933,1908.78097,972.7179326,25035.80309,1625.316694,755.8934934,6647.103829,2127.043313,1306.691966
d5_T023_21.10.23,field,3811,na,R8,S,75753.30687,565.2896929,3963.338624,76.96390749,902.3917513,6106.249671,267978.3198,979.6771445,4804.144097,323492.8871,826.5865395,4487.853147,55984.76488,530.7935915,3791.937069,140877.7058,980.7516645,4279.51003,500125.2488,355.7335409,3503.775443,246644.6128,949.7568226,3676.189454,55627.77038,549.3197344,3831.538895
d35_18_G03_0_2_T,glasshouse_b2,CALINGIRI,T0,R2,T,20378.23282,1184.511676,2284.130502,81.99353031,1427.733316,1171.450133,46224.27284,1366.125552,1489.982194,43754.20862,1325.524351,1822.388042,18476.42014,1201.398032,2321.590943,22604.37781,1528.093635,997.7957195,589132.9026,1422.349717,1790.280645,24777.92229,1031.83879,2408.438888,19003.62473,1205.801463,2279.04481
d6_T011_28.10.23,field,Gladius,na,R4,T,101872.1924,1343.650347,5828.374052,76.17777463,1415.621343,5733.528949,280326.3153,1107.02622,5665.836703,267766.1905,1090.127108,5724.074631,84087.86491,1331.810091,5885.970904,115644.9847,1144.737664,4860.619712,572003.3625,1423.485855,5100.418327,209509.0399,1197.52677,5872.951431,81594.28053,1328.582548,5896.156709
d11_35_G05_0_3_S,glasshouse_b2,Hartog,T0,R3,S,3319.63981,1468.999947,489.2153699,63.17666394,1491.888868,350.8619788,11384.14775,1463.306056,473.8153146,10557.59495,1497.31456,493.2748445,3083.48623,1454.44501,535.0597357,4634.223819,1470.540779,350.9584227,388448.994,1817.180497,261.0376844,5862.731066,1477.411608,327.196667,3596.999605,1459.312705,576.4695621
d31_05_G01_1_1_T,glasshouse_b2,Gladius,T1,R1,T,16182.049,1318.473819,3794.394738,54.06784935,1762.015711,2175.280543,30471.74848,1357.677549,3468.424577,39985.17909,1380.402029,2680.775663,16426.33339,1433.235681,3790.716383,17564.68426,1478.470628,2458.420166,348759.3041,1488.151476,3677.498863,13844.82984,1375.132288,4112.813617,16343.20231,1432.553635,3832.161263
d15_38_G05_1_2_S,glasshouse_b2,Hartog,T1,R2,S,3349.949866,2230.254927,1832.060611,48.11773149,2161.952956,1662.486209,19093.66253,1024.813021,1592.005531,19317.633,1038.70463,1566.246316,3491.33547,2243.116692,1855.146158,8006.143214,876.4364328,2231.574174,386599.2865,859.1268378,1660.817631,4764.504903,1312.964282,698.395534,3138.914158,2215.510995,1845.906118
d05_31_G04_1_3_S,glasshouse_b1,Forrest,T1,R3,S,1498.555742,1622.62834,555.2853511,64.03272989,1467.52232,231.8415845,2861.519731,1645.168822,649.8006769,1876.837225,1639.749836,612.0552138,1577.253073,1599.374709,507.1239486,1263.609024,1618.408979,581.3795226,303024.6934,1450.35265,245.7590854,2424.401706,1468.567348,173.8185984,893.5587799,1540.052411,279.3123152
d43_47_G06_1_3_S,glasshouse_b2,3811,T1,R3,S,5661.923452,1018.748376,3239.210164,58.97713764,2031.312265,2357.050611,32134.66739,1299.083447,3854.132521,31814.45776,868.4526264,3656.545053,4548.005543,981.4101491,3284.076704,19099.1356,1190.958513,3348.93447,401717.9728,1455.991625,2054.449343,11141.34581,1316.981292,3236.32186,4962.67649,701.7588073,4662.198305
d07_18_G03_0_2_T,glasshouse_b2,CALINGIRI,T0,R2,T,8818.070402,1614.000032,423.8539574,78.64085806,1488.857935,204.1599234,11230.09044,1460.615959,368.027628,13277.45439,1475.45289,420.8608249,7519.92396,1551.170906,386.0915105,6965.541832,1484.334247,230.8026773,384619.0414,1823.299425,263.1536575,7402.99666,1491.52123,326.9885042,4958.709674,1280.021433,1002.86078
d3_T001_08.10.23,field,Gladius,na,R1,T,162827.3369,861.1704232,5776.453175,83.47688899,459.3495367,5671.84651,342818.1046,991.4133607,5592.478838,338543.6427,982.4429514,5598.339396,143021.5792,889.597502,5737.759664,135742.4488,910.8936023,4862.928319,843199.1798,594.4503203,5407.722361,337825.6379,1016.704877,5667.414833,130338.9915,838.0599315,5775.293313
d27_06_G01_1_2_T,glasshouse_b2,Gladius,T1,R2,T,8683.349045,1519.913747,2002.369299,92.91299933,1758.050727,664.9753166,22005.1094,1661.290919,833.0863358,22540.74042,1560.511456,1835.991516,9125.558194,1487.066662,1974.106093,14702.4278,1710.334226,711.1634107,431873.6894,1461.138876,409.5616212,15313.04944,1712.702631,695.0823102,6464.323512,1635.388061,760.49525
d41_22_G03_1_2_T,glasshouse_b1,CALINGIRI,T1,R2,T,14129.16911,2002.413555,4020.797385,59.46332694,1877.761496,4671.053347,25451.72982,1941.848306,4396.418652,28977.48147,1945.880417,4372.562923,12316.94772,1933.273485,4072.114989,15012.52869,1928.038804,4708.977444,553139.5195,1944.202656,3573.872913,22444.38118,1937.442078,4539.394097,12606.76785,1934.044857,4076.901109
d09_16_G02_1_4_T,glasshouse_b1,5489,T1,R4,T,5697.284221,1610.280373,1253.868202,79.17993588,1527.817335,486.2933171,6080.164333,1661.13827,1298.839277,4882.970745,1539.793119,1029.335512,4602.097563,1619.136012,1202.572608,2460.033514,1678.722178,1407.947242,370492.3195,1426.980673,1326.730658,3552.544249,1700.558799,1468.606342,3583.459681,1657.245544,1357.371416
d5_T020_21.10.23,field,Gladius,na,R8,T,297579.3247,990.4584301,4601.920176,115.9695824,667.5704978,3861.184894,308816.1997,1076.271628,2912.445003,327123.3211,1112.762895,3008.502098,228176.9581,1016.289139,4858.489106,171973.5628,905.0317828,5887.083976,1628565.933,1154.798795,5291.821642,221045.7779,944.0558594,5657.524995,208534.4376,1031.608786,4810.818268
d35_42_G06_0_1_S,glasshouse_b2,3811,T0,R2,S,13053.81945,903.896776,3179.514797,67.70955713,1914.075413,2489.704676,51441.27172,1160.967588,3796.910868,56886.76488,1484.451983,3573.754259,12713.90372,859.8651571,3159.900472,21297.98677,1385.819709,889.1236463,348809.8333,1476.568841,806.7650376,19579.82835,724.1283752,2367.483033,14016.97129,861.6525879,3110.893206
d17_05_G01_1_1_T,glasshouse_b1,Gladius,T1,R1,T,5664.382268,2383.975967,1904.13866,67.84192423,1513.122892,2477.358408,14682.96696,1538.9217,1857.948061,14548.04023,1372.6575,2350.770451,5811.851486,2383.759832,1836.691489,7814.070621,1499.233204,2328.389755,406747.9201,1447.424427,2079.09005,7628.737982,1462.141006,1279.206421,6236.344348,1499.784769,2957.135451
d37_27_G04_0_3_S,glasshouse_b1,Forrest,T0,R3,S,10936.66428,753.8512258,3209.848045,64.84971539,743.0258955,3203.371899,26682.37302,741.2248492,3037.958941,24568.62822,738.9594976,3093.708664,11763.42401,837.3532372,3225.508964,11462.06826,735.7690159,3057.741073,485603.6583,827.641872,2343.005521,16577.67879,750.7746473,2684.774153,5909.759133,934.1939758,3762.157566
d1_T021_27.09.23,field,Gladius,na,R9,T,34171.71673,485.10941,2974.27967,52.0520292,1461.44123,1445.405399,186103.0062,923.2944213,2076.274973,203544.4227,950.7912821,2047.750971,35139.70055,466.3964928,3024.088421,106562.8895,754.133305,3196.177781,529844.3763,700.1021238,2603.623082,108292.0527,536.3620118,3058.926339,32099.47742,506.3153642,3027.159827
d37_48_G06_1_4_S,glasshouse_b1,3811,T1,R4,S,19517.65159,1471.294754,3218.514649,60.11187446,1781.070318,4517.69277,26959.26383,1281.339601,2957.820521,21480.12701,1660.629785,4018.564347,18850.12686,1478.372868,3228.623383,8830.374914,1448.843723,2687.02936,525708.6822,1416.77049,2582.189023,6416.248916,1423.058671,3295.494334,15639.67044,1433.652842,3054.373565
d11_06_G01_1_2_T,glasshouse_b2,Gladius,T1,R2,T,10104.56825,1655.729966,1489.416212,78.98925882,1775.490424,1011.836333,14944.83049,1681.909943,771.8912446,14187.97408,1621.166426,1638.509286,10096.84475,1614.260374,1474.981589,7326.665538,1656.824264,987.0208443,540401.8964,1893.943675,1202.820986,7815.47868,1617.193259,892.7588763,9075.571517,1628.930221,1501.419669
d45_46_G06_1_2_S,glasshouse_b1,3811,T1,R2,S,11806.6175,1453.224618,3880.873777,69.73098478,1223.244971,4061.456642,36809.55548,1816.251151,2805.784041,40659.32699,1813.880833,2975.03579,9791.707469,1543.228827,3865.506029,23484.99449,1239.490031,4465.8697,366031.1749,1465.739081,3364.781118,25092.7019,1242.784854,4268.558007,10461.74393,1551.081852,3852.655301
d31_36_G05_0_4_S,glasshouse_b2,Hartog,T0,R4,S,9446.448975,736.9959221,4542.119735,102.0546493,635.8507996,4992.909816,33508.78859,1335.783468,1405.932245,39732.8233,744.1246146,2930.717405,9076.662115,728.1491981,4532.366649,16459.0208,722.2232911,2860.369608,475690.1638,835.3965114,3862.887341,13876.07181,726.4043667,2842.454427,7967.30056,730.6100777,4497.381687
d09_45_G06_1_1_S,glasshouse_b1,3811,T1,R1,S,3347.477606,1541.252776,1238.741263,48.00954035,1642.573932,430.6243987,2432.708653,1555.661195,1248.560599,2419.305948,1540.618185,1158.345815,2722.665852,1551.103942,1195.579651,2134.921765,1012.833964,743.1553257,313070.6857,1473.579987,1458.247727,2828.745103,1004.144062,761.3424328,3400.299076,1524.570414,1213.723652
d33_01_G01_0_1_T,glasshouse_b1,Gladius,T0,R1,T,8304.212242,2199.286107,2487.285339,65.23281371,2436.02508,2731.774254,25853.5637,2107.101463,2358.645886,27321.96938,2364.971147,3390.113988,7987.859209,947.0943561,2709.667736,16552.45513,2387.009874,2228.384753,368746.8437,2395.841449,3168.743601,17092.84005,2406.531041,2320.31094,8007.009677,963.6917646,2720.655796
d11_21_G03_1_1_T,glasshouse_b2,CALINGIRI,T1,R1,T,4886.047573,1280.048272,1334.194616,49.97755623,1818.982915,1511.959397,13747.59304,1797.004622,1698.82428,15361.34621,1461.718495,1646.799301,4967.748157,1267.501608,1283.293221,5852.576807,1715.925031,1523.1107,364642.4963,1448.708589,1019.474587,5871.550294,1786.450444,1582.561348,3647.069916,1281.635507,1340.980473
d05_06_G01_1_2_T,glasshouse_b1,Gladius,T1,R2,T,3812.56101,1646.108591,842.6175115,64.8319728,1746.991743,260.0794913,2339.558958,1691.99511,601.8957786,8293.918142,1665.53197,637.9826498,3841.775902,1644.123583,839.4344497,2602.64502,1725.322778,790.5537506,325706.7046,1931.113086,905.5311315,904.3175145,1833.696408,646.4627879,4574.802731,1642.747184,851.9209754
d05_10_G02_0_1_T,glasshouse_b1,5489,T0,R2,T,2481.276712,1770.014057,469.9845961,59.03404831,1849.306915,370.1365602,6579.864118,1784.405759,393.3765732,5917.77117,1776.278322,462.0316103,2578.19573,1769.531004,427.2117039,4428.924483,1832.171081,456.8783037,397684.085,1637.602557,259.5760668,4949.306606,1806.330694,296.4153412,3652.513906,1767.255143,388.5467211
d37_06_G01_1_2_T,glasshouse_b1,Gladius,T1,R2,T,6732.452325,1515.917394,1593.966242,75.0407785,1954.338842,1302.021165,22323.5399,1848.537957,1301.904488,19819.33247,1611.397109,1296.682427,6043.93564,1538.297597,1661.24979,10498.45222,1687.25593,1522.8501,362792.9248,1881.700132,1484.960287,12619.79243,1723.002094,1501.30384,5382.554396,1523.073917,1606.128235
d15_06_G01_1_2_T,glasshouse_b2,Gladius,T1,R2,T,8856.171486,1610.473485,1539.99155,61.7596509,1646.218805,833.4929284,16416.41804,1633.510682,921.0514315,17085.84451,1543.111564,1861.921227,10189.70228,1540.533813,1623.362871,8100.494701,1641.440209,764.1712786,571163.5362,1483.699709,1283.443061,9982.417032,1646.307824,746.4917142,10055.1184,1544.436535,1527.50623
d15_11_G02_0_3_T,glasshouse_b2,5489,T0,R3,T,5955.617325,2253.615123,1393.696362,55.30794284,2303.362544,1467.525219,19632.6814,1509.594586,2420.59514,23411.71211,1415.086875,1920.962,6029.443928,2220.853095,1482.877308,9062.461704,1535.574587,2669.113829,363923.754,1466.146251,2239.250732,11913.85702,1416.773667,2423.077919,6812.588534,2252.944048,1452.568788
d45_46_G06_1_2_S,glasshouse_b1,3811,T1,R2,S,11044.66799,1450.302167,3891.838774,70.03343436,1239.143399,4054.946682,39184.51459,1807.38234,2852.85449,41584.4888,1810.339543,2994.190894,10782.63099,1540.521007,3861.26984,21855.65388,1229.103352,4442.033939,366693.1471,1462.63673,3286.852541,27613.85036,1245.083385,4323.887013,10458.46398,1548.788449,3838.603775
d21_06_G01_1_2_T,glasshouse_b1,Gladius,T1,R2,T,8506.078197,1507.43546,1916.974087,58.04151359,1642.47721,1949.116892,11969.42997,1536.674354,1409.059815,12117.45747,1465.983902,2136.075063,9349.212029,1463.496895,1914.962417,5735.115073,1686.141515,1396.397303,509886.2703,1483.563171,1137.232425,7519.744489,1613.942629,863.4010096,11216.26172,1476.351903,1811.314318
d37_42_G06_0_2_S,glasshouse_b1,3811,T0,R2,S,14456.77788,901.517428,3157.60512,79.73334474,684.4322751,2491.656725,39712.86803,1122.77864,2651.4626,37464.93199,1166.796606,4185.267404,14964.74998,860.1712671,3146.006232,19641.56561,783.9204768,2504.042527,553330.068,918.2103649,2546.839088,16129.2195,546.8700094,3508.035827,14253.38306,877.1023215,3128.093519
d07_38_G05_1_2_S,glasshouse_b2,Hartog,T1,R2,S,3414.554394,1429.878161,460.062961,71.3992922,1422.357562,370.8865971,4245.061354,1368.016806,509.2507343,4406.441262,1301.999156,639.6636846,3158.137603,1401.976202,466.7912137,1785.734859,1450.661444,326.1471165,304649.3891,1433.901548,232.5551502,3782.923904,1444.709458,372.3289999,3524.183723,1393.339757,499.2251996
d25_29_G04_1_1_S,glasshouse_b1,Forrest,T1,R1,S,3161.736472,221.5327632,1718.276043,55.51516665,1218.432489,2499.51086,11664.71165,1238.582751,2485.80302,9989.421744,1331.280976,2442.367452,2608.994942,222.2942605,1808.302411,3740.821385,2497.099506,2486.811172,318195.6708,2571.221994,2659.549787,2775.352807,309.8432036,1683.702865,2708.709408,257.9239801,1793.19193
d11_18_G03_0_2_T,glasshouse_b2,CALINGIRI,T0,R2,T,11542.32601,1640.802112,637.4633538,62.38629159,1427.42097,400.7611018,16826.86605,1650.122779,681.6617392,24502.28462,1474.894325,924.0938019,11840.29329,1541.064963,672.4854382,8177.990017,1447.427975,425.7278806,467541.6604,1482.125072,405.6248594,9019.123783,1435.21954,454.6319163,10241.21402,1542.851977,709.9576546
d49_45_G06_1_1_S,glasshouse_b2,3811,T1,R1,S,10887.01093,1877.342963,4068.019208,56.04027161,1634.553145,3037.738244,72391.52537,1594.511766,4042.007747,67785.87795,1682.219039,4044.85929,9283.814678,1952.28459,4049.955961,29973.60418,1834.344119,4451.63542,520903.0135,1550.284439,3498.638486,47459.7572,1837.077092,4117.190881,9129.483937,1969.854277,4085.513569
d07_02_G01_0_2_T,glasshouse_b2,Gladius,T0,R2,T,4456.111498,1211.612982,996.6590059,55.08884951,1184.915971,1119.349706,9911.560829,1375.374847,425.0049361,9883.499073,1321.696237,591.8194282,4519.028611,1218.369638,1061.992862,4287.176301,1549.986961,314.0420602,355703.388,2014.34273,867.1321946,2152.979137,1606.327988,292.3752986,4730.667749,1216.46294,1031.635914
d25_36_G05_0_4_S,glasshouse_b1,Hartog,T0,R4,S,3792.033936,738.8199832,2763.318382,60.91727059,1267.178878,1036.659591,17723.31846,707.0605756,3211.892715,26266.28378,1009.966847,2751.718305,5248.521099,744.1368723,2718.890242,5287.831914,2682.654322,2031.401007,320615.5329,875.0344356,3683.454203,7139.973358,805.0105401,2871.004019,4520.474754,742.0204842,2758.203755
d25_20_G03_0_4_T,glasshouse_b1,CALINGIRI,T0,R4,T,15565.80724,1829.298727,2465.919677,48.43487596,1577.29087,4184.504704,28276.83928,1804.402238,2349.976729,28948.02675,948.404737,2636.770401,13966.96907,1856.282643,2467.23043,16379.17024,1552.931443,4100.073983,486586.0888,1964.451535,3300.887552,12260.36827,1852.107268,2594.060842,18056.28495,1857.96396,2327.907111
d31_40_G05_1_4_S,glasshouse_b2,Hartog,T1,R4,S,11154.81681,2383.379994,3193.424068,65.38973274,1560.933141,4273.309241,26545.78356,1661.850981,3482.027117,32802.05851,2379.775695,3156.489691,11033.15126,2386.744403,3196.458531,14398.93528,2130.837064,3090.205529,398954.3673,2179.133631,2715.054278,16490.24526,2437.626396,2669.49224,11112.10311,2367.03685,3180.35908
d7_T022_04.11.23,field,3811,na,R7,S,45090.14602,915.0479155,5262.333591,67.06085045,1725.203658,5762.654833,177035.6512,1201.093997,5299.25215,182352.8747,1222.742927,5278.283853,43275.32893,896.5175947,5261.871568,83247.21639,907.307687,4817.473508,437921.6873,946.633695,4928.939495,127287.0764,1299.68031,5212.220197,39583.03411,911.1943991,5300.743057
d43_06_G01_1_2_T,glasshouse_b2,Gladius,T1,R2,T,12903.60736,1631.695214,778.0166816,48.85872135,1635.097777,1455.154207,47444.50114,1748.210262,869.6533082,45793.24938,1811.516268,927.1841295,11826.97923,1602.870265,810.8172632,23274.9976,1703.047866,700.6773757,359976.56,1470.308389,1488.530432,20428.22139,1734.44726,623.401819,9523.457877,1880.657972,624.2384854
d05_01_G01_0_1_T,glasshouse_b1,Gladius,T0,R1,T,5100.431898,1709.165063,839.7263117,63.54458995,1566.062627,283.9012269,2367.902926,1638.743111,449.5394852,5305.438242,1693.922956,915.361747,4446.604109,1711.083215,870.1317553,1818.145423,1664.174915,756.4879224,369151.2043,1462.169456,845.9546903,1851.602247,1607.770984,337.4992451,4437.804222,1710.03025,892.2771535
d35_45_G06_1_1_S,glasshouse_b2,3811,T1,R1,S,8546.921752,776.0318806,2410.552719,76.87883615,1229.776946,2166.816281,33608.34508,1233.947118,2115.56744,36992.82544,1225.980454,2194.584826,6437.997785,1709.040145,4536.422654,18978.82126,1185.487623,1878.288535,393000.841,858.6508747,1495.475807,19164.74035,1192.81622,1855.385953,7383.647048,1716.736097,4579.508601
d21_11_G02_0_3_T,glasshouse_b1,5489,T0,R3,T,6559.088105,1620.081305,3266.434616,66.20755115,1618.932038,3460.225474,23638.27393,1445.582611,2827.812378,21620.86458,1425.204066,2809.730242,7636.826399,1621.993086,3256.784491,9341.625832,1637.828081,3455.356237,386915.3088,1469.03825,2191.92501,10265.55726,1427.736943,2475.175948,7086.496797,2678.468681,2508.699559
d4_T010_14.10.23,field,Gladius,na,R3,T,17670.5014,806.5462854,5322.558614,101.2231186,1072.615147,5171.199274,143247.6414,1142.866696,5349.827952,148844.0052,1163.152058,5282.138988,17331.85392,797.8522479,5242.291929,57473.47171,1476.195814,5988.22609,595952.3652,1241.796395,5352.706005,127805.9673,1243.070999,5443.614303,11355.11945,808.4589321,5333.784771
d09_48_G06_1_4_S,glasshouse_b1,3811,T1,R4,S,4820.678858,1327.999023,1138.770274,50.85590807,1585.965693,286.9365857,6334.19565,1383.93956,1067.14146,8085.030151,1489.677595,652.3096858,2868.52899,1373.512211,1112.826686,3576.436956,1434.114876,523.4891196,353843.0008,1455.944175,718.2058757,6496.187699,1660.734878,271.8736626,3991.421957,1367.929766,1100.409527
d37_12_G02_0_3_T,glasshouse_b1,5489,T0,R4,T,13861.78648,2066.133995,2796.344237,83.08392531,1665.604317,867.6401965,39552.9765,1771.429415,2182.665165,39441.11814,1787.685096,2174.094886,13901.65946,1995.011423,2866.585542,18631.04102,2376.512077,3052.368385,467717.1088,2571.963159,1751.386359,21756.7651,1589.636715,878.2266468,13187.2408,1989.653908,2839.533488
d09_21_G03_1_1_T,glasshouse_b1,CALINGIRI,T1,R1,T,2085.194455,1861.177248,1489.543497,52.06594317,1768.667695,1215.061047,7051.4287,1616.425508,915.1870245,5441.56849,1614.85861,919.4072638,2792.939838,1655.447015,1016.119385,3542.252333,1747.147746,892.3196866,350293.7564,2027.889535,1457.69462,5439.12692,1811.594618,1557.222639,2708.793852,1642.345999,1041.82693
d17_19_G03_0_3_T,glasshouse_b1,CALINGIRI,T0,R3,T,10452.88795,1696.570013,2318.175985,62.10861368,1384.45708,1539.415722,20068.72246,1452.63219,2848.030331,16302.52162,1444.07756,2803.100228,9543.109883,1685.213965,2292.691806,8261.639746,1534.505755,3032.635838,383717.3376,1074.483213,2641.505319,12491.02586,1569.263182,2851.862208,7852.942653,1465.918166,2884.260881
d05_41_G06_0_1_S,glasshouse_b1,3811,T0,R1,S,3640.876951,1586.445859,828.8333492,61.21638803,1734.642044,494.1794161,3856.85132,1481.103877,449.1629584,4914.155724,1572.363244,705.8297149,1238.648957,1560.482883,776.4757109,986.0655133,1410.394292,493.8708981,218669.931,1466.346671,244.850956,2552.709153,1642.439527,202.8751606,1868.826171,1546.307396,834.8993672
d07_18_G03_0_2_T,glasshouse_b2,CALINGIRI,T0,R2,T,8403.918965,1613.766497,410.2050424,78.81686659,1484.456485,259.7720576,12144.14268,1468.530731,378.0005556,9619.993445,1473.21338,404.300547,8355.289557,1542.859828,387.0197283,7153.93219,1487.773733,348.8898069,385136.846,1800.431767,269.135414,6216.038903,1478.693114,328.8805958,7344.934461,1309.85296,1044.56948
d21_44_G06_0_4_S,glasshouse_b1,3811,T0,R4,S,9200.693577,1049.675016,1807.266145,57.99356038,829.3727083,2308.223644,25388.45281,966.6785828,2049.188377,27026.7555,960.8787802,2116.00132,7824.847355,1074.896371,1786.183884,13652.45267,958.2471052,1625.064938,555597.6043,913.5115216,1134.137898,10329.26181,1725.53677,729.1599288,9138.501061,1068.840235,1778.040575
d05_24_G03_1_4_T,glasshouse_b1,CALINGIRI,T1,R4,T,2222.542648,1531.745912,728.9248446,42.46096593,1661.850039,281.6044299,4195.241952,1516.374206,655.4944006,4517.410379,1529.711527,668.4859476,3126.384102,1537.23272,721.5277724,1749.532961,1519.468342,822.9216979,287276.1312,1455.826563,284.0002233,1181.799041,1703.317598,293.7957402,2374.85551,1541.531964,685.5116795
d33_16_G02_1_4_T,glasshouse_b1,5489,T1,R4,T,9517.120397,1917.587934,3147.751655,62.92560725,2234.528505,1878.535753,24125.89626,1969.860791,3390.896968,30171.46987,2175.799495,2853.442987,10433.55941,2001.335617,3200.863726,10104.85143,2044.401806,2938.309574,598146.5194,2015.058209,2553.540236,21335.78125,2182.088928,3255.860559,10590.03243,1995.49165,3190.167795
d2_T009_02.10.23,field,3811,na,R5,S,65657.09807,1088.445717,5833.442052,67.93765738,1110.465252,6357.056821,267025.1007,1054.926823,5232.54814,299019.8538,1050.174516,5080.728798,55691.9673,1076.139615,5806.918871,129200.105,1131.057047,6163.385689,539255.9739,1102.705112,4895.675042,127950.949,1137.294877,6196.204702,51085.35675,1033.40758,5725.698309
d35_46_G06_1_2_S,glasshouse_b2,3811,T1,R2,S,11796.35762,1452.846945,3960.501436,65.24763145,1742.163962,2966.498949,27215.5188,1743.235678,2141.991375,29571.53209,1776.181006,2299.776613,10105.4719,1540.537027,3909.484308,14021.58794,1349.840891,2339.25054,405290.7159,1421.773227,2086.479456,14964.26645,1321.376301,4150.082971,11163.93015,1530.952526,3987.702942
d41_37_G05_1_1_S,glasshouse_b1,Hartog,T1,R1,S,4143.574547,2351.237218,2567.112368,59.6948756,2386.71786,2847.232897,6696.858264,1090.947806,2579.941961,9998.217013,1112.819232,2595.044953,4430.584803,2374.737578,2601.239727,4825.34666,983.7081325,2203.072359,194966.2282,2569.31567,2649.210066,4111.917721,2373.020532,2513.437559,4559.111128,2381.020702,2563.264791
d31_05_G01_1_1_T,glasshouse_b2,Gladius,T1,R1,T,16520.04205,1308.300685,3784.32094,53.74996042,1772.512085,2214.31625,32190.17613,1339.881356,3486.886415,37341.24498,1391.335307,2610.070708,16453.18043,1420.051079,3732.620628,15044.22293,1460.337836,2487.855434,350568.6443,1462.927066,3729.65763,12153.56211,1366.952316,4177.821133,17136.9325,1437.671266,3793.453118
d41_12_G02_0_4_T,glasshouse_b1,5489,T0,R4,T,17869.57985,2841.517907,2288.165347,56.25438509,1699.331186,1000.046824,44766.42508,1854.971246,2288.834118,42244.65568,2029.833923,3615.583787,17409.67381,2804.825224,2232.024012,20673.51128,2461.347001,3215.395522,464624.6928,2576.040195,1803.657233,24924.07728,1623.335809,870.0029815,14475.88858,2012.374004,2999.131236
d4_T015_14.10.23,field,3811,na,R6,S,13456.36859,433.5778623,823.0248711,61.2774216,673.4895585,5522.68998,189581.8434,1014.914094,5020.908027,186374.0205,1060.296096,5056.928286,13453.56938,415.0666739,841.4922325,104569.4277,765.494487,5773.306602,430125.2328,240.6181453,483.4926277,75420.96272,525.2387255,5262.967177,12012.16718,421.3783761,6611.725853
d41_46_G06_1_2_S,glasshouse_b1,3811,T1,R2,S,11253.68657,1427.087915,3915.622748,57.78287249,1267.213729,4174.886904,30705.0488,1794.606083,2832.488267,29048.70546,1800.118185,2881.592249,11731.77344,1504.38707,3942.849933,12432.95555,1249.763384,3884.730139,352763.2585,1407.203642,3398.681001,20619.05199,1238.016323,4292.727509,9150.977153,1032.304359,2562.779791
d31_21_G03_1_1_T,glasshouse_b2,CALINGIRI,T1,R1,T,21789.22469,1938.728984,3288.134211,67.77575349,1707.213089,2905.550247,33446.42409,1412.806266,2065.024446,31447.65533,1432.167328,2093.048974,22591.49687,1860.317019,3343.543515,14754.00151,1667.933242,2961.934589,537116.9577,1983.30591,2502.111161,15895.35805,1555.916761,1608.610687,20392.5888,1860.739591,3351.212818
d45_16_G02_1_4_T,glasshouse_b1,5489,T1,R4,T,11834.872,1984.441548,3373.675635,65.68286819,1598.526934,689.976005,37912.44639,2348.376382,3991.563459,50991.61361,2369.444728,3575.522823,11281.96827,2057.200676,3351.743192,18196.47648,2435.719799,4395.164579,568092.7421,2055.765907,3009.517976,32173.54055,2373.701243,4120.086101,8089.61549,2080.683647,3553.136735
d33_01_G01_0_1_T,glasshouse_b1,Gladius,T0,R1,T,9257.804049,2199.041967,2486.133217,65.02359731,2445.271565,2684.517287,26536.67628,2109.162813,2379.649708,28815.26668,2350.086494,3387.21274,7796.100723,936.5759222,2752.117446,16477.06976,2394.699886,2256.086229,362686.7921,2409.282255,3186.507845,18149.72311,2392.911921,2325.259779,8210.674776,960.0469449,2705.870937
d1_T011_27.09.23,field,Gladius,na,R4,T,70316.14393,1472.768221,5818.607496,69.6445356,343.811849,6511.043502,270018.1219,1226.793473,5701.105779,239025.2481,1160.593452,5895.66785,56363.53747,1402.524971,5803.090837,103486.2308,1609.683759,5692.099707,591995.4268,420.9126028,5180.332053,111262.2715,1606.047702,5676.597113,53031.726,1418.492219,5728.85376
d41_03_G01_0_3_T,glasshouse_b1,Gladius,T0,R3,T,12361.78053,1554.525763,3311.112128,60.96409803,1942.745175,992.4349732,40436.34921,1710.753636,2380.566768,44451.31991,1720.749786,2530.952415,12656.34057,1511.78705,3281.05907,23288.76857,1718.26839,3170.790742,331853.4654,862.0859118,3904.235283,24249.66964,1823.069868,1038.892168,14544.68966,1379.083304,1667.824833
d31_41_G06_0_1_S,glasshouse_b2,3811,T0,R1,S,8881.474253,1452.412726,3500.482032,67.10355851,1650.578517,920.3948252,28322.09357,1387.08172,3072.544505,31409.41812,1387.64721,2786.949508,8008.519152,1414.228615,3588.597306,12385.01856,1493.925317,3569.800004,542985.7875,1218.5371,3299.380897,12321.92188,1468.876701,3365.670399,7526.04645,1421.056491,3604.060426
d33_10_G02_0_1_T,glasshouse_b1,5489,T0,R2,T,15556.88392,2511.98151,2825.450928,53.76994111,2108.320033,3648.016261,34736.04638,2058.28864,2166.686066,40224.33082,2058.269707,2112.585721,14887.25098,2519.67706,2821.543825,16348.7251,2452.300027,3421.769387,473043.1734,2560.13182,2282.641147,27616.8652,1848.290725,817.9299411,15781.947,2502.853011,2820.558742
d09_32_G04_1_4_S,glasshouse_b1,Forrest,T1,R4,S,1867.966908,1387.601504,721.9501463,58.30748141,1403.198704,590.4701953,3660.673136,1373.453602,710.0140698,5548.447487,1404.265649,562.8559491,2914.816032,1374.266512,699.9784362,-1127.490488,1558.370747,339.7478733,304964.2238,1440.042319,262.8248247,916.4791276,1571.010052,227.069103,1983.203302,1367.576459,682.7005755
d27_18_G03_0_2_T,glasshouse_b2,CALINGIRI,T0,R2,T,19546.24302,1202.690475,2310.966031,56.87264786,1111.893048,2396.521869,40979.26267,1400.005626,1543.698496,48195.62736,1364.410889,1723.275938,18982.58647,1227.146516,2344.807692,22220.90509,1472.47163,1021.98791,400791.389,1441.248509,1012.171631,21767.65228,1178.472221,2171.712303,19161.12802,1241.388255,2333.606306
d4_T017_14.10.23,field,Gladius,na,R6,T,20896.34035,1316.947735,4887.01304,67.7923197,1448.640053,5233.817008,174311.672,1257.628387,5023.487656,187772.813,1247.159161,4889.390574,12740.73807,1325.48306,5098.952347,88739.39978,1140.153661,4660.051299,394706.8981,1224.341579,2457.925408,76608.45961,1597.942597,3630.700375,12022.82412,1347.155466,5063.304206
d07_21_G03_1_1_T,glasshouse_b2,CALINGIRI,T1,R1,T,3442.268404,1644.176342,1041.896988,92.78963635,1726.465595,1130.769632,6638.132601,1652.042092,1080.42422,8369.342763,1648.095228,1061.338975,2450.534699,1625.673905,1020.662999,2445.184751,1525.203193,288.2432658,396543.7933,1467.690997,364.0193284,2892.411316,1539.771161,296.5992668,2611.019318,1628.672653,1049.652825
d31_24_G03_1_4_T,glasshouse_b2,CALINGIRI,T1,R4,T,24905.41687,1155.537079,3660.986043,68.03132822,1279.442155,4179.671145,28195.64063,1252.262005,3965.199093,28302.98928,1256.959337,3900.038015,24510.81643,1206.475837,3580.311688,13751.83677,1095.324143,2839.137571,594262.7816,995.7660743,2781.202738,17997.80142,1199.150683,3945.470538,21395.3243,1169.163205,3380.360872
d11_25_G04_0_1_S,glasshouse_b2,Forrest,T0,R1,S,3344.288001,1544.434344,1434.972361,89.15990889,1347.84643,407.6814231,5454.564246,1249.900375,606.3086714,11583.75479,1262.057387,616.1864578,2781.288045,1547.825271,1466.27589,4385.386106,1331.84986,460.5876927,339441.4609,1455.315265,1405.558385,3085.669304,1354.856033,431.9973194,4078.379936,1553.115758,1418.09124
d49_11_G02_0_3_T,glasshouse_b2,5489,T0,R3,T,23876.84803,1545.134751,3917.899057,56.83494301,1843.492773,1041.754539,64828.50066,1640.939675,3782.535199,85848.62821,1691.667771,3528.852407,23318.08463,1514.061293,3938.476156,28741.78156,1117.627793,2879.490466,499244.4376,1429.845086,3586.826725,18113.28931,1428.772636,4535.523712,13806.76539,1443.86132,4209.333765
d49_40_G05_1_4_S,glasshouse_b2,Hartog,T1,R4,S,24092.3656,2346.908853,3716.10016,59.94665339,2078.645527,1189.182642,72007.34498,1624.165037,3827.507908,99139.44297,1687.343714,3327.092554,18444.03199,2343.737755,3475.881856,42673.45505,1565.954757,955.1637719,380852.8008,1465.457127,281.7141574,44453.57647,1585.108929,949.8062302,13159.15423,2315.479371,3763.255592
d15_31_G04_1_3_S,glasshouse_b2,Forrest,T1,R3,S,1061.997707,635.3711237,1488.309863,53.07438978,581.8437401,1820.476406,9523.096291,1096.322029,1777.514805,7303.838445,1139.274453,1769.37835,2646.281316,630.2385618,1468.531842,4055.782176,605.4421813,1647.386209,380382.7641,1336.505196,1455.547806,1014.443986,1361.16083,1389.218573,1623.184926,637.41359,1527.25897
d17_25_G04_0_1_S,glasshouse_b1,Forrest,T0,R1,S,6000.490388,1488.729846,1831.765975,60.72573741,628.1945408,2535.846811,8359.55973,1538.062039,1605.078101,7555.906576,1089.71699,2585.300768,6095.993176,1454.069927,1889.370685,4357.459661,659.0326199,2516.961982,516760.9749,1403.904968,1517.649884,2608.559778,1337.001785,626.0029348,6195.036961,1466.93217,1861.59417
d25_29_G04_1_1_S,glasshouse_b1,Forrest,T1,R1,S,1835.079662,246.5337526,1800.761063,55.85007497,1234.16996,2471.086877,11366.38616,1221.920695,2524.201683,7936.963273,1313.473242,2408.656735,1780.963495,233.4686425,1772.416806,3352.019291,2508.844927,2464.674066,312298.2404,2588.053451,2633.42946,3623.91068,293.0226644,1698.781163,3394.264698,236.6994439,1748.551552
d49_43_G06_0_3_S,glasshouse_b2,3811,T0,R3,S,24725.81867,820.8453125,3869.22978,103.9268383,1649.278049,862.707568,152597.7453,1606.312095,3756.660281,183155.6807,1785.634451,3439.168987,24582.56521,736.6980587,3899.763313,60021.52337,1753.544873,998.3672249,614491.1515,434.7111836,3205.069616,90071.23317,2162.279903,3853.525804,24313.15784,739.6181157,3847.619968
d17_30_G04_1_2_S,glasshouse_b1,Forrest,T1,R2,S,1815.025593,1024.885267,1830.264472,61.3816387,778.3023267,2249.578893,8182.144907,941.4065207,1957.052065,7385.464514,944.4530884,1996.09404,2561.063824,1042.44635,1789.065719,2183.163829,2006.091244,1976.057352,226888.1781,899.2939269,2070.158167,2004.778989,769.8348478,2323.135456,2943.610122,1034.779435,1793.987762
d11_25_G04_0_1_S,glasshouse_b2,Forrest,T0,R1,S,3264.300314,1535.184828,1443.608371,88.84271365,1323.312097,393.6851291,10185.94987,1256.629991,613.0476165,7232.246905,1261.352254,608.7638802,3343.192416,1531.70549,1437.141164,3473.418066,1341.435775,458.5755924,340494.6967,1456.243914,1461.554529,1689.805182,1362.663327,471.4299436,4059.182974,1572.432307,1423.228867
d35_42_G06_0_1_S,glasshouse_b2,3811,T0,R2,S,14398.82799,891.639801,3158.989511,68.08822036,1914.271402,2486.854872,51748.23164,1165.740859,3772.937227,59716.44133,1488.582242,3595.429984,13486.7606,836.2809552,3154.39593,21086.56947,1386.73595,871.8286407,348955.7146,1449.645779,783.545355,19983.01829,726.8937812,2432.756986,13354.32512,870.0853436,3156.279623
d11_37_G05_1_1_S,glasshouse_b2,Hartog,T1,R1,S,3117.266693,1094.469496,1859.186998,64.06084032,1121.194688,1398.844805,6639.623348,1060.258259,1717.938439,6844.66417,1202.840169,1162.047737,1273.723723,1079.250808,1829.004169,2059.234925,1346.13611,858.41762,340700.9191,887.5164923,1481.798496,2701.724287,1082.525484,1838.661293,1645.87472,1053.110185,1857.081533
d21_46_G06_1_2_S,glasshouse_b1,3811,T1,R2,S,7116.032272,1055.151705,2467.604743,69.8065887,1095.166453,2259.221422,10911.27239,1093.694209,2345.516718,11590.85048,1806.366253,2613.138275,7770.080999,1063.770483,2480.507294,7132.997992,1092.014633,2128.698845,406985.078,1296.706798,2151.964421,8111.68454,1092.994661,2166.025936,8388.02933,1055.595127,2478.154857
d19_48_G06_1_4_S,glasshouse_b2,3811,T1,R4,S,8993.382761,561.558853,1999.825426,46.16078071,1377.36159,1081.700425,19141.03183,1168.154223,2429.370057,23703.85314,1167.559581,2358.516501,9054.988785,625.4526618,2022.207703,7543.276238,1562.656856,960.8734311,399096.6123,1432.297382,1061.962437,5790.50053,1477.596424,850.0182619,8196.076937,631.7282751,2006.556915
d41_39_G05_1_3_S,glasshouse_b1,Hartog,T1,R3,S,6523.40972,1505.348304,2595.635651,60.84831171,1712.521428,2368.932821,25383.90045,1502.306785,2218.574989,21803.71653,1507.693531,2270.205006,6098.900251,1497.30584,2574.692813,8231.502113,1391.066726,2736.9593,354225.9103,1440.225773,2169.233046,8823.577336,1730.389117,2371.481125,4625.51438,1427.071355,2780.116268
d21_40_G05_1_4_S,glasshouse_b1,Hartog,T1,R4,S,4054.284745,1619.892211,2214.251972,49.80425699,1143.52924,1281.538258,12082.4585,1641.649424,2403.820013,13223.65445,2424.013635,2453.349695,3715.055694,1651.107314,2150.821235,5026.734717,1644.124968,2018.590532,320231.259,2515.88806,2060.1737,6400.869666,2494.575046,2256.643902,3461.632023,1661.952362,2140.994507
d27_48_G06_1_4_S,glasshouse_b2,3811,T1,R4,S,18172.2088,1420.912892,3150.348866,62.53616405,1497.74212,3610.05963,24113.49172,1309.878536,3101.500177,22523.54754,1306.117467,3106.464195,17295.05661,1393.203239,3157.460878,11544.22581,1447.306029,2525.056392,783135.4789,1451.637951,2605.772615,14007.09343,1462.892726,3357.900174,16748.58484,1410.930875,3112.062425
d41_20_G03_0_4_T,glasshouse_b1,CALINGIRI,T0,R4,T,18170.55375,1808.767976,2434.806574,52.48583842,2235.761487,1525.9951,54040.04686,1772.706954,2250.957616,57863.69752,1778.643351,2219.689932,17562.91,1858.482214,2398.524799,29253.14524,1280.082176,4405.849747,610261.1088,1552.711123,3561.214773,44424.8937,1527.857932,1085.36168,17896.70809,1890.726605,2351.558535
d33_43_G06_0_3_S,glasshouse_b1,3811,T0,R3,S,24738.01181,651.7400454,3859.216391,64.06490211,1474.431198,2780.098756,38362.20763,1779.083414,3097.150114,38933.05732,1795.867556,4166.415722,17996.13227,1843.783009,3739.949479,19270.88605,674.5412401,4245.419975,568666.4383,1242.564939,3319.791866,24487.31063,707.744677,3977.959824,18245.68255,1843.696061,3759.870401
d09_24_G03_1_4_T,glasshouse_b1,CALINGIRI,T1,R4,T,3923.903778,2125.2181,1115.865925,61.93686631,1665.856841,370.134376,10984.39352,1399.656185,1173.740568,6847.172468,1069.919652,1157.552478,4695.766724,2134.127793,1108.534605,4319.327575,1258.061981,1464.204838,355127.1045,2027.237251,850.496394,7073.952525,1566.785499,354.6957763,4231.838481,2135.006624,1091.967516
d05_27_G04_0_3_S,glasshouse_b1,Forrest,T0,R3,S,3292.518506,1457.297892,569.579469,64.83220468,1418.394283,289.3944202,3787.58843,1476.114725,414.1202987,3011.185699,1444.783906,596.5499397,3179.60057,1426.844004,569.3474664,1004.747006,1407.680073,420.9921518,241678.4291,1461.930027,255.8643614,2174.070658,1365.889282,727.8497449,3848.084753,1421.296218,542.6113098
d21_15_G02_1_3_T,glasshouse_b1,5489,T1,R3,T,8919.333487,927.8025653,2409.407535,62.06451865,964.698639,2394.264056,12440.13701,933.5262487,2312.071767,14878.05514,935.7115955,2322.979069,9596.315633,974.0545718,2445.797764,7341.16799,944.5682052,2005.637361,489134.7991,1274.666916,2211.358325,5577.727703,963.6884048,2691.866309,9353.069975,968.0159367,2355.771088
d25_43_G06_0_3_S,glasshouse_b1,3811,T0,R3,S,14579.70866,1768.284119,3368.169381,46.5124506,636.7726762,1776.91261,25412.56396,1791.478715,2619.711348,30764.39796,1812.080803,2996.593962,12457.42494,1769.705505,3361.149133,14512.38005,1785.633729,2462.433705,420272.761,862.3932235,2843.98184,17720.97216,756.6916473,3602.500661,13223.11259,1775.554761,3333.234743
d27_22_G03_1_2_T,glasshouse_b2,CALINGIRI,T1,R2,T,12176.97955,2137.119121,2422.804018,63.12360504,2256.88597,3694.754324,22890.51235,1734.727877,1740.846082,26119.13863,1911.700238,2932.403116,12880.21786,2140.172795,2434.887532,9878.03073,2022.785956,2797.130616,447281.452,2000.254951,1675.433354,6022.500221,1895.054774,1834.994066,11362.71002,1148.540148,2569.894613
d07_10_G02_0_1_T,glasshouse_b2,5489,T0,R2,T,3584.357973,1913.010069,1220.942644,52.9902133,1889.975639,1168.119637,12189.71463,1752.801196,385.3966795,8713.124599,1759.347727,356.982021,3247.327222,1886.510252,1244.562943,3905.28407,1739.973951,191.6493656,384402.083,1837.704483,272.016871,3371.98693,1546.951648,293.7944416,4501.440138,1855.81927,1212.77406
d41_29_G04_1_1_S,glasshouse_b1,Forrest,T1,R1,S,3454.1712,2209.340657,3668.444285,47.14128943,922.1269561,3436.023443,7709.575291,836.0044476,3926.194544,13732.41286,835.6471743,3719.394043,3393.983423,2219.710097,3660.440547,3850.715116,855.6296552,3713.752195,383444.3989,860.9035624,3321.201124,4631.107595,857.577496,3686.29353,4276.812869,966.1962886,3348.448593
d17_15_G02_1_3_T,glasshouse_b1,5489,T1,R3,T,6116.492803,910.815773,2227.037441,72.04121256,919.3177353,2216.905173,11176.71809,951.0710739,2025.560699,11730.6067,949.2523482,1970.427068,6621.311619,870.4988022,2205.882032,4622.439672,795.8905118,1910.468368,380466.3854,864.9187776,1644.549107,6893.852137,898.7643283,2201.173153,7326.591553,880.2004127,2210.222008
d07_35_G05_0_3_S,glasshouse_b2,Hartog,T0,R3,S,2193.90907,1468.092092,555.8268855,70.17733836,1437.648945,601.367254,3873.442286,1517.612824,324.8773704,6434.672969,1494.021871,377.4079542,1316.704872,1464.49988,558.2596545,2275.125438,1433.328002,313.5778219,251044.0938,1460.575451,276.8083127,1724.547285,1435.691238,247.9842026,1611.599861,1480.180538,554.1840405
d07_16_G02_1_4_T,glasshouse_b2,5489,T1,R4,T,2472.390934,1622.27702,1007.533011,63.64515389,1545.363881,313.1693827,4220.332993,1587.241911,442.0434772,5031.629421,1589.067838,443.7873072,2747.34358,1619.499015,981.9982828,1430.476065,1575.330592,938.6377738,275390.3959,1471.950808,916.6044948,1247.445841,1652.635284,1083.325423,1694.69984,1636.112566,1109.017042
d2_T020_02.10.23,field,Gladius,na,R8,T,312458.9766,1125.07303,4364.693473,112.7619651,1496.858716,4724.724847,302250.0106,1055.090439,2836.484956,313287.4183,1032.945258,2878.438353,230004.3592,1151.838568,4214.749029,158865.6999,998.3784622,5892.36434,1106948.745,1114.205954,4893.334621,243228.3492,1053.052681,3014.247149,119665.5922,1140.517159,4581.564092
d21_23_G03_1_3_T,glasshouse_b1,CALINGIRI,T1,R3,T,9394.839103,1468.114812,2424.306234,62.97729757,1443.60537,2074.274263,17223.01197,1399.570461,2153.997307,20709.28915,1398.53586,2200.863118,9474.946503,1485.922425,2430.735309,6462.350544,685.7074017,2191.672737,496422.8012,1516.755587,1815.722752,5691.096196,1594.398726,1460.676092,11129.16039,1479.20827,2298.518336
d7_T024_04.11.23,field,3811,na,R9,S,35469.78292,889.1135992,3830.44369,77.45221068,415.2482114,2526.331183,242460.4231,961.1531547,2149.456329,270439.4959,1005.850274,2448.852979,31702.86941,882.5505923,3761.9389,118212.7626,726.3734494,3635.457628,585091.5366,862.3254761,3418.100932,79662.23893,941.0515412,3871.580518,29959.62196,276.8622623,2802.293143
d07_41_G06_0_1_S,glasshouse_b2,3811,T0,R1,S,4039.059301,1566.908044,958.2417976,68.7113593,1679.983179,734.7107462,6907.033228,1622.32978,359.354142,9002.089354,1586.910179,555.8987025,3880.093108,1571.973776,932.2108229,3179.960294,1649.533559,222.9049312,384191.8974,1464.863789,380.4360583,2890.354839,1633.422015,258.3211246,3765.954051,1563.524997,889.1594241
d09_27_G04_0_3_S,glasshouse_b1,Forrest,T0,R3,S,3712.061774,1465.092237,563.1896854,63.39647751,1388.532655,625.8591494,9157.996031,1461.534815,525.0324206,6846.487775,1454.640469,494.272705,3498.496694,1440.08954,509.9679115,4044.660068,1379.345132,387.7173308,385989.803,1824.585275,330.9108533,2544.770161,1383.708331,242.5291714,3224.891012,1456.048299,561.3594528
d43_20_G03_0_4_T,glasshouse_b2,CALINGIRI,T0,R4,T,19898.47728,2090.121906,1118.909648,57.1826745,769.3336758,2231.738634,77230.48593,1548.998432,1448.703657,104801.031,1719.95002,3267.300941,18333.13782,2057.646003,1173.842713,42257.09391,1646.992082,987.3209733,613518.1047,1527.909253,3551.076027,40868.06416,1632.563427,954.1846264,16837.25086,1848.178427,2335.260144
d37_20_G03_0_4_T,glasshouse_b1,CALINGIRI,T0,R4,T,17331.699,1813.20008,2451.851344,48.96737313,917.8373951,2627.026001,46834.25339,1741.346504,2144.6659,45878.21527,1170.352861,3887.51858,17045.86877,1903.127614,2384.268971,20371.50705,1496.230679,3022.064371,581353.8548,1984.400629,1840.669918,25196.33745,1658.326597,931.3445323,17901.92732,1885.901031,2349.407718
d35_40_G05_1_4_S,glasshouse_b2,Hartog,T1,R4,S,17364.30011,2369.440827,3340.054713,58.32265208,1310.186458,1245.442233,38343.54251,1687.172629,3524.828111,39623.46745,1593.652927,3404.414063,17880.88815,2367.571068,3410.742262,16854.53689,2137.152047,3228.57045,498662.0474,2536.760555,2396.560161,16353.23798,2408.763079,3119.097042,17902.14633,2355.694136,3399.995767
d07_23_G03_1_3_T,glasshouse_b2,CALINGIRI,T1,R3,T,3542.669708,1531.3893,1111.77056,79.39903266,1823.905894,373.9309797,4506.035832,1760.109683,267.2277246,3776.932859,1769.610213,269.161666,3617.929837,1557.042546,1118.111408,1434.886683,1601.221975,307.6255371,329098.7571,1457.480483,866.1572946,2733.328181,1792.510988,346.8048792,1150.499456,1508.006546,1294.877103
d33_42_G06_0_2_S,glasshouse_b1,3811,T0,R2,S,14163.76216,921.1226616,3146.69776,61.08698005,1924.498316,2356.393759,35651.93108,1044.90109,2567.806084,40825.98071,1448.581403,2735.879882,13225.94447,879.7369029,3088.982953,16935.90629,722.2678734,2414.508737,355347.9102,1935.856533,2051.602715,20353.48408,1841.69796,2756.526533,13754.09466,848.6235564,3076.805728
d33_19_G03_0_3_T,glasshouse_b1,CALINGIRI,T0,R3,T,10105.84854,1476.098136,3196.581637,47.00630273,1510.871538,994.7763065,36008.9446,1482.736096,2537.39119,34459.69836,1482.820343,2503.301106,10015.19391,1470.141096,3220.415778,17161.20739,1397.325801,3328.077199,646806.9199,1503.640618,2400.501286,25412.77386,1540.88956,1125.862337,10132.64788,1468.186496,3130.351134
d11_42_G06_0_2_S,glasshouse_b2,3811,T0,R2,S,4240.242444,1923.402423,2113.468539,51.01044468,1093.000188,1021.487673,15619.01292,1314.963327,676.0576781,16401.42962,1320.994164,739.6414421,3270.700216,1937.083794,2074.613339,5801.190056,1093.240014,956.9254427,376644.18,867.8289435,1285.887046,5458.136178,953.0716816,1560.828358,2146.221858,871.2724756,1595.499999
d2_T009_02.10.23,field,3811,na,R5,S,64176.25602,1079.473842,5868.557526,67.95254323,1085.563567,6423.035974,270712.7862,1059.408105,5187.76173,295928.5191,1037.388383,5058.550924,55254.82919,1053.033284,5770.303744,129887.9994,1140.923503,6144.32938,542695.0024,1113.585183,4790.846826,126925.5942,1149.678689,6167.854321,50813.2169,1050.88099,5721.991271
d15_35_G05_0_3_S,glasshouse_b2,Hartog,T0,R3,S,4067.918272,989.1479975,2101.044633,50.32505435,871.7404945,2326.957908,14611.89337,839.024434,1870.253302,12836.51298,842.7987418,1900.316373,3928.019989,1004.017611,2142.996641,7970.29521,1547.174934,620.6665719,333159.1527,265.7233413,1443.465313,2705.961993,1005.066226,2044.447439,4027.465729,990.6646896,2089.008705
d35_16_G02_1_4_T,glasshouse_b2,5489,T1,R4,T,11489.3481,1935.700651,3254.755101,52.05687908,1975.392475,2145.404909,35092.90687,1914.222681,3350.824382,48177.65637,1938.057877,2261.253575,10174.14316,2015.174927,3235.348195,15394.06452,1526.6395,827.6719531,586816.3885,2026.370483,2555.144625,16851.59136,2233.738703,3633.409414,11016.50346,2021.103876,3268.879581
d29_28_G04_0_4_S,glasshouse_b1,Forrest,T0,R4,S,6265.441538,1258.308902,3780.835378,58.69136737,1372.366433,767.7278028,17426.14012,1527.096743,1924.842109,15929.52395,1470.959236,3281.041705,4480.83174,2533.559686,2994.976696,8376.958601,1437.679621,2404.379569,385507.8697,1508.451672,2662.922279,13480.6258,1448.499318,777.9488274,4760.228805,2545.74124,3014.425086
d33_38_G05_1_2_S,glasshouse_b1,Hartog,T1,R2,S,2516.713298,1088.913597,2482.587891,53.88901772,815.330296,2784.339803,17754.62173,1082.591053,2500.400067,16988.18245,600.0146739,2445.606244,3815.307319,1073.45702,2489.992479,9423.543209,865.8223436,2140.304629,378189.7889,872.497169,2443.102032,7222.58429,791.6334099,2983.762793,2859.861789,2263.835616,4274.105746
d07_43_G06_0_3_S,glasshouse_b2,3811,T0,R3,S,2847.707027,1737.466366,434.0414767,65.6569534,1764.370738,324.4442611,6778.509928,1708.805241,467.3813979,7940.227559,1702.556786,498.5495983,2334.5877,1730.277893,422.6675565,5586.68479,1678.774172,345.1122608,418835.6585,1859.117815,254.9991532,7897.44332,1677.799014,393.0378584,2077.590885,1725.684038,415.2372869
d25_03_G01_0_3_T,glasshouse_b1,Gladius,T0,R3,T,11770.86308,1534.681139,3141.281009,57.15403543,1532.7248,1059.116308,24641.41076,1567.188411,3426.052228,22179.45242,1541.501925,3386.846823,12838.81676,1495.883606,3186.233007,11184.37754,1275.486023,2825.875577,745443.5128,1832.276157,2955.826026,11311.40816,1520.167268,1181.464233,14912.70644,1366.339301,1541.163943
d27_35_G05_0_3_S,glasshouse_b2,Hartog,T0,R3,S,3692.289989,1284.173225,4141.172854,63.36639692,1072.394849,2137.322661,21244.85506,1164.6329,3161.095423,21820.33356,1184.422208,3253.122978,4096.924038,1341.190329,4129.438663,11451.34149,887.9691751,2935.683995,409512.0121,1042.156416,935.7725906,8078.908368,1513.130333,702.612451,4216.469654,961.0596712,2185.806614
d7_T019_04.11.23,field,Gladius,na,R7,T,265223.6643,706.0361353,5003.447528,65.0382532,1365.462153,3826.196182,360731.9425,1008.020496,5368.361764,390206.0891,1210.325341,3008.935669,180181.785,789.1496304,4967.624222,184327.7916,1371.161021,3880.571082,1598192.296,631.5730248,4972.768946,294279.3445,935.5750236,5631.80008,177592.4733,792.9011697,4969.047472
d21_16_G02_1_4_T,glasshouse_b1,5489,T1,R4,T,5266.633789,2362.511488,1997.945668,53.74882106,516.0897923,2720.826228,15642.00028,2036.307401,2360.891531,14769.78029,2030.125062,2410.345788,5351.842486,2330.092033,2080.061792,4816.732959,2007.454581,2852.882248,389041.3353,2052.768461,1574.934877,6713.431596,2030.968606,2780.994869,5831.1519,2319.478243,1997.688081
d11_44_G06_0_4_S,glasshouse_b2,3811,T0,R4,S,5780.153974,1120.317243,1383.545467,49.59036801,1828.273191,609.7043239,17818.67355,1209.580049,1231.108585,15608.63555,1180.561562,976.3032859,4917.794713,1141.535704,1402.826962,8263.313839,1543.778891,380.7145753,372277.4379,1803.933489,280.9819559,12802.30074,1653.302128,472.4628248,6018.252606,1780.210862,596.9666898
d21_05_G01_1_1_T,glasshouse_b1,Gladius,T1,R1,T,9052.383983,1420.906364,3246.639968,64.15375269,1523.88875,1936.025305,19026.20026,1626.744514,2123.884424,21799.36583,1361.640943,2635.942366,9682.800022,1439.624949,3274.579679,8969.851144,1421.696491,2808.547154,369531.0944,1440.183447,2151.107297,7698.253721,1498.340813,2152.251804,9138.053778,1430.700677,3223.632681
d41_43_G06_0_3_S,glasshouse_b1,3811,T0,R3,S,25362.96274,660.5148443,3842.340358,48.83228095,1954.101638,3729.677396,52769.51194,1334.583656,2585.030986,52264.82105,1271.533237,3944.486403,25095.92027,729.4933432,3789.684781,25340.01482,683.1020015,4243.064259,601723.022,526.8189421,3379.860434,27096.13551,699.8053352,4151.481591,24395.18336,731.7247442,3866.387685
d09_37_G05_1_1_S,glasshouse_b1,Hartog,T1,R1,S,4044.241962,1306.902309,936.5102503,69.84924851,1077.090473,1400.652856,3799.576531,1344.755858,859.2511125,3304.421111,1321.31954,888.0307935,3803.447893,1298.743465,954.0897814,1747.851873,1416.952398,776.4855578,263793.1916,1425.456799,897.059524,1597.664741,1391.641318,751.7059281,3442.81641,1297.685416,889.9065161
d25_14_G02_1_2_T,glasshouse_b1,5489,T1,R2,T,7802.815546,2181.58706,2601.83452,54.09039963,2024.397377,1650.102201,13389.31475,2206.079515,2210.200177,12880.00475,2211.059114,2225.584562,9167.61646,2177.588567,2619.159352,5927.316163,2131.993792,2568.332926,650047.8361,2134.886037,2188.097621,4827.096883,2024.186476,1284.604631,12215.11294,2102.108981,2071.53383
d31_45_G06_1_1_S,glasshouse_b2,3811,T1,R1,S,9748.755042,792.6804122,2391.299397,65.84409768,1044.481123,1771.795715,29941.53543,1251.556736,1869.504897,28232.46097,1262.520417,1876.198189,6979.375304,782.22071,2197.407399,15270.90885,1339.357792,3177.723391,399056.0609,854.4560349,1530.741483,14960.47061,1650.557075,3626.733761,7114.534716,783.103461,2201.518971
d33_35_G05_0_3_S,glasshouse_b1,Hartog,T0,R3,S,5043.616774,1425.091708,4173.139541,65.14754437,1224.7262,3819.280185,20670.01341,1267.320413,3767.716814,21398.42638,862.2297771,1988.625599,5712.66536,1416.025548,4201.133451,9960.636491,1321.330769,3709.008839,348069.5136,1458.235248,3395.767303,11137.66001,1325.918741,3598.98856,3723.789047,992.6042932,2194.656202
d1_T020_27.09.23,field,Gladius,na,R8,T,307421.4483,1036.225376,4445.357795,92.65761483,1219.784592,4856.848255,313242.1807,1098.49989,2833.742899,337737.1152,1066.776359,2928.922473,208470.5732,901.9326875,4223.40281,165913.3888,937.9965691,5907.941395,867581.7912,464.2765396,2894.505501,317306.0343,1124.06581,3390.873942,145608.3288,913.0690813,4792.156723
d35_18_G03_0_2_T,glasshouse_b2,CALINGIRI,T0,R2,T,21697.14317,1197.692747,2310.210708,82.00960444,1424.466,1138.06898,42399.80305,1372.127755,1508.237305,46424.25763,1322.902523,1767.577573,18054.50176,1213.839513,2308.124377,22380.01744,1541.247231,1058.286428,599095.1393,1420.850757,1839.133078,22928.61427,1038.265202,2409.976365,18000.81822,1219.313419,2284.743564
d37_31_G04_1_3_S,glasshouse_b1,Forrest,T1,R3,S,4202.775696,678.0300619,3195.574319,61.59086901,758.6160921,2008.525377,12465.87352,781.8785936,2492.728318,12142.89504,778.5521835,2539.412269,4210.273682,656.0595435,3206.262379,6490.396819,825.211911,2060.4325,360054.9096,2045.937773,3659.413266,7842.226866,2115.524636,3617.714588,3236.617152,682.6209288,3118.090753
d31_12_G02_0_4_T,glasshouse_b2,5489,T0,R4,T,15803.72147,1050.337371,2103.531378,53.244483,1272.896487,1554.389313,38726.29882,2037.355921,3023.905961,41586.31221,2041.721707,2842.717613,13992.46191,1153.8355,2113.404422,19569.47572,1526.201085,890.8232795,410338.6071,1476.827976,1398.312691,16765.45307,1563.239712,761.2102761,14146.85649,1973.700413,2842.253597
d2_T022_02.10.23,field,3811,na,R7,S,38555.49593,800.8436595,5271.906307,59.20232705,1289.764408,4461.051932,171526.2146,1211.070602,5293.229833,178469.77,1236.95289,5268.666415,36032.64919,800.6548409,5280.636824,82000.99204,777.5983534,5656.316051,540220.8093,465.6280596,4897.704655,157268.0817,1165.106785,5455.0868,30937.83914,837.8396516,5328.579479
d13_15_G02_1_3_T,glasshouse_b1,5489,T1,R3,T,3464.703454,1239.368901,1288.024872,51.86730553,1845.407677,1672.172771,10573.41517,1166.630685,1432.880603,10039.87502,1185.463747,1470.889808,4448.156626,1256.248448,1320.642949,2882.847006,1297.613869,1183.930714,359518.357,1466.36202,897.743906,3992.808003,779.6524812,1024.564439,4047.108497,1216.0216,1298.033457
d21_09_G02_0_1_T,glasshouse_b1,5489,T0,R1,T,8327.58417,1104.254102,2949.817619,50.8502219,1029.036055,3154.467159,27845.1344,2492.279235,2870.681269,27167.67482,2492.677904,2839.424969,8181.969577,1126.355194,2964.873944,10747.01306,2379.951971,3515.238997,463448.0314,906.8235898,2823.097346,9255.114731,2355.254645,3464.040869,6855.629299,2238.642512,3201.310053
d29_05_G01_1_1_T,glasshouse_b1,Gladius,T1,R1,T,18051.52854,1306.076579,3832.090063,51.82757809,1638.507569,1163.748351,26027.98424,1628.323144,2379.683322,26742.69256,1627.788436,2426.059681,8025.682402,1443.977026,3208.161804,11172.96975,1490.611896,2244.901462,427102.0182,1763.464189,2755.826324,13429.78372,1480.767495,2590.189763,7810.680567,1427.28334,3185.669048
d19_07_G01_1_3_T,glasshouse_b2,Gladius,T1,R3,T,11519.43098,1311.139489,1775.745693,59.85802092,1363.999601,2988.936967,20896.04237,1327.583662,2549.546657,19109.12876,1343.376326,2518.866334,12672.80444,1339.643249,1846.479372,9741.56823,1607.086328,1500.407184,439533.0786,1409.74357,1164.424711,5638.621365,1248.562573,2588.669631,12931.75659,1329.397605,1827.919557
d45_01_G01_0_2_T,glasshouse_b1,Gladius,T0,R1,T,9261.541369,488.6164149,3153.77487,61.99212326,726.0722792,3099.842975,45617.6026,2167.660935,3543.373557,47646.54994,2164.513056,3537.292514,8801.816429,509.0233632,3169.701616,24627.38677,767.6204952,2894.857013,778167.1201,905.8106549,2564.379054,31978.80199,744.4462742,3159.896489,6885.564924,963.0872966,2724.465213
d37_36_G05_0_4_S,glasshouse_b1,Hartog,T0,R4,S,8847.320549,726.6547625,4529.549749,72.65447793,743.5434028,2785.362909,30239.88793,1076.395134,2360.941879,32562.80274,1079.28025,2509.445886,8431.953708,738.9950178,4480.16533,17899.21486,682.4058411,3134.779511,486745.4864,854.1237312,3840.800187,19897.00137,689.2330553,2960.041979,8669.468692,739.8062632,4433.650939
d07_06_G01_1_2_T,glasshouse_b2,Gladius,T1,R2,T,5407.538745,1422.942141,682.006285,64.99432839,1310.320848,984.2578855,9663.760682,1553.702593,1103.007682,10365.31737,1536.568121,1047.146672,6023.323779,1589.439258,981.4523516,6359.173669,1634.160603,658.9632823,451321.6091,1472.145872,459.9931266,1570.933827,1745.484638,597.0687109,5972.393979,1426.50986,669.8657809
d41_33_G05_0_1_S,glasshouse_b1,Hartog,T0,R1,S,5194.033997,1364.571227,3658.083104,54.86567262,1209.286822,1210.227438,32942.13761,1983.600499,2878.671851,42877.80972,1703.432864,2678.706622,5845.958258,1978.435549,2704.964623,13984.38325,1422.881238,2418.833886,339084.6733,1441.75374,3233.98294,21717.2811,1465.341983,697.5935808,4418.856605,1351.699063,551.8088179
d31_30_G04_1_2_S,glasshouse_b2,Forrest,T1,R2,S,3405.53314,694.9582123,2239.462898,81.12118958,764.5270222,2457.472737,14525.54766,776.0101987,2572.696347,9266.533723,1734.283347,2426.662729,2308.727258,681.3807933,2259.261788,6957.29857,721.3187819,2485.386906,381410.5288,868.5296438,2543.541465,6052.194928,749.1194746,2326.622553,2263.622418,679.609668,2373.021923
d49_07_G01_1_3_T,glasshouse_b2,Gladius,T1,R3,T,32371.19884,1339.410407,2357.906664,61.44828054,1533.85452,2994.188919,52959.96354,1477.440866,1574.341414,66696.26314,1261.88876,2458.111576,20247.74226,1340.598468,2415.539355,28183.37149,1396.154402,3102.383906,590375.5783,1465.038956,1257.612494,36545.43512,1206.211328,3281.103492,12727.62739,1367.677873,2558.527532
d33_07_G01_1_3_T,glasshouse_b1,Gladius,T1,R3,T,12142.67493,1264.137778,2139.99856,43.20478734,1800.715121,2237.217995,25755.57666,1426.119378,1654.837211,25862.18502,1739.309447,1731.344488,12530.90374,1318.559973,2170.310091,10839.48688,1541.705778,2204.562314,649147.1235,1496.360619,2389.357414,9892.154326,1803.637472,1266.297261,11258.57963,1939.450911,2465.038546
d07_27_G04_0_3_S,glasshouse_b2,Forrest,T0,R3,S,2667.262703,1456.013777,559.4932738,59.54298631,1401.646437,349.4707235,9759.371379,1461.372614,411.9480672,9593.322387,1453.037907,332.9574498,3826.284973,1407.280059,536.235608,3465.786984,1395.864305,333.7609204,388126.2302,1818.554645,254.4243918,1435.186961,1354.325396,663.1873899,4975.890675,1404.380575,559.2496857
d07_32_G04_1_4_S,glasshouse_b2,Forrest,T1,R4,S,2521.506597,1481.458978,318.2705855,70.61426167,1497.72656,270.4461488,3684.669309,1485.673045,262.83224,3668.773265,1359.244542,623.5852959,2050.956783,1323.024032,692.7951102,1261.277937,1521.85901,242.9434743,304744.1191,1449.45065,263.7859166,898.9346742,1369.516435,608.6026821,2096.961389,1336.001107,696.4407513
d33_36_G05_0_4_S,glasshouse_b1,Hartog,T0,R4,S,8490.261625,730.9408787,4484.424823,60.73588651,939.1745441,2245.22594,29911.5401,730.408308,3435.650425,29054.43235,1060.617803,2395.30911,9235.059938,743.3993456,4532.953059,17450.76507,688.6187467,2935.800293,616730.5082,847.5855815,4080.078962,16021.71105,711.8592504,2829.783176,9173.649565,731.362214,4514.200632
d41_48_G06_1_4_S,glasshouse_b1,3811,T1,R4,S,20007.69529,1437.641198,3223.885271,63.18904128,1691.311044,4342.685187,27856.1364,1239.536439,2855.194277,25994.80169,1632.345397,4055.790505,19582.24803,1463.371379,3230.259216,12033.63707,1756.737687,4496.987893,503101.2231,1705.543446,2725.183185,13660.23006,1718.100314,4444.545485,11410.79267,1476.921097,3286.488987
d05_21_G03_1_1_T,glasshouse_b1,CALINGIRI,T1,R1,T,1529.885504,1574.660565,977.0096704,45.98109256,1687.14347,416.7843595,2489.376552,1591.897126,501.4652322,4237.016503,1589.171255,505.6439718,1313.300124,1583.852268,928.499384,732.4193511,1580.558471,948.8714303,290448.8865,1468.747774,280.9313047,1360.713077,1566.773605,340.584469,1527.95806,1586.406077,941.0901236
d11_18_G03_0_2_T,glasshouse_b2,CALINGIRI,T0,R2,T,11112.99644,1649.493181,659.1823301,62.28494169,1431.062642,387.0128995,20821.77714,1651.535284,639.7483422,25386.31396,1470.336218,902.5322581,10786.04347,1547.744401,698.9267455,8694.59884,1430.142283,440.9572613,465351.1032,1488.307749,423.4718695,7569.977139,1456.932993,423.2230364,9559.10789,1572.688075,725.3273458
d41_29_G04_1_1_S,glasshouse_b1,Forrest,T1,R1,S,4136.200529,2197.869086,3680.382282,46.94330775,915.0376602,3416.060474,11357.50873,833.1775938,3924.640923,13100.94953,825.8662435,3739.869691,2572.897659,2203.106873,3600.786686,5785.736059,853.0961751,3740.921395,379376.2138,855.0498931,3355.505087,4480.097889,884.0270744,3725.933101,4355.674393,960.614296,3350.240126
d25_10_G02_0_1_T,glasshouse_b1,5489,T0,R2,T,15256.25948,2452.830254,2650.411436,83.20792501,2397.077384,2666.396336,25719.21191,1966.693872,1883.735507,43723.20641,2272.28645,2434.604447,13778.92612,2485.670177,2691.766571,11221.12662,2317.864406,2800.415837,534200.2147,2521.265679,2341.030075,13569.78302,2307.995171,2376.835242,13957.03312,2480.785288,2645.464065
d25_09_G02_0_1_T,glasshouse_b1,5489,T0,R1,T,8086.377817,1105.294191,2921.789448,70.25340719,2423.364359,3827.186427,31179.4723,2184.595586,3011.756913,30958.39703,2446.765578,3161.503286,7369.673738,1122.462021,2998.855794,11217.2809,2327.699835,3101.373709,349023.8156,2133.607281,3742.458168,12730.93039,2280.194706,1976.345327,6166.439861,819.5486803,4022.172997
d49_04_G01_0_4_T,glasshouse_b2,Gladius,T0,R4,T,25527.10352,2073.746458,3673.854427,115.882047,1127.613426,4994.228085,88087.65638,1604.309697,1563.998857,90661.34732,1645.153838,1612.661551,25155.96312,2115.568765,3653.876666,44435.75961,1654.411357,4396.685464,401871.2207,1456.039264,387.2042391,42261.24373,1587.932432,954.2264847,17671.17135,2107.654577,3572.704023
d11_24_G03_1_4_T,glasshouse_b2,CALINGIRI,T1,R4,T,6161.005686,2157.085558,1432.049429,67.11781525,1646.373141,386.8003584,14160.0555,1516.954521,870.0332607,16771.9165,1392.57608,1239.745914,6551.083388,2160.049797,1434.757471,8540.189401,1173.607985,1849.798245,449481.8018,1924.47017,950.1139741,2794.004162,1584.240289,491.9776977,4397.251564,2222.316699,1613.830766
d09_36_G05_0_4_S,glasshouse_b1,Hartog,T0,R4,S,4427.256872,1193.741727,1568.738597,64.20036163,2276.688908,1087.760511,10886.56538,1319.338362,1140.548236,13796.4523,1349.983594,1089.206713,3275.750464,1196.687018,1544.818754,5504.455616,1357.994628,690.8968021,354196.0053,883.0105137,1443.678254,7109.700421,1438.171896,341.5408406,3794.627607,1209.187614,1539.450644
d11_41_G06_0_1_S,glasshouse_b2,3811,T0,R1,S,4121.361991,1549.291586,1071.006485,58.77341623,1502.511125,1482.325319,12989.28059,1547.56809,1499.553263,13381.90251,1552.619798,1515.72883,4201.03955,1574.602405,1070.99637,5756.308304,1620.553872,395.5458684,360706.3891,1470.964817,985.9112213,5363.001605,1531.841688,1638.88615,4452.930368,1567.116483,1098.728976
d17_47_G06_1_3_S,glasshouse_b1,3811,T1,R3,S,6507.173988,1429.205719,2117.760248,75.09965522,1535.64086,955.4603349,9172.010867,1427.869412,2267.961217,7807.409417,1459.889938,1595.453249,7201.433819,1415.626018,2139.050375,4186.821403,1300.659558,2419.158827,362774.788,1464.151317,1589.657473,7242.454734,1284.33599,1658.489173,6919.410766,1420.047292,2077.487251
d13_02_G01_0_2_T,glasshouse_b1,Gladius,T0,R2,T,6675.775691,1718.584396,1930.595423,56.07174348,1877.505232,1536.994957,14074.28443,1749.207587,1332.878601,11688.50451,1762.232876,1345.028226,7226.086593,1753.582588,1922.082731,6615.009717,1873.924506,2200.316168,386384.2153,1601.898544,1472.964154,8272.723537,1472.258714,344.7896734,6853.908684,1764.098611,1895.192849
d29_25_G04_0_1_S,glasshouse_b1,Forrest,T0,R1,S,6297.748819,987.6511225,2862.746825,63.2816931,828.3614777,2910.139303,17668.87959,884.7300424,3296.974426,19576.84823,694.7024483,3128.426885,6985.994173,1013.185719,2905.805964,6031.216924,809.2070844,3152.509073,492246.4398,1262.129311,2717.930007,10692.64008,1424.586072,798.4848697,5754.388821,949.4945806,3003.935214
d37_46_G06_1_2_S,glasshouse_b1,3811,T1,R2,S,12008.43844,1463.398517,3837.24062,63.77956554,1227.111108,3862.141991,21051.06074,1817.183165,2821.726828,21517.74665,1798.600885,2820.957966,11066.49996,1521.028984,3934.840321,10240.06904,1272.706529,3773.7616,350707.839,1435.923418,3316.31618,16089.45695,1307.338984,4135.814656,10516.57649,1554.14711,3960.05407
d15_38_G05_1_2_S,glasshouse_b2,Hartog,T1,R2,S,2960.301622,2240.04369,1787.912285,48.29913177,2156.788246,1672.988845,19330.74779,1030.583735,1559.277031,15800.54908,1038.170667,1514.576897,3164.023239,2224.314352,1853.51641,7199.35516,887.851308,2230.245181,386507.168,878.3628677,1698.025001,4098.800564,1304.637709,711.437741,2922.962922,2225.026603,1809.968091
d17_48_G06_1_4_S,glasshouse_b1,3811,T1,R4,S,9104.799434,1217.464064,2101.525222,66.18036778,1522.980628,780.8843832,14799.86927,1223.287462,1803.899995,13375.25458,1226.895786,1793.934456,8871.438072,1208.688804,2123.459369,5904.984032,1375.375749,2591.26449,364217.2479,858.6421098,1459.417048,6500.546594,1499.348558,754.7376356,6861.39436,652.1831473,1892.82595
d7_T004_04.11.23,field,3811,na,R1,S,59494.25379,1205.878661,5099.891005,98.70231534,626.4456473,4689.886235,215049.7057,1151.295029,5131.181554,233746.9388,1144.445846,4995.923652,47335.5472,1129.703475,5164.742806,92058.89815,875.8447224,3111.616872,712470.6253,1700.211615,4991.130468,161759.6274,1405.717156,5190.792953,41436.45284,1153.371779,5150.223436
d2_T017_02.10.23,field,Gladius,na,R6,T,19608.72028,1449.658833,5094.620127,47.92582072,1209.21002,5566.785992,177045.0557,1216.759672,4955.880489,187043.4729,1323.572769,4907.664412,14503.79741,1385.89356,5067.421766,78843.59437,1182.676068,4776.777682,661160.7884,1703.567254,4819.331355,71802.10867,1586.123958,3583.982403,12162.70671,868.641763,5999.507915
d15_13_G02_1_1_T,glasshouse_b2,5489,T1,R1,T,11581.63646,1735.380895,1595.149785,64.22547688,1411.340484,1364.335605,14401.69515,1594.496478,1140.684313,19839.10783,1610.694309,1253.122689,11839.14564,1726.221348,1636.570386,8304.935274,1901.630492,1446.524615,466939.149,1517.339281,1233.146505,6837.463915,1176.272252,1548.822609,11434.26808,1704.442267,1629.893569
d37_36_G05_0_4_S,glasshouse_b1,Hartog,T0,R4,S,9690.644639,729.6891353,4540.079339,73.63204757,729.2321798,2791.271216,30858.18579,1077.52063,2321.689687,31997.42613,1076.215784,2558.162546,8005.330351,749.4517529,4448.010784,16974.48717,691.4879339,3101.642732,490721.7403,832.9469308,3860.740726,21241.80572,695.5319634,3040.030125,8295.062094,725.5649393,4489.545273
d35_27_G04_0_3_S,glasshouse_b2,Forrest,T0,R3,S,11324.07684,752.3742613,3202.960122,54.98632852,691.9332402,2844.444386,24374.83968,754.7432005,3211.662734,26985.7193,749.1700237,2955.540743,10900.12962,857.1766116,3188.350307,11265.11104,1450.703918,649.2307589,487087.1657,843.5516412,2315.80393,10581.40237,1435.008636,755.7257323,8454.951959,859.6212477,3552.211145
d15_35_G05_0_3_S,glasshouse_b2,Hartog,T0,R3,S,2206.02299,993.8671425,2047.913752,50.1230483,881.7022661,2302.205378,13479.60684,822.131853,1873.60472,15157.07349,843.783165,1834.520412,3545.837162,983.1935941,2110.413474,7714.95683,1537.527846,619.2629593,333374.8162,287.0341877,1448.357853,5755.638538,987.1395621,2017.575275,3536.065975,974.511539,2126.350555
d45_25_G04_0_1_S,glasshouse_b1,Forrest,T0,R1,S,6279.634018,713.7814544,3131.731419,88.3077978,1437.843088,761.6826953,36072.39126,880.2395457,4079.56151,31341.79156,1303.254411,2279.122838,6896.210605,706.4941509,3150.40975,17561.55394,794.6673315,4338.753132,407552.3526,865.6400289,2860.178168,19996.45196,1401.180842,809.3951291,4190.158606,957.1568413,3019.841308
d1_T023_27.09.23,field,3811,na,R8,S,55592.52505,535.1879258,3785.780125,87.07976472,558.2745419,3551.086638,267759.0887,1059.635725,4786.953009,311045.457,866.767218,4473.101248,46546.58748,559.5648523,3849.587577,149297.2195,1014.229943,4253.587902,469501.1489,320.4524182,3475.288556,240786.7154,984.3103018,3661.376171,39660.99037,548.0588501,3841.173808
d15_12_G02_0_4_T,glasshouse_b2,5489,T0,R4,T,10259.33774,1088.307569,1599.90863,61.86798683,1601.069801,554.6184186,18068.18021,1728.327967,2091.350103,20359.75556,1720.876374,2082.315277,9957.514876,1097.988275,1537.063702,9288.677807,1552.434608,731.3268566,529299.214,1074.008695,1193.173055,13182.41714,1510.54451,779.0516278,9816.897889,1115.940047,1572.204072
d33_10_G02_0_1_T,glasshouse_b1,5489,T0,R2,T,15959.12263,2517.211646,2855.596299,54.04775282,2094.230188,3645.855277,32965.0992,2050.061889,2153.948863,37045.1955,2055.18956,2177.656043,17090.41718,2504.10417,2824.818985,18487.55561,2457.691793,3393.924623,468874.2063,2556.947547,2270.35322,28461.42122,1834.00642,804.5920598,14941.547,2515.100959,2846.962648
d11_22_G03_1_2_T,glasshouse_b2,CALINGIRI,T1,R2,T,5407.184787,2001.358226,1597.657624,61.1932496,1949.649352,1789.611408,11633.06526,1563.043391,875.4699804,12496.90157,1703.765162,1411.856342,5402.194299,2008.558169,1521.886467,5986.36971,1892.975375,1663.590297,527458.5778,1866.954064,1017.466278,5255.949424,1907.935797,1729.797701,6156.015951,1989.504427,1574.466936
d2_T021_02.10.23,field,Gladius,na,R9,T,125995.5554,380.4269622,2800.41763,56.36328738,224.5890549,3303.609856,199038.5691,710.2808605,1980.302876,194357.0216,693.3774793,1971.410732,98935.48378,337.689833,2719.02489,102695.4762,482.1436193,3242.403032,1225618.836,222.8616406,2149.721504,85168.92784,418.0949394,3286.457827,68275.77269,243.2181364,2496.786708
d13_46_G06_1_2_S,glasshouse_b1,3811,T1,R2,S,5483.052855,1627.539542,1479.478755,60.57787007,1610.386543,531.5590728,7325.631055,1621.472401,1765.690894,6114.907901,1643.602974,1287.119481,5632.063539,1632.265201,1488.291046,3661.603635,1637.174125,1401.162699,368907.5901,1459.124213,985.965632,1976.009137,1140.846474,1808.879197,5122.180976,1645.453049,1466.398067
d17_19_G03_0_3_T,glasshouse_b1,CALINGIRI,T0,R3,T,10961.61976,1700.397704,2296.550769,62.59855044,1400.543751,1490.87282,18382.33941,1437.809592,2797.808906,15832.9103,1427.186679,2791.079928,9692.08284,1692.1405,2299.928326,6764.00913,1549.329259,3067.853916,386844.0928,1072.360873,2647.770538,12907.37255,1577.110909,2767.966036,7391.098811,1447.79734,2912.800427
d19_03_G01_0_3_T,glasshouse_b2,Gladius,T0,R3,T,15680.70727,1388.291017,1620.054922,51.26825224,1798.618998,3034.077366,22027.75773,1541.233368,1275.710255,24230.25936,1539.320112,1293.394099,15574.93986,1370.872608,1635.846006,11589.23426,1726.76786,925.3803748,377963.9247,1445.74409,988.0885063,9041.298136,1227.46214,2212.783072,15741.07371,1379.910761,1594.94908
d25_41_G06_0_1_S,glasshouse_b1,3811,T0,R1,S,8352.786775,1417.78162,3433.692915,73.96542727,1432.923594,1555.408554,22814.14763,1529.958969,2070.977746,24004.90705,1341.652875,2860.562585,8520.408952,1421.156716,3493.493922,9046.230317,1443.688067,1921.27296,358096.6008,1450.853954,2524.671458,10505.77966,1359.080159,2688.584967,8460.317161,1433.580631,3483.897344
d05_35_G05_0_3_S,glasshouse_b1,Hartog,T0,R3,S,2302.79401,1901.159486,618.5109878,58.90259561,1495.377392,673.7525988,2336.232091,1531.836305,502.5283632,2319.236925,1508.520623,505.8467981,2124.877659,1867.029568,635.3505086,1927.373872,1487.22415,394.3216821,274464.0987,1458.385036,209.3238469,4115.03962,1603.897247,186.1058139,1942.646859,1512.039177,576.3682919
d05_44_G06_0_4_S,glasshouse_b1,3811,T0,R4,S,4186.570138,1690.104019,423.0783627,55.25414551,1488.567747,161.3093328,1633.9765,1698.902462,377.4875628,7022.704128,1717.415797,442.7149808,2733.01234,1689.940892,365.3933332,1877.232062,1665.462461,290.4765221,257227.2644,1473.50689,184.306815,3830.844273,1649.819336,295.4731931,2013.565718,1705.382671,449.7283997
d4_T019_14.10.23,field,Gladius,na,R7,T,166483.2307,517.7484316,4955.231968,66.57669981,695.7861392,3448.785135,342797.0584,1022.72807,5295.607658,327510.9849,1023.058472,5443.268926,109730.4071,495.3861677,4922.960938,171735.5315,912.0722563,4057.099246,748198.0397,1332.649051,3573.506292,168522.2908,1035.203563,3976.495905,102137.6056,491.7200558,4957.387322
d09_19_G03_0_3_T,glasshouse_b1,CALINGIRI,T0,R3,T,4877.414124,1627.296343,1236.060947,60.10575899,1564.136336,1352.497088,9149.130088,1500.09702,843.6925442,8844.34916,1503.164694,872.1747813,5103.918065,1679.368287,1273.744538,5280.475461,1579.883251,1152.428248,413030.7557,1825.898516,922.0928451,5815.794332,1515.571368,294.3975367,4620.044731,1679.097563,1235.917208
d45_29_G04_1_1_S,glasshouse_b1,Forrest,T1,R1,S,4793.287328,861.2400626,4616.187007,46.17527464,1354.718891,1145.447392,12108.14842,2507.666809,2931.86059,13872.49773,2511.128377,2971.210246,4069.398217,862.3798985,4590.854707,7280.935219,908.6534558,3526.710679,374388.7928,890.3622585,3899.9782,7974.726693,1549.1867,622.3651447,4784.791787,883.1862582,4640.5229
d15_23_G03_1_3_T,glasshouse_b2,CALINGIRI,T1,R3,T,9769.509346,1416.817946,1981.653105,73.83366824,1579.689686,1440.544989,14124.81313,1407.083006,1976.536548,12681.56964,1527.469017,1077.116489,9106.733954,1475.164712,1959.20781,7701.954724,740.0068275,1442.616654,374108.4929,1863.25108,1457.572006,3910.712557,1505.795231,2441.385679,8944.401613,1484.972108,2006.542967
d21_12_G02_0_4_T,glasshouse_b1,5489,T0,R4,T,13111.54916,1996.30968,2647.785495,60.42348286,2103.597649,2842.46157,19834.96668,2059.119155,2839.852179,22571.52351,1050.478999,2191.614763,13698.73368,1935.046848,2640.831789,9411.924516,1343.165761,1755.37751,358757.1288,2009.404321,2184.482054,13979.47924,1548.767532,911.2326214,13009.44688,1954.11885,2664.827626
d11_31_G04_1_3_S,glasshouse_b2,Forrest,T1,R3,S,2597.404783,1322.837467,1334.948823,63.04564267,1478.672027,342.9612899,8242.119262,1611.619179,514.3186654,7338.695385,1625.315778,544.854101,2960.924521,1341.485141,1378.260821,1935.65617,1559.018445,333.9462179,274610.968,1468.647484,273.2705777,4589.609812,1553.430516,322.7546704,1486.086856,1387.511425,1345.63368
d45_02_G01_0_2_T,glasshouse_b1,Gladius,T0,R2,T,8343.844299,1881.839885,3591.154927,47.7060792,1269.862651,2841.92205,37904.35443,1662.98396,4082.695997,38846.90409,1676.877994,3995.615662,8732.062982,1808.615204,3566.727661,17900.39683,1727.329485,2227.279996,606502.6176,2072.63532,2504.453104,19928.42145,1553.042261,4445.197433,8203.864375,1833.390259,3625.516778
d41_37_G05_1_1_S,glasshouse_b1,Hartog,T1,R1,S,3671.193373,2366.51829,2597.663211,60.10018764,2378.408379,2875.061128,6923.967356,1093.015639,2558.941275,10668.91126,1099.087545,2581.214989,4900.08371,2371.478341,2547.764434,5184.593334,977.4674283,2202.506217,194342.7843,2580.723456,2650.130704,5491.030282,2385.568536,2494.659859,4733.026123,2392.154302,2599.042779
d41_48_G06_1_4_S,glasshouse_b1,3811,T1,R4,S,19329.61656,1403.113017,3202.996594,62.7541263,1686.861664,4340.399178,27817.47019,1240.335865,2825.898567,22960.63238,1630.733512,4059.924599,19262.16635,1438.972007,3272.38631,12721.93479,1752.313527,4435.920123,502851.2435,1709.588761,2698.287778,11496.48254,1738.627008,4468.741552,11282.39636,1483.782043,3293.055163
d11_22_G03_1_2_T,glasshouse_b2,CALINGIRI,T1,R2,T,5926.053298,1990.602272,1563.454644,61.41814376,1945.372882,1786.717434,10691.76067,1548.649134,894.2794836,12318.60977,1710.211578,1464.608935,6377.179575,2002.2945,1566.725743,7837.101659,1916.875199,1635.208692,535571.4984,1851.593986,1032.966701,5282.599255,1888.04852,1727.691023,5780.091855,2000.24788,1533.978464
d15_24_G03_1_4_T,glasshouse_b2,CALINGIRI,T1,R4,T,7629.225185,2279.768824,1956.348378,81.56482613,1281.403069,1123.058145,18175.61483,1501.450998,986.8302082,26495.95154,1301.735599,1683.519112,7260.163898,2269.430196,1937.553466,8331.881826,1342.847555,913.5329129,358894.382,2043.643791,1509.682881,7411.999856,1071.82831,2069.379264,8247.026081,2274.406025,1915.353098
d17_16_G02_1_4_T,glasshouse_b1,5489,T1,R4,T,5991.503432,2315.837359,1980.026011,53.56415608,1698.808769,851.1431788,15544.09759,1828.161414,2046.916911,11629.04175,1823.814826,2010.400392,6312.130204,2300.092349,1946.087048,4365.38592,2199.645659,2414.720986,511682.0274,2043.621548,1760.93309,3196.491573,2356.762424,2201.974242,5942.81162,2287.668872,2028.514669
d09_25_G04_0_1_S,glasshouse_b1,Forrest,T0,R1,S,2138.608788,1527.774619,569.7959545,103.2534501,1392.33023,232.2045991,8235.185754,1251.99297,499.1442297,8366.738317,1237.449897,566.5118431,2048.23638,1526.353552,633.795879,2586.115088,1255.183051,489.1192675,359807.7,1456.599932,729.4918393,2605.718367,1392.524494,312.7520683,3532.871074,1336.090089,338.313873
d31_37_G05_1_1_S,glasshouse_b2,Hartog,T1,R1,S,4899.281001,2362.833911,2598.421306,64.75818946,1038.741637,2886.453844,11221.56587,1097.812538,2160.900029,10636.536,1087.901697,2185.757766,5119.543147,2375.402263,2611.423682,3493.99617,986.5855636,2175.83792,194446.7173,2573.964248,2638.994045,5365.983987,2368.623548,2444.536906,4523.611638,2370.674896,2573.75792
d13_45_G06_1_1_S,glasshouse_b1,3811,T1,R1,S,1896.052474,1509.143053,1251.988842,62.89225,1451.57122,1400.252542,7327.095018,1555.762999,1535.247479,9836.552585,1554.123557,1479.42642,3745.174765,1523.601836,1186.489457,2591.474489,1497.4358,1278.426492,372944.8164,1017.106664,1460.061339,3900.908088,921.4974893,826.5641491,4182.541314,1537.180902,1184.68986
d45_02_G01_0_2_T,glasshouse_b1,Gladius,T0,R2,T,9217.833228,1879.140758,3605.625642,47.89504301,1262.467244,2856.948542,37866.9268,1639.760393,4075.362156,39839.84981,1679.428945,4040.649514,7704.6603,1834.848438,3626.626017,17869.01094,1688.093966,2217.881958,617686.238,2086.418419,2570.537697,20132.11647,1536.168064,4429.171776,8022.004163,1842.339054,3611.945044
d43_21_G03_1_1_T,glasshouse_b2,CALINGIRI,T1,R1,T,31250.61148,1881.133323,3731.029657,55.99266143,1796.596968,4332.327128,45891.43686,1875.536254,3991.576894,45291.45037,1883.636869,4067.272383,32121.77602,1805.801006,3722.933241,17730.86749,1702.762232,3809.590675,548611.1655,1561.647553,3953.399604,16598.32036,1384.553009,1092.226668,29314.88971,1806.533268,3826.107272
d29_12_G02_0_4_T,glasshouse_b1,5489,T0,R4,T,14722.22622,2052.020118,2772.725592,75.11825065,1520.059657,991.7898335,27058.46332,1726.737297,2072.562549,27581.55535,1711.854835,2106.772761,13406.90077,1945.364685,2883.425211,11035.98058,2132.80092,2781.824923,585702.4898,2028.650639,2627.287435,18317.72069,1482.716646,958.2073924,13794.41494,1952.158449,2864.725882
d33_25_G04_0_1_S,glasshouse_b1,Forrest,T0,R1,S,5824.030974,2189.088421,3152.986777,59.00914403,767.3613155,3853.939321,20314.60064,874.9416834,3477.881034,27114.27105,1031.782931,2882.633554,4926.340721,2219.763736,3203.708448,11727.10202,862.9477815,2779.97601,378618.2202,877.5756947,2820.919393,14281.18222,825.6562759,2887.127815,4311.956006,1005.069415,2979.71246
d43_40_G05_1_4_S,glasshouse_b2,Hartog,T1,R4,S,18964.52095,2343.416655,3488.023545,54.62663427,2212.704545,4309.893854,55256.30399,1605.765521,3823.129573,62184.49468,1623.472153,3650.23098,16957.82644,2333.466004,3528.494665,23824.07734,2004.817107,4424.813307,459800.724,2486.433353,2925.84966,23739.78687,1673.791389,1074.963148,17095.66728,2328.777281,3586.561676
d29_06_G01_1_2_T,glasshouse_b1,Gladius,T1,R2,T,7974.04085,1561.545366,1452.306773,86.8046339,1749.439365,574.3871049,14368.54987,1616.466197,1192.95184,18006.96569,1561.087206,2023.114799,6337.283004,1287.2896,1508.155613,10157.59987,1639.135678,952.685637,464539.207,1080.933809,951.0044879,15772.94745,1730.061195,709.6959514,7642.815798,1291.319052,1538.654761
d11_48_G06_1_4_S,glasshouse_b2,3811,T1,R4,S,5430.205605,1306.724877,1371.52735,64.91927911,1421.564717,857.6591985,9784.236589,1307.54881,1408.708484,10295.79294,1315.024555,1400.239229,5829.574154,1300.233068,1452.570778,6256.072003,1626.754395,408.4902092,411284.4042,1441.270488,1054.240805,5861.465251,1632.500961,405.1572897,5794.964706,1323.825349,1416.893261
d19_27_G04_0_3_S,glasshouse_b2,Forrest,T0,R3,S,7570.990744,733.8478301,2761.141517,64.80532815,728.0733683,2633.37785,13914.05079,759.1587627,2413.972489,15559.96425,784.4513257,2320.147506,4131.640058,2729.951627,1905.518417,7448.424686,1474.565394,753.5645294,378828.6422,890.1430719,2463.223791,5715.673963,722.0083503,2469.42025,5083.883728,2723.240075,1913.020354
d17_30_G04_1_2_S,glasshouse_b1,Forrest,T1,R2,S,2578.728855,1054.558482,1776.962317,61.05651989,781.4078508,2319.847942,4333.360895,937.1035947,1991.99222,7190.385662,956.8356046,1986.157994,2008.625793,1044.739089,1877.761882,1206.737828,2014.33397,1997.44569,221077.6617,885.3888197,2020.095817,1733.150831,780.9285687,2319.199326,2890.30269,1048.232601,1808.593764
d21_06_G01_1_2_T,glasshouse_b1,Gladius,T1,R2,T,10756.71966,1545.731023,1882.876326,58.04526923,1645.650997,1994.408092,10765.54927,1542.39761,1442.002915,9005.606452,1459.670712,2136.818939,8816.614398,1469.984972,1972.268343,6205.856114,1675.021537,1450.454876,511292.0619,1484.863485,1160.380924,7848.581577,1615.899098,917.2610998,10511.50985,1479.284217,1824.631209
d49_01_G01_0_1_T,glasshouse_b2,Gladius,T0,R1,T,9844.401681,922.2949817,2664.44035,51.24098195,1980.66258,1131.263027,81609.37029,1326.709023,3731.861939,93791.28454,1302.431908,3641.165486,9785.339781,2163.499951,2497.698133,30770.05539,2042.872518,1249.008587,661168.7403,934.3933639,2464.686661,42170.17567,693.2416187,3314.306859,7557.928,954.6813258,2771.38807
d15_47_G06_1_3_S,glasshouse_b2,3811,T1,R3,S,6943.413343,1428.77712,1803.445067,76.01309943,1524.729908,724.7177628,13258.04944,1416.294297,1723.063547,13989.41883,1398.22571,1692.623524,6283.548424,1424.82365,1806.134032,6723.404214,1274.237265,1423.888668,598367.5879,1379.732412,1353.586941,3515.423776,1316.223355,1342.032871,6221.505465,1410.969292,1807.906349
d45_33_G05_0_1_S,glasshouse_b1,Hartog,T0,R1,S,5450.068931,2004.682536,2756.206586,59.00051535,1175.912339,2223.466149,41055.0615,2063.237509,3061.876892,44210.66965,2057.654918,3015.57638,6663.908499,2028.960444,2769.115987,21210.15803,2201.582446,2410.7236,348364.8057,875.5767678,2112.745356,30529.07534,1497.709604,663.9788866,8401.071853,1373.986056,630.8677575
d49_46_G06_1_2_S,glasshouse_b2,3811,T1,R2,S,12619.55886,1397.468945,4045.170131,58.00200074,1354.139492,4496.184666,70209.35437,1424.574094,3937.169762,78940.81172,1523.052016,3688.225284,11563.35848,1499.872327,3995.452901,33518.60531,1175.630052,4397.26669,370009.5805,1849.043428,877.7656189,33075.12285,1154.666839,4540.194952,7331.122286,1799.846437,684.8549608
d15_05_G01_1_1_T,glasshouse_b2,Gladius,T1,R1,T,6328.421217,2401.000219,1818.846724,67.03888532,1903.187867,538.2800088,16807.89082,1655.83416,2172.066506,16980.02562,1667.034926,2197.373717,6751.757849,2423.281825,1780.742878,7566.200893,1518.943204,1943.342387,363501.1719,1464.109624,918.9282061,11773.17065,1519.941765,2228.261948,4694.90508,1422.148529,1448.875316
d19_24_G03_1_4_T,glasshouse_b2,CALINGIRI,T1,R4,T,10873.21339,2329.009431,2350.333341,49.16142244,1327.853938,1203.172914,16251.63679,1299.935932,2772.206631,22295.06089,1320.53424,2683.203255,9437.361319,2291.591419,2314.230274,10175.84679,1069.448146,2239.613401,359357.624,2053.711585,1531.727148,7197.588394,1088.592538,3130.754286,9640.787336,2285.624723,2305.610856
d15_08_G01_1_4_T,glasshouse_b2,Gladius,T1,R4,T,22334.57064,1915.538105,1540.190578,58.1044501,1766.11511,612.7158513,16917.14039,1777.171993,1075.879426,21381.6769,1808.412073,1056.00488,22318.18077,1906.558514,1525.267235,9635.19451,1810.870483,1356.50039,705234.509,1924.005612,905.2709849,7948.406306,1730.812293,849.9024548,20818.97159,1924.54181,1580.965543
d07_38_G05_1_2_S,glasshouse_b2,Hartog,T1,R2,S,2843.511636,1394.873105,492.4028795,71.71031797,1443.029001,319.6690533,3955.92388,1383.749801,555.1874599,5895.015417,1305.917693,654.0081983,2859.996894,1396.293149,441.8461004,2438.330846,1447.463023,340.9402241,308122.4604,1452.047663,297.3480316,4205.179977,1428.066729,464.5666693,3151.974152,1381.921791,451.8037075
d25_46_G06_1_2_S,glasshouse_b1,3811,T1,R2,S,10647.20663,1063.338271,2521.62489,67.83497479,1642.110201,3305.463424,16821.00558,1749.735028,2203.747837,20566.10704,1024.607688,2685.9254,10627.25971,1034.537943,2549.712958,8202.803962,1076.336513,2243.478655,438226.5346,1298.075647,2180.528171,9926.381508,1095.076293,2325.561032,11439.54062,1046.906697,2561.566941
d5_T009_21.10.23,field,3811,na,R5,S,114598.1841,911.0418863,5795.665295,47.91580622,1002.849908,5975.132576,281179.5783,992.8518707,5256.918658,308730.8397,956.6554345,5103.776536,74314.92284,997.1613324,5987.160889,135395.1259,1140.950953,6146.844083,760446.5141,1161.067207,6179.91677,135371.9982,1111.544524,6171.14627,69705.27086,973.7499047,6050.75021
d43_48_G06_1_4_S,glasshouse_b2,3811,T1,R4,S,20311.24749,1417.144839,3246.174667,47.09329426,1537.36983,3151.425693,34490.69265,1199.918552,3646.241201,38370.8903,1256.874686,2125.752787,19052.69384,1433.168724,3188.536866,18144.771,1699.811943,2779.782145,701192.5467,1603.123514,2849.399845,13145.64026,1679.807097,4371.084443,15106.46258,1404.281188,3110.848154
d05_23_G03_1_3_T,glasshouse_b1,CALINGIRI,T1,R3,T,1044.111369,1562.151596,1027.151635,65.97651257,1779.3465,338.3702979,2742.307825,1634.827716,355.326958,600.303396,1636.357261,384.44111,2658.442193,1551.663134,969.3899123,2469.028403,1789.99424,369.4962645,314092.0969,1470.398447,281.9762319,1311.05543,1768.960535,303.5232208,1460.842877,1597.916017,322.0833152
d07_43_G06_0_3_S,glasshouse_b2,3811,T0,R3,S,3071.549114,1740.671303,442.0235369,66.04941521,1751.973621,363.0928216,7582.06519,1694.64416,469.8032147,9087.7584,1699.521377,497.6457615,3123.951734,1736.335942,403.7688092,5536.017821,1689.630296,340.8615714,414590.2903,1881.049044,292.5082967,6468.173891,1685.981105,363.2291928,3297.52745,1727.610693,436.2133955
d1_T008_27.09.23,field,3811,na,R4,S,30807.88908,1396.046282,6413.562695,68.17138818,1477.179504,6219.334574,167329.2745,1009.134775,3037.435423,220521.0189,1055.317988,3445.858276,19019.96015,1317.515891,6299.979626,84170.90362,739.6129102,3318.998145,409013.7488,1406.733877,5972.567463,103006.0507,907.6827588,2978.770688,19062.51225,1331.035211,6299.561521
d33_28_G04_0_4_S,glasshouse_b1,Forrest,T0,R4,S,5783.247375,1277.446595,3775.514703,60.36297356,1558.826152,746.14321,15554.11987,1490.149194,3205.261109,19629.0622,1499.267987,3233.067579,6906.405056,1271.144367,3754.203378,7500.694263,1447.379385,2754.62468,392444.4383,1449.52226,3367.977765,14616.8249,1517.522965,686.3998094,4861.831633,1239.802622,3884.452131
d11_01_G01_0_1_T,glasshouse_b2,Gladius,T0,R1,T,4525.788999,2002.093293,1860.664064,56.56355895,1538.398186,471.2693377,15798.9443,1884.905931,1696.233409,15530.90599,1849.407536,1652.868731,5270.979221,2009.073211,1931.685968,6355.380857,1662.694688,450.3106076,523294.7682,1702.018392,1639.421561,6997.417831,1651.538162,425.6702527,5949.992637,2008.083759,1903.365254
d05_12_G02_0_4_T,glasshouse_b1,5489,T0,R4,T,2804.546266,1839.033905,484.2633155,66.34076169,1436.342414,279.9715407,6017.426474,1516.316012,846.9675555,9043.745132,1501.96543,784.9383817,1523.755527,1837.284401,554.290265,2532.628067,1847.306539,520.1219934,350510.1679,1458.498937,764.6598914,3909.167803,1455.268409,353.5394383,3303.771679,1774.416502,437.0612884
d07_23_G03_1_3_T,glasshouse_b2,CALINGIRI,T1,R3,T,4031.431966,1538.384198,1091.833882,79.02841307,1811.593095,331.8848706,5031.556338,1763.343519,303.1375944,3730.989355,1761.902524,272.1131289,3571.555011,1553.288227,1110.941897,1419.849676,1613.25827,261.9544856,327875.2037,1434.515009,905.8186565,1253.942874,1819.709183,337.6883561,1635.786717,1529.952528,1303.794561
d7_T008_04.11.23,field,3811,na,R4,S,34990.36181,1140.435571,6467.402827,56.97830304,746.8653986,3796.330094,181736.746,971.6898236,3029.153768,238992.7281,892.886764,3477.549574,32974.82534,719.3824051,3099.812589,103386.0374,1088.849615,6174.280407,465812.3266,1144.609278,2658.809438,104277.2,869.0617471,2744.814009,31567.25444,729.0429202,3145.5171
d15_06_G01_1_2_T,glasshouse_b2,Gladius,T1,R2,T,9962.36395,1601.852987,1614.047916,61.48717252,1635.195509,802.5004576,14905.79625,1624.528067,922.4750543,13429.06888,1537.89837,1803.063064,9817.916177,1541.825062,1645.820078,9019.966589,1626.032432,737.7329401,577790.6892,1482.474713,1329.658599,9903.023993,1644.282213,815.5513542,10060.12009,1529.316756,1577.455458
d45_21_G03_1_1_T,glasshouse_b1,CALINGIRI,T1,R1,T,36941.40138,1865.421013,3705.983144,61.27303048,1751.68082,4556.228351,35177.5615,1794.005343,4298.59682,36876.71303,1781.299843,4233.869507,31132.32221,1794.061831,3686.55557,13966.6684,1685.335595,3428.657324,545513.6967,1566.234741,3953.27149,26507.2556,1619.485028,2568.638053,28703.38253,1802.950395,3869.372993
d21_06_G01_1_2_T,glasshouse_b1,Gladius,T1,R2,T,9312.904064,1517.306971,1938.828125,57.97481329,1643.376259,1986.029506,7621.772163,1534.512777,1430.07236,11374.24821,1450.126274,2144.421928,9755.955912,1467.536266,1930.413305,5692.542887,1679.366128,1406.691412,507166.7679,1502.366635,1148.154598,8713.032321,1597.688354,908.8891469,10278.12336,1505.069044,1805.294054
d35_11_G02_0_3_T,glasshouse_b2,5489,T0,R3,T,14705.32061,1416.999266,4242.692183,68.95847651,1540.612895,2400.958197,36931.95716,1646.527581,3702.419194,46821.59828,1461.589406,2952.218076,14367.5366,1428.128739,4234.669089,18625.06251,1506.18314,2699.407586,375469.968,1450.471483,3840.047782,11901.73473,1402.997504,4356.013669,11110.43637,1406.948392,4416.415594
d29_13_G02_1_1_T,glasshouse_b1,5489,T1,R1,T,7870.33087,1279.678509,2058.46069,64.17237323,1484.496661,2735.302337,15268.8324,1810.133197,1834.372877,15657.94328,1757.600681,2572.052832,8715.342132,1278.122703,2039.1651,7636.249277,1631.211712,2339.222255,395165.0835,1375.595343,1664.77451,6163.678675,1650.151521,855.6801128,9624.729335,1720.182927,1757.938865
d6_T022_28.10.23,field,3811,na,R7,S,43283.13192,749.5370826,5253.84902,67.84878182,943.0794364,4250.938793,187516.9299,1187.781034,5274.465101,195764.2491,1147.599923,5126.843606,40078.68321,757.7944169,5227.745515,85428.43036,1246.730515,4165.440149,512978.8863,437.702212,4886.728608,154172.0104,1118.946614,5499.316145,37878.69798,740.0259551,5246.027663
d43_32_G04_1_4_S,glasshouse_b2,Forrest,T1,R4,S,5815.826827,572.5042041,2488.142941,51.69042073,647.9903622,2238.334589,21737.28089,485.8960459,3203.067971,24047.19336,518.2363465,2999.721451,5248.332732,586.9499105,2557.823217,10159.52288,1496.541837,628.6720246,377521.8839,2591.548417,2766.810572,7914.799169,1407.752954,672.527363,4913.626674,593.340711,2507.934964
d41_27_G04_0_3_S,glasshouse_b1,Forrest,T0,R3,S,9290.674524,766.2690049,3163.343433,59.11828209,908.6767728,1939.533875,29511.4931,730.1963893,3066.040582,29662.72407,740.8873038,3056.340479,10243.7172,860.7754914,3151.309985,10574.09749,2762.000601,2386.096741,502164.0877,911.3786282,3258.267047,16458.14487,1438.479008,736.746719,7866.147411,887.1952309,3474.998389
d15_16_G02_1_4_T,glasshouse_b2,5489,T1,R4,T,3966.470716,1715.866129,1704.311173,69.2244625,2321.457805,1884.799809,15037.73203,1823.333797,1884.612928,10853.4984,1844.85697,1935.11061,6387.961172,2305.985579,1785.218435,4988.880003,1634.378024,780.9089705,346658.7815,2027.316761,1592.730868,7972.960217,2262.965844,1894.635787,5676.972685,2305.041032,1797.355571
d17_35_G05_0_3_S,glasshouse_b1,Hartog,T0,R3,S,2604.960052,957.211848,2194.986179,72.09683529,1567.124997,677.5880257,10439.61865,798.5656875,2539.014496,11064.12611,918.4258317,2351.627116,3495.11501,947.5256104,2209.027915,5550.470825,845.8264348,2804.175381,383093.3405,857.2682601,2189.889803,4578.745592,1478.398797,658.9056617,3523.765673,955.3450285,2175.040534
d45_08_G01_1_4_T,glasshouse_b1,Gladius,T1,R4,T,10329.15976,3054.921162,3774.2151,93.68154577,1773.313009,2059.744535,44772.22188,1942.347307,2266.498519,46195.62112,1949.134477,2309.537131,10552.67908,3025.933992,3800.540356,18244.38191,1517.543539,1932.777624,327391.4432,1463.47583,2064.071286,17441.64199,1717.388834,2238.380005,9219.044506,3032.387094,3760.027841
d15_10_G02_0_1_T,glasshouse_b2,5489,T0,R2,T,14100.39986,2151.271274,1453.534821,58.44856385,1959.797522,944.224431,19619.97032,2268.435912,1765.370869,30717.3965,2169.317767,1611.977533,15326.49298,2131.848001,1459.116818,9330.11804,1686.052038,522.5353054,671639.6687,1675.162493,1235.694051,7029.574467,1678.881276,430.0541208,13725.9772,2137.89642,1498.875878
d41_04_G01_0_4_T,glasshouse_b1,Gladius,T0,R4,T,20931.8582,2055.315921,3494.259633,60.01383817,1639.266728,1028.653589,41773.34058,1712.251867,2154.975517,41501.7893,1743.466284,2182.12842,18530.31322,2064.511046,3484.608679,18866.06609,2089.18942,4404.012439,448697.8016,1993.753986,3517.888165,25843.80509,1623.416099,841.479514,17043.69786,2093.460887,3618.511669
d35_27_G04_0_3_S,glasshouse_b2,Forrest,T0,R3,S,10795.58842,769.4838355,3180.837177,55.43417785,708.0240549,2913.152009,27927.82033,768.9412853,3225.448418,27423.01683,759.8560162,2944.752285,11356.19808,844.8196749,3191.087785,11628.13989,1467.246068,684.4768269,493901.1013,826.6024465,2319.431294,13491.874,1417.560961,792.3904505,7635.710558,876.4824836,3532.190881
d43_45_G06_1_1_S,glasshouse_b2,3811,T1,R1,S,7541.718137,1716.053598,4542.119152,79.16126555,1772.678088,4060.590894,50049.47899,1583.958709,4020.596566,48116.52412,1577.628771,4004.481401,8057.446186,1719.482025,4523.049951,26209.76446,1801.744009,4424.553705,473355.5465,1549.640313,3768.511652,36963.54374,1789.158122,4098.078235,7519.378686,1722.581655,4506.532841
d17_05_G01_1_1_T,glasshouse_b1,Gladius,T1,R1,T,6651.026067,2408.666693,1861.632289,67.86564686,1501.466754,2470.079669,12832.35793,1526.491906,1811.600596,17195.78238,1377.837585,2328.666394,6650.619365,2395.398968,1870.536395,6855.070371,1506.127799,2346.171899,409236.5002,1463.481601,2114.75393,7794.080185,1480.547192,1326.392552,5286.854788,1521.528715,2909.374491
d27_10_G02_0_1_T,glasshouse_b2,5489,T0,R2,T,16084.0358,2512.602154,2826.902014,63.96361494,2186.323007,1793.167576,40173.92807,2546.621957,3040.28001,58004.18161,2260.246456,1844.245584,15843.41535,2491.525977,2847.037261,17207.4602,2322.07178,2643.459826,429025.4337,2555.111615,2297.074418,17873.99701,2309.457259,2495.701031,15377.04411,2518.544803,2838.280282
d05_17_G03_0_1_T,glasshouse_b1,CALINGIRI,T0,R1,T,3338.171524,1354.22822,723.5716606,58.06606963,1716.248558,506.088802,7000.308765,1349.001322,758.4530025,7086.614932,1371.597591,684.4639845,5009.794892,1375.506776,689.6166289,1786.426423,1631.242813,912.7229816,398724.0275,1050.968891,276.135359,2070.625761,1564.558719,275.304511,5564.680042,1389.236565,579.5810906
d37_46_G06_1_2_S,glasshouse_b1,3811,T1,R2,S,10306.77426,1469.20675,3952.872356,63.74241518,1237.226725,3875.741915,21062.62899,1798.996683,2798.184506,21320.55897,1809.040358,2850.813272,10997.59747,1544.811685,3916.530685,9727.712266,1261.10177,3751.591369,352251.4825,1443.198683,3261.945858,16280.26603,1320.209946,4213.508149,10554.12232,1534.219452,3969.156644
d45_42_G06_0_2_S,glasshouse_b1,3811,T0,R2,S,34949.7863,1117.463522,4261.334931,51.85379612,1684.300899,2267.95566,80677.8659,1035.618116,4209.630451,77277.55372,1000.796594,4271.767668,24287.70546,1065.257092,4419.122206,36677.30182,902.8742195,2419.141698,646517.1428,1383.464666,3734.508624,44998.85501,1335.609991,768.3308708,18830.82486,854.7174261,3215.433519
d09_40_G05_1_4_S,glasshouse_b1,Hartog,T1,R4,S,1286.108441,1335.949497,478.1088491,63.75741753,1225.535169,869.9351904,1273.714532,1364.228179,474.5261582,2703.662147,1291.328396,570.8948414,1395.680097,1321.724041,530.4677978,403.2123914,1216.820536,872.34092,313138.3332,1451.882315,282.717097,1519.7317,1570.881504,403.0577142,2197.969527,1574.067159,397.7491901
d21_36_G05_0_4_S,glasshouse_b1,Hartog,T0,R4,S,4403.241173,784.1633056,2742.327428,70.56679816,785.040723,3147.012577,22090.84029,849.9373157,2516.042866,24048.39509,1090.129196,2502.267717,4807.043276,809.3134459,2718.234,7676.529177,893.8706414,2794.210687,386804.722,853.0721923,2221.821208,8296.34095,921.0089883,2793.301861,5095.295556,789.5508182,2820.784566
d27_33_G05_0_1_S,glasshouse_b2,Hartog,T0,R1,S,4746.99679,1348.792457,3653.508329,51.70660825,1303.04286,3671.10824,19944.5688,1234.381692,2804.442345,22433.46507,1243.417486,2658.885575,5250.804839,1350.36143,3645.556182,11845.51102,1485.069213,687.9551381,395892.05,1069.826765,840.485159,7741.107482,1164.5491,2487.95329,5887.501598,1318.788132,3681.101296
d33_20_G03_0_4_T,glasshouse_b1,CALINGIRI,T0,R4,T,18995.54819,1797.313109,2364.298692,48.84309473,1728.329726,4130.131494,35083.47744,1209.741735,3958.144181,38984.57263,1176.168711,3896.613424,17037.19939,1867.127754,2360.976188,16068.17859,1555.754903,4394.774302,662872.6263,1733.936586,1855.251306,19744.84684,1592.739017,4261.449695,17454.4174,1880.114428,2334.229005
d21_02_G01_0_2_T,glasshouse_b1,Gladius,T0,R2,T,8800.32646,2080.568836,2799.831644,64.16138817,2027.658561,2713.524308,20497.32095,1726.456547,2206.417811,21035.7061,1894.057214,3257.384579,8246.900342,2094.770475,2806.745234,9794.179825,1975.63553,2784.858814,511818.4514,2073.972972,2192.139159,17682.99418,1943.510085,3241.08909,8285.362293,2089.241692,2859.278124
d37_48_G06_1_4_S,glasshouse_b1,3811,T1,R4,S,20614.16247,1460.182576,3249.794018,59.96498638,1768.937073,4526.906194,26556.81376,1279.856871,2910.151834,21482.50325,1657.587342,4020.937863,18602.3026,1471.782126,3237.48563,10290.43214,1428.738259,2706.277272,529001.4467,1422.422085,2591.221282,9165.885737,1433.773876,3209.809723,15421.64822,1424.32633,3127.207627
d2_T021_02.10.23,field,Gladius,na,R9,T,124898.8006,380.8461154,2712.144387,57.42590075,247.0984018,3332.909917,196542.4537,702.4835091,1959.930224,196562.7928,691.3941708,1962.081355,98908.56793,359.7715309,2709.354354,102491.7514,471.2827709,3151.1021,1233516.506,231.8738688,2120.182746,88534.06861,432.6079465,3226.913001,68251.24303,222.7904878,2477.307551
d05_32_G04_1_4_S,glasshouse_b1,Forrest,T1,R4,S,1234.81425,1405.096383,685.446597,55.0892885,1541.314831,343.8694092,3236.031226,1400.088033,652.452794,3274.924196,1428.831773,577.1744086,1733.834281,1407.897835,678.5845607,6.597213592,1433.751849,621.7346206,322345.9039,1452.205103,299.385465,74.91250846,1581.23934,258.3308523,2120.185074,1410.947794,692.4858817
d31_08_G01_1_4_T,glasshouse_b2,Gladius,T1,R4,T,9429.385898,1993.914263,2615.252832,51.27467766,1851.350677,1998.654005,25083.01563,1791.5855,1216.349016,25112.00947,1785.984307,1228.24824,8445.85706,1930.801788,1549.66665,10694.17854,1724.06391,867.6321745,416212.9857,2015.022271,2059.157442,12817.80653,1856.993128,1485.797532,7804.525373,1632.583322,2076.289178
d43_15_G02_1_3_T,glasshouse_b2,5489,T1,R3,T,12212.28627,994.8270505,2659.706517,94.22081944,1438.2584,4160.654498,59916.33975,1405.38898,3777.488709,57067.8262,1266.490624,3875.364598,11193.06871,1049.124859,2697.037916,36305.44756,1449.668067,4205.982272,534716.4839,935.2300908,1824.689894,34131.09225,1471.856203,4211.140342,10893.21929,1010.355277,2690.654323
d29_14_G02_1_2_T,glasshouse_b1,5489,T1,R2,T,12429.02504,2351.332994,3022.457293,64.90159067,2201.279263,2385.813929,13715.98135,2148.84813,2395.429771,18497.0011,2163.105623,2437.360047,12337.22615,2356.297108,3119.140728,7592.798658,2114.111462,2683.248615,625027.5285,2128.535745,2063.651956,8228.722146,2204.73413,3047.781808,13330.22426,2097.612656,2256.148578
d37_10_G02_0_1_T,glasshouse_b1,5489,T0,R2,T,20136.14381,2412.854791,2590.494789,53.25086707,2466.438255,3809.910344,41192.3543,2752.888623,3935.083635,42123.77004,2748.150751,3950.043087,15709.53683,2524.300167,2878.248826,22881.26068,2423.003309,3576.012974,440642.3198,2584.328559,2326.723552,20326.33205,1786.198173,660.5264766,14821.65123,2518.450376,2835.969575
d29_36_G05_0_4_S,glasshouse_b1,Hartog,T0,R4,S,9407.637093,724.6103189,4465.51644,73.52675789,884.1958799,2395.727543,26340.40611,1077.479201,2168.424521,27971.77398,1073.634915,2298.513703,7441.838117,756.6278597,4541.947924,12880.32939,776.5630546,2674.363055,410806.6679,867.2079221,3841.253485,13155.52882,755.1678041,2746.568342,8684.651259,741.063368,4504.76653
d29_12_G02_0_4_T,glasshouse_b1,5489,T0,R4,T,14915.58127,2040.829571,2767.62113,74.75025781,1526.989028,950.4293767,26723.59928,1727.313546,2050.610147,30806.74793,1723.669135,2071.32482,13006.9136,1965.97221,2796.099123,13460.03884,2133.40606,2829.791332,572448.4297,2035.714685,2543.823132,18750.93565,1496.409466,913.4648485,14263.21428,1948.196624,2830.751618
d43_27_G04_0_3_S,glasshouse_b2,Forrest,T0,R3,S,10386.17143,757.3671098,3260.991336,54.19999548,1455.662508,704.3539595,34177.2981,921.6583412,3755.162671,45964.38021,759.4484504,3018.096681,10431.68025,855.4297489,3195.903542,20181.53547,1447.598328,770.716357,493999.8652,855.1247924,2323.10948,21976.26624,1466.479526,750.2660413,8066.975788,1416.655087,601.5502906
d31_43_G06_0_3_S,glasshouse_b2,3811,T0,R3,S,16993.19271,1771.798997,3703.946034,44.71619429,1588.271796,1465.237837,46494.38744,1758.137958,3960.313452,47394.97683,1397.116429,2108.945181,17992.68204,1832.67315,3747.374789,22680.00363,1787.864957,2654.576948,458852.3686,1520.096125,3262.483854,21456.36269,692.6583425,3997.224565,16955.95436,1835.531741,3732.328544
d15_07_G01_1_3_T,glasshouse_b2,Gladius,T1,R3,T,12245.73492,1409.564851,1655.225302,53.92478428,1424.831056,1696.735395,16774.72492,1605.137137,1113.066897,17642.11451,1379.066062,2176.014927,11780.326,1423.192226,1670.809373,10386.87885,1676.698147,1323.709566,456230.411,1410.600825,1165.604598,5675.64071,1526.771221,1337.836709,12806.87965,1420.339148,1608.649858
d05_12_G02_0_4_T,glasshouse_b1,5489,T0,R4,T,1492.330957,1831.657475,532.1990519,65.88546812,1451.133358,320.6167546,4001.318324,1509.571293,814.4464781,5521.981072,1514.00151,711.4033927,3315.21623,1843.800868,552.8906938,3739.417501,1829.37408,540.9622926,347983.9556,1441.708846,781.3696861,4839.893438,1441.575966,348.2081751,3728.399408,1767.321855,423.2233992
d27_35_G05_0_3_S,glasshouse_b2,Hartog,T0,R3,S,3548.429139,1311.496698,4142.817053,63.07852329,1067.080694,2033.183015,21300.90787,1166.250958,3234.540751,21664.44965,1172.524003,3179.690026,4599.140261,1331.949297,4091.313011,11094.24788,893.4884221,2985.250914,403259.965,1017.465623,870.8478033,7665.785575,1499.356741,618.9378922,4032.961345,960.3635036,2153.810825
d35_46_G06_1_2_S,glasshouse_b2,3811,T1,R2,S,12124.75085,1447.787541,3888.529732,65.12095185,1731.514492,2950.111556,25899.70015,1752.203557,2163.079498,28215.19597,1772.072458,2277.872962,10995.19755,1530.964571,3950.501336,13736.25995,1328.044543,2317.632048,398995.0926,1413.951435,2074.475289,14547.4379,1316.421007,4113.100224,10481.14293,1514.922575,3906.611596
d49_45_G06_1_1_S,glasshouse_b2,3811,T1,R1,S,9594.591294,1870.885576,4066.238661,56.14708745,1615.803229,3106.813274,68941.70764,1574.646554,4040.222778,71988.238,1693.232016,4045.72734,9705.228857,1950.253126,4053.023408,31042.46239,1856.306621,4468.301733,524538.8837,1573.039448,3523.209276,46300.25886,1844.13662,4090.201446,9398.473908,1957.418814,4049.383356
d45_46_G06_1_2_S,glasshouse_b1,3811,T1,R2,S,12398.85676,1455.24675,3967.047839,70.2093727,1229.104032,4017.316865,36850.45981,1821.394854,2799.638346,40578.99573,1814.583008,2952.522237,10155.36705,1563.403204,3820.129602,22065.05406,1226.483885,4436.114804,363654.5309,1467.860355,3317.998485,25782.22971,1241.15783,4333.082449,9621.310282,1540.923035,3896.273475
d5_T010_21.10.23,field,Gladius,na,R3,T,12274.5987,805.5913159,5383.465096,81.76104414,980.2386861,4846.948755,138434.1013,1256.017535,5354.813247,146447.1042,1239.594451,5255.775985,11205.02401,831.0934717,5398.850376,55903.49592,1501.368816,6026.513967,396532.2778,1424.496173,5320.32211,120387.2791,1300.536188,5473.939555,9702.352382,826.4363066,5433.098412
d45_45_G06_1_1_S,glasshouse_b1,3811,T1,R1,S,8927.351264,1731.901582,4453.829833,55.60184488,1887.508246,4095.822121,37688.08201,1759.807163,4278.882661,36549.47244,1744.82125,4347.16743,9388.087743,1765.175559,4520.760813,21656.88871,1861.776292,4542.794142,388995.565,1889.236079,3454.784614,39742.47646,1851.348225,4185.133514,6553.858414,794.6968136,2203.471855
d33_12_G02_0_4_T,glasshouse_b1,5489,T0,R4,T,13261.06545,2067.291046,2809.300861,75.96132594,1590.893539,732.3866963,34324.45651,1766.360756,2048.7612,39953.53619,1748.497738,2146.015782,13996.26799,1974.420188,2823.149545,17249.75479,1389.233665,1896.615003,596411.5954,2104.227109,2473.304825,22978.02928,1612.222981,873.8611228,13907.74745,1992.230226,2788.665058
d21_25_G04_0_1_S,glasshouse_b1,Forrest,T0,R1,S,5987.936148,1522.961331,1874.163128,57.97078967,853.6053065,3029.853278,11838.80791,673.4856928,2737.511374,18574.85147,1140.932524,2562.300975,6205.851671,1496.458042,1827.766841,5366.173979,793.0799142,3031.713911,508576.9935,1393.212626,1565.885035,5668.836487,841.4051028,2950.652222,5615.12965,1504.659646,1819.769999
d15_27_G04_0_3_S,glasshouse_b2,Forrest,T0,R3,S,4427.956356,1011.640107,1652.123592,89.82288741,1415.766392,609.5453527,11175.76403,1473.633689,709.7515267,16554.42244,1065.064209,1460.219503,4410.993798,1027.380762,1600.742862,9612.520762,1478.040356,598.9238197,383450.9211,872.9332115,1620.40962,9281.737257,1470.607805,469.735684,3484.634998,749.7547023,2352.930072
d35_44_G06_0_4_S,glasshouse_b2,3811,T0,R4,S,8435.562702,1280.213493,4004.380782,73.72172787,1017.069379,4141.183235,47068.72684,1286.805819,1272.857711,54318.4262,1219.677265,3151.182334,8046.730765,1248.104244,4018.916186,23561.75631,1601.472192,885.6612776,501108.6098,864.3513215,2409.610025,16592.81233,843.0732437,2805.215293,8561.224108,1253.370431,3997.829585
d31_20_G03_0_4_T,glasshouse_b2,CALINGIRI,T0,R4,T,18367.95195,1807.041082,2383.045552,72.2222043,1480.468317,4453.497449,48348.9915,1162.163777,3822.64152,47839.29534,1164.232746,3751.576996,17704.37599,1857.741195,2327.296167,20232.43142,1515.652807,4402.144919,603856.4528,1959.922492,1884.040423,20015.13473,1662.297312,1021.401166,18442.73853,1870.757688,2354.862354
d11_38_G05_1_2_S,glasshouse_b2,Hartog,T1,R2,S,4463.208475,2144.887413,1561.367115,53.79427631,1315.746713,518.73645,12059.69701,1123.31198,1032.782311,10730.01399,1124.337359,1059.800257,3958.276035,2156.001672,1514.789849,4594.798408,1329.675957,538.4605323,385053.3149,868.6563065,1309.305767,4574.255706,1314.323501,534.7283937,3199.224759,2142.960253,1586.747351
d25_09_G02_0_1_T,glasshouse_b1,5489,T0,R1,T,7115.463534,1110.185682,2917.126048,69.66310704,2398.8127,3765.896056,31676.21069,2173.807027,3039.319157,29799.2918,2442.733949,3131.189327,7377.192617,1118.337125,2894.735881,9984.515206,2340.631474,3115.413126,348471.1897,2118.983951,3739.530088,12696.47773,2264.022008,1983.219221,5376.082877,814.7577808,3964.729834
d11_26_G04_0_2_S,glasshouse_b2,Forrest,T0,R2,S,1725.892681,1341.492367,1845.613451,58.07452565,1520.921176,384.6657078,5647.633281,1575.691872,656.1161687,6866.762795,1574.666855,627.8907823,2375.743513,1350.341492,1879.755389,2187.359026,1534.455827,422.4765966,367608.6932,1455.057869,301.7247907,90.23810949,1495.94577,435.1495392,2714.272161,1365.271195,1825.346097
d07_05_G01_1_1_T,glasshouse_b2,Gladius,T1,R1,T,3038.481735,1610.351298,889.5660592,58.35022831,1661.794611,207.3990542,8236.927579,1859.0968,329.1321615,8362.033801,1591.51704,737.5387396,4405.891374,1579.267515,892.5726403,2907.219016,1512.19098,1016.639426,341260.6444,2052.076541,305.4540324,3025.810316,1543.507857,729.5786587,3572.114318,1599.160768,877.4653303
d05_42_G06_0_2_S,glasshouse_b1,3811,T0,R2,S,1984.247149,1596.863344,563.8597492,71.2097662,1607.620275,608.9469212,260.1215556,1592.108469,568.9805671,2885.356088,1585.395434,508.5440883,2228.825022,1593.117893,520.6384158,1268.7394,1574.399545,510.1971513,325597.658,1469.903825,280.3760389,2034.054963,1589.479372,599.008039,2074.503959,1581.970118,576.4408779
d11_41_G06_0_1_S,glasshouse_b2,3811,T0,R1,S,4629.978246,1568.726674,1044.296258,58.33096066,1487.746967,1535.154677,12397.03798,1544.626035,1512.194201,13551.73238,1541.649374,1543.424702,4103.098176,1576.434707,1051.183201,3368.685028,1618.982448,388.5699154,363710.027,1462.492799,1058.519196,8751.620369,1535.076075,1695.349855,4427.543178,1576.015308,1085.907181
d33_27_G04_0_3_S,glasshouse_b1,Forrest,T0,R3,S,7043.966141,834.6764751,3492.33278,70.91147296,2669.210006,2690.380283,23548.19378,753.0597222,2913.521423,24359.62967,754.150548,2889.020241,8859.997946,896.3305746,3518.494088,9587.771899,736.5047104,3042.037894,381419.2553,877.9309111,2853.769027,12134.3037,797.2280187,2261.299601,7275.756057,892.2402159,3511.370974
d27_19_G03_0_3_T,glasshouse_b2,CALINGIRI,T0,R3,T,9590.090008,1489.756436,3230.949091,56.61556634,1191.514475,3713.809103,38036.57646,1469.732378,1787.554164,37423.64139,1465.069718,1819.854174,10113.54375,1474.902482,3168.838349,18417.44846,1135.329829,2208.430427,732921.7671,1442.547849,2327.137417,12415.02907,926.1852444,2318.807978,9384.398318,1485.279328,3106.766945
d11_21_G03_1_1_T,glasshouse_b2,CALINGIRI,T1,R1,T,4425.643105,1293.0125,1334.508739,50.0974751,1800.071353,1480.265729,12450.35692,1803.291704,1702.280173,12634.80434,1477.137451,1659.571692,3255.608718,1273.636081,1328.40411,6626.000325,1719.336051,1600.35921,365262.4787,1473.679729,1007.022024,4457.312731,1806.540785,1510.199963,3677.449848,1280.639018,1317.651974
d17_36_G05_0_4_S,glasshouse_b1,Hartog,T0,R4,S,4434.975685,1170.790839,1931.409498,61.04282064,1283.3383,980.1602242,16760.75584,1058.025885,2198.877592,17174.57987,1065.983279,2181.074582,5132.980834,1179.268191,1898.202959,7677.581825,871.9422195,2757.767899,384585.16,871.8370823,2236.680731,7148.467621,1345.449726,961.7509824,4336.45715,791.0741372,2847.418543
d45_46_G06_1_2_S,glasshouse_b1,3811,T1,R2,S,11730.92069,1445.960229,3903.911908,70.14147216,1239.947952,4055.694484,37575.20463,1816.67736,2843.677369,41694.16242,1804.855735,2964.248369,10548.14883,1534.472018,3867.849925,23675.89651,1230.178473,4362.694827,368808.6304,1483.797827,3339.160854,27335.28044,1240.883704,4297.570963,9994.345735,1559.877627,3882.585063
d11_42_G06_0_2_S,glasshouse_b2,3811,T0,R2,S,3732.49146,1942.696287,2138.057652,51.03021109,1083.971416,1054.763579,14052.62803,1307.093726,710.002004,13218.13254,1301.372319,727.5014604,2071.183794,1942.848559,2132.239563,7831.440373,1086.947028,1000.96906,376724.6907,868.5644847,1291.188078,5974.045777,956.272217,1606.190401,3078.396825,869.4656062,1558.812807
d37_19_G03_0_3_T,glasshouse_b1,CALINGIRI,T0,R3,T,9662.050073,1498.39084,3181.638635,60.17750897,1773.567207,906.9243502,38487.15605,1485.491178,2430.739204,37977.06533,1476.16839,2494.778792,9928.752412,1465.893702,3138.770928,21168.68677,1344.078428,3354.803331,561206.6042,1504.30537,2270.178792,31629.97604,1603.867316,1163.574905,9464.895072,1459.848255,3185.695629
d13_01_G01_0_1_T,glasshouse_b1,Gladius,T0,R1,T,5960.582567,1978.440032,1846.402617,66.1555887,1723.285512,533.8092919,15131.21117,1975.107206,1831.507844,16074.70251,2105.951177,1593.33639,5808.193631,1983.122052,1853.606052,6247.410657,2224.700917,2060.133529,372687.0542,1602.891299,1472.680928,8161.606848,1637.178268,341.2876406,5265.681345,1984.394625,1829.370455
d15_07_G01_1_3_T,glasshouse_b2,Gladius,T1,R3,T,12995.94217,1413.61653,1668.69788,53.89850279,1430.634446,1641.097294,18836.5784,1580.413101,1108.780245,20518.29732,1390.797207,2152.521236,13063.54069,1413.028439,1648.967854,11113.39746,1695.018883,1370.445934,457829.5525,1406.654863,1176.802292,5676.886284,1532.543397,1281.366257,12379.77468,1425.003569,1660.595835
d21_25_G04_0_1_S,glasshouse_b1,Forrest,T0,R1,S,5428.24201,1532.321823,1843.765674,58.04222394,821.046869,3018.115514,12295.56137,682.5134588,2757.365995,18947.86689,1125.830245,2533.562046,6795.98769,1487.80517,1789.412903,5268.680963,783.3912112,3031.112557,506505.31,1396.581771,1542.287181,7450.386607,827.7289552,3006.673431,5180.496645,1497.628911,1814.936384
d37_35_G05_0_3_S,glasshouse_b1,Hartog,T0,R3,S,8611.060205,1449.701382,4247.053986,66.93085998,831.5727451,1110.498429,24224.99055,1276.507856,3952.981629,32626.72617,1156.407037,3817.528054,8677.59088,1435.516281,4357.061774,12174.97087,1290.304002,3615.622918,349628.9948,1442.228699,4160.043773,11931.20927,1280.408812,3636.425156,3909.887629,973.6699754,2225.814263
d19_19_G03_0_3_T,glasshouse_b2,CALINGIRI,T0,R3,T,12438.27132,1743.344732,2260.856506,63.55580536,1454.278098,1093.844972,25139.54031,1510.270544,1421.626215,24822.50521,1513.539145,1402.02797,12327.68103,1714.233224,2290.825039,13335.87124,1459.880956,1113.702892,733677.0536,1470.961458,2329.522984,13814.96022,1580.804636,3037.428367,8811.411576,1467.555272,3043.202199
d09_22_G03_1_2_T,glasshouse_b1,CALINGIRI,T1,R2,T,3213.874192,1615.159374,982.0447952,75.96884502,1599.545365,383.7635413,8039.80982,1960.974611,1166.448593,6512.163673,1944.865829,1155.38382,3612.709112,1614.228906,1011.810591,2527.150996,2016.394867,1358.450113,380552.8981,1862.18512,897.0903482,3423.126011,2017.095439,1286.590619,3541.566192,1597.690359,969.3556043
d45_22_G03_1_2_T,glasshouse_b1,CALINGIRI,T1,R2,T,14518.20769,2032.734019,4162.702677,58.39847811,1997.570823,2356.449245,28254.70746,1952.826643,4383.186236,27476.9142,1948.115162,4413.294432,13463.34973,1942.451548,4136.107733,19220.64109,1951.501019,4706.161251,562045.3229,1926.634554,3550.820567,19219.28898,2022.242448,4619.485025,13023.75248,1959.570053,4106.530127
d4_T011_14.10.23,field,Gladius,na,R4,T,55680.55855,750.7010758,6234.58397,86.06290779,918.5192644,5551.325129,214884.9137,1052.214988,5643.226615,217179.4046,1052.293981,5691.892728,47556.9291,766.1304847,6283.745768,109867.1553,1049.610874,6290.179392,581224.7594,455.6077002,6020.787272,142453.374,899.6762427,6108.338063,39419.1728,783.7128309,6339.470253
d31_22_G03_1_2_T,glasshouse_b2,CALINGIRI,T1,R2,T,11546.13922,1177.647925,2629.201151,58.08334975,1884.510983,1945.151143,29970.01315,1758.266702,1844.26075,27452.27838,1766.54687,1862.8551,9377.556676,1132.445325,2609.364554,12916.54215,1769.044649,3335.666392,349373.2766,2025.640377,1547.607707,11098.32137,2207.327251,4059.9567,10890.15889,1127.539704,2584.982123
d13_47_G06_1_3_S,glasshouse_b1,3811,T1,R3,S,5196.06873,1171.447616,1411.051673,66.1423457,1502.036561,411.4946049,7270.799067,1424.044412,1557.636232,11155.21996,1438.23215,1482.935813,4724.63968,1179.211384,1417.304564,3295.558587,1558.501147,816.1788779,447958.796,1425.973138,1116.755421,3587.855654,1539.049068,349.5173555,4854.673588,1181.860529,1460.051992
d31_30_G04_1_2_S,glasshouse_b2,Forrest,T1,R2,S,2023.193404,687.6051607,2255.526867,81.41693666,760.4271906,2419.870036,16432.4592,804.4905995,2594.089502,10341.52162,1735.994493,2437.015642,2500.650522,702.7811688,2326.755183,5827.687768,744.0234976,2497.284611,372509.5863,868.7875389,2482.343701,5033.554269,738.701079,2298.525202,2236.081741,697.758876,2309.665655
d21_37_G05_1_1_S,glasshouse_b1,Hartog,T1,R1,S,4170.73739,2362.027558,2520.112509,61.91523296,1075.453212,1941.379673,8554.193293,2361.704336,2541.600456,6655.232922,2343.048189,2546.256797,4882.374045,2369.51642,2585.810563,4658.082252,986.8782784,2199.450347,370914.3878,2555.027183,2117.929023,4708.354548,981.7466483,2131.810096,4910.449002,2367.96436,2508.108103
d35_42_G06_0_1_S,glasshouse_b2,3811,T0,R2,S,15265.29806,899.5287163,3104.610503,67.91167743,1916.095887,2579.834629,52305.81751,1153.563632,3846.318508,58981.80265,1498.243571,3568.371049,14327.58802,829.7029853,3152.599277,21838.11881,1391.400908,889.5879639,348959.8243,1457.393885,767.9048852,20574.24064,747.8725531,2330.899267,13083.98071,860.1029289,3146.511822
d45_04_G01_0_4_T,glasshouse_b1,Gladius,T0,R4,T,20148.79547,2075.312171,3466.587773,58.25751032,1575.920674,2729.666791,59929.6,1785.856738,2281.275366,61700.10145,1752.013056,2402.696853,17189.00677,2112.090592,3642.46603,31320.17093,1738.677243,3028.767499,393470.3926,1469.15322,2137.675647,43409.41804,1673.250026,983.751453,17345.10623,2091.970778,3601.180861
d05_28_G04_0_4_S,glasshouse_b1,Forrest,T0,R4,S,1277.640821,1490.863989,457.4152514,87.77637688,1434.955983,283.1098047,4637.383708,1488.960386,414.3147311,5482.207739,1492.189487,450.4739629,2863.344255,1502.691548,480.8735273,1653.059047,1564.310359,364.2381007,237711.0263,1454.494326,255.3878465,2431.167335,1480.304665,258.5735833,2407.473871,1510.48539,464.6815535
d15_18_G03_0_2_T,glasshouse_b2,CALINGIRI,T0,R2,T,13231.3608,1212.264825,1844.902076,68.22805321,1463.898129,1838.064716,24401.76654,1480.717223,936.381978,27939.82779,1471.497376,976.1421667,13485.11454,1198.839616,1824.539689,11640.90616,1414.694014,1767.874788,430864.7147,1383.016682,1156.094283,9907.302072,1443.942039,544.0711756,13677.70091,1182.468045,1800.110989
d31_05_G01_1_1_T,glasshouse_b2,Gladius,T1,R1,T,17471.0766,1313.017647,3781.099843,53.99627492,1758.758867,2151.64283,30055.4874,1347.675369,3519.267292,42007.72706,1388.881204,2684.844558,16117.98096,1424.794002,3712.61546,15027.48485,1474.216077,2530.993834,348780.5928,1473.076685,3685.057613,12045.88256,1378.506366,4161.475643,16870.82275,1440.294407,3805.111532
d13_46_G06_1_2_S,glasshouse_b1,3811,T1,R2,S,4223.027625,1619.686777,1514.655876,60.85845717,1611.180565,545.7319574,7460.801241,1637.813925,1742.519482,10605.81695,1650.519168,1306.181953,4577.528779,1673.578291,1496.696185,3170.404154,1655.841829,1393.466442,361394.6567,1441.447927,1044.551201,1558.587773,1134.93059,1806.237721,4029.916199,1649.96824,1501.99524
d4_T021_14.10.23,field,Gladius,na,R9,T,48003.63507,178.5176214,3190.491494,57.26760133,226.5415042,2329.934246,198553.8445,863.0819836,2031.943953,219581.1674,951.5768609,2430.546854,29374.04966,164.3845052,2877.044534,92529.63603,404.171838,3249.061398,405227.7421,271.4407668,2452.820246,87157.93048,1199.776097,4865.536905,30089.6733,154.4156279,2862.026025
d41_42_G06_0_2_S,glasshouse_b1,3811,T0,R2,S,14414.9814,1171.458771,4115.437554,79.69103111,1509.900078,674.4420906,53118.61466,1046.6141,2856.797591,51834.8582,999.0211649,2902.816927,13285.65847,839.0550998,3233.104635,24675.38849,562.3672655,3479.255348,613694.8178,599.9507146,3314.781732,42236.70153,630.8856193,3068.025003,14425.59105,875.1638868,3086.380856
d27_26_G04_0_2_S,glasshouse_b2,Forrest,T0,R2,S,6915.489658,1416.148084,3055.855376,51.94705583,1574.46055,2839.004679,29193.97886,1414.977679,3049.64078,27962.46337,1422.274743,3086.224409,5267.984505,976.194996,2577.998693,9256.50462,1217.977565,2752.780739,401397.3163,1476.272329,334.9841699,7148.817114,2008.982624,2865.612168,6014.474575,955.5687087,2572.570461
d21_02_G01_0_2_T,glasshouse_b1,Gladius,T0,R2,T,6675.627574,2070.48279,2858.658329,64.44755006,2009.139122,2686.443697,20270.42065,1740.255959,2204.021121,19760.99419,1907.660258,3254.965318,8153.541381,2095.550802,2831.448226,9803.058403,1986.625262,2771.965036,512924.5016,2067.464341,2255.716333,18161.48197,1963.70217,3216.433398,8150.719126,2087.474311,2866.890317
d37_42_G06_0_2_S,glasshouse_b1,3811,T0,R2,S,13506.05502,906.7476328,3125.101683,79.89720787,680.4251667,2500.540105,38220.42772,1113.97393,2631.923191,38248.50367,1196.536338,4153.431195,14770.03755,867.3412299,3153.487969,19583.6217,794.3747562,2457.681413,562081.645,913.5458369,2601.244506,16835.88202,541.4432308,3566.198747,14559.76681,875.6359391,3140.71928
d31_31_G04_1_3_S,glasshouse_b2,Forrest,T1,R3,S,4201.609446,662.1248694,3154.739217,53.43107726,405.8179752,2935.142602,16292.55577,972.0494178,1851.103106,17353.46893,964.0576577,1860.735024,4042.139763,642.8731831,3169.77475,6160.865365,2175.545117,3038.179789,358965.6363,1318.177906,2049.508397,5456.946807,625.5075071,3188.158038,3406.570521,651.2319149,3182.881322
d37_16_G02_1_4_T,glasshouse_b1,5489,T1,R4,T,11534.92262,1939.033197,3332.666475,69.28710074,1540.639863,777.4071349,24995.56998,2011.83462,3494.063757,32937.61309,2157.845136,2976.944661,11761.66669,2040.880187,3376.485495,12103.36839,2034.045282,3006.923729,590377.5677,2029.208896,2578.423184,20845.87191,2209.47529,3522.310486,12116.05132,2013.224336,3308.338053
d27_38_G05_1_2_S,glasshouse_b2,Hartog,T1,R2,S,2574.166258,1089.940252,2466.717872,57.676749,933.0675454,3045.58944,24376.38741,1046.425579,1896.087175,25516.74491,1062.703279,2081.051163,3413.586319,1079.672004,2508.046127,8243.649701,873.6397572,2169.681332,381227.4631,881.6344423,2465.263249,11894.34197,880.3869981,2270.227892,3090.971445,1087.270241,2525.692334
d07_18_G03_0_2_T,glasshouse_b2,CALINGIRI,T0,R2,T,7302.537834,1624.346269,389.5903355,79.02292042,1500.245677,237.2830455,12077.91925,1478.815577,430.7384855,11629.2643,1462.21849,441.516966,9154.590669,1539.85596,387.3328355,5674.966217,1492.94097,302.612325,379421.2897,1828.650091,298.9259508,9008.807487,1482.088878,272.5638011,5728.540132,1307.193574,997.6597058
d13_06_G01_1_2_T,glasshouse_b1,Gladius,T1,R2,T,8024.368631,1589.903904,1650.639771,69.18089012,1266.50937,1484.910057,12541.2518,1576.846394,1146.098412,11108.97732,1531.410391,1818.088968,8918.743612,1525.549359,1587.312438,5244.305373,1548.424484,1016.315832,461992.648,1817.038015,987.2334572,5695.031863,1595.643909,802.7985702,10132.8827,1516.245795,1500.34246
d35_16_G02_1_4_T,glasshouse_b2,5489,T1,R4,T,10369.22389,1917.696495,3319.843243,52.05208084,1989.807165,2159.711689,32994.02505,1912.242695,3298.129204,47119.06066,1952.267855,2249.67186,10762.50306,2014.488638,3256.439136,15700.85135,1532.080107,783.3130554,584084.9135,2030.184234,2550.548134,18164.82096,2241.02094,3618.504126,11338.26845,2035.778872,3279.387902
d41_35_G05_0_3_S,glasshouse_b1,Hartog,T0,R3,S,10957.18567,1467.749727,4398.994901,62.78846373,1213.167468,3620.531076,35016.00835,1254.534718,4063.499131,40916.43845,1252.452585,4029.980197,11887.48801,1491.959785,4418.088486,15436.2887,1650.727033,4678.840201,355273.2882,300.1105502,3163.012351,17361.38825,1768.439043,718.5924014,7561.445778,304.8968744,3753.682415
d49_04_G01_0_4_T,glasshouse_b2,Gladius,T0,R4,T,24417.19217,2070.722345,3643.804644,116.0069092,1132.793427,4953.82161,86993.18888,1620.356412,1544.76103,93244.18002,1641.621192,1584.693181,25515.18861,2106.017582,3631.950253,43822.05483,1652.175686,4360.384722,395984.9633,1451.369363,328.18582,41875.90826,1587.650412,915.6440189,17421.35155,2100.565309,3575.464865
d27_13_G02_1_1_T,glasshouse_b2,5489,T1,R1,T,9978.091858,1761.381748,1707.182534,65.68554617,1543.169148,1919.820319,20716.93505,1785.630221,2449.820707,18480.0281,1788.848465,2321.39109,10162.54435,1732.039425,1725.37688,10437.79869,1589.788211,2684.888586,434501.9224,1516.860521,1076.329564,7360.667457,1748.723905,932.9102681,10067.47442,1731.886806,1721.65623
d7_T023_04.11.23,field,3811,na,R8,S,79868.35763,749.3171868,3856.1819,47.92378118,516.2957358,3589.265502,276631.0824,1178.300606,4875.842927,329605.8183,1151.056373,4654.759688,78364.60381,762.8364739,3847.855408,164595.4708,1177.620963,4241.835597,489743.0914,823.8966011,3088.123013,266086.7484,1079.615804,3750.713023,55790.347,709.5437646,3808.738267
d29_33_G05_0_1_S,glasshouse_b1,Hartog,T0,R1,S,3484.972472,1337.832591,3668.018906,66.29134044,1549.929353,726.4954856,20019.61232,1205.867962,2797.974564,23413.30043,1256.356545,2688.317298,5604.270775,1342.872821,3648.193123,10115.73528,1169.06632,2387.687537,342534.2678,1455.440922,3090.950267,10474.37195,1179.850717,2417.921465,5634.426082,1344.399812,3715.903202
d25_37_G05_1_1_S,glasshouse_b1,Hartog,T1,R1,S,4424.555718,2397.291759,2519.951506,58.27575366,1041.190828,2128.806455,7976.003834,2392.469779,2573.254332,8352.579623,2394.116637,2533.622649,4826.981573,2397.52639,2537.456761,3549.824807,984.3855636,2202.661424,501483.8325,2597.186277,2251.228172,2738.558556,1012.487565,2153.378957,4694.741492,2413.488444,2509.631485
d31_31_G04_1_3_S,glasshouse_b2,Forrest,T1,R3,S,3733.099192,659.3257369,3140.753304,53.17519447,400.966011,2917.837619,15753.3905,986.1371927,1901.353171,16877.04464,965.4519491,1833.799127,3866.873824,657.7204343,3143.268222,6744.631239,2197.543748,3014.17166,355387.4486,1328.505227,2106.58704,2831.015601,629.8242055,3162.087091,3776.505565,633.2822632,3088.235879
d2_T011_02.10.23,field,Gladius,na,R4,T,76229.02941,1459.87871,5788.907291,73.94417163,1524.592694,5895.208192,264867.3937,1206.095487,5606.704098,240327.7158,1156.310971,5702.26276,72663.33106,1441.214811,5747.37527,104437.0712,1599.076738,5630.732808,869294.3607,443.5555659,5632.557067,111800.6872,1599.838401,5640.479289,65058.20527,1404.439991,5672.933946
d41_41_G06_0_1_S,glasshouse_b1,3811,T0,R1,S,31391.38875,1301.107906,3725.966622,58.15384426,2371.99729,2739.869463,57836.60206,1196.015712,3922.343411,62301.26268,1203.817334,3878.447151,30354.94288,1295.971051,3686.0184,38384.49185,1288.179976,3652.80935,615346.2541,1239.444989,3625.944888,57929.41338,1218.205962,3865.196347,20514.00484,1245.419954,3763.983083
d11_38_G05_1_2_S,glasshouse_b2,Hartog,T1,R2,S,4107.706489,2117.485872,1552.362719,53.78299629,1336.698026,535.1686489,10681.57761,1120.23363,1014.564267,13574.87387,1140.082128,1023.991776,3848.033764,2135.140665,1564.040305,6088.3985,1330.489659,564.0962221,385466.1733,859.1598717,1313.431781,5096.813767,1315.205875,523.3337027,3832.392949,2152.634987,1570.8747
d31_30_G04_1_2_S,glasshouse_b2,Forrest,T1,R2,S,2510.775653,698.3159324,2290.006051,81.09729666,757.8100908,2463.463482,14274.17641,785.137092,2558.541764,13327.78443,1736.2146,2470.38484,1403.975289,701.1560283,2279.250583,8814.011289,733.6842139,2506.779546,377535.2962,877.0469535,2503.0493,5828.136245,735.2335188,2324.29681,1541.711199,700.9209448,2286.2374
d21_05_G01_1_1_T,glasshouse_b1,Gladius,T1,R1,T,10358.02251,1402.028859,3240.50238,63.92626951,1515.354544,1995.332515,20587.33757,1623.406586,2162.355412,24087.58895,1391.332806,2630.722568,9666.764414,1434.367539,3268.27897,10200.62059,1439.972183,2764.64028,373767.4918,1442.687155,2167.773346,7913.922759,1508.213056,2240.776641,9580.410789,1414.129595,3223.658725
d17_35_G05_0_3_S,glasshouse_b1,Hartog,T0,R3,S,3941.899458,994.4385031,2198.484311,71.6922198,1580.557126,667.7665811,9278.348534,808.0404838,2562.145389,10694.05988,910.2651154,2298.391161,4146.860281,955.015751,2219.466302,6927.548616,836.731652,2837.378974,383266.7599,876.7258989,2228.603422,3426.929922,1488.685107,644.0586276,4697.371155,976.4041985,2185.07946
d05_36_G05_0_4_S,glasshouse_b1,Hartog,T0,R4,S,2305.151487,1427.719369,837.4686458,61.303529,1061.16972,851.9760483,6675.823583,1391.63751,913.8124602,4566.694883,1401.010955,927.0432139,2314.112663,1422.100657,768.0041327,2829.213788,1054.616446,833.0642281,166048.0346,1449.020385,237.0597806,1564.050719,1556.453948,241.4633502,2074.169753,1415.112401,861.238534
d31_42_G06_0_2_S,glasshouse_b2,3811,T0,R2,S,14457.24715,886.7435396,3165.004961,57.78202783,427.5917061,3476.416993,40954.88149,1073.192464,1704.888532,46180.7539,1019.859394,1841.582911,13689.27909,839.8585327,3162.817625,18826.25399,1916.871598,2815.367783,516533.2323,1446.391533,3462.177147,17058.94388,781.8381141,2290.053386,13582.45925,871.4519636,3099.340936
d13_18_G03_0_2_T,glasshouse_b1,CALINGIRI,T0,R2,T,11799.1286,1176.593997,1495.756219,72.53133894,1423.267757,445.9165151,19027.33312,1438.597945,925.4996416,16467.04621,1435.382721,966.0559098,12181.53648,1212.692711,1528.204905,6964.85756,1260.91725,865.0599442,406396.4767,1062.731557,929.9430451,10986.22326,1410.085205,388.1378758,11463.02479,1196.698285,1548.86617
d25_47_G06_1_3_S,glasshouse_b1,3811,T1,R3,S,5418.776087,1710.903203,2180.279527,96.04119171,1555.578803,1984.39787,12708.96393,1455.597324,2534.274531,17019.95196,1435.556401,2416.180623,5568.976438,1733.040099,2146.033598,7145.436101,1524.475471,2606.094999,357501.946,1443.281498,1586.025625,9695.76752,1528.431846,2517.306363,6545.644523,1468.196428,2052.448886
d17_12_G02_0_4_T,glasshouse_b1,5489,T0,R4,T,9973.167187,1900.483556,2464.16708,53.91271576,1581.743633,795.2312864,16037.21306,1098.26235,1676.136881,13976.46916,1095.296932,1710.749477,9992.575982,1869.888896,2467.4102,6716.820653,2068.003805,2713.43435,426382.9271,1406.924851,2014.722242,10470.02338,1355.264999,1165.463063,11711.15977,1138.561616,1779.474373
d19_40_G05_1_4_S,glasshouse_b2,Hartog,T1,R4,S,2523.674448,1646.650318,2143.1037,57.57717712,1165.373709,1483.646319,14162.40473,1607.563394,1608.773019,13832.32501,1648.658796,1984.468021,3682.282329,1662.804096,2168.133523,5361.850851,1636.271162,1855.809612,347887.2585,2527.314001,2023.600884,5505.752058,1053.82441,1448.309483,3250.692025,1641.133286,2139.113665
d49_16_G02_1_4_T,glasshouse_b2,5489,T1,R4,T,11416.24134,1442.629545,584.7591695,60.81924892,2322.831624,4270.402445,91099.85471,1830.906408,3757.928203,118178.7206,1933.696321,3313.812922,11601.3549,2056.640674,3292.987747,42218.08909,2337.662092,4146.221223,376962.3291,1447.214233,326.8936764,44848.04788,2318.631428,4128.299291,7651.578611,1438.615008,630.2895008
d35_45_G06_1_1_S,glasshouse_b2,3811,T1,R1,S,9522.086865,785.741556,2420.524297,77.30413875,1249.557854,2217.245554,36986.3469,1223.739336,2147.425998,39092.53896,1223.262156,2208.964254,6912.517916,1705.711833,4610.923549,20083.5788,1202.574416,1700.279767,396271.4001,840.9207559,1518.549005,19659.86631,1195.83654,1777.9559,6863.690959,1712.633196,4517.432728
d45_10_G02_0_1_T,glasshouse_b1,5489,T0,R2,T,17077.69801,2217.917921,3867.467134,121.0399241,1844.160275,794.7560062,52265.75666,2759.65769,4342.190593,51403.09347,2300.065489,2480.476447,16166.18324,2155.903095,3922.593376,31236.27248,2465.463195,2196.212147,553770.8146,2549.115305,2469.441154,34109.01274,2488.538861,2264.317589,15380.8552,2532.272404,2834.34458
d35_19_G03_0_3_T,glasshouse_b2,CALINGIRI,T0,R3,T,9279.833884,1488.011525,3164.865662,50.17991097,1837.991322,877.7283336,47230.41614,1508.144674,1587.346973,46988.49394,1508.667647,1579.46614,10043.45887,1460.89807,3195.390884,24172.07015,1642.019181,1103.542577,650641.7995,1514.63981,2378.077001,30213.67384,1562.01034,1158.347868,10195.46328,1467.712775,3159.41634
d41_38_G05_1_2_S,glasshouse_b1,Hartog,T1,R2,S,3691.720805,2170.708514,1799.663328,66.0212086,1018.284794,2405.858577,24951.61621,958.4637234,2321.049468,19988.24772,895.6102182,2341.10108,3442.243178,2182.932039,1805.391757,10250.96058,866.4508318,1972.994822,398730.2808,906.5785319,1629.248414,13345.98176,768.1889842,2798.370888,4323.815457,868.3027763,1676.468608
d43_11_G02_0_3_T,glasshouse_b2,5489,T0,R3,T,21023.67089,1548.242524,3914.075394,53.0977541,2801.433275,4055.896243,46232.02188,1693.53119,3714.940433,47284.71276,1677.797212,3736.220897,12640.76191,1457.879301,4082.392733,18323.68692,1382.288356,2714.752507,509762.6361,1972.449635,3832.864606,13445.85038,2871.423965,3207.568037,8737.219904,1421.424982,4291.192241
d35_20_G03_0_4_T,glasshouse_b2,CALINGIRI,T0,R4,T,18403.35115,1775.30604,2374.370613,45.7356515,1628.038432,784.2571311,51889.13961,1129.849059,3703.539179,53725.46995,1116.891082,3676.292189,18523.97232,1839.095774,2383.079322,28365.12356,1838.124357,1169.919757,584578.1385,1952.273558,1860.924138,26368.65621,1781.458032,1041.252264,18087.91034,1831.095383,2394.874972
d17_12_G02_0_4_T,glasshouse_b1,5489,T0,R4,T,9632.544055,1887.938694,2444.579622,54.15588345,1560.128299,838.7832288,13314.78697,1101.264468,1759.619008,15285.49916,1090.542007,1697.205113,10110.22677,1849.320188,2395.942521,6344.348451,2085.710314,2731.782087,431733.7526,1404.896149,2050.516852,7606.232984,1345.589277,1185.314502,10796.78681,1139.731966,1743.689828
d31_15_G02_1_3_T,glasshouse_b2,5489,T1,R3,T,14885.40507,996.2935449,2933.341014,59.82381606,1581.275959,3612.146059,31355.10313,1214.840938,3378.232462,31287.20564,1212.308474,3338.200367,15607.423,1083.218912,2895.211217,14189.73337,1540.319888,3731.874708,633061.285,1232.654309,2336.999666,10637.44623,911.6322153,2977.276868,11316.30775,1131.105145,3223.122563
d11_08_G01_1_4_T,glasshouse_b2,Gladius,T1,R4,T,20099.24272,1886.457635,1241.223617,55.22192022,1920.85981,1374.45664,12900.89444,1871.333869,1663.392817,13584.11242,1699.332332,843.7319052,19950.77931,1861.492518,1232.911505,8060.365354,1717.589977,1000.342745,460111.3045,1553.736409,418.5792253,9440.480371,1715.16255,625.3795996,20160.32327,1851.861445,1198.81249
d11_16_G02_1_4_T,glasshouse_b2,5489,T1,R4,T,4828.945129,1727.135944,1601.429926,60.14116041,1650.904982,1412.503996,6915.919486,1723.54734,1575.781288,10597.88494,1560.979671,1045.856305,5482.06049,1735.913198,1549.620527,3096.24247,1669.530941,609.4151939,350182.7377,2006.265601,1497.86152,2183.140334,2236.563032,1425.365517,5519.108581,1740.405822,1530.636106
d07_43_G06_0_3_S,glasshouse_b2,3811,T0,R3,S,2112.270649,1711.462618,480.4342593,66.00967741,1739.655625,333.0724224,6341.778717,1705.701768,466.6555299,9627.119174,1700.773176,437.4845545,3910.20661,1720.472071,402.899212,6342.954147,1676.703852,351.2472572,417037.2105,1887.379661,242.3746679,7187.906322,1690.818553,361.0267847,3149.893776,1746.90034,456.9975097
d05_43_G06_0_3_S,glasshouse_b1,3811,T0,R3,S,3744.466009,1678.079604,602.7462213,53.52973127,1694.3616,886.5686152,3123.476457,1692.962739,407.520429,3323.811048,1684.151277,727.4950147,1900.76631,1673.370156,495.2925806,690.0482245,1752.644309,348.6080264,281641.4435,1467.159717,264.2207859,1086.358216,1678.093403,785.9161692,3312.844338,1680.949878,397.8910498
d43_34_G05_0_2_S,glasshouse_b2,Hartog,T0,R2,S,20619.07128,1899.243086,851.0362537,60.71249678,1163.927706,2915.680264,71578.68576,1594.751963,1043.959421,91684.44645,1553.959471,2831.098807,20702.83031,1885.120243,868.1305068,53415.88797,1636.486337,790.4426117,542909.432,1592.849283,426.718163,51058.66234,1600.260448,808.4808677,13413.90229,1837.911031,708.578796
d07_45_G06_1_1_S,glasshouse_b2,3811,T1,R1,S,2917.532323,1540.386932,1168.341654,63.94005644,1521.597855,1077.872498,7798.417281,1504.721234,963.5899278,3560.757582,1509.72786,1019.067472,3246.418782,1517.980586,1208.088335,2911.067095,1713.623334,390.6956665,252276.4464,1447.604478,297.261885,932.0988066,1699.795218,430.119362,2869.670037,1537.440918,1121.469547
d5_T024_21.10.23,field,3811,na,R9,S,31066.34806,1134.515314,3754.994443,53.8126224,386.8194051,3017.451618,207664.7695,971.9823802,2125.137802,213254.5925,976.8764901,2155.184194,29325.55351,1158.347573,3722.264382,94248.60106,1220.051317,3689.497583,463139.4471,897.532252,3147.6679,84905.7028,1158.209982,3758.293404,17725.45105,1081.746692,3713.168588
d37_35_G05_0_3_S,glasshouse_b1,Hartog,T0,R3,S,8477.229177,1456.465874,4293.322748,67.02573923,820.988059,1119.208404,24302.09855,1256.915934,3921.123821,30529.47432,1167.745926,3863.022094,8188.117049,1452.020077,4375.665041,12482.75624,1293.262501,3620.615156,355829.3886,1484.46839,4093.427714,14173.95961,1293.853531,3577.614979,3423.226561,996.9056888,2234.602135
d37_15_G02_1_3_T,glasshouse_b1,5489,T1,R3,T,12431.60195,1042.761236,3027.404291,60.48561298,1547.242923,4188.391566,23982.67612,1485.543691,4017.395987,28955.11762,1431.397053,3985.10421,13487.54991,1134.850866,3005.256466,11926.31668,924.8052801,2598.402285,443935.6316,888.6613828,2353.906021,18187.00813,1629.004425,4151.180379,14013.08235,1129.120065,2952.783527
d17_43_G06_0_3_S,glasshouse_b1,3811,T0,R3,S,5572.989352,1384.864737,2049.863536,66.06834025,1887.570556,2501.515878,22505.38326,1692.000314,2347.112263,24281.84483,1691.963558,2433.986507,5925.122499,1420.592025,2103.222641,9157.586058,1545.919822,2080.393988,342284.0042,2030.229973,2644.601218,12252.92605,1549.668698,2080.897649,6014.191705,1416.964842,2099.59931
d27_19_G03_0_3_T,glasshouse_b2,CALINGIRI,T0,R3,T,10664.63866,1496.81208,3246.016637,57.29274117,1182.256207,3709.109242,38138.43222,1471.340432,1762.378897,40462.24063,1459.293781,1786.75577,10347.94434,1465.71718,3191.564802,18825.19011,1130.508636,2175.053972,736315.7443,1455.865049,2410.223261,12355.92705,927.1486825,2360.672396,9678.760739,1453.77791,3189.396875
d17_48_G06_1_4_S,glasshouse_b1,3811,T1,R4,S,8224.717656,1226.309878,2146.338073,65.56084257,1502.594198,721.8988489,14207.5274,1210.915241,1825.14565,11099.51701,1230.50513,1821.854298,9353.41021,1230.33208,2172.549043,8100.353965,1374.308123,2566.865501,362302.079,855.4432638,1530.084307,6203.401014,1505.323587,767.2938788,6736.671324,650.9570001,1915.015296
d09_11_G02_0_3_T,glasshouse_b1,5489,T0,R3,T,3430.201987,2177.091906,1063.238908,54.9043507,1505.329825,1451.920542,6641.849624,2021.416729,906.9889903,8521.017822,1563.155895,1371.771401,3803.706421,2182.903368,1072.640101,2124.229094,1552.150571,1212.027582,362011.7165,1451.68757,773.3040836,5611.545845,1511.618127,350.395893,3090.937693,2184.945485,1086.01054
d11_12_G02_0_4_T,glasshouse_b2,5489,T0,R4,T,7257.965983,1210.708995,1227.162936,55.08810865,1490.873693,476.6918686,15086.65846,1528.47654,584.6093012,19524.00967,1537.104052,592.8042007,7084.295045,1179.94028,1227.936508,10138.98523,1644.62116,469.074087,390077.6363,1058.656171,866.6467657,5660.080515,1542.245441,368.8493877,6769.345436,1180.300137,1208.095239
d33_34_G05_0_2_S,glasshouse_b1,Hartog,T0,R2,S,6442.376243,2122.852426,1340.443902,84.75944723,1636.849493,618.7622071,25920.74442,1592.429733,1495.526377,29690.20747,2126.363382,3076.558745,6691.623809,2137.950701,1365.736985,15933.82854,1721.238229,1200.601083,454935.2682,1916.112301,984.151279,25540.05952,1629.952802,697.8767433,6927.095762,2126.0754,1337.779458
