Image_name,data_type,Genotype,Treatment,Replication,Group,DBSCAN_density_points,DBSCAN_centre_x,DBSCAN_centre_y,Custom_points,Custom_centre_x,Custom_centre_y,FCM_density_points,FCM_centre_x,FCM_centre_y,GMM_density_points,GMM_centre_x,GMM_centre_y,HDBSCAN_density_points,HDBSCAN_centre_x,HDBSCAN_centre_y,K-mean_density_points,K-mean_centre_x,K-mean_centre_y,SLIC_density_points,SLIC_centre_x,SLIC_centre_y,Mean_shift_density_points,Mean-shift_centre_x,Mean-shift_centre_y,OPTICS_density_points,OPTICS_centre_x,OPTICS_centre_y,Number.of.Root.Tips,Number.of.Branch.Points,Total.Root.Length.mm,Branching.frequency.per.mm,Network.Area.mm2,Average.Diameter.mm,Median.Diameter.mm,Maximum.Diameter.mm,Perimeter.mm,Volume.mm3,Surface.Area.mm2,Root.Length.Diameter.Range.1.mm,Root.Length.Diameter.Range.2.mm,Root.Length.Diameter.Range.3.mm,Projected.Area.Diameter.Range.1.mm2,Projected.Area.Diameter.Range.2.mm2,Projected.Area.Diameter.Range.3.mm2,Surface.Area.Diameter.Range.1.mm2,Surface.Area.Diameter.Range.2.mm2,Surface.Area.Diameter.Range.3.mm2,Volume.Diameter.Range.1.mm3,Volume.Diameter.Range.2.mm3,Volume.Diameter.Range.3.mm3
d35_44_G06_0_4_S,glasshouse_b2,3811,T0,R4,S,8710,1267,4011,74,1024.743243,4179.121622,47411,1284,1316,52676,1220,3129,8710,1249.249369,4016.646498,24755,1601.534195,929.8362755,500202,875.8631913,2396.22831,15276,853.9988871,2790.737759,8311,1249.37673,4008.847912,405,269,1353.265435,0.198778,464.804864,0.380199,0.410526,0.973648,2624.678022,170.423492,1627.676896,373.045182,962.276984,17.94327,87.035186,418.52868,12.518228,273.429102,1314.920622,39.327173,17.025577,146.441288,6.956627
d07_46_G06_1_2_S,glasshouse_b2,3811,T1,R2,S,2047,1362,706,81,1652.45679,386.2962963,5851,1592,470,6848,1593,508,2047,1360.558867,704.4601856,2845,1591.759578,377.7876977,407848,1454.421792,363.9681695,2364,1571.378596,380.8489848,2047,1360.558867,704.4601856,50,24,147.031573,0.16323,52.165794,0.385885,0.410526,0.917964,286.899571,19.461967,180.402496,30.938713,111.011975,5.080885,6.685005,46.901595,3.837298,21.001563,147.345706,12.055227,1.238721,15.929348,2.293898
d3_T008_08.10.23,field,3811,na,R4,S,19607,1261,6238,67,996.6119403,3270.477612,167320,984,3065,216807,1062,3501,19607,1260.911664,6248.805682,84104,758.7402977,3255.477861,413543,899.7649724,5980.482264,90938,831.6167389,3041.26738,18822,1269.046541,6250.439061,957,416,3011.612207,0.138132,563.638658,0.208506,0.18932,0.723392,5947.749228,113.611967,1972.499693,2722.324692,288.018761,1.268754,526.722396,100.291768,0.834067,1654.74721,315.132184,2.620299,85.12984,28.050189,0.431938
d13_16_G02_1_4_T,glasshouse_b1,5489,T1,R4,T,5472,1716,1482,53,1563.113208,491.0943396,7295,2262,1527,7926,1686,1340,5441,1721.24683,1479.988789,2850,1664.365965,1309.077193,470129,1539.47015,1008.428846,2408,2237.980897,1394.267442,5418,1720.685862,1478.36471,41,21,214.261676,0.098011,84.22893,0.424112,0.435429,0.649099,423.101492,31.262956,284.275196,20.521509,192.894213,0.845955,4.655579,85.306262,0.481075,14.625932,267.997527,1.651737,0.883233,30.122978,0.256745
d33_34_G05_0_2_S,glasshouse_b1,Hartog,T0,R2,S,6350,2143,1348,85,1640.223529,643.3882353,28193,1581,1495,29844,2124,3031,6350,2142.971496,1348.074961,15771,1725.411959,1159.796081,452427,1914.071945,963.1429667,26942,1621.914149,725.021305,6116,2123.693427,1296.089438,339,263,1055.921102,0.249072,390.161168,0.415012,0.435429,1.105375,2012.359139,157.422239,1385.86024,170.476569,831.042331,54.402203,40.418745,360.726694,39.942887,126.979234,1133.256331,125.624675,7.978918,125.846362,23.59696
d31_11_G02_0_3_T,glasshouse_b2,5489,T0,R3,T,21158,1556,3895,70,1563.228571,2996.042857,39024,1690,3581,45421,1575,2750,21158,1523.291946,3878.70673,17306,1509.739166,2658.500578,379362,1447.605725,3853.107517,11650,1429.041888,4267.610558,12230,1461.220687,4137.133933,229,169,948.062717,0.178258,358.550962,0.415869,0.435429,0.917964,1838.696595,138.611989,1241.723493,131.54682,790.5992,25.916697,29.955799,346.411639,18.885426,94.108917,1088.28426,59.330316,5.743649,121.956917,10.911423
d49_32_G04_1_4_S,glasshouse_b2,Forrest,T1,R4,S,5211,623,2517,49,1515.469388,755.7959184,24328,2369,3037,29394,2369,3037,4986,627.6105094,2498.256318,14830,1518.326231,684.7892785,348464,1452.014831,778.9196445,14830,1518.326231,684.7892785,4986,627.6105094,2498.256318,310,188,692.797666,0.271364,225.553203,0.371819,0.410526,1.105375,1316.78648,87.156269,818.215289,219.458162,447.751697,25.587806,49.17562,192.496583,18.605644,154.489766,604.819846,58.905677,9.295183,66.807512,11.053574
d2_T011_02.10.23,field,Gladius,na,R4,T,77231,1446,5757,74,1520.648649,5933.810811,265625,1200,5589,240203,1167,5725,73239,1442.284493,5753.261473,103732,1602.764586,5680.395645,865295,451.3667339,5632.319815,110765,1595.699707,5667.121609,64479,1411.215466,5708.012314,1304,580,4425.733572,0.131052,797.025288,0.200816,0.18932,0.682604,8738.622109,153.63793,2793.706113,4129.213804,295.592689,0.927079,786.946916,101.702723,0.59636,2472.266651,319.565943,1.87352,125.240937,28.095214,0.301779
d5_T009_21.10.23,field,3811,na,R5,S,115833,911,5790,48,1006,5970.395833,281147,993,5258,309282,945,5122,74349,981.0022596,5993.683345,135640,1111.438396,6197.556753,758767,1150.916906,6176.789983,135575,1113.865794,6197.436364,70369,974.5960437,6029.783541,1207,731,4506.413862,0.162213,849.786831,0.211895,0.18932,0.780588,8825.460412,177.670144,2997.019656,4049.82491,454.101041,2.487911,785.965611,166.250801,1.661177,2469.267169,522.533744,5.218742,127.260357,49.535202,0.874585
d17_43_G06_0_3_S,glasshouse_b1,3811,T0,R3,S,6211,1390,2081,66,1885.712121,2500.106061,19623,1697,2328,22338,1697,2407,6211,1425.680245,2087.268395,9607,1533.701468,2055.913188,347785,2033.343988,2647.498469,10887,1530.32424,2042.688987,6169,1424.522289,2090.580969,128,74,599.981955,0.123337,226.395861,0.409086,0.435429,0.598439,1182.773394,83.015987,772.332955,76.625051,523.356905,0,17.579269,228.261946,0,55.226903,717.106052,0,3.376444,79.639542,0
d05_34_G05_0_2_S,glasshouse_b1,Hartog,T0,R2,S,2733,2018,738,65,1607.261538,296.6,7047,1643,559,7203,1643,559,2733,2017.96341,738.4145628,3048,1683.972441,520.5577428,348409,1454.111237,772.0272266,3966,1631.020676,288.3703984,2733,2017.96341,738.4145628,66,38,216.037509,0.175895,78.293458,0.393237,0.410526,0.781618,422.886736,27.828118,267.634371,30.88552,183.660185,1.491804,7.459299,76.743897,0.98747,23.434079,241.098064,3.102228,1.486587,25.824892,0.516639
d35_16_G02_1_4_T,glasshouse_b2,5489,T1,R4,T,11295,1931,3305,52,1990.711538,2160.173077,33589,1922,3300,48186,1935,2255,11295,2015.52448,3259.829571,15335,1528.169416,837.703554,584195,2027.159224,2563.121951,17526,2234.617368,3606.753966,11096,2013.760905,3252.436373,266,190,858.078267,0.221425,306.980295,0.394864,0.410526,1.105375,1655.051087,114.669063,1071.528843,158.82565,683.937391,15.315226,38.182216,290.671753,12.200702,119.952969,913.246239,38.329635,7.635169,99.16532,7.868575
d25_42_G06_0_2_S,glasshouse_b1,3811,T0,R2,S,10025,996,2755,53,1732.773585,3183.301887,26135,1101,2171,25613,1101,2171,9714,936.0272802,2723.593267,13765,837.8682891,2281.538177,361597,1943.217278,2089.102733,13318,1923.129974,2333.686815,9713,936.0449912,2723.512509,183,109,882.100294,0.123569,319.804495,0.394513,0.410526,0.649099,1737.817518,114.762143,1101.243969,123.390011,758.402389,0.307894,28.121317,322.21909,0.196435,88.345722,1012.281127,0.61712,5.376634,109.28702,0.098489
d31_14_G02_1_2_T,glasshouse_b2,5489,T1,R2,T,18342,2353,2849,65,2261.630769,3211.169231,22786,2111,3348,23941,2119,1822,13691,2400.330947,3284.851654,10712,2113.243185,2480.999253,594957,2133.084615,2112.695195,10414,2335.630209,3849.449971,13691,2400.330947,3284.851654,88,64,664.81638,0.096267,238.135139,0.394249,0.435429,0.725714,1312.842453,83.768734,819.277183,119.776912,543.467798,1.571669,32.012099,227.769544,1.002384,100.568974,715.559127,3.149083,6.917007,76.348832,0.502896
d41_16_G02_1_4_T,glasshouse_b1,5489,T1,R4,T,11576,1946,3323,52,2183.442308,2126.192308,30047,2003,4074,38329,2209,3344,11576,2029.461558,3300.511057,18177,2396.936568,4021.572537,407845,2034.194513,3068.072702,21321,2205.781811,3673.54716,7702,2052.123085,3520.671644,358,270,1060.383418,0.254625,368.678657,0.388374,0.410526,1.105375,2028.451617,137.91997,1301.261108,231.667038,809.689696,19.026684,54.752156,344.960366,14.397541,172.008971,1083.87294,45.379198,10.826924,118.270832,8.822214
d27_48_G06_1_4_S,glasshouse_b2,3811,T1,R4,S,17679,1425,3148,62,1511.048387,3676.129032,22905,1308,3115,22296,1301,3095,17679,1406.651055,3142.668533,11093,1466.418462,2519.520418,784085,1443.638049,2611.47463,13508,1462.784424,3344.884217,17622,1405.840937,3143.408637,126,86,631.458577,0.136193,224.378748,0.392393,0.435429,0.725714,1237.199677,80.504049,780.20734,94.743005,532.356128,4.359443,22.294358,223.160731,2.892621,70.03979,701.080113,9.087437,4.386326,74.606195,1.511527
d17_13_G02_1_1_T,glasshouse_b1,5489,T1,R1,T,8237,1821,1966,59,2666.847458,2358.949153,15058,1282,2087,16614,1292,2127,8237,1741.805876,2014.359111,6037,1681.543316,2532.897797,543251,1534.443079,1280.383802,5622,1653.463358,955.1963714,11366,1699.899525,1758.45117,60,36,452.400023,0.079576,174.087868,0.414351,0.435429,0.598439,895.434425,62.330612,587.519072,26.588334,425.811689,0,6.166888,180.846241,0,19.373851,568.145222,0,1.192669,61.137943,0
d19_33_G05_0_1_S,glasshouse_b2,Hartog,T0,R1,S,3282,1242,959,75,1152.933333,2240.106667,17726,1245,2618,19932,1271,2491,3282,1246.656307,958.6773309,9016,1167.189774,2344.608363,395973,1052.816346,882.0955368,10139,1282.748101,775.0073972,3282,1246.656307,958.6773309,110,56,463.405826,0.120844,169.679713,0.400455,0.435429,0.598439,916.396065,61.440256,585.38776,65.508652,397.897173,0,16.059052,170.275659,0,50.451,534.93676,0,3.262201,58.178054,0
d1_T023_27.09.23,field,3811,na,R8,S,56208,534,3823,87,565.9425287,3593.252874,268339,1054,4794,311777,868,4483,46462,572.4602471,3832.570079,149732,1024.968677,4242.026534,466144,336.938991,3454.362929,240991,984.6250358,3695.405899,39751,548.8072501,3837.254107,1473,713,4549.861631,0.156708,819.4213,0.2012,0.18932,0.71842,8960.610537,159.96656,2878.200768,4215.05731,334.004242,0.800079,798.938394,116.579773,0.516889,2510.002685,366.574227,1.623856,126.886037,32.817337,0.263185
d19_42_G06_0_2_S,glasshouse_b2,3811,T0,R2,S,7451,1921,2581,80,994.05,1641.1125,23946,1035,2630,30183,1045,1686,7453,1908.310882,2581.211995,12555,1272.06826,905.1057746,358418,1937.52785,2066.935843,16989,858.665666,2157.729707,6160,1909.476786,2681.349675,183,105,662.348673,0.158527,240.710513,0.395263,0.435429,0.598439,1298.231756,87.429531,830.697936,107.248942,555.099731,0,24.872335,239.54703,0,78.138746,752.559189,0,4.870793,82.558738,0
d43_18_G03_0_2_T,glasshouse_b2,CALINGIRI,T0,R2,T,23255,1167,2379,52,1926.153846,1694.865385,64988,1369,1540,63988,1202,1952,23255,1190.737261,2387.660632,33213,1549.161112,1024.276518,425007,1410.329755,2170.443746,27992,1041.185517,2464.053694,20315,1169.043465,2473.657741,460,340,1670.925621,0.20348,599.040277,0.399222,0.435429,1.196879,3225.874717,234.036186,2108.543356,474.084141,1163.360998,33.480483,114.010349,532.483931,24.609298,358.174073,1673.056892,77.312391,22.879113,196.601255,14.555819
d37_11_G02_0_3_T,glasshouse_b1,5489,T0,R3,T,11211,1440,4114,51,1836.372549,1026.72549,27078,1538,3893,26940,1538,3893,11206,1437.172229,4113.649117,11382,1589.380425,3348.479266,540400,1787.450934,3849.633871,11655,1407.842557,4273.461862,7476,1618.031701,3312.059524,302,210,1034.074385,0.20308,375.867583,0.400282,0.435429,1.016,2001.544985,141.627933,1306.828795,184.685615,824.613471,24.775299,42.789053,354.740076,18.384294,134.519371,1114.553461,57.755963,8.361195,122.433931,10.832807
d31_24_G03_1_4_T,glasshouse_b2,CALINGIRI,T1,R4,T,24605,1147,3631,68,1265.691176,4275.102941,29238,1264,3941,29716,1250,3900,24040,1208.802995,3596.323295,13989,1088.824005,2819.748874,595753,990.7437747,2765.551124,19965,1193.041623,3878.419384,20759,1189.206561,3417.412159,118,90,840.835631,0.107036,292.723575,0.385217,0.410526,0.725714,1656.692835,102.105848,1018.872675,156.272895,682.730841,1.831894,42.605068,280.427377,1.246823,133.847767,881.107899,3.917009,9.332506,92.104504,0.668838
d29_39_G05_1_3_S,glasshouse_b1,Hartog,T1,R3,S,6603,1490,2614,64,1011.59375,2056.6875,12657,1500,2572,10959,1539,2501,6603,1500.102681,2616.684689,4690,1582.553518,2537.628145,359506,1448.527296,2197.041649,8949,1616.794949,2421.555369,5300,1012.239245,2030.03,96,56,364.186525,0.153767,127.146553,0.382882,0.410526,0.725714,712.604786,44.761796,441.985809,65.484116,298.309491,0.392917,15.731517,124.685328,0.271608,49.422017,391.71051,0.853282,3.158168,41.455511,0.148117
d15_24_G03_1_4_T,glasshouse_b2,CALINGIRI,T1,R4,T,7489,2286,1924,82,1295.121951,1140.182927,17462,1513,1038,23421,1308,1684,7489,2273.660836,1923.619575,8000,1341.461,923.6755,362497,2039.767568,1504.109411,7331,1059.110899,2047.601146,7489,2273.660836,1923.619575,84,48,491.459872,0.097668,180.523668,0.401263,0.435429,0.580571,974.124379,64.801822,620.383713,56.176113,435.283758,0,12.086946,185.387323,0,37.97226,582.411453,0,2.198937,62.602885,0
d11_27_G04_0_3_S,glasshouse_b2,Forrest,T0,R3,S,4024,1453,615,58,1352.172414,765.6551724,11015,1459,510,11015,1459,510,4024,1428.16327,615.137674,5000,1380.2498,403.4886,389714,1825.566438,269.4307877,3497,1360.870746,359.795825,3472,956.5423387,1660.110023,62,32,229.817687,0.139241,84.597592,0.395162,0.410526,0.580571,453.767769,30.320373,288.913723,30.096665,199.721022,0,6.985175,84.978919,0,21.944576,266.969147,0,1.354427,28.965946,0
d43_43_G06_0_3_S,glasshouse_b2,3811,T0,R3,S,25252,709,3785,86,1561.127907,774.4069767,90045,1282,3894,112821,1748,3419,25252,709.2754237,3858.066609,36956,2020.848279,4012.729462,610925,859.673577,3142.802666,42203,2029.977134,3897.609198,24455,708.9251687,3855.784911,845,658,2270.314365,0.289828,834.568443,0.423651,0.435429,1.747751,4245.80737,372.380018,3045.718679,519.237727,1588.427468,162.64917,118.633805,721.049164,129.630476,372.699089,2265.514988,407.504601,22.845893,264.427091,85.107033
d37_29_G04_1_1_S,glasshouse_b1,Forrest,T1,R1,S,3654,984,3341,56,952.2678571,3400.892857,10893,839,3738,12061,856,3603,3654,980.471538,3337.02162,5031,877.7684357,3684.478434,501206,2587.054351,2280.797941,4322,2506.791532,2774.06733,3654,980.471538,3337.02162,132,66,396.068452,0.166638,135.77853,0.374193,0.410526,0.580571,779.632218,47.890386,469.964853,100.89058,295.177871,0,22.700662,126.893797,0,71.316233,398.64862,0,4.308641,43.581745,0
d6_T022_28.10.23,field,3811,na,R7,S,42893,749,5267,68,940.6911765,4276.617647,184565,1184,5269,198058,1136,5141,39797,744.3551273,5265.678493,86760,1258.123974,4172.827582,522699,438.0696902,4892.426284,156545,1106.062359,5437.304999,37601,754.8654557,5283.913912,1032,466,2967.447059,0.157037,542.894972,0.203883,0.18932,0.71842,5853.237963,107.775953,1904.881328,2717.681343,248.880971,0.884745,518.705598,87.045274,0.57648,1629.561696,273.508566,1.811066,82.858561,24.621636,0.295756
d11_33_G05_0_1_S,glasshouse_b2,Hartog,T0,R1,S,3265,1196,777,64,1117.28125,698.421875,11360,1270,582,10593,1283,556,3265,1199.598775,778.6661562,4339,1085.716755,834.8236921,366782,870.8628013,877.5458229,3784,1072.694503,854.2640063,3265,1199.598775,778.6661562,73,38,238.590865,0.159268,89.96427,0.408933,0.435429,0.580571,468.836383,33.197385,308.70459,27.816005,210.77486,0,6.841325,91.422398,0,21.492655,287.211935,0,1.392821,31.804564,0
d05_13_G02_1_1_T,glasshouse_b1,5489,T1,R1,T,2332,1662,692,74,1616.094595,233.7297297,2912,1637,348,2849,1663,641,2332,1657.859348,689.5977702,1283,1646.123149,363.7989088,288062,1463.695885,272.3344905,1270,1646.202362,364.7622047,2332,1657.859348,689.5977702,38,28,98.66702,0.283783,35.839296,0.401702,0.435429,0.598439,189.10466,13.383241,124.989949,16.391346,82.275674,0,3.905474,35.880062,0,12.269409,112.72054,0,0.76934,12.613901,0
d31_18_G03_0_2_T,glasshouse_b2,CALINGIRI,T0,R2,T,20734,1197,2270,63,1476.380952,1464.888889,45003,1361,1549,47965,1322,1764,20734,1212.23242,2283.747179,22873,1457.56206,1076.897259,544577,1441.826247,1695.589368,18437,1437.659164,983.2227586,18248,1196.722874,2323.227258,214,158,1046.756965,0.150942,378.084826,0.399171,0.435429,0.821052,2044.987876,139.132287,1315.807093,210.953817,827.483587,8.31956,55.015389,358.086663,5.708801,172.835943,1125.036423,17.934726,11.676651,124.35632,3.099316
d35_22_G03_1_2_T,glasshouse_b2,CALINGIRI,T1,R2,T,11214,1178,2675,69,2058.73913,4374.826087,33242,1966,3906,32653,1970,3925,10553,1937.956221,3871.677722,15868,1878.315541,3527.275334,353276,2019.401564,1602.066113,14394,2164.752953,4420.090246,10017,1141.192573,2572.161126,190,134,939.086663,0.142692,341.034209,0.401107,0.435429,0.580571,1841.760293,123.731351,1185.304515,117.0676,822.019063,0,28.562729,348.731416,0,89.732459,1095.572055,0,5.825929,117.905422,0
d29_48_G06_1_4_S,glasshouse_b1,3811,T1,R4,S,18413,1441,3184,61,1574.52459,3689.95082,18745,1212,2504,20772,1207,2651,17749,1429.857626,3155.282213,9048,1404.730217,3008.821729,708664,1460.942873,2627.056175,8272,1590.377539,3812.848404,13704,1382.33472,2959.975044,122,80,651.743878,0.122748,233.969249,0.395552,0.435429,0.725714,1281.444383,83.656132,810.602102,89.706768,559.391457,2.645653,22.128949,234.159173,1.734541,69.520143,735.632739,5.44922,4.520361,78.238803,0.896968
d7_T019_04.11.23,field,Gladius,na,R7,T,265186,733,4971,65,1373.830769,3811.538462,361320,1000,5384,389519,1217,2984,179805,791.6800367,4966.906332,183221,1379.86233,3896.406482,1603115,642.6604891,4985.23197,294917,917.9514677,5637.101551,177575,789.7222244,4970.580138,1682,1326,6587.316487,0.201296,1246.341593,0.213975,0.18932,0.762,12785.29223,259.215444,4419.745949,5921.717176,660.597445,5.001867,1172.984507,230.510476,3.201868,3685.087283,724.38556,10.273106,192.695276,64.835694,1.684474
d11_19_G03_0_3_T,glasshouse_b2,CALINGIRI,T0,R3,T,6304,1688,1557,68,1582.176471,1903.205882,15243,1539,828,15743,1538,841,6304,1686.735089,1557.294099,8222,1523.405862,597.2703722,330802,1438.06009,1368.681858,6775,1572.230111,1950.855793,6304,1686.735089,1557.294099,81,47,416.29104,0.112902,157.303175,0.413846,0.435429,1.026315,821.263441,58.836906,545.114112,34.182546,378.043609,4.064885,8.524085,161.78033,3.210796,26.779202,508.247896,10.087013,1.756779,55.016655,2.063471
d11_24_G03_1_4_T,glasshouse_b2,CALINGIRI,T1,R4,T,6559,2169,1411,67,1664.447761,419.1641791,14245,1520,882,18450,1395,1281,6559,2165.966611,1411.344107,7429,1157.688922,1831.783416,444951,1933.751393,967.9464638,4628,1594.714564,496.9667243,3934,2225.049568,1620.896543,72,40,367.938876,0.108714,140.576414,0.413836,0.435429,0.598439,725.630959,51.853265,480.818663,39.769295,328.169581,0,9.83676,143.212574,0,30.903094,449.915569,0,2.010293,49.842973,0
d33_29_G04_1_1_S,glasshouse_b1,Forrest,T1,R1,S,3681,990,3313,61,1078.557377,3095.590164,8865,992,3319,8864,990,3322,3681,984.6354252,3311.518609,3323,998.3328318,3283.134818,221371,2590.208478,2641.072575,5751,2493.195966,2836.503565,3681,984.6354252,3311.518609,94,38,324.939236,0.116945,104.447454,0.351047,0.410526,0.580571,644.043065,34.824463,359.559709,112.551081,212.388155,0,24.527786,89.923624,0,77.056314,282.503395,0,4.494433,30.33003,0
d29_12_G02_0_4_T,glasshouse_b1,5489,T0,R4,T,13882,2036,2811,75,1533.773333,947.64,26633,1725,2090,26576,1719,2076,13882,1958.608846,2834.623181,11679,2132.090076,2847.572224,583430,2032.76336,2575.316232,18431,1494.671423,910.8600727,13834,1958.156426,2832.08349,154,118,914.811578,0.128988,349.292257,0.41834,0.435429,0.88287,1791.755673,130.896486,1203.133012,82.846448,826.344048,5.621081,20.674872,358.270371,4.008992,64.998824,1125.539566,12.594621,4.261147,124.35916,2.276179
d15_29_G04_1_1_S,glasshouse_b2,Forrest,T1,R1,S,2258,303,1595,54,1469.907407,418.5925926,5749,1160,1505,6833,1256,1217,2258,302.7984942,1595.110275,3068,359.2992177,1509.97751,333987,286.501253,1469.195567,1966,288.8123093,1619.234486,2239,301.8365342,1596.751675,47,25,157.35057,0.158881,52.144728,0.363763,0.410526,0.580571,310.635371,17.883738,181.296355,44.570209,112.780362,0,10.831866,46.876556,0,34.029312,147.267043,0,2.179455,15.704283,0
d19_40_G05_1_4_S,glasshouse_b2,Hartog,T1,R4,S,3577,1647,2168,58,1171.413793,1482.913793,11503,1611,1626,14189,1648,1968,3577,1650.003355,2167.720995,5288,1635.511725,1840.602118,344513,2527.831054,2048.237561,5127,1067.038424,1462.357129,3577,1650.003355,2167.720995,55,21,298.401807,0.070375,113.442828,0.409969,0.435429,0.615789,593.869813,41.311228,384.640417,37.947715,260.351461,0.102631,8.684767,113.68688,0.063199,27.284002,357.157868,0.198547,1.670014,39.610648,0.030566
d29_06_G01_1_2_T,glasshouse_b1,Gladius,T1,R2,T,8616,1563,1407,87,1758.436782,553.3218391,15706,1616,1175,17592,1551,1986,6935,1287.138717,1527.407498,8969,1636.066005,970.5299364,460431,1094.00905,945.6415815,15527,1723.923295,708.4667354,6911,1287.145276,1525.55853,199,149,612.106023,0.243422,208.779043,0.387288,0.410526,0.973648,1169.744932,80.613611,749.91204,181.98735,399.832217,30.286455,47.243943,170.289751,21.137413,148.421224,535.085674,66.405142,10.005411,58.877856,11.730344
d33_19_G03_0_3_T,glasshouse_b1,CALINGIRI,T0,R3,T,9734,1487,3165,47,1516.340426,1016.957447,33815,1481,2499,34428,1481,2499,9734,1472.342819,3164.995788,17956,1406.967699,3322.255848,646434,1519.082703,2400.844657,24410,1537.655797,1135.701393,9734,1472.342819,3164.995788,239,171,1218.350825,0.140354,448.078103,0.405381,0.435429,0.870857,2386.738755,165.229633,1560.522543,176.06692,1038.186824,4.097081,46.953686,446.692672,2.998424,147.509354,1403.593363,9.419826,10.147992,153.34626,1.735381
d41_24_G03_1_4_T,glasshouse_b1,CALINGIRI,T1,R4,T,27699,1187,3787,76,1314.776316,4774.052632,26419,1298,4256,26152,1315,2633,27699,1219.358027,3754.104877,12092,1108.458898,3463.103705,546986,971.1440567,3214.817847,12168,1087.761423,2482.891847,19548,1219.321926,4114.74069,182,134,1041.901392,0.128611,366.361348,0.389517,0.410526,0.917964,2043.643959,131.458425,1278.046222,211.175804,816.288512,14.437075,56.530056,340.474993,9.809698,177.59441,1069.633737,30.818076,12.234937,113.943162,5.280326
d21_18_G03_0_2_T,glasshouse_b1,CALINGIRI,T0,R2,T,16045,1157,2382,66,1319.272727,1437.833333,27583,1670,1688,31207,1666,1785,16045,1194.293113,2411.987286,11364,1322.769007,2184.729233,339693,1402.228939,1039.263308,13292,1327.618041,2100.844869,17822,1211.288464,2264.529177,114,76,739.255224,0.102806,267.891498,0.399621,0.435429,0.740086,1456.906776,96.438307,929.583056,92.991861,638.979548,7.283815,24.021262,267.036286,4.83793,75.465019,838.919233,15.198804,5.058734,88.842931,2.536642
d37_32_G04_1_4_S,glasshouse_b1,Forrest,T1,R4,S,5085,589,2511,51,1443.607843,698.4117647,12249,516,2765,12249,516,2765,5085,589.6481809,2511.183284,5176,2434.761785,2568.720247,325256,862.2912014,2073.962971,7096,662.6688275,2293.880355,4833,591.1491827,2500.172564,139,67,456.251466,0.146849,153.864077,0.371582,0.410526,0.821052,896.583483,53.84677,534.827289,116.786378,338.038562,1.426526,26.75311,142.471099,1.016605,84.047372,447.586157,3.193759,5.151135,48.12147,0.574166
d31_05_G01_1_1_T,glasshouse_b2,Gladius,T1,R1,T,16888,1311,3809,54,1769.12963,2180,31328,1355,3511,41016,1387,2692,16888,1432.008764,3773.181312,15976,1469.764397,2507.123247,349877,1465.578343,3669.026081,12532,1386.184887,4137.545723,16826,1432.299715,3774.23749,233,147,883.751954,0.166336,320.436489,0.39842,0.435429,0.870857,1727.796352,117.252947,1111.261868,149.71458,725.382881,8.654494,37.431598,309.899402,6.394639,117.594832,973.577686,20.08935,7.714604,105.798811,3.739532
d35_36_G05_0_4_S,glasshouse_b2,Hartog,T0,R4,S,8698,742,4513,56,1624.178571,863.2678571,38655,747,3459,42581,756,3043,8698,750.7160267,4511.178202,20160,708.5245536,2940.729415,402725,1872.361895,894.5293314,21097,709.0685406,2977.981561,8576,751.396805,4510.186917,416,276,1123.332022,0.245698,393.595,0.388586,0.435429,0.929368,2164.850685,148.630698,1383.809891,262.854411,848.236173,12.241439,56.572725,375.546302,8.299923,177.728457,1179.813504,26.26793,10.336207,133.771676,4.522815
d43_39_G05_1_3_S,glasshouse_b2,Hartog,T1,R3,S,6416,1509,2624,63,2351.031746,1973.238095,28770,1827,1770,25559,1027,3078,6416,1518.076216,2627.7274,13697,1511.440534,2627.00533,361419,1449.064341,2171.169012,8018,1585.395859,862.5281866,6416,1518.076216,2627.7274,311,191,781.8252,0.2443,268.99222,0.382349,0.410526,0.870857,1510.167089,99.794001,950.559743,190.71884,571.604757,19.501603,45.31215,243.580987,13.679426,142.352318,765.23224,42.975186,9.016273,83.179151,7.598577
d35_12_G02_0_4_T,glasshouse_b2,5489,T0,R4,T,14728,1070,2094,51,1848.098039,3731.509804,45996,2077,2996,46810,1606,1467,14729,1187.621495,2093.974947,24141,1597.250155,926.7887826,432701,1074.777847,928.0611808,21751,1594.583927,876.7186336,13284,1986.434508,2828.427883,300,216,1247.401759,0.17316,470.150475,0.415943,0.435429,0.821052,2427.740654,180.208717,1631.617785,177.912454,1051.14973,18.339575,43.043038,463.794625,12.522409,135.223691,1457.053786,39.340309,8.660898,164.798342,6.749477
d27_40_G05_1_4_S,glasshouse_b2,Hartog,T1,R4,S,9228,1644,3399,65,1342.969231,1910.246154,21788,1657,1920,26548,2410,2836,9228,1616.671218,3398.769723,10875,1357.723586,1749.267586,397795,2199.462241,2686.058998,10854,2552.03372,2110.992537,8476,2406.09521,2983.614323,121,71,580.901775,0.122224,221.108182,0.412719,0.435429,0.870857,1143.133681,82.391759,756.727615,68.959,506.857618,5.085157,15.403928,221.633574,3.836379,48.392867,696.282408,12.052341,2.92318,77.176852,2.291727
d07_33_G05_0_1_S,glasshouse_b2,Hartog,T0,R1,S,3011,1238,727,49,1549.428571,221.4285714,5848,1375,380,6009,1174,935,3011,1241.995018,727.4207904,3194,1122.816218,805.2038197,415216,1035.616614,270.5354466,2365,1222.035095,782.4109937,3011,1241.995018,727.4207904,43,21,179.958157,0.116694,60.207911,0.365612,0.410526,0.580571,357.308015,20.250843,206.849214,45.777769,134.180388,0,10.856547,54.985602,0,34.106849,172.742364,0,2.133032,18.117811,0
d37_18_G03_0_2_T,glasshouse_b1,CALINGIRI,T0,R2,T,17513,1127,2457,45,926.8888889,2790.044444,37851,1331,2157,36711,1332,2153,17512,1202.013705,2506.844107,16409,1104.138582,2049.393443,583378,1422.88273,1801.952292,19101,1451.253338,917.1157007,18482,1203.849096,2322.69051,295,207,1241.638315,0.166715,444.433608,0.395853,0.435429,1.04664,2416.70254,166.363829,1549.768276,303.277948,914.495416,23.864952,75.596499,400.162479,17.547585,237.493406,1257.147506,55.127364,15.540573,140.46747,10.355785
d35_41_G06_0_1_S,glasshouse_b2,3811,T0,R1,S,5110,1416,3345,56,1320.625,3615.839286,47559,1498,3230,62736,1426,2434,5110,1416.196869,3344.881213,23408,1330.724539,3639.015807,377396,1457.033999,2643.055332,24675,1328.623303,3610.281905,5009,1415.037732,3338.286884,372,238,1206.74281,0.197225,418.485009,0.385007,0.410526,1.133602,2344.666454,154.131967,1472.338679,316.819111,866.890114,23.033585,80.994825,371.322676,16.318903,254.452748,1166.618584,51.267347,16.969261,127.881616,9.281089
d19_17_G03_0_1_T,glasshouse_b2,CALINGIRI,T0,R1,T,14231,1283,2886,66,1366.090909,2899.060606,27186,1412,2770,37577,1446,1986,11582,1272.852616,2723.136591,15020,1635.39767,875.579028,405369,916.341479,2174.885031,12983,1530.637295,905.4947239,10987,1264.362701,2683.881132,139,105,759.433621,0.138261,280.536634,0.407034,0.435429,0.870857,1487.455227,102.968715,973.102471,77.049646,673.632007,8.751968,18.999939,284.494017,6.254181,59.690069,893.764313,19.648089,3.890377,95.546215,3.532123
d2_T012_02.10.23,field,Gladius,na,R5,T,52024,1133,5274,139,1182.510791,3694.553957,217309,1143,5477,235280,1139,5349,41747,1006.250126,5301.94275,106573,1079.258349,4934.854503,630263,667.9146515,6281.669901,104559,1311.660967,4040.146731,39223,1014.216327,5293.878974,1105,485,3464.884492,0.139976,621.448578,0.199985,0.18932,0.682604,6840.567224,119.838018,2177.326117,3226.717342,237.367071,0.800079,610.710233,81.81127,0.522651,1918.618704,257.065456,1.641956,96.925544,22.643913,0.268561
d13_13_G02_1_1_T,glasshouse_b1,5489,T1,R1,T,8774,1719,1518,60,2280.25,1442.35,10596,1839,1733,10895,1839,1733,8774,1702.781058,1521.819695,4448,1795.54384,1869.768435,519120,1875.878934,1045.491378,5011,1784.464378,1824.512672,10346,1684.831142,1396.207037,58,36,352.166492,0.102224,134.50401,0.410735,0.435429,0.598439,695.530325,48.302974,454.233661,32.67704,319.489452,0,7.605887,136.981178,0,23.894599,430.339062,0,1.477073,46.825902,0
d45_46_G06_1_2_S,glasshouse_b1,3811,T1,R2,S,12346,1451,3928,70,1241.971429,4071.357143,37692,1813,2852,41909,1809,2949,10175,1543.111646,3856.580344,22973,1229.314891,4427.070953,366524,1456.251075,3320.531812,26418,1242.211787,4334.600878,10117,1543.548878,3854.915884,604,374,1480.148153,0.252677,476.212346,0.370938,0.410526,1.54289,2821.276247,188.340247,1736.447122,528.12312,893.790248,58.234786,123.069457,381.974438,47.523254,386.634103,1200.186727,149.626292,24.079613,131.791581,32.469053
d09_34_G05_0_2_S,glasshouse_b1,Hartog,T0,R2,S,7920,2126,1052,68,1658.279412,430.8823529,14622,2126,1054,16759,2124,1045,7920,2122.49899,1052.107828,6901,1441.540356,810.665121,403463,1839.862186,333.3307366,8582,1485.81636,321.1429737,8106,2116.310387,1038.193314,100,52,440.467149,0.118056,166.888409,0.408219,0.435429,0.821052,869.513026,61.303399,566.625163,59.165763,379.459176,1.842209,12.768815,166.34339,1.250186,40.114414,522.583173,3.927576,2.33009,58.302123,0.671186
d15_14_G02_1_2_T,glasshouse_b2,5489,T1,R2,T,10533,2103,1702,63,1999.761905,1194.428571,11862,2152,2007,16397,2043,1495,10533,2066.419254,1725.735973,6176,1994.400907,1220.793556,368304,2033.816239,1027.09159,7343,1997.842299,1243.276045,10533,2066.419254,1725.735973,48,28,329.50843,0.084975,120.526421,0.40122,0.435429,0.598439,651.680218,42.622272,412.899021,34.400779,295.107651,0,8.138484,123.291357,0,25.567801,387.331221,0,1.605718,41.016554,0
d21_01_G01_0_1_T,glasshouse_b1,Gladius,T0,R1,T,10911,912,2588,60,2110.366667,2197.35,25135,2308,2872,26784,2303,2814,10911,926.2275685,2584.598479,9849,2380.284496,2728.045182,404515,2057.749928,1726.573378,9889,2349.456568,2607.020831,8804,886.1127896,2425.302476,141,89,666.247115,0.133584,264.694665,0.431334,0.435429,0.598439,1309.692947,101.857822,903.150745,61.162545,605.08457,0,13.815165,273.61954,0,43.401621,859.749123,0,2.636363,99.22146,0
d2_T017_02.10.23,field,Gladius,na,R6,T,19338,1430,5087,48,1209.5625,5549.875,176051,1228,4962,187661,1319,4871,15100,1371.883179,5102.75755,78570,1180.437597,4838.685682,661356,1702.183986,4791.093156,72996,1586.820661,3605.990767,12411,882.391991,6001.670131,1021,292,3339.537954,0.087437,600.504175,0.197864,0.18932,0.592667,6645.226511,113.061871,2084.128147,3138.183874,201.35408,0,594.056126,69.342467,0,1866.282361,217.845786,0,93.896265,19.165606,0
d6_T021_28.10.23,field,Gladius,na,R9,T,68948,181,2598,81,191.1234568,1277.061728,194389,915,1881,218214,915,2313,66321,173.2156934,2588.589662,110700,1205.750542,5269.683306,642780,273.0300367,3020.347783,122245,1208.645401,5165.796941,65325,171.7667509,2581.291512,1155,384,3506.201877,0.10952,638.493347,0.202021,0.18932,0.616383,6959.691742,123.103886,2226.999588,3267.05702,238.838252,0.306605,625.973197,82.651703,0.187544,1966.552796,259.857604,0.589188,99.999322,23.014464,0.0901
d25_28_G04_0_4_S,glasshouse_b1,Forrest,T0,R4,S,4000,2508,2911,54,1326.62963,672.6666667,15607,1340,2942,14301,1351,2670,4000,2513.5655,2913.87575,8297,2554.594673,2538.552127,391045,1470.930791,2729.758672,6103,1477.181222,559.6155989,4000,2513.5655,2913.87575,130,76,510.928482,0.148749,186.927868,0.400139,0.435429,0.725714,1003.123953,67.600438,645.036617,65.925221,443.794449,1.208812,15.912154,188.575653,0.833725,49.989505,592.427887,2.619224,3.174024,63.973402,0.453012
d05_03_G01_0_3_T,glasshouse_b1,Gladius,T0,R3,T,2557,1549,917,76,1655.434211,367.9342105,4792,1456,908,6992,1581,796,2557,1550.040673,916.8885413,2256,1531.962766,783.7220745,374271,1870.725151,877.0123574,4826,1643.250104,352.8760879,2711,1665.372556,433.7303578,41,23,173.75385,0.132371,64.774064,0.407013,0.435429,0.725714,342.361537,24.148616,223.216338,28.110197,144.942841,0.700812,6.602985,63.980939,0.468043,20.743889,201.002047,1.470402,1.284473,22.617537,0.246606
d49_29_G04_1_1_S,glasshouse_b2,Forrest,T1,R1,S,4094,882,4615,58,1522.465517,635.7241379,24444,2029,3930,26580,1064,3230,4094,887.7278945,4615.376649,10639,1484.341103,768.1471943,369009,872.6992594,3938.736849,8896,1548.115445,642.5,4094,887.7278945,4615.376649,230,132,587.797705,0.224567,196.018041,0.369313,0.410526,0.740086,1140.495955,70.850635,691.877226,155.577026,423.209736,9.010942,34.639341,179.680503,5.869385,108.822698,564.615313,18.439216,6.527643,61.307004,3.015988
d07_22_G03_1_2_T,glasshouse_b2,CALINGIRI,T1,R2,T,2429,1566,899,53,1563.471698,884.2830189,4959,1571,544,4668,1574,537,2429,1568.739399,896.9629477,3404,1573.646005,415.5890129,476869,1061.867991,877.3567667,1718,1614.696158,336.2398137,2402,1569.041216,899.0383014,35,13,134.150328,0.096906,48.995294,0.390417,0.410526,0.580571,267.539724,16.822578,165.629812,19.258986,114.891342,0,4.995946,47.72566,0,15.695228,149.934584,0,1.062164,15.760415,0
d21_27_G04_0_3_S,glasshouse_b1,Forrest,T0,R3,S,8300,736,2858,88,1430.227273,720.5681818,18647,747,2440,18647,747,2440,5385,2705.739276,2024.690251,5916,769.6776538,2140.185936,476373,831.3422864,2611.262236,13304,781.8871768,2268.184305,5360,2705.604851,2026.45597,105,65,472.804009,0.137478,170.269574,0.394228,0.435429,0.598439,930.994855,60.716492,587.980643,69.995263,402.808746,0,16.668482,170.458261,0,52.36558,535.615063,0,3.280506,57.435986,0
d41_37_G05_1_1_S,glasshouse_b1,Hartog,T1,R1,S,4749,2368,2583,60,2379.316667,2816.416667,7793,1090,2574,7793,1090,2574,4749,2382.81175,2583.421984,4333,981.5105008,2193.772675,194884,2582.584122,2630.143203,4429,2380.044028,2458.895913,4749,2382.81175,2583.421984,139,77,330.05592,0.233294,108.118283,0.365662,0.410526,0.598439,643.236511,37.762608,381.149161,92.736793,237.319127,0,21.064398,100.259148,0,66.175757,314.973404,0,4.032237,33.730371,0
d27_33_G05_0_1_S,glasshouse_b2,Hartog,T0,R1,S,5436,1336,3672,52,1309.288462,3607.076923,20532,1235,2774,23044,1240,2686,5436,1340.318801,3667.078366,11207,1480.639422,700.220041,393649,1059.533595,878.8341975,8746,1165.737366,2447.101189,5436,1340.318801,3667.078366,196,98,614.245231,0.159545,211.607213,0.380017,0.410526,0.725714,1204.472188,75.585642,737.886201,134.134489,475.237257,4.873486,30.303887,201.531476,3.04111,95.202468,633.129804,9.553929,5.769524,68.323531,1.492587
d25_25_G04_0_1_S,glasshouse_b1,Forrest,T0,R1,S,6566,1004,2830,52,713.9615385,3030.75,14327,709,2971,21028,1037,2658,6566,1015.560006,2832.420195,6174,826.6997085,2947.43505,476252,1257.706395,2758.772986,9401,810.6807786,3177.460377,5149,972.002719,2945.217906,99,59,481.76603,0.122466,182.440715,0.412162,0.435429,1.04664,945.760973,68.661722,626.459894,58.802021,411.988482,10.975528,13.349382,178.072329,7.986666,41.938321,559.430721,25.090851,2.546199,61.400127,4.715396
d49_35_G05_0_3_S,glasshouse_b2,Hartog,T0,R3,S,20352,1738,615,70,1694.471429,864.5571429,75554,1324,1304,75070,1532,1026,16107,1755.845595,619.4405538,48057,1728.038184,835.1720873,410535,1465.27051,368.7211419,45001,1736.200196,793.3382147,16073,1755.788403,619.2672805,1393,1077,2387.296172,0.451138,787.058334,0.414399,0.410526,2.960345,4242.550279,448.718885,3137.668583,894.718963,1198.93637,293.640839,193.301404,550.988497,254.214694,607.27427,1731.222496,799.171818,35.357844,206.443985,206.917055
d35_30_G04_1_2_S,glasshouse_b2,Forrest,T1,R2,S,2396,699,2277,112,750.9553571,2335.357143,13751,800,2583,11227,1749,2473,2396,703.0776294,2279.258765,7019,738.9092463,2530.586123,375977,872.0755498,2481.643577,5680,744.3286972,2354.671303,2190,694.2456621,2295.952055,94,34,303.431421,0.112052,95.847076,0.345728,0.324549,0.580571,602.662244,31.318858,332.469975,103.390205,200.041216,0,24.405622,81.422858,0,76.672524,255.797451,0,4.819529,26.499329,0
d43_48_G06_1_4_S,glasshouse_b2,3811,T1,R4,S,19403,1426,3248,47,1539.297872,3160.829787,35701,1215,3641,38011,1260,2074,19096,1448.134321,3248.171659,17989,1686.470899,2776.775807,699426,1599.66921,2855.911227,13690,1690.154858,4328.610957,15820,1399.565803,3091.183628,342,210,1094.989004,0.191783,362.432455,0.370276,0.410526,1.105375,2120.532738,130.906346,1282.564131,307.214047,770.865296,16.909661,71.360646,324.449313,12.419331,224.18608,1019.361572,39.016479,13.957597,109.571754,7.376995
d21_09_G02_0_1_T,glasshouse_b1,5489,T0,R1,T,7598,1099,2954,51,1030.176471,3162.215686,27349,2494,2826,27349,2494,2826,7598,1119.908792,2960.610819,9634,2374.068092,3478.994395,466448,915.7003117,2818.033948,11380,2357.775747,3408.982865,6673,2224.809831,3165.759029,122,78,692.46258,0.112641,274.595896,0.429146,0.435429,0.917964,1361.679385,103.963836,934.039807,45.664823,640.59522,6.202538,10.871519,282.252934,4.189652,34.153883,886.723743,13.16218,2.138347,99.565365,2.260123
d17_19_G03_0_3_T,glasshouse_b1,CALINGIRI,T0,R3,T,9823,1702,2289,62,1391.354839,1516.096774,17351,1446,2828,17974,1444,2789,9823,1690.336964,2291.928637,7238,1537.382288,3043.308234,389071,1072.844571,2619.580038,12329,1567.224187,2815.788223,7129,1453.072521,2890.338757,134,96,635.370418,0.151093,236.333958,0.408076,0.435429,0.725714,1246.163872,86.742821,820.842192,59.244225,575.570524,0.555669,15.176432,245.7409,0.364853,47.678166,772.017808,1.146218,3.181635,83.372009,0.189177
d09_12_G02_0_4_T,glasshouse_b1,5489,T0,R4,T,5392,1240,995,60,1488.466667,255.7166667,9922,1533,702,9391,1532,686,5392,1228.602745,994.7663205,5114,1402.163864,642.1120454,388856,1042.549273,874.5082036,5284,1541.326457,277.4089705,5392,1228.602745,994.7663205,59,43,286.16693,0.150262,114.454017,0.430101,0.435429,0.649099,559.975568,43.222955,388.493374,17.26434,268.624755,0.277834,4.058051,119.422889,0.180342,12.748743,375.17807,0.566561,0.798349,42.332667,0.091938
d29_03_G01_0_3_T,glasshouse_b1,Gladius,T0,R3,T,14035,1534,3275,60,1158.8,3712.233333,25643,1539,3719,26464,1542,3707,14035,1485.05928,3285.545921,11876,1228.708656,3898.129926,799067,1813.922007,2953.784613,16465,1689.933009,1050.464865,14552,1357.225742,1671.225399,195,127,917.779346,0.138377,345.890026,0.411952,0.435429,0.725714,1797.692979,128.888107,1191.421452,102.41458,811.112227,4.252539,24.089444,352.347087,2.771387,75.67922,1107.035663,8.706568,4.739848,122.724372,1.423887
d4_T006_14.10.23,field,3811,na,R3,S,56017,528,5885,47,1378.723404,5546.06383,224632,989,5341,282721,1204,2622,41114,1362.00107,5993.30216,126466,923.9782867,5964.04742,1328873,1115.697915,5763.876213,147085,899.0993711,5830.669518,41108,1361.897344,5993.417559,1277,507,4507.494605,0.112479,799.240337,0.195705,0.18932,0.61054,8925.864514,149.100429,2785.646792,4261.859165,245.550774,0.084667,803.138552,83.478256,0.051692,2523.134174,262.350222,0.162396,126.410652,22.66499,0.024787
d09_22_G03_1_2_T,glasshouse_b1,CALINGIRI,T1,R2,T,3456,1615,970,76,1596.447368,396.2105263,6868,1957,1143,7321,1952,1130,3456,1616.62963,970.0271991,2732,1997.677892,1319.341142,376886,1858.694255,875.2153516,2827,1996.05306,1311.966749,3456,1616.62963,970.0271991,49,23,202.710734,0.113462,78.683187,0.418549,0.435429,0.580571,400.027532,29.071098,268.000792,18.78834,183.922395,0,4.794318,80.479675,0,15.061794,252.938998,0,1.004805,28.066294,0
d49_25_G04_0_1_S,glasshouse_b2,Forrest,T0,R1,S,7664,1581,662,73,1393.123288,936.5479452,47240,828,3625,64527,948,3215,7424,711.9508351,3145.616514,33054,1392.288377,880.8460096,379169,1456.76467,330.1583938,22495,1492.262636,698.2423205,7424,711.9508351,3145.616514,628,420,1474.660737,0.284811,489.010214,0.386765,0.410526,1.603155,2776.272558,208.992265,1801.860428,482.844591,900.610648,91.205499,106.856654,393.992029,72.525798,335.70008,1237.972895,228.187454,20.04994,140.074827,48.867497
d05_37_G05_1_1_S,glasshouse_b1,Hartog,T1,R1,S,2246,1371,852,67,1510.761194,327.3880597,1764,1349,889,2236,1371,852,1908,1387.803983,818.1383648,929,1429.037675,741.8449946,318850,1456.441992,866.4616779,1147,1420.836094,759.8090671,1908,1387.803983,818.1383648,31,17,68.826827,0.246997,22.172438,0.348747,0.410526,0.52332,134.822483,7.416646,77.140627,19.552293,49.274534,0,4.449897,20.104727,0,13.979765,63.160861,0,0.846393,6.570253,0
d05_14_G02_1_2_T,glasshouse_b1,5489,T1,R2,T,1058,1808,806,82,1486.04878,305.0121951,2006,1577,333,2006,1577,333,1058,1808.414934,806.452741,778,1606.250643,366.718509,322306,1459.115077,286.4707607,1168,1467.536815,289.3159247,1518,1572.483531,319.4756258,16,12,60.070586,0.199765,21.514111,0.384244,0.410526,0.598439,117.720528,7.416164,72.80768,10.412565,49.658021,0,2.511346,20.664059,0,7.889625,64.918055,0,0.501768,6.914395,0
d43_12_G02_0_4_T,glasshouse_b2,5489,T0,R4,T,22990,1170,2717,82,1356.292683,2998.243902,67692,2109,3343,81764,2258,3057,22990,1264.724358,2686.413484,30020,1616.993238,944.4722518,467264,2580.122898,1775.0639,28142,1634.598287,902.0540118,22966,1264.694723,2686.064966,514,424,1820.184624,0.232943,666.863709,0.409911,0.435429,1.04664,3491.679946,262.218218,2348.299923,341.527819,1425.334629,53.322177,81.970171,625.686725,39.806632,257.516888,1965.726813,125.056222,16.362134,222.059655,23.796429
d31_13_G02_1_1_T,glasshouse_b2,5489,T1,R1,T,10005,1741,1736,62,1696.612903,1291.870968,21105,1780,2439,22149,1809,2368,10005,1733.036882,1740.91984,11286,1625.841042,926.1143009,366588,1562.645722,2102.590775,12879,1593.363305,984.8837643,10005,1733.036882,1740.91984,129,87,608.24228,0.143035,220.239191,0.397167,0.410526,0.725714,1190.303732,79.182871,758.620852,91.493648,511.43456,5.314072,23.617513,214.469437,3.389567,74.196605,673.775607,10.64864,4.9839,72.495529,1.703442
d05_24_G03_1_4_T,glasshouse_b1,CALINGIRI,T1,R4,T,2373,1530,727,42,1658.52381,326.9047619,4329,1526,674,4326,1526,674,2373,1529.977665,727.0851243,1602,1524.300874,788.0181024,288824,1460.047873,276.6598655,1480,1695.083108,350.4182432,2373,1529.977665,727.0851243,44,28,113.228241,0.247288,37.845876,0.368701,0.410526,0.615789,219.728336,12.912313,131.614759,29.431955,83.548512,0.247774,7.331713,34.409989,0.152577,23.033256,108.102168,0.479334,1.488591,11.34993,0.073792
d05_33_G05_0_1_S,glasshouse_b1,Hartog,T0,R1,S,3015,1239,718,68,1346.823529,258.3088235,3870,1219,813,4152,1222,797,3015,1248.869652,718.8912106,1716,1283.269231,691.8548951,224784,1397.975132,303.5999715,2185,1225.603204,779.4919908,2978,1247.635997,722.014775,29,11,153.568311,0.071629,50.764875,0.362601,0.410526,0.580571,305.431376,16.995138,174.57509,36.926191,116.64212,0,8.102884,47.466093,0,25.455962,149.119128,0,1.496499,15.498639,0
d49_19_G03_0_3_T,glasshouse_b2,CALINGIRI,T0,R3,T,18002,1725,2675,61,1041.557377,2424.786885,88150,1803,3785,132265,1730,3188,13019,1741.809432,3047.382518,51158,1596.618926,1008.342077,491261,1489.536906,2270.324445,51224,1571.535296,1014.64704,11856,1724.487179,2955.913968,880,684,2438.883028,0.280456,915.463607,0.429235,0.435429,1.622746,4585.44307,406.301439,3322.163629,564.256245,1733.714861,140.911922,141.224834,803.662986,112.436381,443.670901,2525.123026,353.369702,29.201238,301.736765,75.363436
d29_22_G03_1_2_T,glasshouse_b1,CALINGIRI,T1,R2,T,10388,1188,2759,57,2152,2852.105263,21324,1773,2496,29078,1933,3118,10388,1168.031671,2763.103677,9972,1924.321701,2299.923486,360725,2007.966504,2792.46508,9816,2216.803586,3978.027608,10170,1137.348574,2574.874533,121,87,746.057256,0.116613,277.10807,0.408852,0.435429,0.580571,1466.729832,100.596018,958.325351,61.057259,684.999997,0,15.503219,289.541215,0,48.704797,909.620554,0,3.236892,97.359126,0
d21_05_G01_1_1_T,glasshouse_b1,Gladius,T1,R1,T,9207,1401,3239,64,1522.546875,1984.578125,18667,1626,2143,22730,1383,2624,9207,1423.341805,3244.840665,9158,1444.131797,2752.762284,374426,1449.777668,2173.365138,8743,1504.710054,2169.44344,9207,1423.341805,3244.840665,117,69,618.431518,0.111573,231.146345,0.405896,0.435429,0.725714,1220.751661,83.221193,790.914506,68.205362,549.978382,0.247774,16.56932,235.012333,0.174253,52.054054,738.313019,0.547433,3.354714,79.769993,0.096485
d43_15_G02_1_3_T,glasshouse_b2,5489,T1,R3,T,12473,987,2660,94,1424.446809,4186.553191,59275,1411,3762,55463,1257,3883,11639,1028.570582,2680.188762,36105,1450.317878,4178.84354,533649,932.1715678,1838.972956,34860,1472.02992,4187.593718,11450,1028.976507,2685.288035,564,378,1494.485278,0.25293,508.796876,0.385165,0.410526,1.436841,2856.767938,196.62045,1816.910611,393.367255,1052.43349,48.684532,89.704831,451.810323,36.697419,281.816038,1419.613278,115.481294,17.183485,156.768651,22.668314
d27_11_G02_0_3_T,glasshouse_b2,5489,T0,R3,T,10682,1472,4068,60,1449.15,2381.016667,35948,1665,3380,41853,1546,2674,10682,1465.119921,4063.833739,16364,1487.973784,2596.120386,355443,1834.804919,3748.400112,11238,1455.695942,2508.939313,10682,1465.119921,4063.833739,204,144,848.140835,0.169783,327.435816,0.423035,0.435429,0.88287,1649.869618,127.459785,1129.836443,96.98808,733.187603,17.965151,21.549568,324.69939,13.389152,67.699965,1020.073217,42.06326,4.041874,115.503456,7.914455
d11_17_G03_0_1_T,glasshouse_b2,CALINGIRI,T0,R1,T,8178,2187,922,62,1299.032258,1924.693548,21179,1682,713,23539,1538,1493,8178,2159.905234,942.5195647,11616,1640.587982,490.0674931,387567,2057.723496,365.3836214,8552,1660.457788,413.465739,8178,2159.905234,942.5195647,107,73,490.119405,0.148943,194.717188,0.430736,0.435429,0.917964,956.125199,74.640527,667.442157,34.65835,451.443839,4.017216,8.454095,201.221301,2.778041,26.559323,632.15536,8.727474,1.713361,71.390445,1.536721
d41_12_G02_0_4_T,glasshouse_b1,5489,T0,R4,T,17578,2852,2269,56,1693.339286,994.7857143,44841,1860,2322,43928,2030,3571,17578,2804.590682,2281.690636,20150,2454.873945,3170.91871,471984,2583.353294,1774.530666,25091,1639.720697,864.6839106,14656,2007.613947,2950.585699,442,346,1617.54756,0.213904,600.96259,0.415367,0.435429,1.105375,3103.890376,238.282508,2114.728111,282.457027,1285.098464,49.992069,67.838699,568.503367,36.608593,213.121559,1786.363274,115.243278,13.552256,203.128904,21.601348
d5_T017_21.10.23,field,Gladius,na,R6,T,17697,1187,5046,48,1472.208333,2034.770833,182426,1151,5026,192386,1171,4946,17696,1190.957787,5046.624661,93988,1068.042388,4543.37774,466581,919.1424297,4732.362599,92068,1074.563312,4604.55623,11492,1199.992691,5086.85503,1044,363,3407.18831,0.106539,615.719199,0.199509,0.18932,0.863434,6762.901727,117.723938,2142.513085,3179.436922,226.408239,1.343149,602.512006,78.423159,1.007381,1892.926913,246.421392,3.164779,95.31571,21.807353,0.600875
d11_18_G03_0_2_T,glasshouse_b2,CALINGIRI,T0,R2,T,11253,1649,683,62,1446.064516,395.4516129,20105,1649,683,23343,1471,890,11253,1558.189283,700.3793655,8320,1450.691466,443.9551683,466296,1480.533176,440.2264699,7479,1453.441235,425.2293087,10667,1556.838849,716.7218524,69,45,438.326538,0.102663,162.290656,0.407983,0.435429,1.026315,858.999207,60.514756,563.748311,52.660855,376.923145,8.742538,13.189758,159.985578,6.226635,41.436848,502.749911,19.561552,2.724341,54.24274,3.547675
d35_28_G04_0_4_S,glasshouse_b2,Forrest,T0,R4,S,4483,2549,3040,59,982.7457627,1135.271186,25384,1479,3278,32793,1388,2923,4483,2553.661611,3039.932857,17130,1406.874548,823.7176883,377309,1453.517152,331.8714634,15173,1467.146247,759.2267185,4459,2553.976228,3038.255214,258,168,732.582585,0.229326,255.715091,0.385784,0.410526,1.133602,1418.346864,93.869781,896.973118,147.84121,571.815848,12.925526,34.430014,241.836977,9.218628,108.258674,759.753271,28.961173,6.664955,81.886948,5.317878
d29_40_G05_1_4_S,glasshouse_b1,Hartog,T1,R4,S,10006,2404,3100,67,2229.925373,2921.462687,17614,2429,2516,25751,2394,2955,10005,2389.69905,3095.458871,8600,2491.036279,2451.286395,401983,2197.043892,2693.965324,7922,2587.271775,1940.17281,9940,2389.750101,3093.95664,132,80,644.841261,0.124062,245.571596,0.415344,0.435429,0.870857,1267.178819,92.588236,844.786374,77.881013,560.461016,6.499232,17.978216,246.135554,4.790085,56.480232,773.257647,15.048494,3.495697,86.309673,2.782866
d41_48_G06_1_4_S,glasshouse_b1,3811,T1,R4,S,19216,1435,3232,63,1696.619048,4342.412698,28551,1236,2821,25125,1631,4031,19134,1452.663844,3236.502613,12570,1754.315752,4462.962132,504542,1704.621665,2735.575352,12431,1733.416378,4469.396911,11359,1474.70147,3288.256273,317,209,1028.72885,0.203163,345.77416,0.375329,0.410526,0.973648,1992.028394,124.490692,1220.950913,263.108075,754.242899,11.377875,62.499626,318.059664,8.081456,196.348366,999.213905,25.388642,12.419857,107.488968,4.581866
d17_25_G04_0_1_S,glasshouse_b1,Forrest,T0,R1,S,6253,1495,1863,61,650.0491803,2509.721311,7217,1537,1590,7817,1099,2570,6253,1464.206941,1847.589957,4147,647.6530022,2540.013263,520816,1410.246578,1516.972169,3271,1342.447264,630.6355854,6238,1464.586406,1846.736775,65,33,276.471685,0.119361,100.59756,0.397632,0.435429,0.821052,544.738893,36.858505,345.652114,53.217042,221.810508,1.444135,11.9535,97.009374,1.061611,37.553027,304.763936,3.335151,2.22296,34.018727,0.616818
d49_47_G06_1_3_S,glasshouse_b2,3811,T1,R3,S,6652,994,3377,75,1122.853333,3341.493333,55622,1322,3859,56159,1344,3829,6652,953.7094107,3362.945731,25902,1781.372519,2225.078218,331170,867.6656883,4316.967319,21444,1593.439004,3864.084965,6193,1130.513483,4582.874051,547,311,1498.903349,0.207485,493.486834,0.367851,0.410526,0.870857,2904.253858,180.096473,1746.562233,516.8646,953.754234,28.284515,123.169186,413.195282,19.509076,386.947411,1298.18486,61.429963,24.522239,144.876862,10.697372
d13_43_G06_0_3_S,glasshouse_b1,3811,T0,R3,S,6279,1386,1852,66,1437.333333,2254.545455,12516,1409,2020,14854,1611,1690,6279,1421.893932,1850.245103,5876,1528.187883,1667.339517,366993,1454.222615,1591.050391,6320,1639.292405,390.0906646,6233,1420.660677,1853.876143,90,64,402.177421,0.159134,149.777186,0.406084,0.435429,0.725714,787.649559,55.167875,515.528373,54.570112,347.226843,0.380466,12.848899,151.000893,0.247986,40.366007,474.383296,0.779071,2.51523,52.525047,0.127598
d5_T023_21.10.23,field,3811,na,R8,S,75316,550,3947,77,908.1168831,6126.038961,271178,980,4845,324337,841,4471,56443,544.019967,3798.235831,141097,990.5116126,4299.71791,503936,362.6023205,3481.665793,246666,933.1693464,3715.66914,55372,545.2867334,3799.709817,1498,761,4615.572432,0.164877,837.216964,0.202433,0.18932,0.677333,9095.268985,163.636477,2936.468404,4280.450202,334.748493,0.373737,816.918706,117.518786,0.244088,2566.457654,369.243926,0.766824,130.27575,33.23525,0.125477
d45_31_G04_1_3_S,glasshouse_b1,Forrest,T1,R3,S,4548,2095,3700,62,2375.467742,3132.403226,17786,789,2480,17786,789,2480,4548,2098.908751,3697.584213,10874,626.5236344,2071.690086,415046,326.1444298,3120.991413,9466,1586.909465,601.676104,4548,2098.908751,3697.584213,277,157,719.782671,0.218121,231.641406,0.360764,0.410526,1.133602,1393.523807,83.749093,822.224313,243.283106,455.442132,21.057433,56.295459,190.34467,15.037309,176.857402,597.985418,47.381493,10.949471,64.104614,8.695008
d17_34_G05_0_2_S,glasshouse_b1,Hartog,T0,R2,S,6431,853,2589,73,1662.657534,725.6164384,20416,944,1897,22757,1928,2204,6431,853.4815736,2589.266522,10867,2261.052452,2758.718506,350356,1446.197042,1334.159335,9716,2294.850453,2799.76832,7182,2120.020189,1334.123225,142,68,673.106335,0.101024,258.875058,0.415204,0.435429,0.821052,1331.270983,95.35036,877.521464,74.829259,594.822823,3.454253,16.763848,260.044634,2.481966,52.665181,817.058955,7.797328,3.165648,90.764475,1.420237
d09_16_G02_1_4_T,glasshouse_b1,5489,T1,R4,T,5059,1609,1216,79,1532.886076,502.6582278,4216,1655,1324,6907,1544,1045,5059,1608.507808,1216.302827,2457,1674.370777,1418.416361,369292,1451.977024,1347.599084,1946,1685.814491,1458.027749,3728,1640.3978,1320.439378,33,15,139.72197,0.107356,54.693768,0.417466,0.435429,0.598439,276.715402,19.934426,183.509088,15.207437,124.514533,0,3.481151,54.931606,0,10.936358,172.57273,0,0.665103,19.269322,0
d21_19_G03_0_3_T,glasshouse_b1,CALINGIRI,T0,R3,T,11525,1721,2631,58,1612.068966,2082.293103,20512,1459,3239,21040,1459,3224,10068,1449.244636,3128.719507,10463,1477.819363,2686.683074,752688,1394.274189,2520.878036,15333,1611.481576,2802.833953,10068,1449.244636,3128.719507,119,75,768.954458,0.097535,283.712402,0.405543,0.435429,0.580571,1519.217165,102.858954,984.124348,80.228568,688.72589,0,21.198389,292.058121,0,66.596702,917.527646,0,4.545984,98.312971,0
d4_T004_14.10.23,field,3811,na,R1,S,46441,1440,5189,87,643.908046,3583.068966,204910,1145,5140,239296,1087,4935,43424,1415.172808,5148.098793,89754,1210.367861,3111.767721,523981,1377.640121,5082.470332,169180,1293.809913,5289.092186,40779,1425.291964,5101.62927,1055,389,3614.790579,0.107613,641.996924,0.196969,0.18932,0.677333,7173.187392,120.206092,2238.120225,3422.63629,191.925088,0.229202,645.160003,67.08868,0.14919,2026.829926,210.821606,0.468694,101.243395,18.8863,0.076397
d33_25_G04_0_1_S,glasshouse_b1,Forrest,T0,R1,S,4987,2202,3157,59,759.2881356,3873.559322,18292,871,3461,26579,1019,2894,4987,2201.927812,3156.962503,12115,863.8245151,2805.64837,378248,871.4560474,2832.710465,13564,839.6732527,2906.019316,4960,990.1879032,3015.768145,181,107,669.188363,0.159895,242.079832,0.39617,0.435429,0.649099,1313.183973,88.137814,838.540929,101.657554,567.047711,0.483097,23.102807,243.509739,0.303322,72.579608,765.008406,0.952914,4.407857,83.580283,0.149674
d3_T022_08.10.23,field,3811,na,R7,S,41707,857,5210,72,931.125,3647.222222,180284,1224,5246,186388,1213,5228,41705,856.5586381,5209.955257,79974,1407.246105,4227.76795,320726,906.5503296,4896.32732,158736,1171.525886,5396.757112,38825,850.5990728,5199.398661,1022,421,2919.123791,0.144221,533.841226,0.203505,0.18932,1.365209,5769.703029,107.853852,1869.967671,2676.69438,237.798273,4.631138,508.305956,82.220601,4.65702,1596.890257,258.446954,14.630461,81.05676,22.924688,3.872404
d09_09_G02_0_1_T,glasshouse_b1,5489,T0,R1,T,8534,1769,1281,55,1981.709091,1764.836364,7252,1938,1574,8005,1662,1022,8534,1778.151863,1276.954769,3165,1956.513744,1674.462243,401394,1496.087263,926.4783529,4945,1582.055814,290.2770475,8534,1778.151863,1276.954769,52,26,239.199879,0.108696,94.367158,0.423524,0.435429,0.580571,471.797894,35.083401,318.091698,21.451601,217.748278,0,4.881578,96.336845,0,15.33593,302.755768,0,0.934097,34.149304,0
d45_18_G03_0_2_T,glasshouse_b1,CALINGIRI,T0,R2,T,21719,1109,2586,71,1078.112676,3031.84507,54544,1621,2232,53764,1348,2181,21719,1189.365763,2586.131728,24892,1086.99779,2066.442793,427203,1411.465044,2198.433749,33623,1031.911013,2679.085061,15809,1166.399962,2254.905687,474,362,1807.180154,0.200312,655.077031,0.406466,0.435429,1.231578,3467.528688,265.344397,2319.972194,516.108307,1214.346301,76.725546,123.383208,559.393145,55.649043,387.619781,1757.385394,174.967019,24.701711,208.2083,32.434386
d33_41_G06_0_1_S,glasshouse_b1,3811,T0,R1,S,5311,1433,3335,54,1397.537037,2112.777778,27220,1540,2100,36637,1381,2816,5157,1430.96529,3324.346713,15520,1435.127706,3538.772358,373556,1458.11678,2644.361263,16342,1433.0462,3516.646677,5138,1431.0761,3324.32464,315,199,998.60167,0.199279,344.357442,0.386095,0.410526,1.248566,1928.999962,128.21511,1220.527864,255.688029,716.038043,26.875598,65.920678,303.027026,19.505036,207.095919,952.155068,61.276878,13.911111,102.82915,11.474849
d29_37_G05_1_1_S,glasshouse_b1,Hartog,T1,R1,S,4933,2362,2581,59,1044.881356,2142.932203,7299,2366,2665,7302,2366,2665,4933,2376.245084,2581.098926,4148,967.807377,2208.770733,362009,2568.588347,2124.287816,4371,973.643331,2197.394875,4933,2376.245084,2581.098926,79,39,283.011355,0.137804,101.350686,0.39173,0.435429,0.598439,558.590731,36.441089,350.5648,49.475006,233.536349,0,11.434944,100.153297,0,35.923937,314.640862,0,2.224691,34.216398,0
d33_35_G05_0_3_S,glasshouse_b1,Hartog,T0,R3,S,5704,1439,4221,65,1222.646154,3828.061538,22209,1263,3740,19641,853,1967,5704,1443.867987,4211.529102,10760,1313.812825,3668.542472,350048,1459.404045,3380.024697,12285,1327.03606,3562.397884,3869,998.5590592,2208.623417,318,198,799.768192,0.247572,274.680162,0.381657,0.410526,0.781618,1542.610387,101.96763,968.65684,198.274599,595.55946,5.934133,44.93597,259.439826,3.933699,141.170514,815.128247,12.358079,8.553209,91.355311,2.059111
d11_09_G02_0_1_T,glasshouse_b2,5489,T0,R1,T,5742,1989,1876,62,1975.854839,1989.064516,12750,1974,1725,11696,1572,670,5742,1988.885057,1875.587252,5297,2466.454031,1530.341136,454188,2031.161746,1655.092426,5177,1587.717983,319.2476338,5742,1988.885057,1875.587252,81,45,315.542304,0.142612,122.554067,0.418343,0.435429,0.615789,621.903621,45.54227,415.005217,36.894361,278.575372,0.072571,8.446738,123.608837,0.044689,26.536209,388.328614,0.140394,1.610625,43.910032,0.021613
d11_21_G03_1_1_T,glasshouse_b2,CALINGIRI,T1,R1,T,3984,1279,1313,50,1805.18,1527.02,13147,1795,1669,13554,1471,1632,3984,1277.235442,1313.385793,5636,1723.100071,1562.057665,364350,1458.543508,1013.710644,4540,1794.039868,1557.693612,3984,1277.235442,1313.385793,95,47,337.649981,0.139197,123.328259,0.401617,0.435429,0.929368,664.809667,45.003845,427.727341,48.351217,287.679426,1.619338,11.771698,123.131804,1.24634,36.981879,386.829971,3.915492,2.391473,41.848347,0.764025
d07_02_G01_0_2_T,glasshouse_b2,Gladius,T0,R2,T,4221,1213,1000,55,1190.618182,1134.2,7692,1385,428,10178,1303,588,4221,1213.237148,999.8073916,4651,1557.110084,317.8110084,357327,2031.171927,888.0755079,3389,1608.594276,301.6417822,4221,1213.237148,999.8073916,44,30,196.686421,0.152527,80.721366,0.444619,0.435429,0.598439,383.76372,32.357835,277.248549,16.052507,180.633914,0,3.70808,84.542874,0,11.649278,265.599271,0,0.722091,31.635744,0
d29_18_G03_0_2_T,glasshouse_b1,CALINGIRI,T0,R2,T,17852,1133,2443,61,1384.032787,1239.885246,34647,1340,2114,32708,1324,2159,17850,1204.864874,2478.904706,13449,1125.472972,1909.917466,439606,1425.013471,1174.39219,18028,1415.181662,1030.198414,18466,1205.407235,2311.194574,189,135,992.637387,0.136001,365.297492,0.406703,0.435429,0.821052,1943.583772,136.046303,1270.003486,150.78893,833.396206,8.452252,38.264834,360.192505,5.797325,120.212522,1131.578129,18.212835,7.980305,124.915484,3.150515
d37_27_G04_0_3_S,glasshouse_b1,Forrest,T0,R3,S,11050,764,3240,65,743.2153846,3170.015385,26732,744,3053,26732,744,3053,11050,849.2247964,3220.585611,10224,728.6837833,3065.992958,489629,840.438916,2321.926287,16335,751.4276706,2655.282277,5882,923.1989119,3690.742945,227,159,766.280023,0.207496,278.577455,0.408255,0.435429,1.231578,1476.760492,109.503542,990.342577,123.110774,621.235802,21.933447,30.150796,268.435902,16.649135,94.72152,843.316257,52.304799,6.120645,93.142216,10.240681
d3_T002_08.10.23,field,Gladius,na,R2,T,213563,1263,5464,55,692.5818182,6337,364057,1260,5458,368781,1429,5339,163525,1382.570873,5317.552203,183085,1254.442319,5205.081875,1185793,904.4910621,5355.218083,364506,1312.03784,5437.28343,154213,1414.273181,5339.288821,1607,1169,5975.323728,0.195638,1125.961906,0.213197,0.18932,0.723392,11626.02322,235.805552,3990.581983,5322.83009,649.240719,3.25292,1036.310438,231.748437,2.106468,3255.728957,728.23536,6.617666,167.950256,66.780495,1.074801
d41_41_G06_0_1_S,glasshouse_b1,3811,T0,R1,S,30343,1295,3684,58,2377.396552,2730.603448,58540,1191,3887,61174,1203,3848,30343,1306.731305,3686.856277,39177,1295.321541,3639.248437,615335,1242.357693,3623.572553,57568,1208.473961,3909.578846,20981,1254.800248,3748.275916,785,637,1977.999924,0.322042,702.982136,0.4105,0.410526,1.369275,3683.556426,300.807289,2577.880563,489.262402,1368.745549,119.991972,120.822266,606.806483,92.574301,379.574344,1906.71038,291.595839,24.715022,217.795357,58.29691
d21_47_G06_1_3_S,glasshouse_b1,3811,T1,R3,S,6750,1465,2116,61,1548.983607,2512.459016,10656,1429,2417,10652,1467,1765,6750,1465.022667,2115.917333,5800,1527.414483,2496.614828,442420,1533.034124,1715.367456,7000,1531.116,2439.982143,6750,1465.022667,2115.917333,79,47,417.583409,0.112552,148.039204,0.390084,0.410526,0.725714,822.851038,52.123017,514.524063,52.127068,364.930732,0.525609,13.265918,150.168864,0.343313,41.676112,471.769401,1.078551,2.771729,49.174751,0.176537
d25_15_G02_1_3_T,glasshouse_b1,5489,T1,R3,T,12677,970,2621,75,922.1733333,2033.613333,15283,933,2413,17151,970,2659,12677,1029.857853,2630.983513,8884,941.6462179,2823.567875,598744,954.7696344,1932.621559,7936,911.9440524,2761.192288,12892,1026.418942,2617.46556,138,100,553.977042,0.180513,206.983128,0.411088,0.435429,0.870857,1076.193434,78.088501,717.187734,67.893195,478.710737,7.373111,15.266996,207.835961,5.184989,47.962683,652.935927,16.289124,2.895422,72.314632,2.878447
d21_43_G06_0_3_S,glasshouse_b1,3811,T0,R3,S,10104,1799,3104,52,1777.865385,2595.134615,22133,1729,2425,30427,1784,2736,10104,1773.662906,3095.51158,11976,821.6445391,3314.172512,419632,851.899786,2822.317411,12955,804.47912,3267.924199,10104,1773.662906,3095.51158,157,108,807.329083,0.133774,309.266004,0.413987,0.435429,0.725714,1587.462588,113.969678,1054.340417,87.975002,718.961163,0.392917,21.136708,314.206639,0.263631,66.402928,987.10927,0.82822,4.209082,109.620884,0.139712
d43_27_G04_0_3_S,glasshouse_b2,Forrest,T0,R3,S,10607,764,3220,54,1453.037037,655.2222222,34227,933,3749,46638,754,2996,10607,850.9981145,3203.595644,20221,1458.582068,729.3695663,496326,845.3559556,2321.246642,21158,1439.909538,773.8370356,8127,1427.454534,630.253353,315,233,940.930517,0.247627,342.040132,0.414262,0.435429,1.563236,1790.767078,146.061249,1234.208782,183.21908,703.027127,54.68431,45.262532,300.785505,46.769391,142.196437,945.081971,146.930374,9.248691,103.440483,33.372075
d37_06_G01_1_2_T,glasshouse_b1,Gladius,T1,R2,T,5885,1514,1618,75,1935.373333,1328.986667,19921,1848,1327,19650,1614,1312,5885,1518.522175,1623.240102,10283,1675.803657,1522.452592,361516,1880.000479,1469.600964,11934,1715.772331,1487.42115,5885,1518.522175,1623.240102,266,144,818.392654,0.175955,258.875058,0.351901,0.324549,1.338151,1599.111522,89.485762,909.225926,360.990879,452.676454,4.725322,90.678517,194.674817,4.062267,284.874963,611.588974,12.761989,18.743971,67.788577,2.953213
d1_T006_27.09.23,field,3811,na,R3,S,44091,1816,6111,98,1268.744898,6195.204082,225280,1291,5380,301476,1179,2738,36308,1817.050347,6074.105624,142515,1390.161793,5902.645946,794996,1924.608652,5702.282668,190981,1124.497002,3210.944837,33535,1812.425943,6094.169465,977,291,2752.800239,0.105711,488.891495,0.196009,0.18932,1.129594,5469.538746,92.287495,1702.702389,2613.391395,136.631863,2.776981,492.947542,46.602213,2.406836,1548.640376,146.500715,7.561299,77.795418,12.79942,1.692657
d45_39_G05_1_3_S,glasshouse_b1,Hartog,T1,R3,S,6475,1526,2621,70,1716.714286,2355.928571,30224,1705,2346,26605,1043,3190,6475,1535.201081,2624.992896,12287,1705.610238,2421.70717,385499,1456.108527,2108.83623,13871,1448.359815,2693.365583,6447,1534.792462,2625.722817,370,222,908.015803,0.244489,317.297588,0.390997,0.410526,1.161143,1748.753682,123.192823,1127.968455,223.705026,652.073072,32.237705,53.134305,281.217787,24.691419,166.926342,883.471734,77.570379,10.552273,97.440456,15.200095
d37_09_G02_0_1_T,glasshouse_b1,5489,T0,R1,T,13691,766,4445,48,794.9583333,4544.291667,39417,2218,3175,31738,2194,4555,12579,807.2982749,4391.034184,14369,793.6912798,4446.927622,494949,855.9056489,4016.155751,21257,2426.73317,4077.723056,12034,809.0746219,4387.944158,336,214,1208.132071,0.177133,445.381598,0.408345,0.435429,1.016,2346.521811,173.318728,1551.819955,231.779985,945.156169,31.195918,50.510881,421.417873,22.030879,158.684612,1323.923294,69.212049,9.333641,151.652783,12.332303
d27_20_G03_0_4_T,glasshouse_b2,CALINGIRI,T0,R4,T,18001,1790,2354,51,1579.235294,1362.333333,40867,1139,3689,45102,1077,3373,18000,1859.369833,2340.8965,19367,1535.994733,4197.555739,595456,1548.661763,3550.952336,12363,1852.977433,2571.115587,18001,1859.363146,2340.94867,195,137,1096.194402,0.124978,390.751029,0.394988,0.435429,0.917964,2151.080404,141.212827,1362.26961,183.031793,905.80195,7.360659,47.201832,381.245644,5.176408,148.288929,1197.718515,16.262166,9.955873,128.375316,2.881637
d09_40_G05_1_4_S,glasshouse_b1,Hartog,T1,R4,S,1402,1338,485,64,1218.46875,892.859375,2345,1373,432,3349,1305,580,1402,1340.425107,486.2339515,1004,1218.787849,892.1583665,311043,1452.80484,283.0305199,1304,1567.08589,415.6157975,1639,1573.516779,388.8669921,33,21,84.419369,0.248758,28.43444,0.374751,0.410526,0.615789,163.887523,10.123767,99.94534,22.107765,62.166461,0.145143,5.223934,26.500278,0.089377,16.411474,83.253079,0.280787,1.025403,9.055138,0.043226
d49_01_G01_0_1_T,glasshouse_b2,Gladius,T0,R1,T,10242,938,2642,51,1978.098039,1115.039216,81628,1320,3763,90489,1306,3639,9621,2166.565222,2510.728718,29251,2032.018837,1246.787153,664196,922.2684524,2489.482588,41493,695.7648037,3263.655171,7382,953.1402059,2719.344216,594,384,1916.234344,0.200393,708.348814,0.408917,0.435429,1.026315,3711.408105,275.549512,2473.132567,368.820352,1525.966664,21.447329,82.405338,689.820806,14.928632,258.884004,2167.348883,46.899681,15.565504,251.656435,8.327573
d17_36_G05_0_4_S,glasshouse_b1,Hartog,T0,R4,S,4764,1171,1878,61,1279.04918,1005.655738,18421,1072,2208,18414,1072,2208,4764,1185.763434,1880.541982,6955,862.8330697,2803.074047,384877,869.3417066,2229.331363,7836,1343.719245,940.2378765,4598,772.4849935,2832.688125,154,84,499.062718,0.168316,184.036498,0.399887,0.435429,0.725714,977.642167,67.73252,632.059237,88.226164,408.789082,2.047472,20.485509,179.310672,1.361214,64.357124,563.425732,4.276381,3.993828,63.025295,0.713397
d27_09_G02_0_1_T,glasshouse_b2,5489,T0,R1,T,9959,758,4260,94,2349.053191,2479.585106,40077,2295,3950,50532,2069,2646,9959,780.6413295,4268.305452,18758,2390.705619,3970.859793,377012,886.5769737,3936.74487,14237,2335.349301,3278.685257,9959,780.6413295,4268.305452,206,136,924.122387,0.147167,368.636524,0.437138,0.435429,1.016,1803.533696,147.549634,1270.248827,84.256617,812.866544,26.999226,18.370576,366.67526,19.286923,57.712868,1151.944304,60.591656,3.405459,133.219885,10.924289
d31_35_G05_0_3_S,glasshouse_b2,Hartog,T0,R3,S,5567,1423,4241,95,1630.084211,677.4526316,25611,1266,3476,33794,1190,3209,3813,1652.794388,475.5129819,14270,1564.006097,737.2105116,354264,1459.31214,3371.10252,12869,1571.448209,667.3478126,3811,988.0139071,2236.600892,263,167,721.645814,0.231415,253.113384,0.391552,0.410526,0.917964,1390.53101,96.570806,894.718244,165.703212,543.280322,12.66228,37.391839,238.856506,8.549318,117.469926,750.389843,26.858475,7.104577,84.870299,4.59593
d27_44_G06_0_4_S,glasshouse_b2,3811,T0,R4,S,12798,1235,3542,56,1576.357143,877.125,38541,1274,1320,42448,1184,3037,12798,1197.659165,3541.226754,19360,832.788688,2197.627479,558339,916.1626592,1169.933361,11065,858.3451423,2619.460371,7817,820.2489446,1411.839452,252,177,1112.278309,0.159133,399.251341,0.394212,0.435429,0.781618,2174.534856,144.42962,1380.113854,198.137635,909.252601,4.888073,46.39224,389.552875,3.358769,145.745519,1223.81645,10.551884,9.116532,133.490386,1.822701
d1_T002_27.09.23,field,Gladius,na,R2,T,133683,873,5567,104,1036.461538,5249.403846,373986,1227,5467,382680,1385,5339,112576,906.3271479,5650.926405,191967,1213.763694,5199.663807,796481,900.6888739,5082.818867,374371,1276.816618,5449.396967,109982,902.899038,5667.476833,1569,1260,6075.20385,0.2074,1163.196598,0.217511,0.18932,1.06087,11769.21507,251.885653,4139.638847,5349.028067,714.07541,12.100372,1052.174705,256.91953,8.491856,3305.599869,807.279827,26.759151,172.154104,74.940579,4.790971
d27_34_G05_0_2_S,glasshouse_b2,Hartog,T0,R2,S,6621,2120,1331,88,1536.727273,565.75,30411,1577,1140,42147,1954,2369,6621,2119.615768,1332.046368,16494,1564.612283,750.3314539,464401,1921.359179,976.2913323,12882,1541.770998,656.9784195,6564,2121.714503,1336.996039,184,108,834.701481,0.129388,307.896685,0.402535,0.435429,0.821052,1640.584659,112.302605,1058.684867,108.511465,717.695252,8.494763,25.616141,305.440063,5.895677,80.475482,959.68757,18.521815,5.059991,104.007607,3.235008
d49_05_G01_1_1_T,glasshouse_b2,Gladius,T1,R1,T,12824,1367,4003,85,1272.752941,2990.376471,76188,1323,3703,109580,1282,2757,10582,1393.249575,4109.236534,44653,1292.71545,2721.520816,490451,1376.261553,3885.78069,57655,1131.293747,3296.118619,6704,1449.957339,4337.384397,995,585,2348.451268,0.2491,740.880678,0.357451,0.324549,1.298197,4520.890124,275.10162,2655.16675,936.915008,1348.447368,63.088893,215.333583,581.631745,48.140913,676.490402,1827.437208,151.239139,41.647016,203.756396,29.698208
d37_30_G04_1_2_S,glasshouse_b1,Forrest,T1,R2,S,2210,701,2287,80,752.9,2416.6875,8130,778,2483,8130,778,2483,2210,704.6692308,2289.830317,6439,780.8526169,2332.366051,379091,873.9507717,2492.282204,5491,744.2150792,2391.483883,2038,696.5078508,2305.286555,105,41,316.344496,0.129606,98.274984,0.338983,0.324549,0.615789,627.74205,31.644983,341.083064,120.641209,195.600656,0.102631,29.206731,79.300181,0.063199,91.755651,249.128867,0.198547,5.879177,25.73524,0.030566
d49_33_G05_0_1_S,glasshouse_b2,Hartog,T0,R1,S,11697,1340,578,48,2186.25,2419.041667,63625,2002,2906,82214,1775,2554,9149,1354.496994,574.9351842,42767,1511.536652,785.0606776,381523,1456.62147,331.5166976,41864,1534.668235,782.0601233,9150,1354.496393,574.9278689,771,519,1716.440107,0.30237,614.592583,0.419044,0.435429,2.21075,3201.108989,301.382905,2281.167418,490.874232,1068.585455,156.980419,105.724957,486.381046,133.525203,332.144749,1528.526724,420.495945,19.417045,179.3732,102.59266
d27_26_G04_0_2_S,glasshouse_b2,Forrest,T0,R2,S,6655,1417,3106,52,1586.807692,2848.423077,27144,1420,3056,27152,1420,3056,5110,965.909589,2565.387476,9582,1216.753287,2732.694845,399297,1455.935484,364.3452192,7123,2015.385933,2867.593149,5110,965.909589,2565.387476,139,87,534.133641,0.162881,202.917303,0.41525,0.435429,0.781618,1045.580198,76.401639,702.274846,59.759152,473.19058,1.183909,14.43038,208.304959,0.805688,45.334376,654.409328,2.531142,2.890021,73.078151,0.433468
d45_02_G01_0_2_T,glasshouse_b1,Gladius,T0,R2,T,8475,1880,3597,48,1265.0625,2855.6875,38184,1653,4060,39587,1681,4013,8475,1825.450973,3587.055103,17247,1707.09967,2241.679133,612812,2078.345777,2540.807677,20511,1548.181415,4388.979084,8475,1825.450973,3587.055103,510,348,1420.259393,0.245026,507.643488,0.402967,0.435429,1.056656,2723.324753,199.300709,1808.249981,283.466099,1105.871305,30.921989,63.133373,490.157679,22.138057,198.339342,1540.221489,69.68915,11.859537,174.732801,12.708371
d35_19_G03_0_3_T,glasshouse_b2,CALINGIRI,T0,R3,T,9817,1486,3184,50,1840.7,884.24,46350,1503,1598,45672,1503,1594,9817,1471.507793,3183.545482,23576,1638.044113,1056.952027,649355,1516.26532,2410.72864,28528,1572.543256,1167.360628,9817,1471.507793,3183.545482,266,182,1277.033857,0.142518,473.299909,0.407987,0.435429,0.870857,2503.289292,176.514386,1645.2892,203.748464,1064.943951,8.341442,54.069986,463.892398,5.749434,169.865871,1457.36095,18.062379,11.664984,161.719151,3.130251
d15_21_G03_1_1_T,glasshouse_b2,CALINGIRI,T1,R1,T,9711,1868,2353,57,1706.947368,2110.877193,18389,1822,2150,19680,1800,1834,9711,1868.942539,2353.465658,7718,1377.038741,1880.212361,349607,2037.598154,2077.66801,5167,1815.103155,1728.591446,9711,1868.942539,2353.465658,104,62,499.854721,0.124036,174.451264,0.388254,0.435429,0.740086,983.177225,62.126782,610.351189,96.598917,400.753157,2.502646,24.229242,168.278378,1.773198,76.118408,528.662115,5.570666,5.023172,56.114424,0.989187
d45_41_G06_0_1_S,glasshouse_b1,3811,T0,R1,S,42182,1188,3853,59,1267.627119,3592.474576,76524,1190,3981,75430,1190,3981,23968,1034.304364,4017.873456,44809,1336.731103,3638.291705,640108,1215.891161,3668.359138,73658,1229.446469,4001.123761,23952,1033.782189,4019.142243,1199,942,2858.831956,0.329505,967.408203,0.39492,0.410526,1.747751,5315.043099,415.964236,3575.757576,916.225438,1729.841285,212.765234,212.726039,762.460842,162.764267,668.29856,2395.551813,511.907204,41.501789,272.77366,101.688787
d21_30_G04_1_2_S,glasshouse_b1,Forrest,T1,R2,S,2231,775,2278,80,731.5875,2222.3125,7610,830,2181,7610,830,2181,2231,795.6284177,2281.486329,3809,752.1512208,2204.883959,375751,872.5927542,2481.728615,3758,751.9912187,2202.664715,2199,795.884493,2278.730787,56,18,216.440222,0.083164,72.784581,0.367473,0.410526,0.580571,431.305755,24.731215,251.451885,52.908629,163.531593,0,12.682538,67.357083,0,39.843368,211.608517,0,2.544549,22.186666,0
d19_19_G03_0_3_T,glasshouse_b2,CALINGIRI,T0,R3,T,12029,1732,2287,63,1449.063492,1064.650794,25132,1499,1401,24968,1499,1401,12029,1718.348657,2287.186882,13570,1463.473029,1100.486146,732540,1464.54741,2355.890751,13017,1574.99516,3053.638165,8997,1472.154607,3019.463043,132,84,714.435188,0.117575,261.318766,0.401667,0.435429,0.580571,1408.289998,94.494854,906.50692,96.314156,618.121032,0,25.158079,263.392035,0,79.036437,827.470483,0,5.356894,89.13796,0
d15_33_G05_0_1_S,glasshouse_b2,Hartog,T0,R1,S,3360,1225,882,51,1197.45098,2353.745098,13733,1259,2273,13542,1259,2280,3360,1229.100298,882.078869,6036,1073.647614,1041.408714,365852,1456.865727,2197.073598,9177,1156.630598,2304.436744,3360,1229.100298,882.078869,86,36,367.712464,0.097903,134.946406,0.398691,0.435429,0.580571,731.195156,48.784764,462.736175,57.700113,310.012351,0,13.302758,133.990741,0,41.791847,420.944328,0,2.574434,46.21033,0
d13_45_G06_1_1_S,glasshouse_b1,3811,T1,R1,S,3653,1529,1252,63,1439.174603,1380.68254,10040,1557,1500,10051,1557,1500,3653,1524.546126,1251.726526,4035,1501.728377,1254.954399,372024,1025.397703,1465.303738,4698,928.1796509,853.9957429,3653,1524.546126,1251.726526,103,71,306.097552,0.231952,111.041253,0.39623,0.435429,0.725714,593.7554,40.240221,384.113965,46.123017,259.594068,0.380466,11.099635,110.882924,0.251404,34.870533,348.453622,0.78981,2.210953,37.898273,0.130995
d25_22_G03_1_2_T,glasshouse_b1,CALINGIRI,T1,R2,T,10116,2166,2567,66,1944.5,2283.863636,18552,1788,2226,23736,2171,2738,10116,2160.974397,2567.309806,8038,1914.22207,2020.189102,726800,2010.466914,1519.630382,9219,1914.200998,1695.248834,9392,1144.956346,2440.710285,119,79,637.446699,0.123932,231.172678,0.401841,0.435429,0.580571,1255.641706,83.005137,805.049638,64.951214,572.495485,0,17.110567,239.073404,0,53.754432,751.295206,0,3.661946,79.343191,0
d35_08_G01_1_4_T,glasshouse_b2,Gladius,T1,R4,T,18136,1888,2110,48,2031.333333,1551.479167,31696,1805,1291,31022,1797,1282,18136,1925.447067,2101.318869,14503,1751.082604,1450.246087,476051,1982.480369,1189.064073,12404,1804.323767,980.729684,7593,1590.375346,2051.557355,258,180,856.440713,0.210172,291.859851,0.378239,0.410526,0.740086,1663.834403,105.995444,1019.882788,305.273997,540.207545,10.959171,79.200328,238.07073,7.367716,248.815168,747.921256,23.146364,16.750573,85.339293,3.905578
d05_41_G06_0_1_S,glasshouse_b1,3811,T0,R1,S,2253,1573,819,61,1720.163934,522.852459,3407,1487,432,4497,1576,676,2253,1564.804261,820.6307146,1710,1399.882456,467.4935673,219527,1463.887016,240.6073786,3115,1632.637239,248.9640449,2242,1564.909456,819.8412132,34,16,137.241206,0.116583,47.489043,0.376687,0.410526,0.580571,271.838895,16.271079,162.82101,30.969658,106.271547,0,7.474377,44.35316,0,23.481447,139.339563,0,1.500405,14.770674,0
d15_46_G06_1_2_S,glasshouse_b2,3811,T1,R2,S,4723,1662,1513,70,1625.871429,620.6285714,12590,1728,1914,14775,1685,1817,4723,1676.055473,1513.400381,5553,1570.557897,1420.992977,364050,1461.802137,1020.043928,4723,1676.615287,1528.956384,4723,1676.055473,1513.400381,63,31,295.059616,0.105064,110.99912,0.406408,0.435429,0.598439,583.618229,40.019383,378.277161,33.154095,261.905521,0,8.042861,112.366499,0,25.267393,353.009769,0,1.631235,38.388148,0
d19_29_G04_1_1_S,glasshouse_b2,Forrest,T1,R1,S,3132,238,1757,69,1385.202899,733.5652174,7166,273,1699,7255,1281,2018,3132,240.9262452,1757.542146,4011,295.7434555,1669.752929,327550,280.4510334,1479.163419,2534,214.5217048,1807.32281,2972,243.2648048,1749.826716,62,26,197.1791,0.13186,64.126271,0.356519,0.410526,0.580571,388.397028,21.687225,223.380702,52.5303,144.648801,0,11.978491,59.102242,0,37.631539,185.749164,0,2.302518,19.384707,0
d35_04_G01_0_4_T,glasshouse_b2,Gladius,T0,R4,T,19918,2050,3513,66,1590.924242,653.2272727,55145,1640,1258,49191,1641,1164,19531,2040.890123,3521.853054,31423,1626.403081,796.8873437,495076,1500.420511,463.1253282,29755,1626.602016,775.2938666,19432,2040.542096,3515.013689,477,403,1384.471364,0.291086,502.271543,0.423164,0.435429,1.603155,2587.213164,221.589256,1847.02599,253.438618,1049.319516,81.713229,60.48421,458.143174,69.232266,190.016749,1439.509663,217.499578,12.026424,161.190086,48.372746
d7_T012_04.11.23,field,Gladius,na,R5,T,86100,758,5764,81,542.5679012,6321.753086,201339,966,5697,200691,866,5673,77498,753.1242355,5768.675914,91081,676.7186021,6204.227391,719613,496.9476149,5735.180298,116491,849.0216412,6157.087938,75484,751.2943935,5754.499868,1009,424,3307.837514,0.12818,598.989841,0.201588,0.18932,0.616383,6547.151622,115.950331,2095.12606,3080.909116,226.681662,0.246737,587.434308,79.292671,0.152084,1845.495229,249.153044,0.477787,93.58962,22.287086,0.073625
d45_03_G01_0_3_T,glasshouse_b1,Gladius,T0,R3,T,12980,1542,3275,62,1773.564516,2442.145161,46925,1900,4032,47590,1900,4031,12980,1494.607858,3289.35547,21577,1670.384298,3276.455207,648463,1489.563079,2895.718849,31080,1707.325064,2224.135682,13730,1367.994173,1690.241442,430,292,1741.969384,0.167626,650.869008,0.411368,0.435429,1.016,3395.508959,249.46874,2258.061267,305.200907,1413.825072,22.943405,73.803242,628.941293,15.985381,231.859722,1975.98199,50.219555,14.875955,225.713028,8.879756
d25_43_G06_0_3_S,glasshouse_b1,3811,T0,R3,S,13335,1766,3341,46,643.6956522,1760.152174,27608,1774,2669,33809,1810,3020,13335,1778.765129,3342.541207,14357,1785.366929,2416.654594,424603,851.4013231,2799.743947,17954,755.9699788,3623.146318,13335,1778.765129,3342.541207,217,143,1001.321145,0.142811,387.327731,0.423243,0.435429,0.740086,1957.393151,148.294497,1336.759184,93.404523,904.122278,3.794344,21.741465,401.039753,2.612398,68.302827,1260.249266,8.207091,4.244825,142.630667,1.419005
d09_33_G05_0_1_S,glasshouse_b1,Hartog,T0,R1,S,3180,1238,717,52,1393.269231,202.25,7085,1247,652,7070,1247,652,3180,1242.55,716.6679245,3749,1123.398773,782.0098693,355314,1455.463317,770.7702089,3437,1120.095432,794.3418679,3180,1242.55,716.6679245,51,25,196.191024,0.127427,70.683203,0.390594,0.410526,0.580571,387.94097,24.926997,241.71452,30.977837,165.213187,0,7.607513,69.332609,0,23.899706,217.814814,0,1.543092,23.383904,0
d37_21_G03_1_1_T,glasshouse_b1,CALINGIRI,T1,R1,T,29604,1864,3631,60,1598.016667,3622.383333,27237,1779,4223,27904,1783,4216,18801,1861.913994,3274.094144,13437,1720.85979,3993.248493,559033,1945.604013,2745.756966,13933,1579.589823,1811.433431,19199,1862.521017,3235.521746,262,214,1102.83707,0.194045,380.128272,0.38785,0.410526,0.870857,2135.129617,138.169257,1349.551304,229.352627,858.370207,15.114236,60.639019,358.459775,10.375177,190.503098,1126.313234,32.734972,13.028331,119.462734,5.678192
d15_47_G06_1_3_S,glasshouse_b2,3811,T1,R3,S,6069,1418,1842,76,1516.684211,760.9736842,14120,1409,1726,12661,1413,1687,6069,1417.211237,1841.507827,6168,1278.80869,1449.220169,599954,1386.917559,1315.832215,4696,1318.752342,1396.022572,6069,1417.211237,1841.507827,78,46,331.141104,0.138914,122.011606,0.402537,0.435429,0.88287,650.687869,44.675004,422.03779,41.371024,286.664096,3.105984,10.062192,122.077555,2.199053,31.61131,383.517951,6.908529,2.033931,41.408668,1.232406
d27_45_G06_1_1_S,glasshouse_b2,3811,T1,R1,S,9158,784,2366,57,1047.245614,1500.859649,26268,1283,1763,25292,1296,1732,9158,783.8009391,2365.683228,13306,1082.390651,1515.482188,390624,858.4644901,1520.099669,12139,1602.534146,3391.78046,9158,783.8009391,2365.683228,220,104,719.034834,0.144638,246.198323,0.376389,0.435429,0.649099,1413.694947,86.09829,851.006408,163.451728,555.275212,0.307894,35.175242,235.434078,0.196435,110.506281,739.883008,0.61712,6.428941,79.570859,0.098489
d43_32_G04_1_4_S,glasshouse_b2,Forrest,T1,R4,S,5066,581,2521,52,647.4423077,2288.884615,22207,481,3207,26611,517,2977,5066,581.1405448,2520.7197,10596,1494.854379,713.4457342,376711,2587.81073,2771.829474,9092,1410.147382,687.5868896,5066,581.1405448,2520.7197,245,133,591.88078,0.224707,194.553923,0.364789,0.410526,0.870857,1147.128675,69.597379,685.444548,178.05833,405.768272,8.054177,40.597297,171.858954,5.632686,127.540168,540.208776,17.695604,7.799508,58.678101,3.11977
d07_42_G06_0_2_S,glasshouse_b2,3811,T0,R2,S,1979,1334,615,74,1354.864865,291.5810811,7354,1433,423,7565,1428,415,1979,1336.525518,615.3572511,2795,1164.90161,893.5856887,356798,1454.17668,765.9501455,3012,1172.747012,881.1626826,1979,1336.525518,615.3572511,64,36,181.865277,0.197949,60.013047,0.362399,0.410526,0.598439,354.542274,20.314441,209.542584,41.446616,140.418661,0,10.188281,56.511195,0,32.007429,177.535155,0,2.071786,18.242655,0
d31_08_G01_1_4_T,glasshouse_b2,Gladius,T1,R4,T,9934,1984,2631,51,1846.333333,2017.098039,23756,1804,1248,23581,1802,1245,8722,1937.913437,1603.074753,10479,1711.837866,875.7679168,417765,2003.33128,2095.460939,12643,1869.203591,1496.207546,7878,1626.018406,2075.371922,233,145,721.886268,0.200863,240.836911,0.371603,0.410526,0.870857,1403.153381,85.622979,845.591598,239.278859,471.032449,11.57496,61.337924,199.752324,8.0033,192.698771,627.74972,25.143107,12.875594,68.374186,4.373199
d07_23_G03_1_3_T,glasshouse_b2,CALINGIRI,T1,R3,T,3705,1538,1147,79,1821.886076,350.9746835,4210,1757,297,4210,1757,297,3705,1540.333333,1146.980027,2144,1609.754198,308.0410448,330437,1453.893962,877.7410278,1884,1800.039809,328.5180467,2022,1521.310089,1283.13996,37,21,118.167005,0.177715,41.685236,0.381974,0.410526,0.580571,231.627548,14.332945,142.580867,18.426367,99.740637,0,4.501633,40.883266,0,14.142298,128.438569,0,0.90874,13.424205,0
d6_T010_28.10.23,field,Gladius,na,R3,T,17115,792,5166,74,1439.689189,6141.27027,140702,1199,5343,150688,1176,5237,9673,776.9310452,5328.650264,58122,1450.806596,6024.88519,386450,1054.44089,5893.500326,125610,1252.416894,5477.574023,7582,771.1656555,5260.203376,673,226,1807.012623,0.125068,318.289686,0.194969,0.18932,0.598684,3590.293177,59.397386,1110.567387,1699.925048,107.087576,0,317.749982,35.741673,0,998.241009,112.326378,0,49.892231,9.505155,0
d7_T008_04.11.23,field,3811,na,R4,S,35811,1136,6445,57,754.0877193,3769.368421,182675,957,3000,238461,894,3456,33120,719.8345713,3104.590187,103955,1109.133971,6174.75879,466765,1141.574503,2639.595809,102898,878.1500418,2789.967842,31592,728.148392,3102.601956,966,500,3154.366026,0.15851,588.255096,0.20864,0.18932,0.846667,6211.575149,119.235957,2065.359975,2855.045725,297.590135,1.730166,550.801896,105.413403,1.177589,1730.446722,331.213747,3.699506,88.536796,30.063464,0.635696
d49_20_G03_0_4_T,glasshouse_b2,CALINGIRI,T0,R4,T,23266,2150,1142,75,644.8,2400.173333,98311,1517,1544,119578,1867,2978,17705,1879.135555,2360.857385,50148,1511.91232,1008.12485,464983,951.8252775,1960.695468,50156,1725.242204,1038.353637,17705,1879.135555,2360.857385,810,666,2639.878836,0.252284,968.777523,0.415892,0.435429,1.596571,5001.577201,407.892231,3477.021668,581.003977,1922.252311,136.622547,138.888588,862.206542,105.401502,436.331368,2709.24312,331.44718,27.710329,313.07083,67.111072
d17_09_G02_0_1_T,glasshouse_b1,5489,T0,R1,T,7806,1925,2042,62,2113.467742,1789.322581,16722,2079,2803,17111,2050,2722,6353,1954.295766,2149.657012,7161,1201.75576,2728.377042,388248,2141.512446,2571.629487,6997,2230.500357,3050.514077,6353,1954.295766,2149.657012,114,70,550.034319,0.127265,217.806016,0.426644,0.435429,0.615789,1083.81514,82.194446,738.367847,44.855337,504.828576,0.350406,9.91847,224.895539,0.215776,31.159793,706.530173,0.67788,1.855242,80.234846,0.104358
d15_07_G01_1_3_T,glasshouse_b2,Gladius,T1,R3,T,12248,1417,1651,54,1428.296296,1682.222222,18313,1600,1116,19563,1381,2163,12248,1416.529311,1651.426764,10560,1690.050284,1338.751042,451200,1418.503382,1163.540492,6792,1526.105565,1270.968934,12248,1416.529311,1651.426764,78,54,520.152106,0.103816,192.87914,0.407888,0.435429,0.846321,1025.601755,70.181135,668.854869,48.559868,470.878976,0.713263,12.978217,199.390699,0.534201,40.772271,626.404356,1.678243,2.80132,67.064781,0.315034
d11_01_G01_0_1_T,glasshouse_b2,Gladius,T0,R1,T,5532,2008,1915,57,1561.701754,433.7368421,13361,1886,1710,15366,1853,1652,5532,2009.56833,1913.909255,7360,1660.738723,463.3574728,527136,1701.449905,1634.635051,7071,1659.175788,453.0625088,5532,2009.56833,1913.909255,103,59,353.244381,0.167023,136.715987,0.424184,0.435429,0.725714,690.257147,53.14583,471.676155,45.541561,307.412535,0.290286,10.311322,139.599204,0.205104,32.393974,438.637826,0.644354,1.963287,51.068473,0.11407
d43_14_G02_1_2_T,glasshouse_b2,5489,T1,R2,T,22498,2415,3188,67,2040.597015,1845.373134,45946,2024,2177,47234,2196,2144,22498,2383.553471,3201.938706,21567,2152.605926,2922.060926,423275,2077.210773,1281.473201,22466,2145.170346,2914.893172,22303,2382.934986,3197.03152,279,193,1124.273654,0.171666,404.433688,0.399621,0.435429,0.725714,2188.789408,152.234409,1410.677982,255.921001,852.713694,15.63896,62.637895,375.812474,10.535272,196.782752,1180.649708,33.245522,12.751482,133.838663,5.644264
d35_43_G06_0_3_S,glasshouse_b2,3811,T0,R3,S,25350,660,3892,55,714.0181818,3632.4,56981,1606,3705,56416,1606,3705,25350,721.2560158,3874.348323,25913,1764.283912,2530.829275,576028,1226.417816,3362.78641,26931,707.2823512,4028.332628,23961,731.0134802,3837.792955,402,290,1514.998796,0.191419,559.746083,0.411453,0.435429,1.563236,2923.013882,220.77255,1964.761244,273.516735,1211.853907,29.628155,62.232734,538.962523,24.174362,195.5099,1693.305346,75.945998,11.916847,192.447839,16.407863
d15_12_G02_0_4_T,glasshouse_b2,5489,T0,R4,T,10258,1087,1558,62,1594.903226,593.1451613,18711,1733,2085,19455,1725,2069,10258,1108.593391,1568.784071,10139,1552.806687,689.3272512,533335,1061.732806,1164.088498,13424,1496.967744,800.5363528,10258,1108.593391,1568.784071,81,51,478.281199,0.106632,188.391987,0.426582,0.435429,0.615789,942.864373,70.91559,641.195668,37.749746,440.458881,0.072571,8.942676,195.111555,0.044689,28.094246,612.961028,0.140394,1.764525,69.129452,0.021613
d13_18_G03_0_2_T,glasshouse_b1,CALINGIRI,T0,R2,T,11969,1173,1550,73,1427.246575,436.5068493,17975,1436,945,18006,1436,945,11969,1199.331105,1544.723703,7293,1260.016454,850.6539147,408760,1054.046805,923.4115716,9607,1408.341522,378.530967,11969,1199.331105,1544.723703,86,58,506.165136,0.114587,191.420289,0.415016,0.435429,1.026315,991.851275,72.141506,662.14159,46.209292,448.755309,11.200536,11.356977,191.070005,8.339232,35.678996,600.264123,26.19847,2.30328,64.876496,4.96173
d33_03_G01_0_3_T,glasshouse_b1,Gladius,T0,R3,T,13421,1552,3276,64,1609.109375,1235.421875,28499,1567,3966,27827,1367,2540,13421,1503.22964,3288.545786,15576,1261.290383,4187.414548,394937,1495.033038,2795.622669,20074,1733.280811,1097.262429,14231,1378.233785,1660.371021,201,141,1060.258512,0.132986,390.477165,0.403521,0.435429,0.725714,2082.082306,142.975367,1344.957155,168.502919,887.901129,3.854464,42.475772,383.105409,2.531978,133.441572,1203.561138,7.954444,8.811694,132.852457,1.311215
d49_43_G06_0_3_S,glasshouse_b2,3811,T0,R3,S,24314,822,3881,104,1650.730769,868.5673077,154362,1614,3715,181992,1781,3463,24230,745.5153529,3850.566612,59871,1746.962336,969.0024219,613361,429.0945821,3188.531592,91383,2155.696661,3856.771062,24025,744.3664516,3851.154256,1820,1533,3704.285512,0.413845,1331.810371,0.437892,0.435429,2.362754,6629.576173,719.796299,5155.627183,1034.859183,2137.990408,531.435922,230.564479,969.630669,440.241338,724.339673,3046.949824,1384.337686,43.462139,357.191125,319.143036
d3_T005_08.10.23,field,3811,na,R2,S,15967,1661,4882,64,1837.546875,3488.484375,174162,1276,5349,174581,1277,5349,15264,1678.015134,4876.58484,83281,1645.751684,4804.269509,501902,1853.07036,4799.005814,87436,1561.052827,4955.377945,12530,426.4992019,6176.632961,897,274,2642.656279,0.103684,466.232042,0.194543,0.18932,0.61054,5254.810805,86.346421,1621.13128,2509.141827,133.412251,0.102202,469.84398,46.099706,0.062398,1476.058396,144.876855,0.19603,73.51054,12.80596,0.029921
d05_32_G04_1_4_S,glasshouse_b1,Forrest,T1,R4,S,1752,1406,666,55,1556.909091,267.9454545,1720,1405,669,2319,1431,613,1752,1405.888699,666.234589,899,1435.509455,601.2502781,320686,1454.440973,287.6364325,879,1565.0876,257.403868,1752,1405.888699,666.234589,15,9,61.376354,0.146636,23.984152,0.4173,0.435429,0.580571,121.205941,8.869035,81.329331,5.360856,56.015498,0,1.358604,24.529326,0,4.268181,77.06115,0,0.282493,8.586542,0
d37_05_G01_1_1_T,glasshouse_b1,Gladius,T1,R1,T,15584,1318,3756,60,1348.266667,3337.35,32198,1636,2483,33035,1627,2541,15584,1443.777464,3745.735498,13805,1373.018761,2214.167258,298977,1314.262465,3440.545213,17931,1346.80648,2639.347443,5761,1380.254817,2604.449575,337,205,1177.125855,0.174153,409.157839,0.385714,0.410526,0.917964,2297.63965,149.140982,1431.442521,286.522493,876.062404,14.540958,70.268238,375.036758,10.33731,220.754179,1178.212724,32.475618,14.305987,129.011181,5.823814
d09_28_G04_0_4_S,glasshouse_b1,Forrest,T0,R4,S,3270,1694,974,78,1595.051282,300.7564103,7655,1601,626,7642,1233,596,3270,1685.097248,974.3152905,3278,1684.969799,973.6766321,366125,861.4022287,864.5812578,7112,1537.936727,331.2173791,3270,1685.097248,974.3152905,83,55,211.079519,0.260565,77.192736,0.40236,0.410526,0.649099,406.225001,28.978462,269.935909,29.678845,180.699862,0.700812,7.130652,78.355229,0.437388,22.401603,246.160211,1.374095,1.423672,27.340277,0.214513
d27_37_G05_1_1_S,glasshouse_b2,Hartog,T1,R1,S,4769,2380,2577,61,2383.836066,2419.442623,12273,1104,1996,12117,1099,2020,4769,2394.973789,2577.341371,5748,1036.898747,2099.149095,167029,2581.190147,2629.30924,4447,995.4198336,2188.166179,4769,2394.973789,2577.341371,96,42,324.420618,0.129462,108.492212,0.36809,0.410526,0.598439,642.340233,37.478947,376.281343,86.674241,237.746377,0,19.213416,100.560655,0,60.360727,315.920617,0,3.612348,33.866599,0
d11_48_G06_1_4_S,glasshouse_b2,3811,T1,R4,S,5858,1315,1413,65,1423.076923,847.3230769,10068,1314,1417,10799,1321,1387,5858,1319.785592,1415.215773,6709,1618.53391,434.4766731,411750,1446.544889,1024.588614,6052,1645.870952,420.6870456,5858,1319.785592,1415.215773,99,65,283.770973,0.229058,105.532376,0.406996,0.435429,0.615789,550.19295,39.860595,367.525159,38.58627,245.009499,0.175203,8.927599,107.951405,0.107888,28.046878,339.139341,0.33894,1.740469,38.067947,0.052179
d45_11_G02_0_3_T,glasshouse_b1,5489,T0,R3,T,22626,1565,3915,57,2825.087719,3400.684211,42884,1621,3374,41369,1698,3715,14227,1471.364307,4198.401982,19860,1481.273917,4222.364955,506268,1892.770068,3416.340302,24992,2949.954866,3581.192782,14052,1469.624466,4203.33497,476,334,1414.296996,0.23616,510.476925,0.404882,0.435429,1.105375,2701.556397,202.794208,1806.321154,312.839186,1047.490669,53.967141,70.851352,465.153113,38.787785,222.586087,1461.395598,122.339469,13.545464,166.909175,22.33957
d27_42_G06_0_1_S,glasshouse_b2,3811,T0,R2,S,12764,940,3001,51,1275.823529,4115.27451,37505,1075,1682,40229,1729,2019,12764,887.5216233,2991.315967,16340,863.5743574,2254.616769,356409,1947.302941,2101.162807,15789,876.4725442,2189.305656,12764,887.5216233,2991.315967,245,151,1013.288896,0.14902,378.337624,0.407038,0.435429,0.870857,1980.728703,142.461668,1308.911283,140.732446,862.567747,9.988703,31.261095,378.328,7.050306,98.209626,1188.552467,22.149191,5.869497,132.648334,3.943838
d05_01_G01_0_1_T,glasshouse_b1,Gladius,T0,R1,T,4453,1696,885,64,1562.984375,318.609375,4036,1638,484,3766,1708,936,4356,1700.748852,892.6166208,2045,1671.065037,772.7070905,372255,1454.768651,805.2827685,1955,1609.920205,390.7258312,4354,1700.774231,892.7675701,53,39,132.607467,0.294101,51.691799,0.427497,0.435429,0.725714,252.416943,20.657647,180.088147,17.817872,112.742123,2.047472,4.025703,51.91354,1.384595,12.647118,163.091196,4.349833,0.763663,19.154959,0.739025
d25_09_G02_0_1_T,glasshouse_b1,5489,T0,R1,T,7657,1100,2921,70,2409.928571,3814.842857,32533,2188,3000,30766,2438,3121,7657,1119.419616,2927.176962,10672,2340.347358,3105.694153,347253,2119.112627,3751.916251,13085,2274.672144,1976.233703,6428,809.2896702,4017.004512,144,90,823.561735,0.109281,327.167219,0.430769,0.435429,0.725714,1622.678313,124.626241,1114.842152,54.710097,766.073294,2.778344,12.79094,340.314301,1.760038,40.183922,1069.128906,5.529323,2.49113,121.257184,0.877927
d07_05_G01_1_1_T,glasshouse_b2,Gladius,T1,R1,T,3684,1594,907,58,1655.362069,191.3103448,7072,1866,321,9081,1610,691,3684,1594.344191,907.2738871,3275,1528.528855,1019.642443,342723,2040.254232,293.5860593,2830,1540.936042,722.9865724,3672,1594.35158,907.6963508,39,23,197.136955,0.11667,70.857001,0.389964,0.435429,0.615789,387.860953,24.617694,241.637012,31.155176,165.003133,0.978646,7.795175,68.517635,0.602639,24.489265,215.2545,1.893248,1.602908,22.723326,0.29146
d07_27_G04_0_3_S,glasshouse_b2,Forrest,T0,R3,S,3982,1444,534,60,1397.35,301.6833333,9538,1453,398,8002,1459,350,3982,1418.503767,534.2656956,3510,1391.229345,286.9344729,389274,1825.569391,269.0379296,2609,1358.783059,702.8440015,3967,1418.469876,534.7393496,58,40,178.354443,0.224273,62.751685,0.383753,0.410526,0.598439,345.871208,22.206459,217.993172,24.900697,153.453746,0,6.00334,63.386042,0,18.860048,199.133124,0,1.200121,21.006338,0
d19_34_G05_0_2_S,glasshouse_b2,Hartog,T0,R2,S,7222,2127,1289,52,1718.115385,717.4807692,27092,1578,1181,27154,1581,1182,7222,2123.577541,1289.145804,13941,1533.756904,801.1215838,448483,1911.934611,951.2201042,14869,2264.06712,2685.387316,7073,2128.785805,1301.138696,136,66,711.610086,0.092747,272.073189,0.413377,0.435429,0.821052,1407.807838,99.477981,924.302033,74.95075,633.059939,3.599396,17.4965,274.241149,2.476826,54.966877,861.553979,7.781177,3.412778,94.709046,1.356157
d35_11_G02_0_3_T,glasshouse_b2,5489,T0,R3,T,14541,1420,4258,69,1543.188406,2357.492754,37698,1647,3693,45756,1463,2900,14541,1435.342824,4254.051716,18256,1515.19862,2734.713519,383190,1449.966197,3878.007135,12902,1409.251821,4361.65672,11071,1397.350104,4381.990877,259,189,980.658489,0.192728,366.256015,0.411608,0.435429,1.248566,1897.506125,140.584634,1272.357026,133.611901,820.121184,26.925403,30.692943,353.937721,20.373156,96.424724,1111.928145,64.004158,5.932499,122.297951,12.354183
d7_T011_04.11.23,field,Gladius,na,R4,T,86828,1546,5861,67,1471.358209,3966.432836,264953,1274,5656,240520,1226,5791,71957,1548.96409,5817.584738,108947,1642.001505,5807.230387,847724,723.7763317,5546.959482,113315,1643.606716,5793.89673,70082,1547.022345,5826.410847,1295,602,4399.941268,0.13682,781.926752,0.198218,0.18932,0.682604,8672.267761,148.97647,2742.683471,4123.291694,275.93717,0.712403,777.36895,95.143039,0.46294,2442.208432,299.020669,1.45437,122.359766,26.380085,0.236619
d35_18_G03_0_2_T,glasshouse_b2,CALINGIRI,T0,R2,T,20827,1195,2269,82,1421.365854,1169.195122,44473,1368,1496,47036,1325,1784,18492,1199.557917,2318.664774,22283,1535.415608,1034.866131,597827,1416.492275,1815.622836,22767,1030.118461,2401.550929,18367,1199.172157,2319.284859,241,153,1125.195416,0.135976,396.038708,0.387075,0.435429,0.781618,2207.810112,142.729995,1372.495712,290.386754,826.451748,8.356914,72.408728,358.804076,5.66615,227.478728,1127.216249,17.800735,14.904144,124.793623,3.032228
d07_14_G02_1_2_T,glasshouse_b2,5489,T1,R2,T,3301,1930,915,61,1971.836066,1071.836066,3434,1930,915,3434,1930,915,3301,1922.66495,918.7973341,1552,1536.485825,229.7918814,318484,2028.824437,881.9560041,1731,1539.481225,237.2853842,3301,1922.66495,918.7973341,18,8,89.936201,0.088952,33.348189,0.395699,0.410526,0.52332,178.998523,11.529906,111.541273,12.232009,77.704192,0,2.687106,32.817584,0,8.441793,103.09948,0,0.498563,11.031343,0
d4_T002_14.10.23,field,Gladius,na,R2,T,204975,1025,5501,75,246.2133333,3340.56,359147,1135,5471,380452,1349,5264,85743,864.3060192,5391.724596,176320,1113.858536,5203.421348,940089,532.0595039,3291.213901,291981,1041.875554,5675.056144,81616,851.448466,5417.616166,1543,1190,5898.957957,0.201731,1119.133962,0.214676,0.18932,0.935174,11462.86035,237.021641,3970.290706,5217.173124,675.75794,6.026892,1019.434307,240.126698,4.092133,3202.679177,754.755714,12.855814,165.785282,69.020587,2.215772
d21_33_G05_0_1_S,glasshouse_b1,Hartog,T0,R1,S,4758,1324,3591,62,1287.612903,801.516129,15675,1601,2973,20269,1259,2525,4758,1328.249895,3590.811055,9257,1169.248137,2370.428757,345186,1454.248996,3076.453338,10089,1281.401725,786.2009119,4758,1328.249895,3590.811055,105,41,497.850367,0.082354,182.546047,0.400239,0.435429,0.725714,986.771794,65.835949,627.427606,67.946906,428.882304,1.021157,16.040851,183.02495,0.60592,50.393821,574.989839,2.043946,3.165645,62.343575,0.326729
d17_11_G02_0_3_T,glasshouse_b1,5489,T0,R3,T,6510,1328,2559,59,1659.661017,1235.322034,20306,1526,2561,20305,1526,2561,6510,1328.101382,2559.014286,8280,1474.600121,2587.129106,381818,1457.949172,2219.785542,10352,1400.523764,2467.755506,6510,1328.101382,2559.014286,91,53,532.711477,0.099491,205.866606,0.41516,0.435429,0.580571,1053.170315,75.171381,693.531715,63.563812,469.147665,0,14.942583,205.815418,0,46.94351,646.588205,0,2.942179,72.229201,0
d41_38_G05_1_2_S,glasshouse_b1,Hartog,T1,R2,S,4170,2169,1835,66,1005.742424,2346.80303,23103,957,2317,20237,905,2345,4170,2170.288489,1833.434053,11286,854.3638136,1944.236576,396961,907.1679838,1630.699877,12619,758.1673667,2754.382518,3752,872.4248401,1673.422708,312,162,754.268901,0.214778,246.514319,0.36184,0.410526,0.649099,1471.212652,86.321484,865.483197,244.725471,508.28695,1.256481,58.039815,216.651553,0.800489,182.337458,680.630928,2.514811,11.50622,74.414472,0.400792
d09_23_G03_1_3_T,glasshouse_b1,CALINGIRI,T1,R3,T,6090,1507,1302,64,1525.265625,1151.65625,5295,1566,925,7590,1532,1166,6090,1509.629885,1302.243842,3097,1478.962867,1533.404908,387517,1453.160919,989.325498,2515,1612.741948,298.7168986,4256,1489.373825,1445.065085,72,56,183.144006,0.30577,68.43436,0.410191,0.435429,0.615789,349.808622,26.147956,239.485679,23.436817,159.604557,0.102631,5.691268,70.476192,0.063199,17.879644,221.407488,0.198547,1.140291,24.9771,0.030566
d4_T011_14.10.23,field,Gladius,na,R4,T,55035,741,6271,86,918.2325581,5577.930233,217108,1057,5711,218236,1057,5711,46854,770.5952533,6332.710078,110532,1055.549162,6296.357082,581745,475.6353798,6064.345995,141823,900.9713023,6082.64553,38749,797.8183695,6313.736277,1191,487,3802.697681,0.128067,677.550616,0.198188,0.18932,0.83387,7521.543159,128.907338,2370.487596,3565.262962,236.066772,1.367947,672.966037,80.553574,0.971555,2114.201081,253.234286,3.052229,106.285975,22.074625,0.546739
d31_21_G03_1_1_T,glasshouse_b2,CALINGIRI,T1,R1,T,22532,1923,3285,68,1709.205882,2903.308824,33510,1429,2099,33831,1429,2099,22532,1856.93507,3303.281821,14942,1672.452416,2986.036207,533957,1980.358134,2551.088573,15161,1573.082251,1609.685707,21264,1859.118322,3357.791996,193,167,1013.164117,0.16483,351.5885,0.389537,0.435429,0.740086,1976.404829,126.219626,1242.365381,191.916818,815.022879,6.224419,51.52763,339.69974,4.229813,161.878823,1067.198208,13.28835,11.183963,112.769735,2.265928
d3_T004_08.10.23,field,3811,na,R1,S,47818,1414,5188,71,609.1267606,4578.267606,203085,1133,5125,221052,1100,5020,33267,1434.624553,5123.934981,91879,1175.234863,3089.7786,470473,1942.452542,4487.124889,170953,1270.435038,5269.555521,32833,1438.106478,5116.733926,1022,381,3643.493095,0.10457,646.57756,0.196622,0.18932,0.682604,7225.725337,120.224599,2251.339116,3453.880052,189.010105,0.602938,651.167464,65.028008,0.389829,2045.718847,204.395587,1.224682,102.111116,17.915201,0.198283
d27_23_G03_1_3_T,glasshouse_b2,CALINGIRI,T1,R3,T,18028,1561,2997,64,1720.0625,3148.1875,23944,1433,1897,25328,1429,1941,7543,1564.378364,3849.375182,12998,1800.288352,2739.378981,395127,859.1051814,1565.857952,8419,1503.386863,1611.552322,7546,1564.378876,3849.445402,141,87,646.363554,0.134599,238.156206,0.403794,0.435429,0.598439,1270.556202,86.575524,822.292521,83.073959,563.289595,0,19.680546,242.063293,0,61.828257,760.464264,0,3.897325,82.678199,0
d45_47_G06_1_3_S,glasshouse_b1,3811,T1,R3,S,5249,681,4663,71,1385.830986,3818.901408,29722,1506,2771,30348,1502,2773,5249,689.4069347,4663.033149,14383,1512.352986,3591.752833,333036,865.6714199,4308.085925,14834,901.5954564,4388.977552,4913,1139.093833,4494.899858,454,256,1224.137794,0.209127,396.217772,0.363139,0.410526,0.973648,2373.732709,144.69384,1406.253487,451.81466,742.955204,29.367929,105.25727,321.522627,20.719001,330.675466,1010.286075,65.291946,20.591243,112.427572,11.675025
d43_26_G04_0_2_S,glasshouse_b2,Forrest,T0,R2,S,6886,970,3973,72,1379.111111,3647.722222,39811,1544,3719,41461,1534,3693,6886,982.4491722,3973.26779,16339,1465.60224,3607.763143,381368,1849.004439,877.2185868,9885,1252.799494,2609.279009,6886,982.4491722,3973.26779,266,166,874.81749,0.189754,317.887448,0.401875,0.435429,1.170179,1698.997946,120.715694,1113.806459,134.471925,728.414157,11.931408,30.512797,314.091586,9.773007,95.85878,986.852463,31.095216,5.843681,108.16744,6.704573
d13_19_G03_0_3_T,glasshouse_b1,CALINGIRI,T0,R3,T,8017,1683,1620,58,1532.224138,741.5689655,13330,1481,2053,14368,1480,2035,8017,1687.760634,1620.333541,6116,1572.269294,1154.689176,400692,1826.29177,938.5102298,9481,1566.081848,2078.667546,8017,1687.760634,1620.333541,80,48,485.814987,0.098803,184.426228,0.416433,0.435429,1.026315,958.098974,69.239938,639.145208,38.25384,442.620248,4.9409,10.005655,189.459596,3.980987,31.433692,595.204875,12.50664,2.128801,64.509997,2.601141
d19_28_G04_0_4_S,glasshouse_b2,Forrest,T0,R4,S,3666,1516,2081,88,1501.659091,692.2954545,13989,1148,942,13989,1148,942,3666,1515.539553,2081.227223,9993,1501.776243,845.3405384,315579,1452.05462,2606.097415,5105,1529.843291,602.3572968,3666,1515.539553,2081.227223,116,58,395.509028,0.146646,139.754823,0.385718,0.435429,0.580571,779.239086,49.098743,479.687994,74.042539,321.466489,0,17.224572,135.464858,0,54.11259,425.575404,0,3.326867,45.771876,0
d43_33_G05_0_1_S,glasshouse_b2,Hartog,T0,R1,S,6793,1361,560,85,1129.564706,737.5176471,46412,2004,2817,62987,1793,2434,6793,1361.396585,560.3494774,29304,1463.531634,710.2629334,336979,1458.856531,800.1429258,26601,1485.284914,659.9982707,6089,2005.964034,2760.088028,473,315,1200.239698,0.262448,444.18081,0.423824,0.435429,1.622746,2264.3325,203.197283,1612.384191,269.243717,845.382754,85.613226,59.350449,378.868777,74.907296,186.454934,1190.460653,235.468605,11.094099,137.098659,55.004524
d15_48_G06_1_4_S,glasshouse_b2,3811,T1,R4,S,9334,1256,1704,64,1551.375,592.203125,16981,1249,1816,17300,1250,1809,9334,1267.986072,1700.811978,7086,1545.686142,504.392464,486979,1412.925101,1145.581333,6820,1549.418915,491.1398827,6098,1300.976878,1426.433421,114,76,407.667429,0.186426,149.261058,0.399734,0.435429,0.740086,798.119438,54.615381,516.421099,56.876925,350.119752,0.670752,13.230651,150.686817,0.464473,41.565316,473.396599,1.459184,2.572062,51.789267,0.254052
d45_22_G03_1_2_T,glasshouse_b1,CALINGIRI,T1,R2,T,13424,2007,4168,58,2000.396552,2395.534483,29362,1951,4408,29038,1949,4415,13424,1942.629246,4142.770039,18788,1965.361294,4681.711145,566015,1940.119855,3562.602906,19332,2021.100662,4650.827281,13279,1944.787183,4134.174938,257,187,1121.952316,0.166674,389.587108,0.388694,0.435429,1.231578,2185.665575,141.42325,1369.896592,223.264073,887.641029,11.047215,54.708141,372.830663,8.512825,171.870693,1171.282073,26.743827,11.1425,124.954331,5.326419
d15_40_G05_1_4_S,glasshouse_b2,Hartog,T1,R4,S,3692,1658,2081,65,1162.830769,1212.4,8120,1678,1825,12020,1618,1521,3692,1661.01598,2081.394095,3483,1660.072064,2097.667528,367103,1460.564814,931.1403503,3434,1659.876238,2101.464473,3692,1661.01598,2081.394095,52,24,204.519863,0.117348,79.099249,0.419784,0.435429,0.580571,403.642767,30.275474,270.705648,29.425028,175.094834,0,6.78143,79.386854,0,21.30449,249.401158,0,1.318773,28.956701,0
d45_33_G05_0_1_S,glasshouse_b1,Hartog,T0,R1,S,6015,2014,2758,59,1160.254237,2185.694915,40886,2055,3037,44814,2057,3012,6015,2014.086284,2757.991355,20942,2203.463518,2429.352832,348062,857.7785251,2072.274807,31149,1494.415968,678.1779832,7949,1371.855328,555.9701849,624,440,1408.606364,0.312365,515.701404,0.424634,0.435429,2.21551,2628.022743,247.192186,1897.782001,339.816013,949.835377,118.954975,74.186694,427.244755,102.381604,233.064374,1342.578663,322.138964,13.773763,155.416937,78.001486
d27_30_G04_1_2_S,glasshouse_b2,Forrest,T1,R2,S,2458,669,2229,63,711.1746032,2409.746032,12052,753,2368,9941,889,2088,2458,673.8868999,2229.655004,5686,742.1702427,2259.185895,373299,870.4807246,2475.524196,5430,729.8537753,2279.974954,2268,665.8143739,2244.974868,95,39,295.302536,0.132068,93.861563,0.348845,0.324549,0.598439,583.283018,30.735625,326.491982,94.812556,200.489981,0,23.050012,80.875613,0,72.41375,254.078232,0,4.650267,26.085358,0
d37_46_G06_1_2_S,glasshouse_b1,3811,T1,R2,S,11190,1454,3910,64,1226.90625,3861.75,20597,1799,2826,20527,1799,2826,10925,1535.362654,3926.966041,9873,1274.059151,3806.581586,352943,1432.563941,3298.355006,15692,1302.648674,4166.115537,10871,1535.886671,3925.005059,229,127,794.921567,0.159764,258.206199,0.360301,0.410526,0.725714,1560.00279,88.72696,905.880088,239.390251,554.860565,0.670752,55.936174,231.967909,0.446504,175.728673,728.74868,1.402734,11.019971,77.473022,0.233966
d45_16_G02_1_4_T,glasshouse_b1,5489,T1,R4,T,11948,1985,3361,66,1616.212121,689.2424242,37120,2339,4024,48694,2357,3596,11948,2060.781972,3323.735353,18245,2433.356591,4357.987503,567479,2065.170974,2993.184971,31570,2379.697878,4093.109724,8688,2090.649632,3551.597261,568,414,1498.691766,0.276241,505.294579,0.38722,0.410526,1.741714,2833.649911,205.639326,1831.966254,423.271841,1014.534329,60.885596,97.821425,433.552455,51.556883,307.315069,1362.045209,162.605976,19.023999,149.748773,36.866554
d21_24_G03_1_4_T,glasshouse_b1,CALINGIRI,T1,R4,T,10329,2349,2557,51,1419.784314,1191.941176,21687,918,2726,21682,918,2726,10329,2351.79117,2555.244264,7713,1104.452872,2684.085311,565338,1448.473046,2340.31271,10460,1087.268164,2283.984799,11283,2337.406186,2470.891518,72,36,627.192398,0.057399,224.815877,0.396867,0.435429,0.615789,1245.438247,79.942112,781.421608,71.934428,555.112827,0.145143,17.517802,231.127044,0.089377,55.033797,726.107023,0.280787,3.550575,76.348311,0.043226
d35_46_G06_1_2_S,glasshouse_b2,3811,T1,R2,S,11226,1449,3906,65,1732.153846,2980.6,26423,1742,2162,28025,1770,2293,10922,1530.867607,3920.724593,14194,1326.969494,2319.007186,399045,1423.06407,2094.3017,14422,1308.008321,4133.522674,10708,1533.059301,3909.345443,197,103,722.476636,0.142565,243.106821,0.372429,0.410526,0.725714,1421.735421,85.107212,850.339587,171.725604,549.3318,1.419232,39.606093,230.140404,0.925,124.42621,723.007403,2.905974,7.715146,76.916834,0.475231
d35_10_G02_0_1_T,glasshouse_b2,5489,T0,R2,T,17072,2486,2799,71,2197.816901,2847.591549,53748,2257,3572,59415,2116,1541,15913,2513.199837,2857.520266,23321,1947.577334,2565.067021,468609,2558.405479,2292.727252,21265,1758.569245,666.3010111,15888,2513.51712,2858.164653,415,341,1462.218979,0.233207,554.389938,0.421379,0.435429,1.170179,2795.220717,220.509869,1941.911348,182.466479,1239.823841,39.928659,42.248886,546.15204,29.517849,132.728791,1716.028317,93.15424,8.206149,194.452452,17.851268
d2_T024_02.10.23,field,3811,na,R9,S,36881,1217,3736,77,583.5714286,2830.363636,190849,971,2122,193147,981,2120,30650,1193.931811,3670.374747,99908,1277.415793,3703.307343,502465,958.3337745,3257.380809,81268,1340.769553,3761.092816,27750,1176.686631,3655.04645,998,422,3348.168255,0.126039,620.602701,0.204625,0.18932,0.598684,6633.365126,120.285005,2157.120794,3107.052209,241.116045,0,604.919295,81.708511,0,1900.425936,256.694858,0,98.119856,22.165149,0
d17_30_G04_1_2_S,glasshouse_b1,Forrest,T1,R2,S,2811,1044,1808,61,782.1803279,2316.934426,6296,950,2005,6296,950,2005,2811,1043.264674,1807.212736,1948,2010.409651,1976.602156,218934,888.313542,2043.103766,2663,778.9279009,2302.364626,2811,1043.264674,1807.212736,55,19,174.460337,0.108907,57.890602,0.360049,0.410526,0.580571,347.120091,19.210921,198.943062,47.2429,127.217437,0,11.415247,51.910297,0,35.862055,163.081006,0,2.290661,16.92026,0
d15_22_G03_1_2_T,glasshouse_b2,CALINGIRI,T1,R2,T,9498,2026,1890,61,2061.721311,2370.360656,14871,1787,2051,21465,1783,1692,9498,2057.721626,1889.944304,7897,1892.769913,1618.53476,607640,1968.839609,1297.391918,7148,1902.450476,1640.262171,9498,2057.721626,1889.944304,50,22,400.0774,0.054989,154.459204,0.416572,0.435429,0.580571,796.512892,55.631629,523.093291,27.513268,372.564132,0,6.935685,159.536772,0,21.789098,501.304193,0,1.43555,54.196079,0
d05_39_G05_1_3_S,glasshouse_b1,Hartog,T1,R3,S,1097,1695,653,66,1699.939394,368.1363636,1097,1695,653,1097,1695,653,1097,1695.34093,653.0556062,508,1769.122047,461.2185039,335349,1462.170333,293.9530728,756,1706.874339,375.4497354,1339,1732.861837,410.8364451,12,6,40.979876,0.146413,14.546383,0.386495,0.410526,0.725714,80.880611,5.142534,49.954374,7.568943,32.842813,0.56812,1.872305,13.660176,0.36849,5.88202,42.914709,1.157646,0.3805,4.573831,0.188203
d29_29_G04_1_1_S,glasshouse_b1,Forrest,T1,R1,S,3695,981,3325,55,2509.509091,2294.727273,8818,1096,3039,8814,1096,3039,3695,976.9036536,3320.569147,4922,939.5388054,3422.934376,268480,2591.420847,2635.745966,4582,2500.019206,2730.905718,3695,976.9036536,3320.569147,81,33,306.131151,0.107797,101.034689,0.361193,0.410526,0.615789,606.745105,34.03375,348.856079,86.570358,219.458162,0.102631,19.92805,91.05309,0.063199,62.605815,286.051718,0.198547,3.836823,30.166361,0.030566
d21_37_G05_1_1_S,glasshouse_b1,Hartog,T1,R1,S,5050,2360,2546,62,1067.516129,1978.419355,7936,2362,2531,7936,2362,2531,5050,2374.720396,2545.975842,4700,1000.669149,2158.317021,365403,2567.278854,2125.869016,4575,983.8555191,2157.155628,5050,2374.720396,2545.975842,79,41,282.078242,0.14535,102.55674,0.394582,0.435429,0.580571,555.180759,36.925497,352.015227,48.321157,233.757085,0,10.92935,101.120577,0,34.335565,317.679662,0,2.083658,34.841839,0
d05_29_G04_1_1_S,glasshouse_b1,Forrest,T1,R1,S,1474,1477,376,51,1469.019608,201.745098,1673,1477,366,1673,1477,366,1474,1476.929444,376.3398915,679,1307.762887,776.6450663,324522,1453.851357,288.2836726,890,1469.082022,420.4730337,1961,1478.156553,338.6047935,19,11,56.145168,0.195921,20.903184,0.405644,0.435429,0.580571,108.88891,7.741952,72.597699,5.916524,50.228644,0,1.467551,21.607705,0,4.610447,67.987252,0,0.29649,7.445462,0
d13_47_G06_1_3_S,glasshouse_b1,3811,T1,R3,S,4564,1182,1435,66,1520.409091,390.3787879,8767,1423,1584,10170,1421,1506,4564,1182.268624,1434.948072,3798,1555.249868,819.2116904,451821,1419.415924,1111.213253,4036,1554.601338,350.3481169,4564,1182.268624,1434.948072,64,40,259.972398,0.153862,98.027454,0.408732,0.435429,0.88287,509.114411,36.147147,336.267004,30.29677,225.838772,3.836856,7.809141,96.47163,2.756341,24.53314,303.074563,8.659301,1.642341,32.935418,1.569388
d1_T008_27.09.23,field,3811,na,R4,S,30339,1395,6443,68,1470.058824,6251.132353,168921,1016,3025,221064,1044,3488,19179,1320.89452,6318.675948,83964,728.6980968,3296.953766,402047,1419.681107,5985.174659,102432,902.5977136,2955.308078,19165,1321.161179,6318.6539,1356,567,4512.722967,0.125645,801.222412,0.196656,0.18932,0.61054,8920.436003,151.021432,2800.240888,4248.920635,263.657797,0.144535,801.024416,90.18101,0.088244,2516.651662,283.311998,0.277228,126.29795,24.681167,0.042315
d31_27_G04_0_3_S,glasshouse_b2,Forrest,T0,R3,S,11283,739,3223,57,1427.754386,659.3333333,24981,730,3002,34528,862,2170,11283,827.1229283,3201.93858,10414,695.6391396,2949.880641,383457,872.8358382,2234.680533,12552,698.6979764,2804.105481,5801,903.5150836,3697.577487,138,86,645.182755,0.133296,232.852727,0.397925,0.435429,0.725714,1268.597837,84.628115,809.648232,92.206026,551.647677,1.329052,21.916787,234.884104,0.884837,68.853617,738.014818,2.779796,4.330042,79.833472,0.464601
d35_25_G04_0_1_S,glasshouse_b2,Forrest,T0,R1,S,5770,1519,1872,87,1396.724138,751.7471264,30700,913,3341,32005,938,3245,5770,1488.259965,1856.264818,15571,1406.306339,831.5423544,507635,1269.518422,2749.120896,12499,813.4710777,2955.058565,4853,2184.180301,3178.770451,219,139,748.22588,0.185773,272.173254,0.405643,0.435429,1.248566,1448.944727,106.492052,958.865925,124.348027,606.65816,17.219692,28.822498,261.431873,14.887651,90.548549,821.406049,46.911328,5.601327,90.298051,10.592674
d13_46_G06_1_2_S,glasshouse_b1,3811,T1,R2,S,4774,1636,1478,61,1599.885246,539.295082,7197,1633,1748,8216,1647,1287,4774,1648.798282,1477.826142,3643,1646.293988,1384.659621,364496,1460.114937,1019.497525,2642,1150.447767,1824.698713,4774,1648.798282,1477.826142,67,37,236.696196,0.156319,88.352687,0.407875,0.435429,0.929368,461.475572,32.94462,304.766522,33.91289,199.804856,2.97845,8.310993,86.386616,2.312588,26.109755,271.391557,7.265211,1.688487,29.826669,1.429464
d19_22_G03_1_2_T,glasshouse_b2,CALINGIRI,T1,R2,T,11606,2104,2267,58,1839.137931,2179.534483,16898,1690,1447,17002,1791,2460,11606,2103.970877,2267.490781,7559,1931.125281,2234.975261,684363,2003.177784,1443.315672,9997,2051.573972,2690.293788,7370,1798.28019,2189.742198,65,39,476.283228,0.081884,176.189246,0.406277,0.435429,0.598439,942.45147,63.052778,607.258134,42.387024,433.896204,0,11.002152,182.294115,0,34.56428,572.693853,0,2.334023,60.718755,0
d15_05_G01_1_1_T,glasshouse_b2,Gladius,T1,R1,T,6397,2413,1779,67,1893.626866,580.7313433,16865,1653,2194,17024,1653,2194,6397,2413.328904,1779.095201,7507,1511.162781,1949.758359,358966,1464.342615,962.0581949,12736,1520.113772,2230.156721,4825,1426.866943,1475.82114,89,51,446.285959,0.114277,168.668524,0.408491,0.435429,0.649099,880.099428,60.937086,575.197388,48.608421,397.242109,0.435429,11.752748,171.058048,0.280219,36.922348,537.394707,0.880333,2.367358,58.428042,0.141687
d19_23_G03_1_3_T,glasshouse_b2,CALINGIRI,T1,R3,T,12209,1483,2449,52,1750.538462,1564.711538,15678,1483,1497,16205,1488,1573,12209,1503.452945,2443.063969,8321,1680.383728,2034.107078,493400,1508.666998,1782.065843,3640,1517.582692,2570.66044,10542,1497.690761,2300.089262,103,65,427.487304,0.152051,154.127407,0.396002,0.435429,0.580571,835.759385,55.303489,534.558065,54.623305,372.863999,0,12.723922,157.397885,0,39.973381,494.584684,0,2.476598,52.826891,0
d7_T022_04.11.23,field,3811,na,R7,S,45013,907,5242,67,1722.328358,5787.850746,177331,1223,5312,181099,1220,5300,43941,904.2144239,5240.781594,82946,910.0748077,4779.405734,441244,948.0735398,4925.282789,126093,1298.7443,5243.64619,39956,919.8996646,5290.974697,997,441,2943.643212,0.149814,536.920073,0.202813,0.18932,0.677333,5818.918128,105.40719,1879.620632,2704.904795,238.280014,0.458403,515.433839,82.561648,0.291136,1619.283161,259.422839,0.914632,82.212824,23.048926,0.14544
d43_01_G01_0_1_T,glasshouse_b2,Gladius,T0,R1,T,9855,2188,2488,56,2449.5,2186.125,67876,1318,3754,59503,1143,3398,9855,2168.094368,2526.745814,25422,2065.531272,4203.654591,434362,2388.730985,2128.311832,26295,772.1307473,2969.553489,7845,499.9923518,3095.649713,461,323,1618.199881,0.199605,607.782853,0.414791,0.435429,1.170179,3136.456365,237.376865,2116.079109,278.900142,1320.933492,18.366247,63.863439,595.764073,13.941388,200.632911,1871.648035,43.798162,12.274734,216.482514,8.619616
d13_03_G01_0_3_T,glasshouse_b1,Gladius,T0,R3,T,15228,1348,1371,65,1557.369231,608.4923077,14412,1498,1112,14625,1496,1118,15228,1339.282112,1371.410625,6879,1467.371856,1008.850996,389253,1443.530167,1048.991134,7723,1466.419138,1003.039622,11102,1316.577914,1481.18294,75,55,480.069116,0.114567,188.144456,0.425362,0.435429,0.740086,942.019758,71.259961,644.6534,33.637192,439.678875,6.753049,8.602309,192.11127,4.485971,27.02495,603.535355,14.093094,1.798493,67.109656,2.351812
d25_40_G05_1_4_S,glasshouse_b1,Hartog,T1,R4,S,5073,1651,3432,62,2452.306452,2525.66129,13072,2439,2287,15050,1662,2635,5073,1620.671003,3439.283856,7089,1631.098603,3279.604175,347343,2595.484504,2504.598964,8856,2570.540425,1928.094738,5073,1620.671003,3439.283856,91,47,473.375883,0.099287,180.929197,0.411913,0.435429,0.649099,934.650313,65.885301,615.397802,49.569459,423.293267,0.513157,12.123218,183.441152,0.322834,38.086214,576.297375,1.014213,2.461307,63.264373,0.159621
d49_37_G05_1_1_S,glasshouse_b2,Hartog,T1,R1,S,4678,2380,2596,59,1658.779661,757.4067797,14399,1626,2270,16516,1626,2270,4678,2394.709277,2596.541043,9834,1651.735611,814.6201952,375874,1865.973371,871.6082224,5398,1471.32827,729.2951093,4678,2394.709277,2596.541043,211,121,435.054933,0.278126,137.505979,0.357102,0.410526,0.725714,832.767107,50.380734,494.954236,163.667672,259.41032,11.97694,37.254832,112.552811,7.622015,117.039505,353.595083,24.319648,7.150215,39.28437,3.94615
d09_11_G02_0_3_T,glasshouse_b1,5489,T0,R3,T,4426,2173,1066,55,1513.890909,1430.345455,8006,2027,853,7296,1554,1347,4426,2174.281292,1065.692273,3223,1557.012721,1190.296928,356066,1455.944331,781.7070824,5774,1514.96796,338.0261517,4288,2181.663479,1075.300606,66,44,243.448512,0.180736,92.165714,0.410214,0.435429,0.615789,474.462774,33.940991,315.689927,27.210531,216.135349,0.102631,6.404351,94.019675,0.063199,20.119862,295.371519,0.198547,1.256847,32.653578,0.030566
d41_06_G01_1_2_T,glasshouse_b1,Gladius,T1,R2,T,6315,1488,1610,77,1611.467532,1098.558442,26885,1708,1182,25859,1708,1182,6008,1487.759654,1618.416611,12153,1929.50539,1196.793549,363487,1930.734959,1403.321109,17176,1837.11126,1111.334944,6175,1887.296356,602.5201619,413,277,1030.296765,0.268855,322.716932,0.35564,0.324549,1.133602,1968.124104,117.687798,1160.045967,429.175762,580.569433,20.551569,105.594355,246.968492,16.691253,331.734451,775.8744,52.437117,21.456686,85.180324,11.050788
d31_44_G06_0_4_S,glasshouse_b2,3811,T0,R4,S,9712,674,2871,58,883.0517241,3479.362069,41449,1201,1434,45154,1203,3151,7334,798.7781565,1445.631443,18572,1524.524876,981.1356881,399340,861.2349777,1054.203906,13249,812.5727225,2743.852819,7254,795.4565757,1452.093879,280,180,1197.930874,0.150259,420.086059,0.387157,0.435429,1.056656,2341.142587,152.119651,1460.662022,269.074039,921.648613,7.208223,63.388363,396.291948,5.262851,199.140417,1244.987872,16.533733,12.505453,136.525873,3.088324
d37_01_G01_0_1_T,glasshouse_b1,Gladius,T0,R1,T,8317,969,2807,45,2261.088889,2161.577778,34658,2313,3077,34994,2316,3064,7263,951.1763734,2731.648768,14017,2394.19084,2289.895698,390361,2417.705398,2078.439168,34501,2368.162053,3092.982001,7265,951.2053682,2731.806882,320,186,1097.705825,0.169444,402.042646,0.402108,0.435429,0.846321,2146.584996,149.196013,1388.707901,197.134971,895.592601,4.978253,46.597536,391.938139,3.473987,146.484071,1231.309979,10.913851,9.184144,138.089015,1.922854
d49_22_G03_1_2_T,glasshouse_b2,CALINGIRI,T1,R2,T,9521,1159,2554,55,1752.2,4392.763636,41677,1954,3860,45379,1933,3764,9521,1147.420019,2558.173091,18899,1961.251548,4504.291497,433507,1968.82162,3498.539468,16684,1768.084812,1050.457804,9521,1147.420019,2558.173091,347,249,1269.034365,0.196212,421.070916,0.371692,0.410526,0.821052,2469.627893,148.407642,1485.052839,355.45836,907.093497,6.482508,87.48047,380.844758,4.348464,274.828001,1196.563737,13.661101,17.855104,128.249924,2.302615
d09_21_G03_1_1_T,glasshouse_b1,CALINGIRI,T1,R1,T,2743,1832,1459,52,1754.461538,1247.403846,7417,1607,900,7874,1613,920,2711,1650.030247,1026.70343,3915,1742.241124,906.8319285,348703,2040.250282,1471.831189,4987,1811.975937,1493.254261,2711,1650.030247,1026.70343,80,46,253.75387,0.181278,94.688422,0.407575,0.435429,0.917964,494.39758,35.215964,326.907604,35.401673,216.382453,1.969744,8.56934,94.014416,1.474166,26.921377,295.354999,4.631228,1.727323,32.610737,0.877904
d31_16_G02_1_4_T,glasshouse_b2,5489,T1,R4,T,9874,1895,3165,56,1545.464286,898.5535714,29485,1873,3122,40606,1934,2259,9874,1970.034535,3147.525724,10479,1590.805516,769.4459395,466319,1990.833584,2301.007821,16406,2139.297513,3383.888334,9802,1968.219241,3142.785758,182,128,713.312614,0.179444,257.295075,0.394819,0.410526,0.725714,1388.79171,92.867709,888.972976,112.172751,599.024976,2.114886,27.204328,254.350692,1.370437,85.464918,799.202705,4.305354,5.48751,86.68036,0.699839
d45_14_G02_1_2_T,glasshouse_b1,5489,T1,R2,T,30727,2465,3916,54,2081.814815,1886.740741,44788,2197,2704,47043,2193,2746,30725,2353.002441,3887.877071,17216,2174.425883,3187.907876,754794,2198.465058,4105.118928,29152,2193.7948,2966.079308,22336,2372.054934,3206.033175,385,269,1363.208517,0.197329,485.039188,0.395953,0.435429,0.870857,2643.197047,186.172813,1701.259429,365.80226,964.417935,32.988322,87.381458,431.792032,22.307099,274.516947,1356.514677,70.227805,17.491201,156.711352,11.970261
d45_06_G01_1_2_T,glasshouse_b1,Gladius,T1,R2,T,6016,1488,1629,61,1879.229508,1073.737705,34377,1799,1223,29877,1818,1163,6016,1496.086935,1632.273438,18324,1996.683039,1185.501528,379516,1441.532136,1520.37492,16172,1797.91442,1281.86186,6325,1893.643162,605.2814229,567,409,1293.922574,0.316093,401.552851,0.354437,0.324549,1.196879,2450.837192,149.252098,1453.897792,568.525597,677.646443,47.750534,138.657455,288.428553,35.621366,435.605243,906.384728,111.907822,27.93612,99.771227,21.544752
d11_12_G02_0_4_T,glasshouse_b2,5489,T0,R4,T,7169,1190,1196,55,1473.4,431.6909091,15735,1542,606,16012,1542,615,7169,1189.921188,1195.525178,10115,1644.123085,456.6251112,393445,1047.373966,881.0162691,5888,1557.29144,333.9733356,7169,1189.921188,1195.525178,74,59,366.315265,0.161063,147.459876,0.440279,0.435429,1.170179,708.880662,58.526418,508.796482,20.225181,339.927922,6.162163,4.841252,152.101994,5.011705,15.209243,477.842506,15.744734,0.958609,54.245097,3.322711
d33_20_G03_0_4_T,glasshouse_b1,CALINGIRI,T0,R4,T,17099,1806,2381,49,1730.020408,4193.102041,35333,1206,4009,36221,1184,3929,17099,1869.788994,2376.319434,16737,1567.609189,4353.958834,658910,1725.669348,1856.393905,21049,1584.49209,4215.021711,17682,1870.805678,2343.250481,231,167,1339.912355,0.124635,475.280155,0.392449,0.410526,0.88287,2630.371952,170.697247,1655.727929,231.908252,1098.390709,9.613395,59.942661,460.182689,6.87591,188.315425,1445.811197,21.601307,12.644289,154.157909,3.895049
d07_43_G06_0_3_S,glasshouse_b2,3811,T0,R3,S,2884,1722,423,66,1754.393939,324.1969697,8515,1705,473,8515,1705,473,2884,1726.736824,424.5492372,6303,1690.767095,363.4459781,415865,1876.493619,271.9751722,6339,1690.913236,364.6275438,2830,1726.788339,422.9190813,64,42,188.203009,0.223163,61.57723,0.359679,0.410526,0.598439,366.459827,20.943112,214.305374,54.397045,133.805964,0,12.699627,55.515892,0,39.897054,174.40832,0,2.467357,18.475756,0
d27_18_G03_0_2_T,glasshouse_b2,CALINGIRI,T0,R2,T,19248,1202,2319,57,1124.122807,2425.035088,43476,1398,1495,48269,1357,1718,19248,1227.624377,2320.007066,22136,1456.676455,1072.055566,403439,1430.433406,1062.678901,21879,1180.494447,2174.20883,19171,1227.370716,2320.675604,179,127,975.635928,0.130172,356.870912,0.403209,0.435429,0.781618,1908.849097,131.315187,1237.389109,153.779831,810.988358,10.867739,38.753725,347.763548,7.355913,121.748419,1092.531407,23.109282,8.040356,119.343699,3.931133
d07_07_G01_1_3_T,glasshouse_b2,Gladius,T1,R3,T,7209,1491,1055,52,1509.423077,1024.057692,9038,1517,1100,11256,1556,1033,4677,1520.601454,1064.804789,4851,1511.407957,1007.47516,376845,1847.393852,874.1938887,6391,1492.454702,1091.899233,4677,1520.601454,1064.804789,37,17,237.034365,0.07172,85.908979,0.395876,0.435429,0.580571,471.580672,30.329163,295.401708,33.747118,203.287248,0,8.481642,85.547642,0,26.645864,268.755844,0,1.758151,28.571012,0
d07_45_G06_1_1_S,glasshouse_b2,3811,T1,R1,S,2604,1540,1170,64,1532.203125,1121.203125,4282,1505,993,4282,1505,993,2604,1537.081797,1169.956605,2174,1702.343606,431.274609,254241,1454.411991,261.481315,2174,1702.343606,431.274609,2604,1537.081797,1169.956605,43,23,128.533153,0.178942,44.961069,0.380637,0.410526,0.598439,252.585737,15.709036,154.871244,27.113942,101.41921,0,6.372003,42.925045,0,20.018237,134.853007,0,1.24293,14.466106,0
d2_T023_02.10.23,field,3811,na,R8,S,69034,1012,3935,83,1279.614458,4517.518072,266179,1289,4771,304452,1257,4546,62556,1011.98387,3897.094699,147586,1368.222291,4194.476807,583680,917.7060598,3583.732316,240240,1205.546982,3659.123468,53933,985.7270873,3784.719986,1335,677,4353.651283,0.155502,797.306649,0.204473,0.18932,0.871697,8568.054545,158.296678,2796.225119,4002.450379,349.346746,1.854157,765.447636,123.285636,1.250025,2404.804291,387.493758,3.92707,122.473321,35.154228,0.669129
d05_27_G04_0_3_S,glasshouse_b1,Forrest,T0,R3,S,3384,1447,582,65,1419.969231,269.1230769,3340,1472,408,4542,1430,625,3384,1427.321809,575.8528369,1649,1421.366889,385.9902971,248485,1453.114973,254.43498,1860,1370.337097,734.3709677,3922,1433.067823,533.6137175,28,20,121.886275,0.164087,43.460084,0.386237,0.410526,0.580571,238.83165,15.133576,148.972958,16.414112,105.472162,0,3.893134,43.526432,0,12.23064,136.742317,0,0.760076,14.3735,0
d27_38_G05_1_2_S,glasshouse_b2,Hartog,T1,R2,S,2997,1090,2504,58,935.4482759,3020.965517,24523,1042,1929,25297,1070,2086,2997,1088.651318,2503.785786,9924,872.7733777,2176.583132,383030,869.1272616,2452.552145,11679,886.034592,2280.70143,2997,1088.651318,2503.785786,172,80,585.457051,0.136645,200.457795,0.376084,0.410526,0.781618,1153.897903,70.144778,694.190134,146.37666,438.45215,0.62824,34.533313,186.008434,0.425835,108.489603,584.36273,1.337801,6.830161,63.086348,0.228269
d37_28_G04_0_4_S,glasshouse_b1,Forrest,T0,R4,S,4697,1220,3941,54,1459.740741,2505.814815,19552,1289,3734,20027,2058,3772,4544,2563.200704,3053.241637,8962,1252.576099,4110.130663,352182,2589.394302,3086.781468,15729,1479.718355,757.3431877,4517,2563.655081,3051.576046,235,145,752.156759,0.192779,263.457011,0.386537,0.410526,1.026315,1464.654514,96.195126,919.772457,150.321975,589.990535,11.844249,34.206934,250.083569,8.482164,107.464251,785.660702,26.647503,6.480907,84.820841,4.893378
d25_23_G03_1_3_T,glasshouse_b1,CALINGIRI,T1,R3,T,14831,1580,3077,62,1914.596774,1525.580645,18483,1463,2314,19188,1469,2357,14831,1537.73016,3073.4349,8011,1743.613656,2143.51654,431402,1385.813142,2784.291035,6837,1589.11584,1603.412462,10339,1510.513783,2267.23039,125,77,572.901372,0.134404,209.727033,0.402007,0.435429,0.615789,1125.398454,76.081786,726.30607,73.345482,499.453258,0.102631,17.506392,213.620811,0.063199,54.997951,671.109572,0.198547,3.485329,72.565891,0.030566
d17_31_G04_1_3_S,glasshouse_b1,Forrest,T1,R3,S,2149,886,2182,56,1684.446429,732.1071429,6394,543,1965,5817,1135,1845,2149,900.0995812,2192.893439,2205,522.5922902,2052.530159,374416,1329.492762,2053.65725,2387,526.4918307,2034.975702,2086,896.029722,2197.986577,83,51,212.158293,0.240387,70.65687,0.363512,0.410526,0.580571,413.713346,23.9204,246.040802,40.506209,171.652085,0,9.690044,68.627176,0,30.44217,215.598632,0,1.92718,21.993221,0
d05_04_G01_0_4_T,glasshouse_b1,Gladius,T0,R4,T,5394,1624,772,84,1616.47619,319.4047619,6767,1627,518,5923,1630,490,5394,1612.143122,771.73934,3138,1669.897068,449.6982154,386478,1816.491187,277.3161784,3158,1610.127929,200.0547815,6519,1611.936493,679.2155239,41,27,216.15833,0.124908,79.467912,0.406487,0.435429,0.725714,424.748602,29.230413,275.351837,27.146139,188.34144,0.670752,6.500027,80.698654,0.448531,20.420437,253.522297,1.409103,1.297495,27.696258,0.236659
d41_28_G04_0_4_S,glasshouse_b1,Forrest,T0,R4,S,4926,1202,3939,95,1368.494737,642.0105263,25804,2002,3826,26497,2042,3753,4926,1201.596021,3938.433212,13135,1346.438904,4134.813095,308461,2585.938099,2604.335942,21154,1349.026047,744.4981564,4926,1201.596021,3938.433212,324,214,943.395102,0.22684,331.65964,0.39213,0.435429,1.105375,1817.171867,126.854096,1173.37652,204.463067,720.039294,18.892741,45.802507,313.566515,14.104771,143.892821,985.172253,44.311446,8.589527,109.740595,8.523973
d19_03_G01_0_3_T,glasshouse_b2,Gladius,T0,R3,T,15987,1384,1604,51,1795.176471,2997.705882,24166,1549,1260,25317,1543,1307,15987,1371.275599,1604.398699,11785,1724.264828,906.8958846,379412,1447.036986,1029.835912,8785,1227.751167,2169.491406,15925,1370.129859,1606.915039,119,77,655.343792,0.117496,250.99094,0.415398,0.435429,0.725714,1290.786137,92.925803,858.654924,56.891513,592.82302,5.62926,13.339726,256.252511,3.726114,41.907985,805.041007,11.705931,2.609135,88.370401,1.946267
d25_32_G04_1_4_S,glasshouse_b1,Forrest,T1,R4,S,5333,584,2441,53,2454.924528,2798,8474,595,2350,8474,595,2350,5333,584.4955935,2440.796925,3281,614.541908,2324.840902,216802,848.9951015,2083.49137,3743,518.9986642,2746.534865,5333,584.4955935,2440.796925,77,29,278.482018,0.104136,100.265764,0.38879,0.435429,0.580571,550.784266,35.557067,342.077537,53.512852,224.969166,0,11.896107,96.923936,0,37.372724,304.704813,0,2.235933,33.321134,0
d21_42_G06_0_2_S,glasshouse_b1,3811,T0,R2,S,8899,1935,2528,71,1389.309859,991.3802817,22857,996,2143,23856,1001,2171,8899,1933.461962,2527.637487,10828,900.8860362,1961.374677,355239,1938.966276,2067.84672,13897,886.7480751,2094.463697,7154,987.7527257,2515.036483,173,101,715.266885,0.141206,266.169316,0.402657,0.435429,0.725714,1407.613497,97.185358,913.052586,95.339934,619.371282,0.555669,22.380944,267.874169,0.378552,70.31181,841.55152,1.189255,4.392851,92.589042,0.203465
d09_27_G04_0_3_S,glasshouse_b1,Forrest,T0,R3,S,3589,1453,578,63,1371.634921,608.031746,7697,1466,509,7708,1466,510,3589,1435.188353,569.4042909,3875,1374.677419,441.5303226,384760,1818.876076,269.4300941,2797,1383.856632,251.5234179,4143,1440.934588,527.775525,65,41,213.940383,0.191642,78.009061,0.394215,0.410526,0.598439,416.905238,28.128052,268.234362,27.551507,186.388876,0,6.470106,78.911543,0,20.326438,247.907925,0,1.264322,26.86373,0
d3_T001_08.10.23,field,Gladius,na,R1,T,164031,872,5773,84,463.0714286,5658.595238,345538,992,5570,339682,980,5583,142281,882.9268279,5706.731742,135131,908.3612717,4820.013838,848869,601.7265821,5415.847245,339538,1016.85895,5604.108898,129949,852.546222,5778.254154,1167,721,4199.332581,0.171694,813.887261,0.217425,0.18932,0.798744,8223.260774,173.934768,2869.268763,3699.336993,495.754475,4.241113,732.873225,177.546337,2.861998,2302.405063,557.872467,8.991233,120.944042,51.464245,1.526481
d19_25_G04_0_1_S,glasshouse_b2,Forrest,T0,R1,S,6235,1524,1831,64,1418.34375,970,12326,1103,2568,11807,1572,1212,6235,1492.782999,1815.73761,7814,782.4769644,2670.56258,351244,1449.739768,1419.737838,3646,1431.972024,2005.555403,6235,1492.782999,1815.73761,69,33,326.610515,0.101038,120.131425,0.399872,0.435429,0.929368,644.800975,43.912814,411.93718,54.890458,269.424811,2.295247,12.708534,116.658424,1.72341,39.925038,366.59789,5.414251,2.468614,40.415193,1.029007
d45_38_G05_1_2_S,glasshouse_b1,Hartog,T1,R2,S,3638,931,1682,72,1775.694444,754.6388889,25070,1115,2197,22822,975,2343,3638,936.5233645,1685.363936,11732,933.2719911,1789.15121,378397,861.8586855,1643.842005,22270,891.3936237,2153.719129,3617,935.8612109,1686.804534,437,239,937.470677,0.254941,290.364133,0.350471,0.324549,0.973648,1807.266972,105.688939,1041.244553,369.025463,543.285543,25.159671,81.437991,231.706841,18.293603,255.844994,727.928509,57.471049,15.244026,79.839656,10.605257
d43_06_G01_1_2_T,glasshouse_b2,Gladius,T1,R2,T,12083,1636,756,49,1630.530612,1471.22449,46333,1744,896,45457,1817,923,12083,1602.96342,752.960523,22828,1722.916068,678.3398896,358694,1464.21096,1512.67586,21406,1726.278847,661.6916285,8659,1889.490588,623.3878046,573,421,1260.317426,0.334043,388.749716,0.359878,0.324549,1.369275,2361.69824,152.886652,1435.329967,542.864335,662.549297,54.903794,131.20376,281.258002,44.373269,412.188767,883.598071,139.543129,26.324583,96.914879,29.64719
d7_T004_04.11.23,field,3811,na,R1,S,58955,1214,5096,99,628.5353535,4703.575758,213722,1146,5079,232727,1148,4997,46114,1137.080886,5119.102724,92203,873.3314426,3125.190471,713137,1704.439742,4950.008979,160489,1411.724399,5226.355482,41190,1162.78825,5135.970842,1039,443,3660.973503,0.121006,645.215555,0.195566,0.18932,0.616383,7249.998339,119.400049,2247.837741,3483.613147,177.233356,0.127,653.407628,61.96224,0.078281,2052.75653,194.835285,0.245926,101.930623,17.431529,0.037896
d29_30_G04_1_2_S,glasshouse_b1,Forrest,T1,R2,S,2477,677,2272,82,728.2560976,2331.560976,7700,753,2440,7697,753,2440,2477,681.5264433,2273.390795,3470,716,2422.554467,376146,870.0401387,2475.244897,5470,736.0822669,2323.017733,2285,673.5308534,2288.50547,86,36,280.754651,0.128226,87.815493,0.342096,0.324549,0.580571,557.672446,28.226871,304.287414,95.155668,185.598983,0,22.539926,74.317766,0,70.811266,233.476148,0,4.468921,23.75795,0
d19_11_G02_0_3_T,glasshouse_b2,5489,T0,R3,T,7404,1648,3273,75,1460.613333,2421.986667,25049,1920,2727,28779,1505,2284,7404,1643.910589,3272.95651,11612,1449.881932,2398.352222,366717,1458.465765,2207.430367,11750,1466.164596,2495.187489,6816,2683.643486,2501.800176,104,64,575.182638,0.111269,219.533465,0.412118,0.435429,0.88287,1130.496026,80.247671,745.099379,61.799331,508.077414,5.305893,14.661362,218.546294,3.964842,46.060028,686.583432,12.455919,2.906896,74.996116,2.344659
d25_27_G04_0_3_S,glasshouse_b1,Forrest,T0,R3,S,5138,2699,1987,83,700.9759036,2822.650602,21821,735,2653,21821,735,2653,5138,2704.311211,1989.466135,8105,700.0871067,2717.069833,380749,872.34232,2480.370685,12003,789.7305674,2174.545114,5138,2704.311211,1989.466135,117,67,580.897136,0.115339,210.933087,0.399297,0.435429,0.649099,1149.453589,75.982699,729.665103,75.262917,504.945858,0.68836,18.107171,213.70905,0.443395,56.885354,671.386782,1.392967,3.606082,72.152227,0.22439
d07_06_G01_1_2_T,glasshouse_b2,Gladius,T1,R2,T,5892,1412,688,65,1316.753846,926.6461538,9405,1550,1052,10202,1547,1024,5892,1581.516633,1015.962492,5088,1636.645244,627.3928852,453100,1455.312165,424.0694836,3006,1743.217898,661.0954757,5892,1413.264936,688.6951799,33,19,245.565231,0.077373,95.199283,0.419577,0.435429,0.598439,486.129443,34.976962,325.406282,14.070312,231.494919,0,3.599134,99.980903,0,11.307012,314.09927,0,0.756827,34.220135,0
d49_39_G05_1_3_S,glasshouse_b2,Hartog,T1,R3,S,6182,1496,2625,70,1184.042857,2623.514286,43839,1813,1779,38574,2202,1781,6181,1507.323734,2625.143504,23347,1285.970617,2538.642995,371886,1859.225639,2627.415687,15022,2168.735055,1958.795766,4018,1192.478596,4645.289447,547,325,1178.16294,0.275853,401.452785,0.383107,0.410526,1.105375,2259.176667,154.647666,1433.791795,333.459635,811.354263,33.349043,77.431109,354.052496,24.842427,243.257004,1112.28872,78.246071,15.094503,124.656065,14.897098
d29_25_G04_0_1_S,glasshouse_b1,Forrest,T0,R1,S,6348,993,2892,63,822.952381,2900.68254,16198,889,3358,18240,690,3135,6348,1002.939509,2897.877442,7087,791.8260195,3168.321151,493064,1260.857416,2748.906531,9417,1408.483063,765.9720718,4941,958.5976523,3012.99494,146,80,596.927913,0.13402,213.987722,0.392462,0.435429,0.615789,1176.134543,76.99291,740.938627,95.69034,500.271378,0.966195,21.740845,213.47014,0.594972,68.300879,670.768588,1.86916,4.155005,72.550152,0.287752
d17_45_G06_1_1_S,glasshouse_b1,3811,T1,R1,S,5588,750,2040,71,1035.267606,2094.366197,9782,1647,2019,13917,1223,1903,5588,755.9855047,2039.80136,5599,1445.180747,2125.922665,362953,868.035787,1469.738217,5539,755.7876873,2043.851056,5588,755.9855047,2039.80136,91,47,371.293734,0.126584,135.309802,0.394941,0.435429,0.580571,732.189489,47.614547,460.562831,54.697646,316.596088,0,12.463223,134.138479,0,39.154369,421.408462,0,2.383135,45.231413,0
d29_04_G01_0_4_T,glasshouse_b1,Gladius,T0,R4,T,19651,2074,3407,49,2002.77551,1938.183673,29583,2110,3849,29439,1710,2158,19651,2028.60918,3394.666327,12967,2045.238297,4382.090075,411991,1961.998061,3396.838921,25771,1611.790191,977.4996314,19181,2038.358897,3424.359679,255,183,1111.51332,0.16464,404.354688,0.402766,0.435429,0.781618,2171.009345,149.361598,1406.734967,178.178722,928.747125,4.587472,43.260621,401.376261,3.140766,135.907248,1260.960712,9.867007,8.699024,138.967182,1.695392
d25_07_G01_1_3_T,glasshouse_b1,Gladius,T1,R3,T,10478,1218,2175,56,1880.232143,1102.875,15128,1378,2877,15679,1374,2866,10478,1288.810842,2194.577782,6971,1267.707646,2424.271123,634654,1482.215744,2393.358023,7791,1271.98755,2568.94545,9412,1398.872928,2631.226519,107,73,612.317758,0.119219,209.6533,0.382934,0.410526,0.781618,1203.756307,73.378664,738.045613,115.192676,495.565865,1.559218,30.889362,202.909349,1.104951,97.041794,637.532514,3.471305,6.696265,66.065319,0.61708
d7_T009_04.11.23,field,3811,na,R5,S,71326,1118,6051,67,786.5522388,4182.522388,281359,1125,5246,307429,1036,5106,44202,169.034003,933.8977422,135979,1146.975982,6189.470139,1005358,400.3941869,637.8051251,135230,1159.74289,6191.425926,43348,170.3066116,950.1707576,1173,709,4437.450532,0.159776,844.716949,0.212661,0.18932,0.766689,8716.245898,176.172661,2963.92732,3973.440696,461.133661,2.876174,773.563462,167.944283,1.919348,2430.284986,527.612525,6.02981,125.539705,49.622348,1.010608
d11_20_G03_0_4_T,glasshouse_b2,CALINGIRI,T0,R4,T,8356,1983,1830,73,1397.287671,440.5890411,15856,1732,1870,18166,1759,1734,8356,1952.16192,1827.540211,8971,1894.265188,1963.902686,539150,1663.985909,1568.056333,7915,1434.648263,475.6835123,8141,1954.762437,1845.735413,103,57,437.361594,0.130327,164.376235,0.410548,0.435429,0.649099,860.476789,60.581043,566.755635,43.844495,393.034002,0.483097,10.791049,169.251687,0.304323,33.90108,531.898494,0.95606,2.194667,58.235708,0.150668
d2_T009_02.10.23,field,3811,na,R5,S,64663,1092,5870,68,1091.205882,6390.647059,271449,1060,5225,298114,1040,5050,55734,1053.663904,5778.221552,129440,1144.833483,6174.356953,543133,1104.524437,4816.837025,129010,1150.047299,6176.066258,50733,1038.813021,5703.770839,1176,639,4284.356341,0.149147,811.487624,0.212349,0.18932,0.871697,8406.559321,170.966598,2858.265945,3852.089545,424.812089,7.454708,748.850842,155.726199,5.1372,2352.632076,489.494879,16.13899,121.663043,46.500335,2.80322
d11_30_G04_1_2_S,glasshouse_b2,Forrest,T1,R2,S,2818,1072,1630,62,1116.129032,1521.16129,3925,1117,1518,3925,1117,1518,2818,1070.351313,1629.823634,1590,1382.730189,370.8886792,326766,878.5829187,1471.879284,1590,1382.730189,370.8886792,2818,1070.351313,1629.823634,19,7,93.699966,0.074707,35.981495,0.412036,0.435429,0.580571,186.954189,13.162187,122.063112,11.192357,82.507609,0,2.874148,35.979747,0,9.029403,113.033708,0,0.604661,12.557526,0
d15_17_G03_0_1_T,glasshouse_b2,CALINGIRI,T0,R1,T,7678,2185,971,56,1359.267857,2728.517857,24701,1670,925,25935,1546,1881,7678,2156.398672,994.2425111,13346,1614.31103,645.1675408,448944,955.3358325,1681.47344,12199,1368.997787,1486.723912,7678,2156.398672,994.2425111,108,74,638.286182,0.115935,245.992925,0.420732,0.435429,0.649099,1254.635895,91.56106,845.596074,41.618798,596.594812,0.072571,10.176561,258.890817,0.047106,31.970609,813.477477,0.147988,2.066421,89.470624,0.024015
d27_41_G06_0_1_S,glasshouse_b2,3811,T0,R1,S,8228,1442,3574,56,1342.267857,2564.517857,25003,1602,1490,27908,1348,2752,8228,1426.593704,3570.735659,12549,1428.803889,1825.331022,356047,1461.722643,2546.70268,11391,1340.353613,2795.000176,8228,1426.593704,3570.735659,162,94,737.367848,0.12748,255.46756,0.382048,0.410526,0.725714,1450.734514,89.660895,887.689215,172.133993,559.745465,5.48839,44.429145,234.323526,3.807583,139.578274,736.149067,11.961874,9.378033,78.199669,2.083194
d09_32_G04_1_4_S,glasshouse_b1,Forrest,T1,R4,S,2446,1374,679,58,1414.913793,590.3965517,2293,1371,690,3040,1397,629,2446,1373.312756,678.2371218,1310,1560.238168,311.3114504,302194,1452.853071,279.2918159,1534,1563.42764,249.8207301,2446,1373.312756,678.2371218,33,17,88.182402,0.192782,31.831404,0.392,0.410526,0.580571,172.220053,11.718813,110.475387,16.588431,71.593971,0,3.790667,31.374741,0,11.908733,98.566654,0,0.727868,10.990945,0
d25_34_G05_0_2_S,glasshouse_b1,Hartog,T0,R2,S,5891,853,2510,47,2524.297872,3173.808511,24530,1677,1880,25165,2069,2743,5891,852.7703276,2510.298421,13288,2384.715081,2871.909392,398181,906.3971762,2209.943475,12993,1542.792196,589.3137074,6912,2119.856481,1278.605758,163,93,802.364165,0.115907,302.514207,0.410084,0.435429,0.870857,1578.692645,110.754649,1036.202486,76.868919,717.706452,7.788794,18.450532,306.013576,5.369387,57.964057,961.370003,16.868427,3.688471,104.122513,2.943665
d49_03_G01_0_3_T,glasshouse_b2,Gladius,T0,R3,T,12915,1556,3290,54,1838.314815,1217.777778,77092,1900,3866,78956,1904,3842,12915,1505.829578,3301.474564,34660,1817.350404,1265.825361,464479,1418.407803,1176.595123,41163,1901.586813,2587.877438,12900,1505.785736,3301.776357,584,402,2006.182907,0.200381,739.848422,0.409654,0.435429,1.026315,3882.756908,289.086088,2590.555719,397.298778,1563.871198,45.012931,94.489502,697.29195,32.780066,296.847526,2190.726578,102.981616,18.780048,251.243641,19.062399
d27_14_G02_1_2_T,glasshouse_b2,5489,T1,R2,T,13493,2206,2285,56,2273.517857,3504.089286,21435,2195,3115,21299,2215,3048,13493,2114.968947,2255.06181,9741,2111.34401,2420.05482,603952,2131.317616,2102.846829,11934,2241.586811,2790.49028,13446,2115.915663,2259.401086,77,53,613.074051,0.08645,217.916615,0.391544,0.435429,0.580571,1211.643612,75.458928,749.768122,90.324845,522.749205,0,23.791617,214.866989,0,74.743568,675.024554,0,5.094216,70.364712,0
d33_45_G06_1_1_S,glasshouse_b1,3811,T1,R1,S,6856,799,2557,54,1629.37037,3617.12963,25209,1281,2689,24346,1281,2689,6856,803.1407526,2560.041569,12587,987.8836101,2515.104552,491244,1202.106904,3171.919136,17343,1677.366257,3879.071845,6903,790.4104013,2178.207446,327,171,940.637943,0.181792,323.259393,0.380674,0.435429,0.725714,1841.452362,115.762785,1127.239267,210.246382,728.421818,1.969744,46.058224,311.419939,1.262581,144.696178,978.428585,4.114504,8.552156,106.524617,0.686013
d41_10_G02_0_1_T,glasshouse_b1,5489,T0,R2,T,16404,2194,3883,75,1823.386667,651.4,45967,2746,3963,45693,2749,3976,16404,2118.451231,3867.340832,23690,2405.432841,3576.169607,515137,2589.1063,2816.439382,21459,1761.534088,683.1749383,15893,2516.537595,2866.674637,540,428,1731.104415,0.247241,632.235734,0.410757,0.435429,1.170179,3289.203676,256.734066,2242.120397,307.835297,1343.795288,79.47383,69.108462,580.921695,63.625623,217.110636,1825.123971,199.88579,13.099116,202.551706,41.083244
d19_06_G01_1_2_T,glasshouse_b2,Gladius,T1,R2,T,10683,1565,1810,52,1693.788462,1939.884615,14254,1606,1096,15426,1530,1970,10683,1505.286343,1764.554339,8339,1604.741816,897.2639405,553994,1481.763487,1297.029257,8203,1612.29733,893.5501646,10683,1505.286343,1764.554339,56,30,427.224575,0.070221,148.207735,0.3823,0.410526,0.725714,846.181532,51.192803,515.223807,78.111545,347.891767,1.221263,21.161806,141.988401,0.850624,66.481774,446.069718,2.672315,4.620288,46.105863,0.466653
d6_T009_28.10.23,field,3811,na,R5,S,116052,695,5618,55,338.9636364,1018.981818,286499,842,5285,307786,829,5136,69704,751.5232411,6002.025164,141616,1077.397547,6193.524948,683349,996.2471226,6046.395126,142363,1067.258909,6191.660677,65813,746.3722213,6066.99494,1275,810,4532.679236,0.178702,852.080733,0.211498,0.18932,0.682604,8867.373488,177.017972,3011.289329,4079.696825,450.539842,2.442569,794.778083,162.156502,1.541433,2496.88491,509.561866,4.842553,129.067893,47.184942,0.765137
d35_48_G06_1_4_S,glasshouse_b2,3811,T1,R4,S,16002,1464,3111,54,1745.62963,4418.666667,27971,1484,3728,27954,1484,3728,15819,1396.654024,3078.979771,13320,1451.734009,3175.924324,485058,1417.897091,2483.567211,9177,1402.569467,3216.075842,15807,1396.726577,3079.303726,220,146,832.870838,0.175297,288.278554,0.386234,0.410526,0.846321,1616.836041,104.506469,1014.615626,161.326008,662.787704,8.757125,38.996428,277.986796,5.898545,122.510892,873.42592,18.678814,7.860723,93.454873,3.190873
d21_08_G01_1_4_T,glasshouse_b1,Gladius,T1,R4,T,16663,1952,2178,49,1926.183673,2506.244898,13801,1880,1780,13703,1880,1779,16663,1983.220188,2180.541799,6424,1820.470112,1544.131227,978891,1653.854379,1606.057518,8485,1762.885681,1026.808368,19163,1944.920472,1964.971403,76,64,520.872449,0.122871,184.331429,0.395033,0.410526,0.781618,1022.037147,67.485442,645.003075,97.899679,408.004561,14.968208,25.757073,169.109061,10.444721,80.918232,531.271785,32.813059,5.504983,56.238267,5.742192
d31_33_G05_0_1_S,glasshouse_b2,Hartog,T0,R1,S,5534,1346,3685,91,1157.186813,2690.912088,21343,1245,2784,23637,1249,2704,5534,1351.838995,3681.850199,11160,1522.853763,762.6120072,343963,1453.040618,3082.850609,9972,1165.995086,2433.394204,5534,1351.838995,3681.850199,189,93,610.149401,0.152422,212.681602,0.382532,0.435429,0.649099,1199.293311,76.182579,737.671777,127.201964,480.186701,2.760735,27.972611,205.071258,1.731041,87.878551,644.355001,5.438226,5.213284,70.116286,0.853009
d25_05_G01_1_1_T,glasshouse_b1,Gladius,T1,R1,T,13655,1307,3548,58,1535.086207,2301.258621,23766,1650,2276,27538,1502,2945,13655,1434.08788,3548.07089,10360,1403.868822,2955.517181,371039,1853.393045,2647.030091,7967,1500.556797,2064.128405,13451,1435.849379,3549.029366,185,119,771.288551,0.154287,279.867775,0.397438,0.435429,0.870857,1509.37482,100.801571,966.439753,116.957675,650.396547,3.93433,28.52282,276.293426,2.811083,89.607081,868.001396,8.831276,5.780405,93.4306,1.590566
d45_42_G06_0_2_S,glasshouse_b1,3811,T0,R2,S,34630,1130,4260,52,1684.538462,2283.096154,77583,1025,4214,77598,1025,4214,24614,1067.486999,4431.41452,37190,894.199274,2397.808416,649893,1398.055945,3677.849958,45936,1337.91597,761.4808647,18477,871.4444444,3185.689452,1358,1096,3055.710027,0.358673,1060.748372,0.404142,0.410526,1.480173,5643.783481,464.676653,3928.767122,901.737306,1927.760624,226.212096,205.679236,873.239062,171.110694,646.347569,2743.988761,538.430793,39.600472,320.060456,105.015725
d33_38_G05_1_2_S,glasshouse_b1,Hartog,T1,R2,S,2885,1077,2496,54,810.6111111,2814.648148,17414,1078,2469,16479,603,2463,2885,1074.863085,2496.456499,8885,855.0928531,2108.043557,381365,868.5464974,2453.239086,6971,793.4095539,2978.299383,2853,2253.370137,4296.881178,192,100,599.760183,0.166733,206.73033,0.381015,0.410526,0.846321,1173.397888,74.416723,721.661334,150.078688,441.624297,8.057198,36.59142,187.484565,5.612399,114.955337,589.074127,17.631871,7.439412,63.886274,3.091037
d21_48_G06_1_4_S,glasshouse_b1,3811,T1,R4,S,12093,1228,2836,61,1355.836066,2992.311475,13861,1501,2861,17414,1162,2343,12093,1338.029108,2826.293393,9435,1358.885003,2957.575411,611495,1401.451866,2475.119157,7476,1398.807919,3035.832397,11961,1334.15492,2828.925592,90,48,524.040474,0.091596,191.320223,0.399324,0.435429,0.740086,1037.888234,68.288618,658.317166,58.862141,463.841987,1.336346,13.305571,195.333605,0.909687,41.800683,613.658618,2.857866,2.531408,65.269285,0.487925
d6_T017_28.10.23,field,Gladius,na,R6,T,18901,1099,5051,81,1014.012346,5239.111111,192018,1095,5056,198018,1108,5008,18538,1105.647697,5048.076977,90603,956.2797148,4547.198658,531312,1083.374458,4698.602452,92956,976.5191381,4691.099359,14159,1117.962215,5050.808532,1086,384,3640.656924,0.105475,651.021995,0.197559,0.18932,0.542131,7219.072795,122.715034,2265.434459,3423.402832,217.254092,0,645.443117,75.667068,0,2027.719356,237.715104,0,101.568655,21.146378,0
d4_T021_14.10.23,field,Gladius,na,R9,T,48215,161,3199,57,227.5438596,2377.385965,196797,861,2033,219386,957,2407,30211,163.2245209,2892.738506,91741,407.4760358,3230.836169,412564,268.2939908,2464.53583,87326,1206.382887,4865.560131,30214,163.3497054,2892.37903,1158,411,3503.14786,0.117323,640.950331,0.202858,0.18932,0.965349,6949.866884,125.349575,2234.174744,3243.088485,256.143649,3.915726,619.182104,88.915071,3.022183,1945.281645,279.398631,9.494468,98.644859,24.846721,1.857995
d05_16_G02_1_4_T,glasshouse_b1,5489,T1,R4,T,1575,1577,613,55,1569.818182,522.0181818,2670,1574,523,2823,1559,739,1575,1571.685714,613.1073016,1248,1550.619391,904.2604167,309107,1462.792331,283.1396021,1396,1546.25,370.7256447,1781,1549.674902,343.3694554,46,32,82.267495,0.388975,30.188221,0.405577,0.435429,0.725714,155.92728,11.757707,106.314805,16.033647,65.387894,0.845955,3.572025,29.723891,0.545138,11.221849,93.380356,1.7126,0.665153,10.815603,0.276952
d4_T022_14.10.23,field,3811,na,R7,S,43231,864,5248,72,1232.611111,3755.847222,178334,1210,5306,183185,1202,5254,43231,858.7642433,5256.462099,80941,1377.47652,4285.308052,533149,480.5489178,4874.523743,119675,1269.753917,5234.011147,37809,867.4559496,5275.751435,1022,409,2908.100143,0.140642,523.495369,0.200025,0.18932,0.682604,5750.582107,101.631764,1832.091786,2684.909665,222.570004,0.620473,506.048865,76.687151,0.406499,1589.799397,241.015335,1.277054,80.151066,21.271249,0.20945
d35_02_G01_0_2_T,glasshouse_b2,Gladius,T0,R2,T,12586,1731,3868,50,1933.46,2686.68,39879,1675,3780,39047,1675,3782,9060,1804.412583,3602.957174,17463,1822.176946,4172.87757,421114,1636.365381,3272.593276,21334,1837.981579,3994.675354,8775,1805.94849,3589.96547,270,170,1046.894599,0.162385,389.207912,0.409995,0.435429,0.917964,2045.355462,147.524545,1354.33684,146.240215,890.821139,9.833245,32.76417,391.089749,7.244887,102.931675,1228.644682,22.760483,6.184786,137.11041,4.229348
d17_28_G04_0_4_S,glasshouse_b1,Forrest,T0,R4,S,3783,1498,2107,57,1449.385965,854.6842105,9228,1466,2236,9228,1466,2236,3783,1498.18821,2106.804388,5424,1409.26733,1168.499263,361274,1457.003936,1974.410841,5672,1518.439351,624.1655501,3783,1498.18821,2106.804388,121,71,359.514851,0.197488,126.319695,0.385525,0.410526,0.598439,702.603139,44.719273,438.294931,58.324081,301.19077,0,14.090269,125.423341,0,44.265886,394.029045,0,2.813056,41.906217,0
d21_32_G04_1_4_S,glasshouse_b1,Forrest,T1,R4,S,4193,565,2376,70,568,2381.385714,7196,695,2079,7196,695,2079,4193,576.2475554,2379.853565,2738,2378.580351,2378.747991,288953,855.4862556,2072.178361,2229,762.3674293,1853.805742,4193,576.2475554,2379.853565,52,22,187.050778,0.117615,69.756279,0.400028,0.435429,0.580571,371.47867,25.265701,237.144993,30.68453,156.366248,0,7.097426,68.388169,0,22.297223,214.84777,0,1.377724,23.887977,0
d15_34_G05_0_2_S,glasshouse_b2,Hartog,T0,R2,S,8136,2122,1173,66,1577.5,545.5909091,24890,1571,941,31207,1690,1831,8136,2108.481686,1172.633481,13629,1591.256218,617.4867562,205146,2154.367241,875.0089936,10228,1519.087016,531.9120063,7676,2124.644867,1207.852137,152,88,650.932559,0.135191,247.330644,0.412432,0.435429,0.917964,1278.417102,91.582814,844.831988,77.454281,570.016731,3.461547,17.074294,249.307842,2.502929,53.640478,783.328328,7.863183,3.161257,86.985628,1.43593
d41_15_G02_1_3_T,glasshouse_b1,5489,T1,R3,T,13913,1031,3036,101,1085.910891,3358.326733,33951,1468,4053,35574,1464,4049,13913,1133.747215,3020.092,15115,1527.359643,4469.649553,400139,1484.295812,3286.822629,21842,1632.942038,4234.180844,10659,1018.922882,2674.863683,473,327,1240.103231,0.263688,434.937906,0.393434,0.410526,1.436841,2373.371647,167.607019,1543.272963,273.390237,941.205052,25.507941,63.993838,407.608159,19.552779,201.04257,1280.538798,61.691594,12.525497,142.55231,12.529213
d17_18_G03_0_2_T,glasshouse_b1,CALINGIRI,T0,R2,T,13714,1193,2237,65,1749.030769,1032.6,22072,1361,1464,20320,1656,1472,13714,1167.478635,2210.77636,9655,1336.490109,2109.349767,382799,1390.914676,1140.34121,11334,1373.213517,2019.261249,15052,1184.876296,2097.936487,101,63,663.651482,0.094929,241.158175,0.39976,0.435429,0.725714,1308.785532,86.288685,834.200147,75.554455,585.861901,2.235127,19.12853,244.897299,1.484772,60.09405,769.441549,4.664548,3.979419,81.530873,0.778393
d49_08_G01_1_4_T,glasshouse_b2,Gladius,T1,R4,T,14041,1913,2017,90,1567.622222,676.5555556,65943,1649,1491,64288,2064,3170,12997,3099.284142,3975.822882,30835,1667.078417,892.3834604,498390,1987.413217,1701.789705,22784,1592.800737,767.981171,12997,3099.284142,3975.822882,630,413,1759.229692,0.234762,590.903361,0.385413,0.324549,1.494337,3353.429793,249.314917,2135.290673,733.52217,927.293801,98.413722,171.950413,426.222634,81.466396,540.198154,1339.017895,256.074624,33.774699,158.969509,56.570709
d05_02_G01_0_2_T,glasshouse_b1,Gladius,T0,R2,T,2104,1363,448,59,1659.983051,349.5423729,2905,1429,339,3565,1410,373,2104,1363.40827,447.5327947,1461,1654.886379,380.4161533,287688,1451.907779,269.9476516,1995,1375.193985,425.5874687,3039,1404.476802,383.2681803,22,12,88.395843,0.135753,35.096704,0.427057,0.435429,0.649099,174.26841,13.305382,119.582837,7.330599,80.992673,0.072571,1.914748,36.102545,0.047106,6.015358,113.419492,0.147988,0.40656,12.874807,0.024015
d31_42_G06_0_2_S,glasshouse_b2,3811,T0,R2,S,13767,902,3126,58,433.9482759,3467.5,41041,1058,1723,44199,1026,1828,13767,852.960921,3111.240139,18116,1917.184699,2787.196346,513595,1462.562792,3478.599139,18557,782.2724039,2258.022256,13767,852.960921,3111.240139,329,197,1188.979623,0.165688,429.597561,0.395071,0.435429,0.821052,2321.247575,160.293618,1493.736546,225.805691,949.247878,13.926054,50.592804,415.21453,9.633984,159.035576,1304.434916,30.266053,9.632096,145.394429,5.267093
d13_25_G04_0_1_S,glasshouse_b1,Forrest,T0,R1,S,5168,1513,1549,54,1468.5,1704.481481,5168,1513,1549,5295,1515,1540,5168,1501.654605,1549.461494,2850,1450.643509,1730.955439,312674,1455.571087,1458.840821,2948,1361.049864,378.9772727,5168,1501.654605,1549.461494,48,24,187.710482,0.127856,68.439626,0.397127,0.410526,0.821052,369.899493,25.123688,235.733762,33.951129,151.71188,2.047472,8.087678,65.399581,1.549128,25.40819,205.458842,4.86673,1.598582,22.597678,0.927428
d29_10_G02_0_1_T,glasshouse_b1,5489,T0,R2,T,15699,2508,2843,53,1758.90566,600.5283019,33251,2049,2178,33445,2051,2183,15699,2504.24543,2847.07045,14045,2308.705874,2489.577572,429049,2575.996178,2292.449235,16945,1746.236766,682.0234878,15589,2505.519212,2852.803579,233,189,1124.854037,0.168022,424.662745,0.414184,0.435429,0.973648,2190.685684,159.726599,1461.753301,117.794351,995.613512,11.446174,27.734914,429.454568,8.101045,87.131802,1349.171315,25.450184,5.458865,149.665277,4.602456
d05_48_G06_1_4_S,glasshouse_b1,3811,T1,R4,S,1396,1475,718,95,1567.115789,300.1157895,1713,1595,341,1713,1595,341,1396,1474.473496,717.5551576,1004,1565.727092,346.5926295,320191,1455.919798,286.5225038,1306,1572.280245,274.9701378,1396,1474.473496,717.5551576,27,15,74.438478,0.201509,23.889353,0.350222,0.324549,0.598439,146.158731,7.893084,83.164419,20.260398,54.17808,0,4.861132,21.610925,0,15.271696,67.892723,0,0.97024,6.922845,0
d43_25_G04_0_1_S,glasshouse_b2,Forrest,T0,R1,S,6049,1013,2907,93,746.5698925,4213.215054,39337,816,3817,52601,945,3229,6049,1023.97107,2910.0286,25092,1411.637454,863.7761039,300984,879.4821818,2697.872412,23079,1408.808181,812.4654881,4701,697.0933844,3154.214848,421,279,1160.92808,0.240325,390.187501,0.384565,0.410526,1.56996,2212.035235,156.712412,1410.34478,325.741428,777.063561,58.123091,72.347433,331.47973,45.010146,227.286164,1041.374286,141.68433,13.606619,113.989937,29.115856
d29_08_G01_1_4_T,glasshouse_b1,Gladius,T1,R4,T,17316,1930,2140,49,1640.816327,942.2653061,16557,1881,1758,17352,1985,2769,17316,1961.998325,2135.313063,8221,1895.420144,2005.578275,252763,2097.666969,2209.71031,11360,1710.307658,864.3848592,9394,1934.191825,1583.976581,182,122,677.496938,0.180075,232.294466,0.381658,0.410526,0.870857,1323.165294,84.066567,814.097948,189.395097,472.592552,15.509289,48.91954,199.563238,10.652647,153.685268,626.946403,33.466276,10.323155,67.96562,5.777792
d41_44_G06_0_4_S,glasshouse_b1,3811,T0,R4,S,8426,994,1886,85,1722.447059,667.8235294,58148,1151,2190,55858,1151,2190,8426,1040.584856,1900.256705,23936,866.0951287,2000.19126,413825,854.1983616,2510.068307,30295,1752.847004,792.8237663,7748,1022.419979,1945.310274,759,549,2103.421353,0.261003,726.908355,0.393343,0.410526,1.056656,3997.340015,287.654293,2614.137171,573.795021,1433.560684,96.065648,136.442741,626.868085,68.626346,428.647512,1969.75324,215.736419,27.056562,221.541483,39.056249
d31_29_G04_1_1_S,glasshouse_b2,Forrest,T1,R1,S,3708,976,3338,76,2500.078947,2555.921053,10588,1076,3085,13194,1183,2712,3708,971.6418554,3334.265372,6152,2502.590377,2602.614922,445289,881.1165086,2788.166002,4917,2495.3313,2769.101078,3708,971.6418554,3334.265372,110,56,322.020907,0.173902,101.88788,0.349566,0.410526,0.580571,631.047103,34.436842,354.627941,114.358073,207.662834,0,24.516195,88.365385,0,77.019897,277.608044,0,4.442301,29.99454,0
d1_T024_28.09.23,field,3811,na,R9,S,34127,1125,3688,95,1188.284211,3882.842105,182733,1080,2009,179245,1079,2003,27768,1122.104257,3692.282447,94328,1232.647634,3698.277659,460735,903.0409954,3214.265072,82798,1229.649267,3764.322677,27077,1121.680282,3685.583004,1033,457,3320.205521,0.137642,607.020291,0.202519,0.18932,0.644802,6565.017728,117.236047,2116.864803,3093.593093,226.26349,0.348938,595.955233,77.587713,0.220292,1872.344127,243.828609,0.692066,95.757173,21.369575,0.1093
d41_39_G05_1_3_S,glasshouse_b1,Hartog,T1,R3,S,6354,1498,2620,61,1716.836066,2359.95082,22962,1504,2237,23063,1504,2237,6354,1507.396758,2622.796821,9050,1388.400442,2759.037459,361035,1447.749373,2175.831202,8804,1723.830191,2356.401976,4060,1428.576601,2810.291133,259,145,716.721916,0.20231,245.834926,0.380085,0.410526,0.870857,1393.161227,89.904922,864.584683,167.669782,534.706123,14.34601,38.764879,226.493899,9.947074,121.783458,711.551569,31.249655,7.573353,76.869032,5.462537
d17_42_G06_0_2_S,glasshouse_b1,3811,T0,R2,S,7763,1907,2612,51,678.8039216,2512.980392,19913,976,1932,19089,865,1961,6364,1895.471873,2713.368479,7360,904.7561141,1897.30231,357866,1943.121043,2072.305405,8117,1428.600099,721.4716028,6363,1895.46849,2713.443501,167,99,596.54885,0.165955,223.483424,0.406937,0.435429,0.615789,1168.374343,82.924066,769.745423,78.869974,516.887884,0.790992,18.795573,225.734921,0.487084,59.048034,709.167169,1.53022,3.73743,78.951063,0.235573
d05_17_G03_0_1_T,glasshouse_b1,CALINGIRI,T0,R1,T,4104,1354,676,58,1721.827586,444.1896552,6531,1344,754,8906,1361,674,4104,1347.332359,675.7599903,2718,1631.969463,913.7170714,398185,1073.051391,270.1403117,2957,1563.436253,233.6496449,5378,1375.779286,578.1230941,45,27,203.594561,0.132617,77.69833,0.416114,0.435429,0.725714,399.494781,29.043431,266.187759,20.451074,182.793082,0.350406,4.618557,79.882048,0.229589,14.509626,250.956856,0.721277,0.875276,28.049594,0.118561
d11_23_G03_1_3_T,glasshouse_b2,CALINGIRI,T1,R3,T,6061,1447,1716,49,1450.714286,1808.469388,9545,1481,1548,10967,1487,1472,6061,1459.755651,1719.749051,4034,1515.435052,1262.800198,369920,1869.033699,1472.431499,3126,1663.580934,424.4085093,6061,1459.755651,1719.749051,71,41,224.952961,0.18226,81.985353,0.397816,0.435429,0.580571,440.650227,29.915757,282.975774,36.922285,188.030676,0,8.445808,81.628179,0,26.533287,256.442487,0,1.613794,28.301963,0
d11_05_G01_1_1_T,glasshouse_b2,Gladius,T1,R1,T,4885,1409,1386,66,1616.681818,1989.575758,12110,1699,629,13705,1585,941,4885,1413.398158,1387.362538,7680,1506.497526,1044.605208,351425,1458.755877,1346.488346,4227,1488.797729,1185.839839,4855,1413.229866,1389.566632,64,46,310.248559,0.148268,119.373033,0.418094,0.435429,0.846321,606.126205,44.762297,407.886761,38.070092,269.973401,2.205067,8.91575,119.37896,1.539679,28.009654,375.040063,4.837044,1.746514,42.161161,0.854622
d41_35_G05_0_3_S,glasshouse_b1,Hartog,T0,R3,S,11521,1475,4441,63,1203.571429,3610.539683,36993,1259,4068,39767,1259,4065,11519,1493.678965,4440.784877,15557,1648.74121,4642.190782,355681,298.0204593,3186.053,17554,1763.484562,681.7443887,7789,306.2421363,3737.381307,662,500,1356.840473,0.368503,449.315757,0.389003,0.410526,1.376946,2511.006529,192.133048,1673.168943,428.187838,858.160572,70.492063,93.482826,383.691002,55.277667,293.684959,1205.64587,173.838114,17.277223,139.356854,35.498972
d13_11_G02_0_3_T,glasshouse_b1,5489,T0,R3,T,5522,2283,1374,65,1456.646154,2389.907692,12191,1464,2147,11740,1465,2171,5522,2272.516661,1379.339732,5790,1327.630052,2031.744387,378602,2061.35811,936.8901643,9125,1371.506411,2206.743014,6503,2228.574043,1309.118099,74,48,408.047895,0.117633,159.436152,0.420268,0.435429,0.598439,803.856487,58.883694,539.229539,39.942361,368.105534,0,9.856019,161.786074,0,30.963598,508.265941,0,2.010257,56.873436,0
d21_17_G03_0_1_T,glasshouse_b1,CALINGIRI,T0,R1,T,16512,1305,3028,62,2532.048387,2570.33871,23854,1557,1997,30967,1381,2585,11243,1259.199502,2733.789202,12879,1251.121283,2440.265238,508244,1002.982685,2489.066065,12492,1237.016731,2211.502482,10644,1250.167606,2693.381154,211,202,853.294569,0.23673,307.71762,0.423142,0.435429,1.947296,1610.056749,140.904455,1140.288897,106.431278,713.132897,33.730394,26.495382,300.132187,36.151653,83.378092,942.967068,113.943737,5.473588,100.621742,34.809125
d19_32_G04_1_4_S,glasshouse_b2,Forrest,T1,R4,S,2776,657,2259,65,790.8615385,1911.046154,6235,1524,973,8735,850,1689,2776,657.9621758,2259.560879,4033,1456.75155,765.8373419,316123,868.4446529,2061.409391,2809,660.007476,2261.320399,2776,657.9621758,2259.560879,44,20,157.986471,0.126593,58.622661,0.398223,0.435429,0.580571,312.631635,21.306279,199.808333,25.808908,132.177563,0,5.806074,57.794893,0,18.240321,181.568012,0,1.105781,20.200498,0
d33_23_G03_1_3_T,glasshouse_b1,CALINGIRI,T1,R3,T,7674,1536,3863,55,1967.218182,3076.054545,21330,1492,2814,20443,1531,3952,7425,1554.422761,3842.871111,11103,1809.296677,3559.672341,359748,1588.80523,3219.672073,11536,1694.201283,1821.243585,7412,1554.348489,3842.395035,160,114,763.934212,0.149228,286.545839,0.410967,0.435429,0.598439,1496.699911,105.458696,991.580796,73.950071,689.984141,0,18.738287,296.891683,0,58.868065,932.712731,0,3.903285,101.555411,0
d33_39_G05_1_3_S,glasshouse_b1,Hartog,T1,R3,S,6554,1511,2602,66,1633.833333,2391.545455,13362,1539,2219,14987,1539,2219,6554,1520.497101,2604.299969,6095,1572.254963,2571.473667,362639,1448.476794,2198.108201,9271,1635.303096,2400.34527,6536,1520.312271,2604.511475,147,77,481.214116,0.160012,167.272872,0.381517,0.410526,0.725714,943.847658,59.493812,582.274164,101.645836,378.244385,1.323894,24.331013,160.109859,0.902751,76.438131,502.999957,2.836075,4.884296,54.12434,0.485176
d33_43_G06_0_3_S,glasshouse_b1,3811,T0,R3,S,24221,664,3861,64,1469.703125,2789.90625,37411,1781,3121,38383,1786,4172,18061,1837.394884,3726.459166,18523,677.8911623,4255.675053,572601,1231.030519,3353.009904,25185,712.1228112,4016.677427,17904,1837.824676,3725.189064,337,249,1344.615644,0.185183,502.756072,0.413975,0.435429,1.105375,2601.294524,194.517272,1752.632922,211.469629,1112.240652,20.905362,47.803541,494.689094,15.38775,150.179254,1554.111625,48.342044,9.115878,176.36864,9.032754
d21_45_G06_1_1_S,glasshouse_b1,3811,T1,R1,S,8202,780,2265,60,954.2,1397.383333,16164,1217,2018,24651,1234,2313,8202,780.3899049,2264.541088,8950,1454.024581,1981.876313,500020,819.025007,1788.206826,7006,1634.148444,3038.982872,8296,780.4340646,2256.696239,119,61,487.721741,0.125071,178.006227,0.396621,0.435429,0.580571,961.513523,63.281975,608.539604,75.596966,412.124776,0,17.713645,175.990527,0,55.649058,552.890547,0,3.482036,59.799939,0
d5_T011_21.10.23,field,Gladius,na,R4,T,93521,1498,5914,60,663.6,6414.283333,269774,1209,5620,248452,1184,5752,71789,1455.654487,5839.692599,109892,1250.075074,4824.64193,642040,1180.252945,5684.910747,196751,1255.44199,6009.125138,63595,1481.432801,5794.197924,1298,618,4440.1582,0.139184,789.44645,0.198564,0.18932,0.863434,8753.094144,151.600306,2771.202182,4138.385574,299.308267,2.464359,777.112685,103.214649,1.755796,2441.371502,324.314684,5.515996,122.040425,28.566012,0.993869
d15_16_G02_1_4_T,glasshouse_b2,5489,T1,R4,T,5795,1736,1672,69,2320.028986,1856.115942,12476,1833,1909,11282,1840,1936,5781,2303.419132,1788.887909,5359,1634.587236,741.7818623,346190,2029.697808,1600.520983,6682,2265.483089,1863.299312,5781,2303.419132,1788.887909,60,28,273.503765,0.102375,104.015592,0.412485,0.435429,0.598439,540.920075,38.058389,353.210248,31.74179,241.761975,0,6.955821,105.474493,0,21.852358,331.357891,0,1.293446,36.764943,0
d31_46_G06_1_2_S,glasshouse_b2,3811,T1,R2,S,10684,1047,2576,69,1299.246377,2084.57971,23567,1653,1995,21918,1724,2122,10684,1047.031636,2575.597061,12626,1289.184461,2240.230556,400390,1420.34618,2091.865406,11368,1278.03589,3919.293543,10404,1048.211553,2570.040177,156,82,641.860157,0.127754,221.940307,0.38119,0.435429,0.725714,1265.981422,78.409798,773.224083,131.560371,509.538854,0.760932,30.954861,214.660525,0.509485,97.247563,674.375927,1.600593,6.130867,72.010029,0.268902
d41_03_G01_0_3_T,glasshouse_b1,Gladius,T0,R3,T,13207,1547,3269,61,1952.737705,978.3442623,40954,1709,2335,42859,1714,2561,13207,1500.260165,3283.730825,22260,1713.840386,3197.105166,326795,863.8677275,3914.295393,23590,1851.864731,1083.040187,14131,1379.551766,1665.226665,368,236,1511.034407,0.156184,550.798108,0.400609,0.435429,0.917964,2948.131927,204.102444,1906.867696,277.437728,1222.5516,11.045078,67.303162,532.009787,7.576807,211.439118,1671.625337,23.803241,13.590973,186.373603,4.137868
d35_27_G04_0_3_S,glasshouse_b2,Forrest,T0,R3,S,11244,764,3214,55,694.6181818,2883.6,27349,764,3214,26770,743,2934,11244,840.3295091,3196.517787,11606,1460.574961,695.876874,485122,840.5496906,2322.130699,12800,1426.803438,770.194375,7678,872.2384736,3517.142355,215,155,716.676231,0.216276,256.368151,0.399698,0.435429,0.973648,1382.281252,97.723261,907.490108,116.254727,580.558296,19.863208,27.864777,246.241978,14.756319,87.539777,773.591989,46.358342,5.551718,83.438264,8.733279
d21_10_G02_0_1_T,glasshouse_b1,5489,T0,R2,T,10616,2407,2471,55,2040.854545,1478.8,18162,2439,2732,18103,2436,2726,10616,2406.670968,2471.336096,8418,2308.635305,2770.400808,352903,2611.502563,2116.763479,8234,2450.492835,3075.134807,10616,2406.670968,2471.336096,113,85,699.155661,0.121575,253.071252,0.396569,0.410526,0.88287,1371.70361,89.276083,868.462681,71.162448,623.560313,4.4329,17.511162,255.854201,3.074894,55.012938,803.789678,9.660066,3.560103,84.010024,1.705956
d37_24_G03_1_4_T,glasshouse_b1,CALINGIRI,T1,R4,T,27065,1182,3748,47,2260.93617,1995.510638,24634,1315,4241,24340,1315,4241,27063,1231.650889,3735.396889,11338,1132.892926,3551.513406,579029,988.052835,3001.716462,13570,1119.901842,2398.994547,25437,1251.293313,3779.203169,165,125,976.980604,0.127945,340.244217,0.385187,0.410526,0.821052,1917.573078,119.779395,1185.759639,196.372851,776.443259,4.164495,53.069715,321.502704,2.866596,166.723427,1010.030534,9.005678,11.571785,106.648619,1.558991
d07_47_G06_1_3_S,glasshouse_b2,3811,T1,R3,S,2465,1452,767,65,1399.476923,874.1692308,3556,1572,315,3556,1572,315,2465,1441.085598,763.7436105,1505,1568.053156,250.6146179,304363,1454.913337,282.3058026,1260,1405.053175,863.4587302,2465,1441.085598,763.7436105,30,22,91.292658,0.240983,31.710272,0.385586,0.410526,0.846321,175.644613,11.816829,111.906411,20.002309,68.111794,3.178555,4.817502,28.57604,2.227375,15.134628,89.774277,6.997506,0.969316,9.61358,1.233933
d31_36_G05_0_4_S,glasshouse_b2,Hartog,T0,R4,S,9144,725,4522,102,639.3137255,4966.27451,33778,1337,1382,40330,750,2941,9144,731.329615,4521.625,17062,729.9035283,2879.344039,479742,842.9630781,3865.561091,14495,725.748189,2808.263263,9126,731.4934254,4521.692636,325,211,944.60404,0.223374,342.050665,0.403727,0.435429,1.04664,1816.348564,134.04033,1206.185557,189.456835,729.476145,25.671059,41.777403,323.794837,18.344994,131.247582,1017.305476,57.632499,7.802245,115.780035,10.45805
d19_39_G05_1_3_S,glasshouse_b2,Hartog,T1,R3,S,3575,1011,2073,62,1001,2156.709677,9253,1002,2388,10999,997,2280,3575,1013.785175,2073.237483,4001,1733.126968,2118.075481,396128,990.5187086,2058.223655,3637,1013.534506,2078.554028,3575,1013.785175,2073.237483,61,35,209.739696,0.166874,78.799052,0.407286,0.435429,0.580571,411.48445,28.975462,270.402952,34.102681,175.637015,0,8.674983,77.39695,0,27.253262,243.14969,0,1.818031,27.157431,0
d11_38_G05_1_2_S,glasshouse_b2,Hartog,T1,R2,S,3863,2132,1548,54,1327.925926,515.7777778,12469,1128,1038,12469,1128,1038,3863,2147.556303,1538.546725,4929,1327.861838,546.7681071,382330,876.15563,1319.01171,5087,1318.785925,553.1195203,3863,2147.556303,1538.546725,62,28,244.318484,0.114605,91.681186,0.403452,0.435429,0.580571,483.766504,33.203572,312.7597,32.082247,212.236237,0,7.962081,91.592423,0,25.013615,287.746084,0,1.636385,31.567187,0
d49_41_G06_0_1_S,glasshouse_b2,3811,T0,R1,S,73799,1186,4106,86,1800.139535,565.5,156400,1512,3824,161481,1707,3744,54296,1114.240975,4263.423788,69156,1691.952614,3701.755423,545194,1311.27568,3582.162106,91980,1140.221363,4123.943162,47294,1122.129911,4252.274327,2041,1743,4319.371629,0.403531,1512.802768,0.430408,0.410526,2.471694,7744.98585,819.682153,5885.298385,1311.201197,2490.041387,518.129044,304.286803,1112.832055,455.859879,955.945186,3496.735509,1432.617691,59.23437,404.787335,355.660449
d11_35_G05_0_3_S,glasshouse_b2,Hartog,T0,R3,S,2827,1465,552,63,1494.031746,323.9047619,10980,1471,488,10980,1471,488,2827,1465.859215,552.2419526,5310,1477.07646,309.9143126,385457,1819.655482,269.5649294,4720,1477.805508,287.7597458,2827,1465.859215,552.2419526,79,65,263.588974,0.246596,91.93925,0.386,0.410526,0.725714,508.427328,33.269217,322.428514,45.406733,217.173534,1.008706,10.907353,91.069331,0.6555,34.26646,286.10274,2.059314,2.174766,30.758755,0.335696
d49_24_G03_1_4_T,glasshouse_b2,CALINGIRI,T1,R4,T,21113,1147,3584,65,2171.984615,1564.8,50950,2175,1816,53083,2175,1820,21110,1224.855613,3613.082473,22759,1225.340569,2798.376115,581942,1375.100742,2659.264452,16421,2344.464405,1840.351562,15473,1202.916241,3971.542299,233,159,1338.741264,0.118768,476.401944,0.391631,0.410526,0.781618,2630.808114,170.930184,1649.323296,278.858945,1054.353554,5.528765,72.649291,448.627242,3.719377,228.23448,1409.404047,11.684768,15.447824,153.506739,1.975621
d37_13_G02_1_1_T,glasshouse_b1,5489,T1,R1,T,7913,1283,2053,65,1829.692308,924.3692308,26949,1664,1572,27838,1670,1588,7913,1276.643498,2054.063566,11388,1550.026344,2144.895943,505004,1493.850787,1752.994016,19807,1769.406472,846.4530217,7839,1277.53017,2058.690777,329,240,1016.333875,0.236143,331.101379,0.365226,0.324549,0.781618,1958.480068,117.700404,1165.362325,375.579961,633.432745,7.321169,91.650067,274.491038,4.737002,287.973975,862.506619,14.881731,18.489474,96.792595,2.418335
d43_38_G05_1_2_S,glasshouse_b2,Hartog,T1,R2,S,3710,872,1685,78,886.9358974,1869.102564,30434,1784,1191,30281,1784,1191,3710,877.341779,1688.312399,12769,1761.295481,873.0176208,398938,913.4504234,1623.931847,10113,1656.811925,774.1039256,3710,877.341779,1688.312399,452,254,920.652813,0.275891,286.019178,0.352398,0.324549,0.973648,1770.617212,103.48818,1028.026065,358.092446,543.84585,18.714517,81.056058,233.005406,13.112534,254.645115,732.18671,41.19424,15.487548,80.684739,7.315893
d41_40_G05_1_4_S,glasshouse_b1,Hartog,T1,R4,S,20926,2345,3469,47,1372.319149,1026.744681,33838,1457,4145,47960,2277,3475,20647,2347.09522,3468.086114,18461,2141.488598,3393.436217,461008,2487.13187,2937.877698,20891,2345.017376,3561.373462,17319,2332.651077,3535.586754,400,290,1286.151362,0.225479,457.521139,0.398568,0.435429,0.973648,2467.157317,177.44897,1619.330994,289.354915,957.120354,39.676093,67.731719,418.806802,28.743445,212.785472,1315.92673,90.618791,13.323236,147.467437,16.658297
d33_26_G04_0_2_S,glasshouse_b1,Forrest,T0,R2,S,5359,1425,3221,56,1623.232143,4015.089286,17211,1438,2776,18211,1610,3900,5359,1440.503079,3216.67382,9502,1215.010945,2706.780467,363991,1458.989313,2729.785025,8850,1176.091073,2642.888249,5359,1440.503079,3216.67382,173,103,650.474642,0.158346,240.083786,0.404574,0.435429,0.781618,1274.583822,89.027045,833.207715,93.788377,555.429785,1.256481,22.194137,242.156,0.868116,69.724938,760.755509,2.727268,4.399832,84.152253,0.474961
d15_20_G03_0_4_T,glasshouse_b2,CALINGIRI,T0,R4,T,12147,1942,2322,50,1860.1,2542.12,22399,1784,2337,29803,1713,2041,12147,1889.04602,2310.212233,11996,1535.895715,814.9722407,368182,870.9457035,1485.815024,10051,1833.396378,2731.979007,11933,1890.044834,2329.095533,107,55,607.976594,0.090464,221.713842,0.399992,0.435429,0.598439,1204.533167,79.092798,764.850624,67.172638,540.803956,0,16.754116,226.705399,0,52.634609,712.216015,0,3.440819,75.651978,0
d07_21_G03_1_1_T,glasshouse_b2,CALINGIRI,T1,R1,T,2819,1634,1026,93,1725.677419,1096.139785,6247,1649,1062,6247,1649,1062,2819,1635.777935,1026.16105,3549,1522.904198,325.4787264,393515,1456.839094,358.9737164,3472,1525.893145,322.7381912,2819,1635.777935,1026.16105,51,25,177.288335,0.141013,62.546287,0.386593,0.435429,0.615789,349.533138,21.983218,216.105367,32.682197,144.328303,0.277834,7.914345,60.703042,0.171087,24.863648,190.704232,0.537487,1.587655,20.312819,0.082745
d7_T023_04.11.23,field,3811,na,R8,S,79470,749,3851,48,510.4166667,3632.5,276634,1186,4891,330894,1165,4664,78818,758.6470476,3863.474968,164644,1174.96685,4251.543913,492920,807.8173172,3050.601627,268210,1086.348671,3719.814761,54975,704.6865302,3829.44091,1465,802,4789.06935,0.167465,866.71332,0.202523,0.18932,0.677333,9412.455722,169.893935,3047.457372,4445.91655,342.743993,0.408807,848.405507,121.346747,0.258211,2665.376356,381.269823,0.811193,135.113764,34.651856,0.128315
d7_T021_04.11.23,field,Gladius,na,R9,T,64143,160,2670,80,1436.7125,2662.675,186471,1066,2217,208361,892,2394,57201,148.6715617,2584.233807,107963,1212.552958,5351.525523,424288,258.9224324,2590.812752,111999,1173.598229,5316.418843,54926,146.5992426,2558.13216,1131,392,3388.944848,0.11567,615.369737,0.20157,0.18932,0.677333,6732.100109,118.874447,2146.54064,3155.696661,232.705118,0.54307,601.87043,81.030914,0.345842,1890.831722,254.622424,1.086494,96.000175,22.701021,0.173251
d19_08_G01_1_4_T,glasshouse_b2,Gladius,T1,R4,T,23354,1896,1793,47,1852.723404,1653.680851,17824,1865,1242,18996,1897,1300,23354,1940.300762,1797.179113,8703,1895.149029,2019.635758,979388,1663.345203,1603.231494,8706,1768.300942,995.8336779,19076,1953.99675,1911.464458,63,53,520.573984,0.101811,186.248475,0.3983,0.435429,0.846321,1024.735992,68.122764,649.725073,85.214633,421.262,14.097351,22.081886,174.799002,9.933026,69.372291,549.14726,31.205522,4.676265,57.929,5.517498
d15_27_G04_0_3_S,glasshouse_b2,Forrest,T0,R3,S,4676,1007,1627,90,1412.611111,595.3888889,11875,1476,711,18759,1072,1427,4676,1007.3287,1627.11805,9612,1478.407303,575.0366209,380550,865.5671659,1640.035286,9801,1474.624324,584.0116315,4213,764.9681937,2362.704249,75,51,321.601835,0.158581,120.157758,0.406509,0.435429,0.580571,630.188849,43.922835,412.63448,37.120254,284.481581,0,9.104108,122.241527,0,28.601397,384.033083,0,1.835356,42.087479,0
d11_29_G04_1_1_S,glasshouse_b2,Forrest,T1,R1,S,1968,1139,1299,96,1428.895833,309.0208333,4385,1461,497,4631,1454,527,1968,1141.922764,1300.07063,2200,1439.885,315.2459091,318062,1453.320035,285.0227094,2203,1439.942351,315.3685883,1968,1141.922764,1300.07063,31,17,111.260634,0.152794,38.267205,0.377413,0.410526,0.580571,219.240082,13.473997,132.602055,27.366874,83.89376,0,6.271215,35.93733,0,19.701603,112.900452,0,1.190665,12.283332,0
d11_47_G06_1_3_S,glasshouse_b2,3811,T1,R3,S,3015,1206,1370,57,1578.157895,380.4210526,8272,1504,646,8498,1506,652,3015,1205.93068,1369.840796,4495,1553.390211,424.3922136,382368,1457.531603,987.1768506,4159,1558.708824,409.0134648,3015,1205.93068,1369.840796,64,42,210.999502,0.199053,77.72993,0.400914,0.435429,0.781618,410.588047,28.688582,268.565553,28.507387,178.75789,3.734224,6.874732,76.034172,2.578167,21.597606,238.868395,8.099552,1.369369,25.915023,1.40419
d11_10_G02_0_1_T,glasshouse_b2,5489,T0,R2,T,10198,1717,758,79,1737.936709,291.6075949,15365,1753,515,15547,1914,1253,7414,1943.73024,1535.84799,6608,1706.971701,296.9664044,478558,1980.831408,432.9709753,7040,1674.055966,306.8487216,7414,1943.73024,1535.84799,98,74,383.305096,0.193058,143.704782,0.406686,0.435429,0.598439,744.024486,52.531905,492.676467,41.88116,341.423936,0,9.700758,147.089723,0,30.475832,462.200635,0,1.892612,50.639293,0
d15_10_G02_0_1_T,glasshouse_b2,5489,T0,R2,T,14893,2134,1455,58,1953.396552,987.9655172,18697,2268,1807,26536,2185,1565,14893,2115.144632,1461.835157,9962,1686.261092,511.4445894,666752,1671.457248,1243.580747,6316,1687.172894,408.7811906,14109,2148.246651,1503.786519,82,66,522.62487,0.126286,192.631609,0.400258,0.410526,1.016,1022.615482,68.695275,656.035566,56.687135,463.895421,2.042315,12.511397,194.582737,1.728472,39.305714,611.299696,5.430156,2.33092,65.193819,1.170536
d5_T015_21.10.23,field,3811,na,R6,S,14493,325,845,83,701.9518072,4715,186265,968,5063,185376,968,5064,12629,249.2107847,279.1922559,110460,786.1439073,5717.411443,434335,261.1689825,439.6691816,67165,428.6989206,2978.190233,11253,264.968364,294.747534,1189,417,3534.462878,0.117981,637.527399,0.199261,0.18932,0.780588,7023.746281,121.313236,2217.774196,3295.406337,238.453602,0.602938,624.263325,81.197778,0.424946,1961.196999,255.24219,1.335007,98.875339,22.200776,0.237121
d11_31_G04_1_3_S,glasshouse_b2,Forrest,T1,R3,S,2697,1336,1366,63,1468.444444,299.8412698,6329,1614,528,6330,1614,528,2697,1341.72525,1371.512792,3729,1564.260928,335.9018504,272868,1462.840388,269.7450745,3664,1561.662937,333.6877729,1733,1386.745528,1300.085401,65,41,154.167894,0.265944,53.919576,0.384097,0.410526,0.598439,297.420381,19.596738,189.554227,25.702004,128.46589,0,5.899815,54.43717,0,18.534815,171.019412,0,1.136341,18.460397,0
d35_26_G04_0_2_S,glasshouse_b2,Forrest,T0,R2,S,6479,1435,3109,49,2017.020408,3330.795918,33917,1521,3588,35678,1561,3511,6262,1011.64085,3915.737624,13903,1501.107675,3539.522189,342293,1453.160395,3638.607252,8840,1191.314367,2620.718213,6262,1011.64085,3915.737624,188,114,717.390442,0.158909,269.819079,0.413072,0.435429,0.870857,1406.610567,102.122484,935.79331,89.579234,617.200307,10.610901,21.455934,268.663874,7.752454,67.405805,844.032453,24.355053,4.283055,93.37093,4.468499
d11_41_G06_0_1_S,glasshouse_b2,3811,T0,R1,S,4424,1559,1062,59,1505.728814,1515.881356,12068,1542,1535,12705,1546,1508,4424,1568.972197,1065.60217,5163,1613.818129,379.5429014,361461,1458.882776,1014.344397,7125,1536.226386,1686.117333,4424,1568.972197,1065.60217,64,40,309.439958,0.129266,121.653476,0.424262,0.435429,0.598439,608.679908,45.745875,415.361035,20.623255,288.816703,0,4.796564,127.41696,0,15.068849,400.292186,0,0.938282,44.807593,0
d27_06_G01_1_2_T,glasshouse_b2,Gladius,T1,R2,T,8630,1526,2015,93,1759.88172,648.0645161,21086,1658,837,21832,1562,1857,8630,1482.016338,1991.23314,14567,1719.616599,684.0645294,435505,1467.086745,401.513629,15031,1716.388264,693.1851507,6539,1631.730846,755.6329714,185,139,597.491609,0.232639,202.517041,0.385406,0.410526,1.026315,1139.258372,78.431437,729.011007,185.781695,380.607564,31.10235,48.258565,161.833819,21.891581,151.608754,508.415938,68.986315,10.229409,55.835603,12.366424
d1_T009_27.09.23,field,3811,na,R5,S,86462,1505,903,82,1547.939024,725.6585366,250384,855,5338,316129,996,4799,77334,1554.914889,872.5578659,129047,1523.086573,803.9289484,885231,1279.084994,752.8137051,123570,1511.110375,768.459788,59253,1660.753582,938.7280475,987,429,2978.995727,0.144008,566.624315,0.211577,0.18932,0.846667,5881.686192,116.562171,1980.860692,2661.161874,314.414608,3.419244,518.567568,109.578201,2.371634,1629.159912,344.250072,7.450708,84.473309,30.782628,1.306234
d11_36_G05_0_4_S,glasshouse_b2,Hartog,T0,R4,S,4851,1156,1669,68,1465.676471,455.5882353,17144,1478,696,22174,1333,1137,4851,1170.650175,1670.278499,8485,1489.463995,434.1381261,351428,885.8922738,1478.827083,5909,1416.095955,367.5659164,4619,1164.511799,1688.256982,124,70,423.803126,0.165171,154.016808,0.393317,0.410526,0.725714,830.616725,55.880902,528.806632,75.761854,345.861108,2.180164,17.65961,149.230823,1.433946,55.479302,468.822457,4.504873,3.462703,51.674684,0.743516
d31_31_G04_1_3_S,glasshouse_b2,Forrest,T1,R3,S,3843,662,3157,53,398,2905.981132,16415,974,1891,15384,976,1890,3843,649.3791309,3156.629716,6095,2185.090894,3010.8274,358494,1321.400205,2057.419388,3976,634.5487928,3150.246479,3843,649.3791309,3156.629716,123,59,397.934831,0.148265,132.2499,0.362324,0.410526,0.598439,782.951429,44.875789,457.789722,100.8004,297.134431,0,23.523697,122.195297,0,73.901875,383.887848,0,4.604457,40.271332,0
d4_T012_14.10.23,field,Gladius,na,R5,T,47993,1094,5405,77,1207.181818,4407.909091,208776,1168,5607,212794,1122,5569,25240,1105.387995,4957.949208,111828,1158.618906,6166.41427,841588,584.9226082,6191.941332,76586,1030.478142,6361.147011,21558,1099.377493,4873.277159,1074,439,3447.612618,0.127334,616.194108,0.198937,0.18932,0.71842,6826.686396,118.089279,2155.348618,3225.801479,220.577454,1.233684,608.328977,76.955646,0.78415,1911.121845,241.763292,2.463481,96.067019,21.630067,0.392193
d29_11_G02_0_3_T,glasshouse_b1,5489,T0,R3,T,18908,1566,3800,48,2776.541667,3256.916667,24243,1599,2796,23877,1542,2635,11458,1451.926427,4105.70693,10981,1401.278117,2423.599035,513938,1683.778574,3867.503827,10302,1399.810911,2489.615803,8403,1406.323932,4234.244794,190,124,840.668114,0.147502,324.375915,0.420884,0.435429,0.88287,1642.405961,124.097388,1112.835087,91.347254,732.950144,16.370716,20.538689,321.706964,11.980757,64.524194,1010.672235,37.638659,3.884025,113.282244,6.931119
d19_07_G01_1_3_T,glasshouse_b2,Gladius,T1,R3,T,12979,1321,1832,60,1378.1,3017.716667,19989,1332,2573,20846,1330,2555,12979,1343.452115,1840.895061,10442,1615.874354,1493.35702,435602,1418.297905,1155.885664,6366,1256.192271,2595.267672,12979,1343.452115,1840.895061,77,57,568.751098,0.10022,204.618419,0.39834,0.435429,0.781618,1121.030099,73.022539,712.707217,65.668749,501.535582,1.546766,17.684526,208.07749,1.099737,55.557578,653.694715,3.454925,3.847398,68.558614,0.616527
d49_06_G01_1_2_T,glasshouse_b2,Gladius,T1,R2,T,19510,1638,743,56,2062.767857,1462.803571,67916,1819,956,65978,1827,944,14527,2296.916294,1547.138088,36651,1710.317099,722.8924722,531208,1463.278721,488.0154064,36315,1885.054633,1200.360209,14367,2299.352544,1552.698336,917,740,1783.246803,0.414973,577.815829,0.386835,0.324549,1.376946,3253.016965,254.076661,2186.979593,673.620315,972.591279,137.03521,161.559404,426.009632,108.289373,507.553838,1338.422723,341.003032,32.141411,152.05529,69.87996
d25_31_G04_1_3_S,glasshouse_b1,Forrest,T1,R3,S,3047,851,2181,70,677.1,1926.028571,11537,846,2176,11537,846,2176,3047,867.3193305,2183.561864,3687,727.9335503,2205.945755,379871,871.1039432,1630.648523,3002,864.8774151,2187.113591,3047,867.3193305,2183.561864,100,56,300.992068,0.186051,100.729226,0.366331,0.410526,0.580571,589.688986,34.250267,349.623954,67.234528,233.75754,0,16.187568,95.101193,0,50.854745,298.769209,0,3.222892,31.027375,0
d19_20_G03_0_4_T,glasshouse_b2,CALINGIRI,T0,R4,T,18881,1793,2327,57,1229.649123,3157.807018,25678,1803,2972,25621,1803,2972,18881,1860.888194,2318.220751,12200,1873.176393,2149.138689,576019,1957.90534,1869.133506,10941,1863.947537,2419.964903,18669,1861.031068,2329.988698,121,69,731.386565,0.094341,262.108758,0.397367,0.435429,0.781618,1445.647005,94.572194,911.782214,104.135298,617.182698,10.068568,26.084533,257.120928,7.023831,81.946978,807.769219,22.066017,5.367155,85.344375,3.860664
d07_16_G02_1_4_T,glasshouse_b2,5489,T1,R4,T,2997,1607,1022,64,1567.296875,307.90625,3751,1587,457,3751,1587,457,2997,1614.550551,1018.680347,1631,1579.639485,906.6076027,275200,1466.871533,860.5509266,1692,1646.11643,1126.981087,1712,1645.474883,1125.408294,30,10,103.514718,0.096605,36.297492,0.386553,0.435429,0.649099,204.608791,12.747544,125.378827,18.509254,84.642607,0.362857,4.128479,35.547728,0.186007,12.97,111.676483,0.732345,0.770676,11.859196,0.117672
d43_35_G05_0_3_S,glasshouse_b2,Hartog,T0,R3,S,12003,1473,4418,60,1192.9,3210.733333,53813,1168,3842,53546,1168,3842,11837,1485.280054,4410.736758,33908,1630.811608,737.2198301,394979,1807.53139,287.9012859,27243,1700.958999,635.6363837,11704,1484.781528,4412.198906,913,687,1642.726851,0.418207,545.80536,0.403806,0.410526,1.952697,2978.043885,266.269822,2103.974507,556.364176,935.682634,150.680041,122.342367,423.36086,123.855835,384.349883,1330.027368,389.597256,22.713954,155.834559,87.721308
d19_44_G06_0_4_S,glasshouse_b2,3811,T0,R4,S,9170,1040,1736,69,1623.985507,669.1594203,29056,1337,1136,29799,1073,2223,9170,1062.791167,1747.392366,16151,961.1612903,1504.883908,484552,914.4210322,1121.348349,12315,2085.632318,2006.042793,9122,1061.82449,1749.668713,177,131,821.531871,0.159458,302.282476,0.403544,0.435429,0.917964,1601.01504,111.319993,1044.205825,102.242032,706.620266,12.669573,23.878106,299.435018,9.067913,75.015283,940.702854,28.487689,4.679269,101.46886,5.171864
d29_45_G06_1_1_S,glasshouse_b1,3811,T1,R1,S,7650,778,2485,52,1091,1652.269231,20613,1236,2384,25173,1375,3278,7650,775.9709804,2485.066405,10523,975.6424024,2261.434192,545911,805.162761,1847.599253,13827,1637.549288,3559.407174,6788,767.0309369,2190.708456,239,127,768.822007,0.165188,265.816453,0.38154,0.435429,0.725714,1506.915203,94.644944,923.262208,167.630811,599.354144,1.837052,36.945882,255.647218,1.25708,116.068912,803.244064,3.949232,6.911254,87.055684,0.678005
d09_19_G03_0_3_T,glasshouse_b1,CALINGIRI,T0,R3,T,4788,1642,1251,60,1564.25,1312.283333,9706,1505,891,9819,1505,891,4788,1672.462824,1243.674603,5130,1575.216569,1126.413645,410869,1833.853004,911.3168017,5114,1509.991201,320.9939382,4773,1672.336686,1244.827991,76,46,340.841139,0.13496,131.059646,0.418465,0.435429,0.973648,668.600042,49.945281,452.159135,33.830004,301.079138,5.931997,7.885483,131.604117,4.437123,24.772974,413.446529,13.939632,1.535915,45.739557,2.669809
d29_09_G02_0_1_T,glasshouse_b1,5489,T0,R1,T,10381,802,4296,64,1746.109375,942.4375,35503,2239,3181,34665,2427,3404,10381,833.9339177,4296.398998,12039,2450.87092,4291.37744,376785,888.5114482,3935.772645,14436,2268.514062,2070.074744,10381,833.9339177,4296.398998,225,139,974.905815,0.142578,384.489027,0.434262,0.435429,1.338151,1903.207652,154.79496,1328.29365,109.573883,834.178527,31.153406,23.565414,376.046147,23.15401,74.032931,1181.520252,72.740467,4.312104,136.612198,13.870657
d1_T010_27.09.23,field,Gladius,na,R3,T,17019,1338,5926,53,1347.867925,6061.245283,144350,1236,5347,154645,1254,5228,13840,1383.707587,5895.865679,60390,1587.881288,6003.939046,421185,1088.848159,5889.990517,99055,1371.455656,5732.567675,8118,899.0996551,5461.831855,1143,683,4231.619781,0.161404,832.338837,0.22099,0.18932,0.850889,8279.879301,182.662535,2933.275666,3673.848823,552.018609,5.752349,726.795973,202.895761,3.949077,2283.312814,637.55646,12.406392,119.852789,60.662379,2.147367
d31_20_G03_0_4_T,glasshouse_b2,CALINGIRI,T0,R4,T,18028,1804,2370,72,1491,4457.833333,46540,1162,3803,47431,1151,3726,18028,1873.609552,2353.373641,20474,1508.979975,4392.441243,609296,1965.004108,1873.54133,19826,1666.166599,1031.186876,18028,1873.609552,2353.373641,239,169,1252.02967,0.134981,447.909572,0.396324,0.410526,0.917964,2450.945813,162.356327,1563.498896,194.855411,1046.014097,11.160161,51.155995,438.719696,7.748799,160.711297,1378.278574,24.509024,10.900374,147.139388,4.316566
d09_14_G02_1_2_T,glasshouse_b1,5489,T1,R2,T,5516,1963,1089,74,1573.662162,287.1486486,4264,2014,1223,4212,1894,850,5516,1962.414793,1088.742023,2632,1975.083967,946.4266717,383403,1619.792,878.5091327,3010,1573.306977,300.8036545,5516,1962.414793,1088.742023,31,23,150.672229,0.152649,58.691127,0.420848,0.435429,0.580571,294.131078,21.916593,199.499037,14.639317,136.032912,0,3.250789,60.251727,0,10.212654,189.286383,0,0.605273,21.311321,0
d35_38_G05_1_2_S,glasshouse_b2,Hartog,T1,R2,S,3125,2236,4300,62,1162.274194,1003.806452,23888,1122,1371,26182,1016,1947,3125,2239.8432,4300.4208,9590,842.3407716,2151.555162,386812,870.6183288,2475.105436,9021,866.9677419,2419.756235,2907,2239.067767,4315.933953,229,129,643.165343,0.200571,221.071316,0.381785,0.410526,1.04664,1252.16523,80.729662,777.108824,158.673428,475.401993,9.089922,38.907232,201.701423,6.696042,122.230675,633.66371,21.214439,7.952685,68.761418,4.015559
d05_43_G06_0_3_S,glasshouse_b1,3811,T0,R3,S,3997,1684,641,54,1690.759259,840.4074074,3323,1683,432,3279,1684,701,2084,1685.168906,487.5431862,1283,1733.44661,376.4723305,278502,1468.103698,266.9892424,1678,1691.18534,830.3557807,2476,1687.84168,455.4232633,33,21,100.801651,0.20833,38.583201,0.417615,0.435429,0.598439,195.816449,14.543391,133.383696,7.746283,93.055369,0,1.891874,40.565475,0,5.943498,127.440198,0,0.380109,14.163282,0
d17_37_G05_1_1_S,glasshouse_b1,Hartog,T1,R1,S,5050,2325,2578,73,2333.835616,2160.69863,7074,1052,2203,7074,1052,2203,5050,2339.925149,2577.553465,4475,947.4634637,2206.83933,358047,2554.542292,2084.603544,4927,956.5088289,2185.966917,5037,2339.896764,2576.804646,69,39,267.999384,0.145523,96.800333,0.391112,0.435429,0.580571,526.842684,34.634632,331.532208,48.265309,219.734075,0,10.828691,94.701289,0,34.019335,297.512874,0,2.063784,32.570847,0
d49_21_G03_1_1_T,glasshouse_b2,CALINGIRI,T1,R1,T,15873,1405,2956,65,1619.676923,3238.692308,52998,1845,4089,52961,1462,1754,15873,1399.958168,2956.213066,31151,1766.944175,4537.66107,559989,1565.922016,3889.020143,35940,1564.304981,2710.774513,15689,1400.120658,2956.982281,585,460,1678.495905,0.274055,555.701324,0.372863,0.410526,0.973648,3212.017354,203.14278,1989.291777,492.929579,1156.766883,28.799443,123.262081,490.022643,19.843849,387.239248,1539.570846,62.481683,25.438606,166.77987,10.924304
d15_06_G01_1_2_T,glasshouse_b2,Gladius,T1,R2,T,9859,1602,1605,62,1643.225806,806.2903226,14972,1623,948,14893,1538,1838,9859,1536.773405,1596.475302,8801,1633.272696,750.5530053,574739,1481.546549,1318.369439,10131,1655.044912,803.403514,9859,1536.773405,1596.475302,58,36,428.129765,0.084087,152.189294,0.389468,0.410526,0.580571,848.302827,52.999619,526.311535,63.73636,364.393405,0,17.292113,150.238052,0,54.324774,471.986761,0,3.7786,49.22102,0
d49_07_G01_1_3_T,glasshouse_b2,Gladius,T1,R3,T,32831,1337,2332,61,1536.688525,2962.688525,52981,1476,1516,66711,1274,2469,19548,1327.945723,2421.431297,28358,1400.904154,3120.768954,588455,1472.910274,1277.364351,37362,1210.151785,3249.461619,13174,1365.903294,2528.775846,705,509,1688.147475,0.301514,553.51568,0.379044,0.410526,1.314325,3182.308994,221.024954,2022.654715,605.582192,1013.773308,68.791976,144.474555,446.382487,52.73224,453.880199,1402.425936,166.34858,28.696829,159.267411,33.060714
d11_14_G02_1_2_T,glasshouse_b2,5489,T1,R2,T,7090,2017,1337,70,2066.528571,1417.728571,10205,2027,1373,7755,2047,1473,7090,2008.345275,1340.043865,4181,2043.316671,1335.682133,357237,2030.894988,1001.654761,5505,2034.362035,1294.981835,7090,2008.345275,1340.043865,29,15,198.96885,0.075389,75.217756,0.409094,0.435429,0.598439,393.439523,26.765734,254.822215,14.131317,184.837533,0,3.008524,78.103906,0,9.451558,245.370657,0,0.540348,26.225386,0
d11_22_G03_1_2_T,glasshouse_b2,CALINGIRI,T1,R2,T,5629,2009,1561,61,1944.737705,1802.868852,10903,1554,887,12870,1712,1417,5629,1994.623557,1561.229348,7122,1906.534962,1652.029065,529780,1861.909559,1059.704377,4564,1887.599912,1753.363278,5629,1994.623557,1561.229348,58,24,276.415534,0.086826,106.759497,0.414719,0.435429,0.580571,548.587959,38.846603,361.163948,29.776319,246.639215,0,7.173715,107.78834,0,22.53689,338.627059,0,1.44498,37.401623,0
d15_35_G05_0_3_S,glasshouse_b2,Hartog,T0,R3,S,3974,983,2104,50,869.98,2293.14,12621,835,1867,13916,835,1867,3974,982.0727227,2104.290639,7328,1550.271288,628.025655,335707,279.9568433,1467.066361,3609,999.8423386,2019.062621,3956,981.3336704,2105.543984,110,62,348.065075,0.178128,118.556708,0.372546,0.410526,0.649099,680.674053,41.968003,412.564028,76.424945,271.114521,0.525609,16.71193,114.281779,0.3295,52.502077,359.026796,1.035155,3.095785,38.709884,0.162334
d19_27_G04_0_3_S,glasshouse_b2,Forrest,T0,R3,S,6981,732,2731,65,707.6615385,2638.292308,14835,753,2387,16292,791,2302,4443,2717.860455,1950.548953,8198,1464.342157,707.9442547,377513,872.5167451,2468.160418,7020,720.9155271,2425.62265,4443,2717.860455,1950.548953,99,65,422.068768,0.154003,152.205094,0.394454,0.435429,0.580571,828.638929,54.47005,525.324001,61.608289,360.460479,0,14.430508,152.785315,0,45.334779,479.989222,0,2.796829,51.673222,0
d19_12_G02_0_4_T,glasshouse_b2,5489,T0,R4,T,13059,1045,1888,57,2146.54386,2130.614035,23340,1884,2476,24941,1865,2424,13059,1121.085841,1904.607167,10395,1544.364983,803.6681097,590010,1590.223191,2308.414235,12917,1500.2338,894.0229155,13059,1121.085841,1904.607167,86,60,590.634525,0.101586,227.04892,0.41425,0.435429,0.580571,1164.637223,82.172307,769.045183,52.256371,538.378154,0,12.597909,232.196776,0,39.577498,729.467685,0,2.522923,79.649384,0
d15_25_G04_0_1_S,glasshouse_b2,Forrest,T0,R1,S,6465,1521,1747,72,1485.361111,1794.25,9899,1553,789,11917,1502,940,6417,1488.084775,1735.104098,5916,1427.619168,608.546146,359283,1452.450753,1343.490947,3949,1365.787794,516.8678146,6417,1488.084775,1735.104098,65,25,260.067521,0.096129,92.202581,0.385995,0.410526,0.821052,514.865618,33.354945,316.4831,60.404635,197.718045,1.944841,13.354312,85.899458,1.485929,41.953809,269.861107,4.668184,2.486221,29.971862,0.896862
d29_26_G04_0_2_S,glasshouse_b1,Forrest,T0,R2,S,7161,1375,3102,58,1086.155172,2581.724138,16084,1392,2587,15803,1392,2582,6912,1402.126591,3110.530671,10567,1160.324974,2517.130879,378159,1456.174466,2767.602173,6882,1512.474571,804.2150538,6913,1402.140605,3110.611167,157,101,570.283795,0.177105,213.803391,0.410959,0.435429,0.598439,1110.758189,80.12839,741.980351,70.50363,499.780165,0,16.695719,219.412675,0,52.451147,689.529204,0,3.301058,76.827332,0
d15_18_G03_0_2_T,glasshouse_b2,CALINGIRI,T0,R2,T,13866,1206,1827,68,1467.014706,1831.088235,26611,1472,929,28561,1471,937,13866,1202.207558,1826.540098,10231,1420.025999,1816.328805,430488,1392.287627,1171.993382,8613,1429.538488,519.9004992,13866,1202.207558,1826.540098,101,65,606.638996,0.107148,225.7902,0.407826,0.435429,0.917964,1194.719819,82.700673,778.941949,67.437136,534.864298,4.337562,16.73984,228.199095,3.005988,52.589759,716.908601,9.443589,3.424754,77.622542,1.653377
d5_T019_21.10.23,field,Gladius,na,R7,T,269318,829,5036,64,1156.4375,3652.359375,353714,989,5425,377885,1317,2972,197280,897.3957015,5093.282664,168584,1453.421772,3897.293065,1229792,1895.84814,3615.066704,293452,955.3870139,5645.703703,193488,891.3957661,5090.131114,1597,1160,6411.011102,0.180939,1218.522653,0.214074,0.18932,0.766689,12477.04624,253.312621,4310.575551,5757.751547,649.717565,3.54199,1143.165597,226.544057,2.357924,3591.360641,711.807274,7.407637,188.487845,63.585384,1.239392
d19_15_G02_1_3_T,glasshouse_b2,5489,T1,R3,T,8701,935,2279,57,980.2280702,2007.614035,15628,1048,1796,18154,1013,1862,8701,936.6103896,2279.857028,7520,928.3037234,1864.533511,512473,913.3203057,1862.451665,4899,941.6029802,2093.409471,8241,932.7961412,2300.807062,74,52,364.882331,0.142512,136.220926,0.407401,0.435429,0.740086,712.92455,50.684374,469.311565,47.279369,311.251008,6.351953,11.085722,133.820917,4.479871,34.826824,420.410811,14.073929,2.183375,46.013311,2.487688
d09_47_G06_1_3_S,glasshouse_b1,3811,T1,R3,S,2890,1434,772,71,1598.43662,257.1971831,5696,1593,639,5735,1593,639,2890,1423.407958,766.9529412,2673,1466.40853,717.298541,389201,1022.692909,875.8017503,3280,1605.422561,252.6039634,2890,1423.407958,766.9529412,63,41,167.701764,0.244482,63.431078,0.41563,0.435429,0.973648,322.060182,25.132269,221.916957,22.851088,138.566137,6.284539,5.490826,60.480634,4.666901,17.249939,190.005515,14.661503,1.096069,21.275587,2.760613
d29_17_G03_0_1_T,glasshouse_b1,CALINGIRI,T0,R1,T,22507,1392,3471,73,1731.30137,931.890411,31290,1411,2468,35489,1336,3102,22507,1311.753677,3471.324521,12049,2722.271807,2449.635405,510494,1420.881632,2213.663781,16572,1272.535783,2534.057989,11546,1347.236012,4075.289711,204,146,1080.804835,0.135085,395.738511,0.407496,0.435429,1.016,2113.413392,149.358029,1385.350091,178.233015,881.778519,20.793301,46.464431,379.753983,14.728663,145.972315,1193.106316,46.27146,9.85837,131.224286,8.275372
d45_27_G04_0_3_S,glasshouse_b1,Forrest,T0,R3,S,10728,790,3221,69,1499.594203,646.3043478,31787,1055,3660,33764,790,3221,10728,852.9209545,3201.260999,16197,705.1005742,3015.299932,497116,845.4187172,2329.646795,21806,1459.350958,726.9866092,8017,1426.60484,635.3636023,369,273,1032.941595,0.264294,372.728682,0.412953,0.435429,1.436841,1955.473668,158.236757,1350.070994,211.720425,747.8958,73.32537,50.991131,321.163759,57.517814,160.193361,1009.039699,180.837934,10.223278,111.02736,36.986119
d29_33_G05_0_1_S,glasshouse_b1,Hartog,T0,R1,S,5543,1335,3662,66,1550.5,718.3787879,18553,1214,2820,23603,1244,2680,5543,1340.723074,3659.778279,9795,1164.167432,2413.710465,343480,1453.326042,3082.823972,10151,1165.751355,2389.679145,5424,1344.297382,3667.439897,198,104,633.599554,0.164142,220.154925,0.382047,0.410526,0.725714,1238.969923,78.93972,765.832686,129.989739,499.206976,4.402839,28.529247,212.511999,2.730869,89.627272,667.626136,8.579279,5.299566,72.3089,1.331254
d33_27_G04_0_3_S,glasshouse_b1,Forrest,T0,R3,S,7757,835,3529,71,2666.309859,2721.084507,23921,754,2911,23921,754,2911,7757,888.6025525,3518.448627,9593,729.4424059,3032.112478,385785,871.1317729,2832.576738,11367,805.3049177,2245.375033,7757,888.6025525,3518.448627,143,95,646.542752,0.146935,233.879717,0.400706,0.435429,1.133602,1267.687489,86.202835,817.395254,90.217789,553.394182,2.930781,22.241692,235.566817,2.376481,69.874335,740.054983,7.465936,4.520091,80.092526,1.590218
d15_01_G01_0_1_T,glasshouse_b2,Gladius,T0,R1,T,9752,2161,2257,75,2307.64,2325.96,19646,2081,2238,24802,2149,1814,9752,2129.950779,2269.721596,12088,2301.424222,2432.894523,350554,2026.722351,1623.179479,11760,2306.690051,2443.872109,6107,845.8693303,2120.022925,138,78,518.501698,0.150433,197.045031,0.414009,0.435429,0.649099,1017.817348,74.024015,675.419699,70.458616,447.825368,0.217714,15.981213,198.837093,0.136483,50.206462,624.784462,0.428775,3.049333,70.907441,0.067241
d13_24_G03_1_4_T,glasshouse_b1,CALINGIRI,T1,R4,T,8252,2227,1520,50,1283.74,883.4,15172,1291,1777,15719,1295,1764,8252,2200.928987,1527.732429,6433,1226.70356,1235.844085,338674,2054.840463,1479.280819,6331,1572.933344,507.9352393,5868,2248.957055,1724.532379,79,49,446.499552,0.109743,168.373593,0.411828,0.435429,0.781618,880.806586,61.775562,579.863531,43.050481,402.500485,0.948586,10.838475,173.077695,0.660125,34.050074,543.739614,2.073843,2.241793,59.170385,0.363384
d21_20_G03_0_4_T,glasshouse_b1,CALINGIRI,T0,R4,T,17219,1811,2412,53,1764.773585,3954.150943,21275,1719,2082,21898,1724,2095,17219,1854.77037,2398.658633,9132,1773.879216,3713.48883,620716,1734.014657,1788.153929,12242,1854.202826,2516.992893,18652,1857.64095,2321.684055,145,83,819.587308,0.10127,292.792041,0.394794,0.435429,0.781618,1620.108808,104.873514,1016.745361,120.552798,691.413625,7.620885,30.237822,288.066299,5.312427,94.994918,905.060962,16.68948,6.232027,95.724084,2.917403
d29_05_G01_1_1_T,glasshouse_b1,Gladius,T1,R1,T,17271,1306,3790,52,1642.307692,1196.557692,25243,1639,2353,25585,1630,2407,8414,1430.117067,3197.412764,10954,1484.604711,2189.970148,422707,1785.238326,2748.369462,13023,1470.018122,2590.540198,8263,1432.750696,3190.312719,175,103,850.034012,0.121172,312.699835,0.402532,0.435429,0.870857,1670.805229,114.311015,1077.426264,132.334272,710.729861,6.969878,32.976952,304.855502,5.085,103.600149,957.851116,15.974999,6.785145,104.596662,2.929208
d17_32_G04_1_4_S,glasshouse_b1,Forrest,T1,R4,S,2073,1361,972,61,1367.885246,949,3238,765,2008,5326,834,1723,2073,1356.868307,971.9044863,1884,797.0467091,1867.049363,329116,874.9635782,2056.582539,2073,1356.868307,971.9044863,1884,797.0467091,1867.049363,25,11,112.321282,0.097933,42.006499,0.401127,0.435429,0.580571,223.726174,15.089958,142.660362,16.496114,95.825168,0,4.151791,41.258412,0,13.043237,129.617125,0,0.858401,14.231557,0
d21_02_G01_0_2_T,glasshouse_b1,Gladius,T0,R2,T,8466,2093,2848,64,2016.234375,2704.390625,20192,1739,2176,20429,1901,3231,8466,2086.711198,2844.5163,9662,1983.414717,2768.269923,512677,2070.323623,2228.193445,17240,1943.685499,3219.647216,8466,2086.711198,2844.5163,126,86,704.057777,0.122149,283.133074,0.434781,0.435429,0.649099,1383.718952,108.56476,965.108427,42.223021,661.732125,0.102631,9.734732,297.358774,0.066618,30.582563,934.316577,0.209286,1.875534,106.655264,0.033962
d15_45_G06_1_1_S,glasshouse_b2,3811,T1,R1,S,4130,764,1720,67,945.7761194,954.1044776,13430,1226,1762,16592,1258,1652,4130,763.6588378,1719.637046,6029,1448.926854,1408.954553,374206,1017.057848,1468.598769,5392,1468.419325,1379.505935,4130,763.6588378,1719.637046,91,43,324.324913,0.132583,114.80688,0.385549,0.435429,0.580571,639.320675,40.246081,393.489317,60.561344,263.763569,0,13.322894,111.928646,0,41.855107,351.634211,0,2.475356,37.770725,0
d35_40_G05_1_4_S,glasshouse_b2,Hartog,T1,R4,S,18189,2354,3383,58,1302.551724,1259.948276,38111,1687,3563,39684,1581,3444,18189,2365.351366,3387.611798,18120,2142.341336,3240.996744,495550,2531.404401,2405.4434,17015,2405.815339,3105.907435,17962,2364.893108,3389.587017,241,161,967.630242,0.166386,355.791257,0.403517,0.435429,0.973648,1882.185197,133.147881,1233.956473,165.635646,789.495953,12.498643,38.913403,344.628872,9.150152,122.250059,1082.819969,28.886444,7.653605,120.125363,5.368912
d31_45_G06_1_1_S,glasshouse_b2,3811,T1,R1,S,9031,787,2391,66,1029.363636,1750.924242,28629,1253,1909,27884,1257,1894,6837,779.6704695,2205.885769,15327,1345.589678,3192.421935,392611,856.9652226,1525.730132,15794,1657.060529,3675.433709,6815,779.6311079,2207.808217,251,125,827.1774,0.151116,285.271319,0.380474,0.435429,0.725714,1623.386759,100.863808,989.225972,183.389644,642.168418,1.619338,40.833156,272.881338,1.132604,128.281142,857.386651,3.558179,7.692396,92.54756,0.623852
d31_09_G02_0_1_T,glasshouse_b2,5489,T0,R1,T,10985,784,4320,70,2464.185714,4214.757143,44106,2258,4070,54930,2136,2804,10985,813.2738279,4318.23878,21100,2443.64455,4135.756493,375043,886.5445402,3944.809643,25479,2430.068723,3973.455983,10695,813.9944834,4316.33324,262,166,1033.028906,0.160693,398.940611,0.425686,0.435429,1.026315,2012.457801,158.651704,1380.970371,147.990108,863.731089,21.30771,31.673228,392.58132,15.268264,99.504381,1233.499323,47.966667,5.76603,144.17056,8.715114
d45_01_G01_0_2_T,glasshouse_b1,Gladius,T0,R1,T,9115,503,3181,62,731.1774194,3109.709677,47184,2175,3533,47189,2175,3533,9115,513.4017553,3181.394515,24233,769.4814922,2932.025626,778986,897.9865197,2541.369023,32457,752.5733124,3153.674523,7441,951.6750437,2713.734041,485,323,1666.119942,0.193864,624.20415,0.412292,0.435429,1.04664,3237.717829,241.088112,2168.3595,277.837724,1371.395323,16.886895,63.307787,614.78359,12.095335,198.887279,1931.473605,37.998616,12.139099,221.974227,6.974786
d29_32_G04_1_4_S,glasshouse_b1,Forrest,T1,R4,S,5249,591,2503,65,2472.215385,3155.907692,8752,526,2728,8752,526,2728,5249,590.8915984,2502.699181,4486,2476.225591,3101.472804,491708,2959.553509,2642.664905,4855,2475.096395,3074.301957,5037,594.4228708,2485.660711,97,51,338.123952,0.150832,120.331557,0.38664,0.435429,0.580571,665.813456,42.763574,413.303803,64.427375,273.696577,0,14.129279,117.396098,0,44.38844,368.915362,0,2.630833,40.132741,0
d41_27_G04_0_3_S,glasshouse_b1,Forrest,T0,R3,S,10668,773,3211,59,899.2711864,1955.118644,29174,744,3061,29174,744,3061,10668,847.3458943,3195.874672,11159,2768.471189,2389.404785,498315,908.4441046,3232.905273,17619,1430.835291,780.5600772,7291,879.8291044,3519.448224,257,181,868.633964,0.208373,316.918392,0.409968,0.435429,1.494337,1673.146679,126.937496,1126.495168,150.907034,687.745349,29.981582,37.192306,297.522432,23.64192,116.843074,934.950037,74.702058,7.5833,103.628315,15.72588
d29_15_G02_1_3_T,glasshouse_b1,5489,T1,R3,T,14880,992,2933,75,1493.146667,3619.293333,18488,938,2650,18214,1254,3436,14880,1082.623051,2932.718548,9188,954.2224641,3089.512734,617792,1240.480482,2362.846987,10897,916.2737451,2961.398734,15441,1072.269089,2894.082313,144,92,654.71607,0.140519,244.412941,0.409751,0.435429,0.870857,1281.818743,91.810612,843.571104,92.386387,554.145836,8.183848,21.522952,241.063311,5.930759,67.616347,757.322728,18.632029,4.218559,84.175792,3.416261
d07_17_G03_0_1_T,glasshouse_b2,CALINGIRI,T0,R1,T,8314,1326,791,59,1494.440678,753.8474576,13616,1650,538,17358,1337,774,8314,1318.202911,789.6505894,6054,1532.113809,366.3406013,439142,1434.507651,423.6437576,6963,1611.224472,332.019101,7680,1302.083724,838.953125,69,45,329.984385,0.13637,121.964206,0.401782,0.435429,0.725714,650.774447,43.843978,417.124262,41.024524,288.712087,0.247774,9.449897,123.153044,0.171836,29.687726,386.896697,0.539839,1.815682,41.934212,0.094084
d33_08_G01_1_4_T,glasshouse_b1,Gladius,T1,R4,T,9692,2015,2614,53,1852.754717,920.5849057,20909,1931,1698,24660,1981,2648,9690,2020.328999,2592.840557,9387,1969.852029,2636.269415,395018,2014.330382,2082.412262,9568,2076.206835,1502.866325,8417,2002.196626,2598.065938,195,127,789.504131,0.16086,272.842114,0.38382,0.410526,0.781618,1542.858109,99.873046,951.419189,250.61459,526.478942,12.410599,63.654773,230.635866,8.517517,199.977366,724.683254,26.758569,13.260892,82.004579,4.607575
d3_T009_08.10.23,field,3811,na,R5,S,93693,863,5572,69,994.2318841,6216.086957,268237,1082,5314,291078,1029,5122,52312,1017.574037,5761.915775,136010,1129.882678,6156.607595,608270,667.8315288,5946.564593,135159,1135.947713,6160.599242,46637,995.960675,5692.724125,1212,698,4392.865664,0.158894,827.068238,0.211447,0.18932,0.871697,8610.851102,173.127969,2916.29881,3959.693151,426.976287,6.196226,767.884058,156.011194,4.291966,2412.410764,490.404438,13.483608,124.347196,46.418234,2.362539
d7_T024_04.11.23,field,3811,na,R9,S,35443,896,3820,78,413.7435897,2495.128205,240572,960,2166,273303,1014,2463,32072,886.2319469,3791.56317,119717,734.4177602,3629.667967,588057,863.9981022,3450.371551,79425,953.4793453,3829.937337,29761,278.6539431,2776.87944,1125,656,3947.273543,0.166191,714.011117,0.202266,0.18932,0.677333,7767.899018,138.108517,2505.670646,3681.150959,265.586777,0.535807,705.317612,91.843965,0.342128,2215.884325,288.711494,1.074828,112.445409,25.491259,0.17185
d21_39_G05_1_3_S,glasshouse_b1,Hartog,T1,R3,S,3547,1023,2081,49,1045.183673,2686.306122,7006,1015,2397,7006,1015,2397,3547,1026.078376,2081.617141,3363,1756.528992,2013.315789,375679,1010.645748,2056.248686,3547,1026.078376,2081.617141,3547,1026.078376,2081.617141,76,44,227.737929,0.193205,83.702268,0.399054,0.435429,0.580571,446.528057,30.198173,288.396372,31.83963,195.898298,0,7.927305,83.872111,0,24.904365,263.492008,0,1.629969,28.568204,0
d7_T017_04.11.23,field,Gladius,na,R6,T,16145,173,5036,59,1494.220339,5586.661017,178637,985,5039,174608,979,5081,16144,180.3442765,5036.004708,98389,847.4025552,3675.142577,547439,222.0198817,4578.27168,91504,851.8378322,3575.822948,11691,184.0459328,5104.898726,1013,338,3464.485979,0.097561,616.018481,0.196421,0.18932,0.567961,6879.632512,115.744419,2144.335243,3261.94863,202.537349,0,611.667007,70.896101,0,1921.608575,222.726669,0,95.800027,19.944391,0
d2_T005_02.10.23,field,3811,na,R2,S,14864,895,6158,62,1607.935484,4722.854839,169494,1288,5302,174294,1265,5304,13256,882.2159777,6186.451192,64356,1850.905867,5027.670955,385387,2008.25087,4950.038374,61618,1233.856552,6235.931092,12427,883.7197232,6171.841072,934,265,2684.570497,0.098712,469.26071,0.193023,0.18932,0.846667,5349.080406,86.429758,1633.222339,2561.790749,121.72567,1.054079,477.303844,41.763999,0.790051,1499.494251,131.24607,2.482018,74.452691,11.507704,0.469363
d15_02_G01_0_2_T,glasshouse_b2,Gladius,T0,R2,T,7269,1741,2080,67,1884.835821,2228.537313,21434,1765,2358,21414,1744,2312,7269,1769.924336,2087.104691,11503,1939.763279,2562.83726,353649,2014.352474,1584.08634,9934,1940.186632,1521.708476,7269,1769.924336,2087.104691,101,61,520.71986,0.117146,208.073317,0.430613,0.435429,0.725714,1024.892916,78.827842,707.728835,35.18698,484.819617,0.713263,8.547964,216.24076,0.488361,26.854221,679.340382,1.534232,1.719018,76.845181,0.263643
d1_T011_27.09.23,field,Gladius,na,R4,T,70376,1476,5849,70,339.9285714,6556.542857,268514,1218,5728,236567,1171,5856,57456,1408.74551,5784.911828,103047,1618.258232,5698.287888,594366,413.5278953,5182.787993,112371,1620.796424,5694.775511,52788,1414.197962,5738.021691,753,229,2076.23259,0.110296,372.680258,0.198052,0.18932,0.644802,4127.068527,70.794219,1296.07367,1937.062703,138.940685,0.229202,365.166388,47.245287,0.141387,1147.204043,148.425445,0.444181,57.828902,12.896785,0.068532
d37_08_G01_1_4_T,glasshouse_b1,Gladius,T1,R4,T,12173,1952,2170,94,1817.744681,1577.702128,22972,1901,1873,21677,2009,2803,11122,1984.854433,2120.638644,10836,1727.671465,2413.78636,627423,1957.312434,1534.905292,15249,1807.178307,2376.261919,5665,1969.945278,2441.157988,259,175,881.764754,0.198466,304.067858,0.382044,0.410526,0.740086,1716.202318,112.53155,1061.287993,327.159623,545.510051,9.09508,83.818788,247.846577,6.129542,263.324488,778.706979,19.256526,17.5815,91.691842,3.258208
d27_29_G04_1_1_S,glasshouse_b2,Forrest,T1,R1,S,3512,978,3307,54,2503.055556,2440.37037,11277,1304,2496,12295,1304,2496,3512,971.4752278,3305.772779,5485,2496.87639,2498.26618,276855,2589.969558,2628.90231,4309,2488.28336,2669.260153,3195,984.3104851,3279.652895,80,26,312.999283,0.083067,100.450095,0.349983,0.410526,0.580571,622.813969,32.841442,346.259026,102.21359,210.785693,0,24.199556,86.018115,0,76.025147,270.233879,0,4.778967,28.062475,0
d21_44_G06_0_4_S,glasshouse_b1,3811,T0,R4,S,8806,1047,1760,58,821,2250.017241,25213,959,2056,25371,959,2066,8806,1070.419827,1780.869634,12590,960.9312153,1608.581096,556955,918.560855,1168.907712,10798,1723.440359,705.7712539,9002,1076.600866,1766.618974,175,117,907.917811,0.128866,336.041461,0.40513,0.435429,0.917964,1780.909234,123.336418,1156.248695,110.876781,784.221156,12.819874,26.013175,332.923393,9.108823,81.722799,1045.909685,28.616211,5.107016,113.088578,5.140824
d19_05_G01_1_1_T,glasshouse_b2,Gladius,T1,R1,T,7639,1479,3082,55,1420.6,2878.054545,21188,1572,2661,28119,1423,2143,7639,1450.981149,3078.151198,11325,1672.816336,981.5773951,507770,1415.123733,1105.146925,8769,1505.264682,2150.140951,7639,1450.981149,3078.151198,116,66,570.77861,0.115632,214.256319,0.406451,0.435429,0.615789,1125.580673,77.433573,731.748352,64.015964,506.617504,0.145143,14.985775,217.847582,0.089377,47.079201,684.388364,0.280787,2.950179,74.440168,0.043226
d45_15_G02_1_3_T,glasshouse_b1,5489,T1,R3,T,13241,1072,3128,56,1356.767857,4323.232143,50633,1335,4091,53270,1319,4074,13241,1125.610679,3074.747451,23883,1449.008374,4458.437675,390737,1440.851849,3986.185772,47340,1359.082763,4179.340494,6984,1166.835481,4166.674685,633,425,1699.270309,0.250107,581.102195,0.386284,0.410526,1.429491,3248.655689,225.328705,2071.385873,456.599154,1181.934607,60.736547,103.318988,511.133385,44.726373,324.586174,1606.07577,140.72393,19.667417,178.77755,26.883738
d35_39_G05_1_3_S,glasshouse_b2,Hartog,T1,R3,S,6341,1500,2617,98,1644.683673,2306.867347,20954,1453,2727,24546,1495,2614,6341,1509.928245,2619.393313,9204,1649.49196,2354.29661,358891,1447.148744,2193.084223,10743,1579.514568,2449.418784,6341,1509.928245,2619.393313,167,95,515.534511,0.184275,175.362388,0.374942,0.410526,0.725714,1009.965172,61.861332,613.739039,120.594791,394.123825,0.815894,28.892723,165.918016,0.548465,90.769166,521.246819,1.723054,5.798378,55.772382,0.290572
d13_07_G01_1_3_T,glasshouse_b1,Gladius,T1,R3,T,10712,1411,1464,54,1656.537037,486.0740741,13072,1469,1277,15151,1362,1939,10712,1399.519137,1468.565814,6313,1479.405829,1203.954063,410954,1429.14717,1101.206103,7442,1336.300457,1795.383499,10950,1401.065114,1456.371416,87,65,470.670325,0.138101,176.273512,0.411578,0.435429,0.725714,922.39081,64.690992,611.223604,34.304923,436.045057,0.320346,8.927652,185.411808,0.219056,28.047045,582.488373,0.688185,1.891879,62.681099,0.118013
d1_T017_27.09.23,field,Gladius,na,R6,T,17752,1035,5116,50,743.48,2597,176893,1065,4963,182669,1076,4913,17748,1062.898636,5110.85604,88010,939.8332576,4551.549892,437705,1281.850845,4726.81629,77672,884.5531852,4592.754081,12936,1036.701067,5164.144481,745,217,2114.922853,0.102604,375.820037,0.196293,0.18932,0.677333,4208.08826,70.884995,1310.109717,1984.856395,129.692721,0.373737,373.031769,43.734688,0.239212,1171.913864,137.444347,0.751505,58.907201,11.857438,0.120356
d05_28_G04_0_4_S,glasshouse_b1,Forrest,T0,R4,S,2098,1506,469,88,1447.715909,277.4204545,4607,1495,434,4610,1495,434,2098,1505.842707,469.1830315,2155,1543.884919,390.4900232,236165,1457.695332,245.8352169,2277,1496.581028,264.8770312,2497,1501.927513,438.649179,27,11,117.18961,0.093865,44.376475,0.407566,0.435429,0.598439,232.489341,16.028158,149.956865,14.819677,102.369933,0,3.244618,44.488134,0,10.193269,139.763596,0,0.59637,15.431788,0
d11_37_G05_1_1_S,glasshouse_b2,Hartog,T1,R1,S,2003,1076,1852,64,1106.25,1392.765625,5676,1074,1722,8774,1193,1136,2003,1075.722916,1851.949576,2578,1345.292087,899.4868115,348902,870.0565574,1483.019398,2003,1075.722916,1851.949576,1986,1075.754783,1853.223565,37,11,151.290521,0.072708,56.573949,0.400394,0.435429,0.580571,301.158789,20.278738,191.13503,23.301104,127.989417,0,5.129264,55.710906,0,16.114058,175.020973,0,0.959518,19.31922,0
d43_02_G01_0_2_T,glasshouse_b2,Gladius,T0,R2,T,9215,1875,3615,73,1430.479452,3150.342466,55824,1690,3697,59171,1697,3681,8987,1817.235229,3600.210081,22409,1530.414878,4349.160337,619425,2075.913357,2544.146268,24956,1810.965619,3930.985294,8926,1818.345844,3596.845395,511,351,1383.195505,0.25376,494.529623,0.40459,0.435429,1.338151,2645.382002,196.854132,1767.804773,282.777373,1067.912023,32.506109,63.107014,474.720883,24.824978,198.256531,1491.558275,77.989967,11.844151,169.609448,15.400533
d31_01_G01_0_1_T,glasshouse_b2,Gladius,T0,R1,T,10824,923,2665,106,2384.811321,2626.566038,33471,2187,3279,37184,2338,2985,9463,918.8066152,2566.34228,19475,2369.592606,2300.689191,333824,982.2354115,2082.842974,10856,2332.104735,3394.804256,9468,918.8549852,2566.570765,259,167,908.168758,0.183887,328.557605,0.398232,0.435429,0.821052,1767.561918,121.583473,1138.097601,165.085287,735.615023,7.468448,37.293554,319.812539,5.104763,117.161154,1004.899361,16.037086,7.104556,111.719675,2.759241
d2_T021_02.10.23,field,Gladius,na,R9,T,125746,377,2757,57,235.2280702,3296.894737,196740,701,1967,194779,701,1955,99225,357.5887428,2733.107251,102699,474.6253323,3140.20564,1233394,251.4075924,2153.720295,85880,406.9145552,3245.498102,68615,223.8422211,2502.193923,1115,419,3606.093767,0.116192,666.063184,0.205319,0.18932,0.838157,7131.873281,131.521117,2327.177662,3337.121054,265.211794,3.76092,645.790283,92.235086,2.698711,2028.825933,289.873479,8.47825,104.131509,25.856635,1.532973
d5_T001_21.10.23,field,Gladius,na,R1,T,191055,1295,5830,153,1388.542484,6397.810458,352466,1231,5575,350080,1244,5590,171919,1308.806013,5792.063175,135795,1358.712567,4899.857609,1501203,1206.83513,5354.859101,345802,1241.353844,5612.605456,162774,1301.311874,5781.535116,1114,673,4141.277579,0.16251,808.528849,0.218188,0.18932,0.83387,8121.27223,172.240931,2840.437083,3647.32268,490.729786,3.225113,726.791856,175.116562,2.205443,2283.315805,550.192677,6.928602,120.454223,50.592067,1.194641
d21_11_G02_0_3_T,glasshouse_b1,5489,T0,R3,T,7302,1639,3265,66,1621.833333,3416.666667,23416,1438,2831,23410,1438,2831,7302,1635.47576,3266.737606,8443,1626.008646,3420.315172,383853,1459.576674,2211.873905,11488,1415.647023,2498.246083,6864,2674.160839,2502.269376,138,84,633.451757,0.132607,244.939602,0.41814,0.435429,0.870857,1246.248428,91.560559,832.59495,67.459536,559.712839,6.279382,15.027416,245.422993,4.572795,47.21002,771.019072,14.365858,2.819486,86.107363,2.633709
d09_02_G01_0_2_T,glasshouse_b1,Gladius,T0,R2,T,5862,1233,1144,60,1563.133333,355.0833333,9487,1825,1296,9487,1825,1296,5862,1233.747868,1143.579324,3761,1968.339006,1074.937517,354880,1454.801595,862.2670367,3643,1648.379083,329.0584683,4237,1245.702148,1015.927071,75,45,294.200325,0.152957,118.698907,0.437986,0.435429,0.740086,572.466613,47.188407,408.455299,29.912398,262.578409,1.709518,7.075793,121.792111,1.123903,22.22926,382.695194,3.530845,1.403172,45.202144,0.583091
d37_37_G05_1_1_S,glasshouse_b1,Hartog,T1,R1,S,4636,2372,2591,66,1017.348485,2084.348485,7549,1093,2583,7546,1093,2583,4636,2387.214625,2591.19025,4161,979.4556597,2216.028359,208078,2584.535982,2632.509891,5224,2378.585184,2410.535222,4636,2387.214625,2591.19025,102,54,299.688715,0.180187,102.504074,0.376985,0.435429,0.580571,586.618927,35.807314,356.856633,68.464336,231.224379,0,16.359896,97.231099,0,51.396128,305.460505,0,3.258535,32.548779,0
d37_15_G02_1_3_T,glasshouse_b1,5489,T1,R3,T,13301,1033,3044,60,1550.516667,4214,24382,1482,4066,27785,1441,3960,13301,1134.321028,3027.646342,12123,912.3678957,2608.064011,437470,896.3374357,2333.517286,18743,1642.73254,4162.664728,13999,1119.522823,2970.235588,295,179,969.595069,0.184613,337.984841,0.385358,0.410526,1.04664,1887.103659,123.3018,1176.833873,236.146722,724.169886,9.278461,55.572924,312.005641,6.972186,174.587488,980.342616,21.903768,10.904089,108.192381,4.205329
d31_43_G06_0_3_S,glasshouse_b2,3811,T0,R3,S,17401,1764,3714,45,1583.133333,1466.155556,47118,1755,3964,46342,1402,2110,17401,1822.219068,3713.885754,22706,1789.358407,2627.060821,454193,1521.900047,3258.908455,20626,700.1035101,4004.851789,17238,1822.927312,3713.904687,265,185,1284.430493,0.144033,482.200484,0.411805,0.435429,1.026315,2510.66746,182.846945,1667.538431,189.429278,1083.083143,11.918072,43.938083,477.689552,9.136541,138.129154,1500.705986,28.703291,8.590884,168.634198,5.621864
d27_17_G03_0_1_T,glasshouse_b2,CALINGIRI,T0,R1,T,24583,1351,3231,50,1909.34,1103.62,35675,1400,3471,42795,1358,2618,24583,1261.065492,3231.477159,20561,1639.433004,1110.023102,499745,1424.462214,2243.07057,16251,1242.892684,2516.250262,9705,1257.725811,2898.397012,209,161,1025.748238,0.156959,371.912357,0.402136,0.435429,0.846321,2000.922065,137.611207,1300.71139,167.966844,844.877383,12.904012,44.536156,360.501659,8.99148,139.914459,1132.549364,28.247567,9.581828,123.088307,4.941072
d41_46_G06_1_2_S,glasshouse_b1,3811,T1,R2,S,11720,1434,3938,58,1275.051724,4184.206897,27922,1801,2851,28403,1799,2863,11720,1506.851536,3960.635751,12324,1250.617089,3918.577653,351406,1424.924603,3318.21227,21812,1231.830598,4306.587566,10336,1057.717492,2563.900542,390,237,1086.542339,0.218123,355.317262,0.371958,0.410526,1.240101,2093.117436,132.542905,1275.760846,333.694958,731.001978,21.845403,77.438701,312.307867,16.262724,243.280855,981.248743,51.231248,15.102261,107.477954,9.962689
d37_39_G05_1_3_S,glasshouse_b1,Hartog,T1,R3,S,6427,1516,2619,70,1254.142857,2918.371429,17565,1511,2243,17845,1511,2243,6427,1525.299673,2621.714953,6055,1044.533443,2244.839472,363462,1449.988288,2202.33264,9653,1635.623019,2422.503678,6427,1525.299673,2621.714953,137,71,535.724841,0.132531,184.336695,0.378594,0.410526,0.615789,1053.420504,64.711451,641.127461,115.820916,419.831353,0.072571,27.44056,176.591961,0.044689,86.207061,554.780006,0.140394,5.473097,59.21674,0.021613
d25_41_G06_0_1_S,glasshouse_b1,3811,T0,R1,S,9137,1418,3471,74,1427.189189,1533.851351,21330,1528,2039,23777,1349,2844,9137,1427.718507,3485.675057,9468,1438.540135,1884.367554,354461,1460.612242,2532.989387,11184,1349.042471,2716.009657,8237,1431.382542,3497.899357,161,99,726.287553,0.13631,254.782901,0.387384,0.435429,0.725714,1426.424703,90.545227,887.311017,142.641551,575.517116,8.128885,36.848891,240.001898,5.58908,115.764204,753.9882,17.558613,7.781195,79.73072,3.033312
d33_12_G02_0_4_T,glasshouse_b1,5489,T0,R4,T,13719,2061,2788,76,1584.289474,686.2894737,35521,1748,2054,40213,1759,2108,13719,1986.846709,2817.201035,17917,1392.962605,1852.611319,597198,2087.171359,2504.198194,23209,1601.095092,851.1264596,13641,1986.343523,2815.568947,280,214,1174.409704,0.182219,450.295347,0.421372,0.435429,0.929368,2280.185394,174.345602,1559.818944,135.616862,1018.649663,20.143179,32.039827,450.814026,13.651938,100.656085,1416.274032,42.888827,6.317602,160.682761,7.345238
d33_07_G01_1_3_T,glasshouse_b1,Gladius,T1,R3,T,12751,1267,2128,43,1812.906977,2159.069767,24313,1430,1674,24493,1745,1730,12751,1321.805741,2156.953494,10846,1530.792827,2199.194081,651267,1488.912699,2401.131235,10637,1786.550155,1270.235687,10571,1930.741368,2466.323243,200,136,860.499618,0.158048,304.54712,0.390923,0.410526,0.725714,1683.961869,111.928142,1064.799604,224.711444,628.927337,6.860838,60.225849,274.278764,4.431628,189.205086,861.672149,13.922369,13.037119,96.635532,2.255491
d37_17_G03_0_1_T,glasshouse_b1,CALINGIRI,T0,R1,T,25126,1401,3645,61,1380.409836,2158.213115,36275,1457,2167,41851,2725,3379,22003,1345.730173,3724.330546,17383,1315.82132,2709.190531,484517,1429.332065,2205.074833,22381,1637.693043,834.2373442,12894,1355.042888,4202.0736,394,298,1424.526368,0.209192,502.687606,0.397277,0.435429,1.016,2742.444334,190.786714,1783.800794,311.499667,1076.218247,36.808454,79.931922,461.997854,25.81479,251.113538,1451.587702,81.099553,16.772619,159.650332,14.363762
d27_25_G04_0_1_S,glasshouse_b2,Forrest,T0,R1,S,6451,997,2892,68,823.0441176,2731.514706,24880,960,3003,24649,960,3003,6451,1007.302279,2897.955976,10448,846.8703101,2720.362653,450772,1375.484646,2657.271528,8218,1392.6532,743.5704551,6011,1474.276826,1849.764598,126,72,555.613988,0.129586,204.255023,0.402855,0.435429,0.740086,1091.163778,75.664664,705.883655,85.917215,464.605574,5.0912,19.211737,202.157698,3.275622,60.355453,635.097137,10.431065,3.622474,70.333065,1.709125
d41_30_G04_1_2_S,glasshouse_b1,Forrest,T1,R2,S,1953,1012,3139,68,771.8676471,2247.455882,9137,1010,3060,9250,959,2064,1953,1006.229903,3138.745008,4857,889.4836319,3179.110562,376347,871.0604097,2486.122895,4900,888.6589796,3175.403061,1953,1006.229903,3138.745008,171,75,420.343348,0.178426,125.893099,0.330234,0.324549,0.649099,826.467702,40.804382,440.581912,179.901058,239.916682,0.525609,40.919282,98.990379,0.331917,128.551715,310.987447,1.042749,7.829217,32.810429,0.164736
d35_20_G03_0_4_T,glasshouse_b2,CALINGIRI,T0,R4,T,17882,1779,2376,46,1627.5,774.0217391,52571,1128,3702,54909,1119,3667,17882,1847.524774,2356.88206,29599,1827.723876,1139.191358,581043,1955.441661,1875.519719,25452,1772.672285,1024.075515,17656,1847.725136,2370.034606,317,247,1510.341774,0.163539,548.454466,0.402737,0.435429,1.133602,2933.875212,205.396846,1922.226339,238.304852,1248.419744,23.617178,61.212531,534.157262,16.32648,192.304836,1678.209173,51.712329,12.870518,183.364242,9.162086
d21_14_G02_1_2_T,glasshouse_b1,5489,T1,R2,T,10087,2190,2603,72,1927.041667,1209.097222,13061,2150,2014,16836,2201,2452,10087,2166.448994,2597.666006,6369,2256.575601,2528.097033,534515,2093.617536,1378.241939,6027,2002.038162,1291.707815,14124,2109.571863,2223.900453,37,17,496.449325,0.034243,180.681666,0.399814,0.435429,0.580571,988.970729,62.950195,618.426763,48.83056,447.618765,0,12.493657,184.357695,0,39.249982,579.17678,0,2.621041,60.329154,0
d21_04_G01_0_4_T,glasshouse_b1,Gladius,T0,R4,T,16450,2089,3052,61,1933.508197,2743.409836,20997,1740,2029,20973,1740,2029,16450,2028.245714,3068.299514,9908,1888.382317,3114.119197,572700,2105.135746,2699.468814,13422,1559.820817,894.7175533,13603,2087.019187,3246.414835,157,101,780.173728,0.129458,293.855897,0.409896,0.435429,0.649099,1530.301849,107.221875,1005.88502,80.996945,698.97152,0.205263,19.123237,300.90312,0.133236,60.077421,945.389026,0.418573,3.761618,103.392334,0.067924
d13_36_G05_0_4_S,glasshouse_b1,Hartog,T0,R4,S,4780,1158,1669,62,1251.080645,680.1612903,16665,1194,1577,16665,1194,1577,4780,1172.349372,1671.347699,6389,1210.40601,992.5146345,390110,874.7795878,1612.519769,6741,1504.215843,415.9873906,4563,1166.88867,1687.439404,113,65,435.320468,0.149315,160.03128,0.396781,0.435429,0.725714,855.34457,57.159318,546.236012,65.518967,368.937937,0.863563,15.95341,157.326458,0.559146,50.119115,494.360287,1.75661,3.212709,53.66155,0.285059
d05_30_G04_1_2_S,glasshouse_b1,Forrest,T1,R2,S,1314,1348,678,63,1327.095238,297.5079365,1362,1350,674,1362,1350,674,1314,1348.141553,678.0258752,504,1392.781746,333.75,334039,1453.690279,293.9112948,866,1390.418014,305.5635104,1314,1348.141553,678.0258752,17,7,42.76749,0.163676,15.678705,0.397387,0.435429,0.615789,83.945701,5.741036,53.970928,8.652357,33.909869,0.205263,2.076051,14.977031,0.126399,6.522105,47.051729,0.397093,0.411704,5.268201,0.061131
d07_48_G06_1_4_S,glasshouse_b2,3811,T1,R4,S,1644,1392,976,68,1570.191176,257.3382353,5161,1613,319,4931,1455,785,1644,1392.138686,976.7512165,4365,1632.232302,279.484307,210382,1461.942181,238.0208573,4365,1632.232302,279.484307,1644,1392.138686,976.7512165,61,43,144.773832,0.297015,48.958427,0.371743,0.410526,0.580571,278.709985,17.140782,171.939297,28.542605,116.231227,0,7.039029,47.690949,0,22.113761,149.825536,0,1.427857,15.712925,0
d6_T008_28.10.23,field,3811,na,R4,S,34651,1196,6437,68,691.1764706,6236.911765,173212,931,2923,229697,958,3448,30905,783.2994661,3113.652548,85372,934.734468,2887.714028,459765,1131.529018,2623.746286,94974,900.3197612,2815.462832,29152,784.6535058,3119.712678,962,463,3109.812275,0.148884,579.65117,0.208014,0.18932,0.850889,6128.576412,116.929916,2030.944533,2818.502819,288.742896,2.566561,543.599144,101.096769,1.75291,1707.767078,317.670525,5.50693,87.491635,28.492171,0.946111
d27_02_G01_0_2_T,glasshouse_b2,Gladius,T0,R2,T,8867,1861,3582,53,1952.773585,3695.433962,36353,1773,3745,35705,1769,3751,8867,1804.764746,3581.299876,16789,1788.979749,2979.22616,386608,2014.276973,1557.258474,15174,1893.319362,3686.339265,8770,1805.917218,3576.725428,232,166,921.186208,0.180202,359.340953,0.426186,0.435429,0.917964,1793.25975,138.287038,1240.645294,80.381156,834.423039,6.382013,18.762423,371.638845,4.508394,58.94389,1167.537866,14.163538,3.6498,132.107219,2.530019
d17_16_G02_1_4_T,glasshouse_b1,5489,T1,R4,T,6445,2315,1978,54,1698.759259,826.1296296,14307,1828,2032,14307,1828,2032,6445,2298.594569,1980.764779,4382,2178.755135,2397.39571,513670,2046.752997,1746.143514,3423,2340.253871,2163.608238,6445,2298.594569,1980.764779,51,33,301.64741,0.109399,115.554739,0.413906,0.435429,0.598439,594.594794,41.988774,392.059604,25.19614,276.45127,0,5.617845,119.178603,0,17.648981,374.410623,0,1.060992,40.927782,0
d33_21_G03_1_1_T,glasshouse_b1,CALINGIRI,T1,R1,T,25508,1899,3472,61,1597.131148,2045.311475,27044,1857,2860,26211,1858,2854,21548,1851.90078,3408.230833,13247,1604.889484,2504.585265,528761,1984.090251,2540.482899,15285,1578.742623,1621.886294,22783,1851.417943,3334.813677,222,182,1056.911137,0.1722,365.350158,0.388629,0.410526,0.870857,2055.223746,131.584602,1293.820412,206.75322,841.245335,8.912583,55.476606,350.231386,6.094528,174.284896,1100.388992,19.146524,12.030789,116.260122,3.293691
d13_06_G01_1_2_T,glasshouse_b1,Gladius,T1,R2,T,9071,1578,1633,69,1270.942029,1463.347826,11664,1575,1130,11655,1525,1826,9071,1529.334583,1607.840811,5646,1543.787814,954.2665604,457377,1818.306441,965.3602586,6490,1591.753159,819.9711864,10235,1542.843771,1504.254519,56,34,426.870264,0.079649,157.45064,0.402941,0.435429,0.725714,845.748606,56.361036,542.484923,43.074499,383.372787,0.422977,11.401099,161.006356,0.27086,35.817609,505.816384,0.85093,2.453434,53.770824,0.136778
d27_04_G01_0_4_T,glasshouse_b2,Gladius,T0,R4,T,19226,2084,3354,48,2002.333333,4367.8125,39001,1649,1318,43824,2080,3319,19226,2031.999116,3353.547384,20815,1617.880615,848.5326928,411664,1965.242074,3390.853023,26102,1627.127423,954.3015861,18820,2040.666153,3379.370776,260,198,1090.981496,0.181488,401.95838,0.408295,0.435429,1.105375,2115.768482,151.988317,1400.556431,164.696642,908.069792,18.215062,39.708475,392.598952,13.503531,124.747853,1233.385984,42.422595,7.934805,135.993126,8.060386
d13_28_G04_0_4_S,glasshouse_b1,Forrest,T0,R4,S,3734,1500,1924,70,1513.614286,408.5571429,9880,1135,770,9976,1130,777,3734,1500.414301,1924.2421,3734,1500.414301,1924.2421,366123,862.3600484,866.5370681,6787,1518.659643,400.9201414,3734,1500.414301,1924.2421,74,40,260.901909,0.153314,96.268405,0.399275,0.435429,0.580571,512.144891,34.734829,329.323183,35.003232,225.898678,0,7.930118,96.896707,0,24.913201,304.409982,0,1.500819,33.23401,0
d33_01_G01_0_1_T,glasshouse_b1,Gladius,T0,R1,T,9619,2202,2483,65,2440.446154,2743.692308,26461,2098,2346,28965,2349,3382,7555,948.4129715,2715.693448,15707,2388.030114,2266.489782,367949,2403.782252,3192.825248,17690,2388.941718,2323.453872,7559,948.3872205,2715.526525,309,183,977.713487,0.187171,351.972963,0.398059,0.435429,0.917964,1903.910019,131.362868,1224.698734,194.8118,775.643659,7.258028,44.992743,339.467851,5.278393,141.34887,1066.574351,16.775513,8.709263,119.53148,3.122125
d27_22_G03_1_2_T,glasshouse_b2,CALINGIRI,T1,R2,T,12422,2133,2427,63,2254.825397,3678.428571,24301,1737,1722,27216,1904,2950,12422,2126.679037,2426.628643,10207,2024.20388,2766.720388,452327,1991.531702,1704.019185,8007,1898.785438,1830.234545,10210,1148.918609,2559.822135,120,88,697.858109,0.1261,252.760521,0.400077,0.435429,0.580571,1370.437192,90.164776,877.432167,68.840896,629.017213,0,17.279847,261.982177,0,54.286242,823.145925,0,3.587586,86.57719,0
d45_45_G06_1_1_S,glasshouse_b1,3811,T1,R1,S,9327,1728,4463,56,1889.160714,4073.678571,37990,1743,4340,37722,1744,4366,9327,1755.199314,4467.975555,22812,1859.464931,4514.46984,385645,1910.478347,3450.957303,40020,1841.61087,4162.675037,6487,800.0707569,2208.624171,627,343,1574.20472,0.217888,510.434792,0.364164,0.410526,0.929368,3052.522748,185.294802,1806.460465,539.59096,1006.139453,28.474306,119.825428,435.38713,19.801668,376.442683,1367.809008,62.208774,22.519111,151.861828,10.913863
d49_44_G06_0_4_S,glasshouse_b2,3811,T0,R4,S,35104,2133,2626,70,2159.828571,2960.7,146733,1445,1727,148883,1726,3467,29201,2141.859491,2737.556899,75322,1627.10564,935.4364727,452769,1996.613032,2160.453472,56515,2126.669309,2516.700699,27802,2136.854903,2729.997374,2165,1849,4325.423955,0.427473,1468.610624,0.405826,0.410526,1.494337,7821.389307,676.524759,5570.162598,1435.520201,2404.16006,485.743693,332.29342,1079.009486,360.858629,1043.930566,3390.332637,1135.899396,64.520521,394.694091,217.310147
d21_22_G03_1_2_T,glasshouse_b1,CALINGIRI,T1,R2,T,11017,2145,2566,59,2136.576271,3075.033898,15822,1766,2068,20271,2130,2446,11017,2138.137242,2566.367886,7087,1971.091294,2516.652321,766361,2010.312348,1595.895628,7297,1885.56393,1905.896944,8591,2175.19276,2777.64521,84,58,532.192555,0.108983,196.513103,0.405697,0.435429,0.580571,1049.049253,70.265041,678.325216,40.672348,491.520206,0,10.6204,205.297222,0,33.364971,644.960245,0,2.263335,68.001706,0
d25_44_G06_0_4_S,glasshouse_b1,3811,T0,R4,S,10723,1234,3301,58,1130.448276,3335.034483,26236,1256,1662,27242,1222,3092,10723,1195.579689,3308.695235,12923,875.9646367,1848.383889,462465,1244.894695,2795.173803,10173,2146.930404,2882.89364,8891,1186.178158,3204.276009,189,119,1004.86094,0.118424,360.457475,0.393115,0.435429,0.821052,1978.430106,128.168086,1239.950322,164.821155,834.503726,5.536059,39.597956,351.236993,3.853498,124.400647,1103.443556,12.106119,7.924437,118.126194,2.117455
d49_38_G05_1_2_S,glasshouse_b2,Hartog,T1,R2,S,3278,2253,1954,57,1618.035088,631.5789474,41660,1833,1432,50506,1158,1727,3161,901.1917115,1670.248023,24242,837.8095867,2340.740863,375514,865.9751141,2449.757825,25779,844.1667249,2281.653672,3072,898.1009115,1676.467448,707,411,1357.461331,0.302771,400.404729,0.338397,0.324549,1.105375,2588.043028,144.809113,1458.4833,620.348158,700.272889,36.840284,137.514082,301.104663,25.369905,432.01323,946.487377,79.982693,25.835901,104.961539,14.011673
d29_44_G06_0_4_S,glasshouse_b1,3811,T0,R4,S,13703,1222,3554,51,2104.117647,2588.039216,33713,1032,2423,39661,702,3002,13478,1182.908666,3575.806129,13621,874.4352103,2991.60627,458429,1241.142997,2752.948832,13618,844.4232633,2734.455867,8134,1227.932383,3988.402508,275,193,1160.121526,0.166362,412.065009,0.391837,0.435429,0.781618,2262.486207,149.746909,1431.370915,234.923322,919.156282,6.041922,55.587895,395.921471,4.110147,174.634523,1243.823984,12.912408,10.980212,136.559532,2.207166
d4_T024_14.10.23,field,3811,na,R9,S,33782,1175,3803,59,1948.372881,2114.59322,202370,1005,2154,209252,1006,2156,30707,1177.488846,3807.609666,94171,1276.793854,3733.265899,465348,759.4199567,2374.362621,89747,1340.646172,3697.121007,17817,1133.765,3719.113768,1044,519,3566.762148,0.14551,649.509454,0.202613,0.18932,0.72833,7038.466437,125.519703,2272.165222,3319.008795,247.267143,0.48621,638.64481,84.280398,0.322376,2006.377768,264.774679,1.012774,102.352568,22.998632,0.168503
d45_17_G03_0_1_T,glasshouse_b1,CALINGIRI,T0,R1,T,20463,1406,3494,70,1738.457143,1091.557143,70806,1442,2118,73415,1443,2141,20463,1323.803792,3493.82593,29550,2365.209374,2102.525076,397116,1346.012012,2162.389302,54734,1272.291482,2122.612325,10347,1737.021262,683.479366,795,595,2350.659393,0.25312,843.158287,0.402803,0.410526,1.016,4495.369439,337.084598,2996.572077,671.749208,1588.6143,90.295885,167.239634,722.628494,63.93241,525.398807,2270.323679,200.849591,34.423901,266.716913,35.943784
d09_25_G04_0_1_S,glasshouse_b1,Forrest,T0,R1,S,1918,1534,622,103,1383.271845,290.631068,6599,1239,542,6599,1239,542,1918,1533.023983,622.3196038,2394,1256.732247,466.9632414,360160,1453.587111,767.5277127,3978,1394.749623,311.1895425,3159,1334.768598,324.7730294,47,25,156.340613,0.159907,59.64965,0.418624,0.410526,0.929368,306.441334,23.419529,207.302253,21.906775,131.788185,2.645653,5.363551,58.500363,2.122443,16.850091,183.784311,6.667851,1.089318,20.969074,1.361137
d33_17_G03_0_1_T,glasshouse_b1,CALINGIRI,T0,R1,T,22036,1412,3508,58,1215.034483,2368.051724,35266,1298,3122,35501,2435,2346,21217,1329.943347,3466.19852,14661,2787.154492,2596.722188,492955,1432.102017,2215.277153,17147,1293.56523,2576.253222,18756,1348.4783,3624.764769,237,181,1149.892254,0.157406,405.397478,0.39014,0.410526,0.781618,2248.10178,145.792398,1414.208961,235.522969,903.129259,11.240026,61.776918,380.700544,7.679232,194.077911,1196.006032,24.125018,13.187384,128.461316,4.143699
d31_25_G04_0_1_S,glasshouse_b2,Forrest,T0,R1,S,6217,1010,2904,65,1476.876923,846.7846154,26099,944,3150,26491,944,3150,6217,1021.069326,2906.422551,11251,853.9976002,2792.779753,486855,1268.037025,2742.097103,10706,1429.616197,806.6099384,4820,975.8435685,3022.768465,148,90,609.792434,0.147591,221.023916,0.398553,0.435429,0.725714,1192.001165,80.979816,768.564336,85.79609,521.948872,2.047472,19.674632,223.634967,1.298718,61.80968,702.674612,4.080044,3.794221,76.53652,0.649076
d25_19_G03_0_3_T,glasshouse_b1,CALINGIRI,T0,R3,T,11660,1712,2799,56,1546.089286,2908.339286,24583,1485,2384,24454,1423,3645,11660,1749.286707,2809.949914,12835,1414.985197,2988.061628,649859,1516.045411,2416.60135,15295,1460.559464,1195.52697,10064,1464.236188,3105.48599,139,87,917.696648,0.094803,338.706367,0.405849,0.435429,0.649099,1815.912691,122.769824,1173.93342,104.324937,813.196509,0.175203,28.092871,345.468018,0.113724,88.256358,1085.319788,0.357274,6.100428,116.61142,0.057977
d31_40_G05_1_4_S,glasshouse_b2,Hartog,T1,R4,S,11009,2387,3199,66,1553.348485,4291.590909,27151,1665,3469,33771,2392,3151,11009,2374.050686,3201.709329,14968,2130.960249,3044.503407,405051,2193.155711,2694.856524,15217,2446.994546,2670.686141,10879,2373.780586,3201.379447,168,98,742.061644,0.132065,277.945461,0.407902,0.435429,0.870857,1457.791273,103.358864,955.403257,104.195785,631.384236,6.481623,23.865252,275.379935,4.869115,74.9749,865.13158,15.296777,4.613592,95.855414,2.889858
d17_07_G01_1_3_T,glasshouse_b1,Gladius,T1,R3,T,10225,1285,1985,56,1264.875,2193.303571,14627,1379,1806,15188,1330,2663,10225,1304.690562,1991.774181,7164,1254.950307,2333.077331,523294,1391.576464,1373.951584,6702,1458.145628,1405.14712,12928,1343.738707,1837.104811,80,54,551.542606,0.097907,202.822504,0.404829,0.435429,0.725714,1087.876889,73.092375,703.201397,51.918783,499.025642,0.59818,13.828542,209.573307,0.434108,43.443647,658.39396,1.36379,2.982284,69.862661,0.247431
d25_33_G05_0_1_S,glasshouse_b1,Hartog,T0,R1,S,5442,1334,3593,56,1151.75,2098.357143,17518,1188,2802,22637,1241,2632,5442,1340.095921,3591.598677,9627,1160.750909,2365.340293,345098,1454.605127,3076.816803,9484,1161.090046,2356.431569,5442,1340.095921,3591.598677,141,69,557.763359,0.123708,199.320207,0.391555,0.435429,0.725714,1097.884416,71.75778,690.301113,94.518882,459.337186,3.907291,22.266448,195.006964,2.456257,69.952108,612.632446,7.716559,4.391806,66.150126,1.215848
d5_T021_21.10.23,field,Gladius,na,R9,T,27662,117,2252,60,882.5333333,1717.75,169016,1011,1937,170395,1011,1937,27225,122.0458402,2250.547585,102036,1171.68617,5419.01177,428750,307.6361166,3141.463967,111928,1165.511293,5321.229701,25451,123.9222427,2240.26388,1155,359,3254.359299,0.110314,591.047205,0.200633,0.18932,0.644802,6480.003353,113.071498,2056.363606,3032.268543,221.94622,0.144535,579.022823,75.432544,0.090292,1819.053845,237.0261,0.283661,92.48279,20.544388,0.04432
d05_23_G03_1_3_T,glasshouse_b1,CALINGIRI,T1,R3,T,1393,1556,989,66,1778.863636,343.8939394,2606,1639,358,2606,1639,358,1393,1556.431443,988.6159368,1170,1791.687179,358.8290598,312446,1464.58493,281.5750146,1691,1773.782377,336.0928445,1471,1581.511897,309.9517335,25,11,82.983931,0.132556,28.07631,0.366086,0.410526,0.580571,163.69236,9.470256,96.836765,16.013017,66.970914,0,3.785556,27.038544,0,11.892674,84.944091,0,0.74502,8.725236,0
d13_15_G02_1_3_T,glasshouse_b1,5489,T1,R3,T,4072,1240,1302,52,1846.480769,1647.423077,9105,1177,1438,9105,1177,1438,4072,1237.522348,1300.467092,3141,1275.927412,1229.545049,357676,1457.640949,872.9812931,3409,770.1381637,960.4147844,3937,1241.94793,1292.538227,52,26,213.563153,0.121744,80.721366,0.407439,0.435429,0.649099,421.098971,29.245769,275.131832,24.51721,188.973371,0.072571,6.250587,81.279489,0.047106,19.636799,255.347045,0.147988,1.304982,27.916772,0.024015
d21_29_G04_1_1_S,glasshouse_b1,Forrest,T1,R1,S,3286,242,1788,61,1176.52459,1375.672131,5170,372,1558,5504,1314,2159,3286,247.5952526,1793.461656,3721,274.8898146,1746.132491,331622,283.8689954,1480.999303,3851,283.8171903,1732.006492,3286,247.5952526,1793.461656,59,29,202.243261,0.143392,64.747731,0.347998,0.324549,0.580571,399.570526,21.088498,223.41141,59.005514,143.237747,0,13.660011,57.45405,0,42.914189,180.497221,0,2.654186,18.434312,0
d07_28_G04_0_4_S,glasshouse_b2,Forrest,T0,R4,S,3083,1692,967,46,1585.652174,285.1956522,8043,1521,381,7223,1528,346,3083,1682.230944,966.643529,3628,1537.484564,254.1361632,385975,1828.752367,267.879443,4306,1561.228751,283.4396191,3083,1682.230944,966.643529,49,25,186.992946,0.133695,65.126927,0.379929,0.410526,0.615789,367.402889,22.707908,223.201576,43.22016,143.349809,0.422977,10.056279,60.730524,0.260465,31.592733,190.79057,0.818274,1.936844,20.645093,0.125971
d45_08_G01_1_4_T,glasshouse_b1,Gladius,T1,R4,T,9926,3048,3784,94,1787,2090.723404,44998,1945,2281,46159,1945,2281,9926,3040.99859,3787.544429,18435,1520.021318,1958.588988,330244,1461.031395,2085.38342,17317,1708.528036,2264.844661,9926,3040.99859,3787.544429,482,270,1468.006629,0.183923,489.273544,0.369171,0.324549,1.056656,2864.361151,181.063706,1709.67366,622.092742,813.139373,32.774514,150.531938,369.702713,23.971377,472.910032,1161.455328,75.308301,30.314174,136.701285,14.048247
d21_15_G02_1_3_T,glasshouse_b1,5489,T1,R3,T,10205,936,2405,62,947.0645161,2362.83871,12406,934,2306,12405,934,2306,9772,951.8120139,2420.87454,7144,942.4540873,2003.723404,483810,1248.154619,2170.524948,5473,967.1982459,2720.587064,9476,947.9451245,2399.786091,68,44,404.065011,0.108893,152.573757,0.411919,0.435429,0.846321,793.968646,56.78361,524.148812,44.215897,354.02277,5.826344,10.367217,152.326573,4.147958,32.569574,478.548043,13.031195,2.042136,52.415794,2.32568
d43_03_G01_0_3_T,glasshouse_b2,Gladius,T0,R3,T,14017,1364,1672,70,1584.742857,1756.414286,57961,1818,3654,59570,1818,3654,14016,1348.723388,1668.874287,30746,1818.730176,1180.331653,444157,1773.079226,959.6003688,27026,1791.384815,1101.472952,13081,1470.634355,3303.941136,393,265,1636.770569,0.161904,608.514912,0.408726,0.435429,1.016,3193.828964,230.981506,2105.055619,295.934897,1323.951798,16.883874,71.100929,586.707252,12.251834,223.370157,1843.195191,38.490271,14.268628,209.568761,7.144117
d25_03_G01_0_3_T,glasshouse_b1,Gladius,T0,R3,T,12940,1531,3137,57,1530.947368,1061.684211,23206,1554,3421,24606,1540,3386,12940,1484.826739,3130.02527,10542,1274.889205,2842.073326,745129,1826.997771,2941.936419,11391,1507.394083,1207.089105,15222,1376.530022,1588.742544,136,86,799.555243,0.10756,303.772928,0.413078,0.435429,0.781618,1575.697686,112.173812,1040.053484,82.637279,711.614207,5.303757,19.669392,307.910796,3.479118,61.793218,967.330293,10.929973,3.900695,106.471011,1.802106
d43_45_G06_1_1_S,glasshouse_b2,3811,T1,R1,S,7291,1707,4542,79,1775.911392,4135.417722,50788,1590,4029,48466,1593,4028,7291,1713.31244,4542.084762,26498,1795.282436,4370.476376,467229,1542.804554,3774.815431,36915,1792.355736,4116.675173,7156,1713.05436,4542.834265,627,361,1467.476962,0.246,479.509245,0.367351,0.410526,0.917964,2836.567608,173.798071,1700.58138,458.890862,996.895173,11.690927,101.941412,431.179067,8.158077,320.258393,1354.693634,25.629353,19.159428,150.11763,4.521014
d31_12_G02_0_4_T,glasshouse_b2,5489,T0,R4,T,14860,1053,2101,53,1255.433962,1504.811321,37298,2053,2992,40199,2057,2860,14860,1172.02712,2102.112584,20806,1525.093242,884.7770355,406411,1468.779041,1409.109544,16473,1564.689128,773.3990166,13931,1969.964324,2844.542962,205,147,1028.071131,0.142986,390.245434,0.415066,0.435429,0.917964,2014.049278,147.102641,1344.266213,127.883397,889.280504,10.907229,31.466156,388.985726,7.396655,98.853845,1222.034699,23.37767,6.426069,136.648676,4.027896
d45_10_G02_0_1_T,glasshouse_b1,5489,T0,R2,T,16169,2210,3891,121,1846.61157,797.2066116,52725,2758,4314,52488,2299,2500,16169,2136.65774,3873.25252,30953,2473.824056,2200.557781,551888,2549.776875,2473.435036,35098,2493.492165,2211.310445,15807,2528.316632,2857.019865,703,531,2055.470525,0.258335,732.986026,0.399472,0.410526,1.306286,3922.962531,290.742668,2596.422543,432.2125,1536.941851,86.316174,97.527779,662.111964,66.699395,306.392553,2080.160077,209.869914,18.569237,230.448174,41.725258
d25_01_G01_0_1_T,glasshouse_b1,Gladius,T0,R1,T,10411,943,2606,54,1455.685185,1031.611111,23866,2070,2137,32843,2354,2905,10411,960.2414754,2605.291615,12467,2361.548167,2163.704821,283992,853.2026959,2602.344165,14041,2341.360943,3610.013318,9663,929.1466418,2454.228811,205,131,801.906122,0.163361,303.688662,0.415419,0.435429,0.781618,1566.645573,115.078427,1046.789963,111.249953,688.90414,1.752029,25.542174,306.479887,1.181533,80.243106,962.834963,3.711894,4.907147,109.541702,0.629579
d43_08_G01_1_4_T,glasshouse_b2,Gladius,T1,R4,T,13211,1889,1913,60,1627.616667,1854.333333,45432,1683,1535,47067,1933,1531,13211,1950.496405,1920.541064,23265,1845.941629,1673.758178,483114,1981.567404,1237.09636,16896,1870.885417,1450.816347,8158,3019.115102,3666.622824,413,233,1305.556313,0.178468,434.147914,0.369015,0.324549,1.196879,2547.597583,160.951593,1519.820165,569.144989,710.178554,26.23277,139.566112,324.423476,19.784195,438.459873,1019.206409,62.153883,28.373613,120.489851,12.088128
d11_26_G04_0_2_S,glasshouse_b2,Forrest,T0,R2,S,2750,1350,1865,58,1524.534483,418.2413793,6508,1583,643,6467,1583,641,2750,1359.815636,1862.413091,2876,1514.563282,402.8390125,363436,1455.829654,318.6125343,2160,1490.003241,380.5162037,2750,1359.815636,1862.413091,39,23,155.980107,0.147455,60.997903,0.41785,0.435429,0.615789,306.608788,22.795211,207.515981,15.49168,139.872637,0.615789,3.609667,62.065525,0.379196,11.340103,194.984599,1.19128,0.712059,21.899758,0.183394
d21_12_G02_0_4_T,glasshouse_b1,5489,T0,R4,T,13095,1982,2649,60,2111.366667,2873.266667,18553,2053,2842,19532,1054,2200,13095,1941.894922,2668.225964,9120,1335.719737,1761.074342,357413,2027.144547,2202.644887,13158,1535.27071,920.5931753,13095,1941.894922,2668.225964,105,83,645.580678,0.128566,250.875074,0.421083,0.435429,0.598439,1267.319171,92.993351,855.70835,50.431771,595.148908,0,12.354405,260.011127,0,38.859304,816.849046,0,2.504188,90.489163,0
d21_07_G01_1_3_T,glasshouse_b1,Gladius,T1,R3,T,10067,1295,2057,50,1955.74,2010.18,14913,1415,1803,15178,1376,2798,10067,1329.315784,2059.710738,7200,1289.699444,2407.907639,652919,1492.649566,2409.130318,6881,1351.786514,1975.392821,13163,1376.489098,1868.618856,93,65,584.387921,0.111227,207.478189,0.395053,0.435429,0.781618,1150.129624,74.162662,726.866322,72.39299,510.465774,1.529157,18.793819,211.439384,1.102224,59.042524,664.361059,3.462739,3.996722,69.539717,0.626224
d05_42_G06_0_2_S,glasshouse_b1,3811,T0,R2,S,1483,1592,563,71,1603.140845,594.3661972,1701,1587,540,1701,1587,540,1483,1592.273769,562.9393122,759,1573.16996,507.7536232,325333,1456.424377,288.8592273,1483,1592.273769,562.9393122,1483,1592.273769,562.9393122,26,12,67.70731,0.177233,20.808385,0.33572,0.324549,0.52332,133.584862,6.469148,71.556059,26.954212,40.753098,0,6.654721,16.12228,0,20.906422,50.649637,0,1.350215,5.118933,0
d25_48_G06_1_4_S,glasshouse_b1,3811,T1,R4,S,15791,1479,3024,69,1380.550725,3052.101449,15700,1217,2242,16273,1335,3062,15791,1404.928504,2992.059654,7935,1397.162823,2796.677379,774445,1448.72376,2596.600768,13656,1424.054189,3101.828793,13698,1385.64002,2894.240692,114,72,612.024022,0.117642,218.690807,0.39315,0.435429,0.725714,1204.096791,77.859153,756.717546,84.080163,526.650024,1.293834,19.548982,220.421661,0.900033,61.414939,692.47507,2.827538,3.788517,73.577482,0.493154
d19_14_G02_1_2_T,glasshouse_b2,5489,T1,R2,T,13137,2169,2088,71,2218.028169,2549.56338,16226,2199,2488,23892,2142,1980,13137,2106.626703,2101.833295,8980,2103.000557,2353.064922,464296,2068.131416,1179.105409,6551,1999.690887,1280.124714,12992,2106.563116,2089.222522,55,31,453.372323,0.068376,162.590853,0.394517,0.435429,0.649099,900.960813,56.550139,558.358523,52.278771,400.99092,0.102631,12.908559,164.755861,0.066618,40.553435,517.595802,0.209286,2.636245,53.879932,0.033962
d27_10_G02_0_1_T,glasshouse_b2,5489,T0,R2,T,15668,2511,2839,64,2188.21875,1800.296875,37547,2551,3059,54871,2249,1833,15547,2505.485045,2832.46472,17231,2326.142534,2652.291684,430606,2575.533327,2293.778305,16543,2306.091942,2507.975518,15411,2507.040426,2839.541172,226,168,1044.368113,0.160863,383.072308,0.403479,0.435429,1.026315,2033.493593,141.147205,1322.885781,128.940291,899.861801,15.566022,30.247863,380.202772,10.636988,95.026465,1194.442234,33.417082,5.934924,129.409589,5.802692
d33_40_G05_1_4_S,glasshouse_b1,Hartog,T1,R4,S,13023,2363,3328,68,2146.470588,2966.808824,25424,1690,2700,35098,2316,3447,13023,2367.018122,3327.746833,12877,2113.242525,3624.271181,204024,882.9000069,2631.790495,15505,2463.781361,2769.503193,12883,2365.495847,3334.600636,169,101,840.513819,0.120165,322.232404,0.416565,0.435429,0.870857,1652.531817,121.570718,1106.161549,107.572676,726.103956,6.837187,26.14585,320.871676,5.08463,82.139611,1008.048101,15.973837,5.286742,113.291024,2.992953
d37_42_G06_0_2_S,glasshouse_b1,3811,T0,R2,S,14124,909,3151,80,674.95,2522.8375,39693,1117,2615,38646,1185,4131,14124,859.1709856,3146.391745,19679,787.1681488,2483.469333,558415,914.9289023,2558.448364,15541,545.8029728,3535.184287,14187,862.1543667,3126.92472,421,297,1467.892216,0.202331,528.062143,0.398206,0.435429,1.026315,2838.268455,202.340993,1852.350745,299.424002,1130.499869,37.968345,67.349347,495.208045,27.064163,211.584215,1555.741955,85.024575,12.810875,174.169126,15.360992
d09_26_G04_0_2_S,glasshouse_b1,Forrest,T0,R2,S,2234,1427,1291,65,1532.738462,278.4153846,4125,1593,681,6231,1477,1125,2234,1423.539839,1290.410922,2052,1428.57846,1276.725146,356208,1451.940072,840.1996081,2389,1515.555881,283.7626622,2758,1598.507977,456.4967368,29,15,127.364564,0.117772,52.386992,0.437605,0.435429,0.649099,252.680771,20.170024,177.229494,8.394268,117.666147,1.304149,2.163182,53.427125,0.823593,6.795838,167.846264,2.587392,0.456082,19.305164,0.408779
d2_T010_02.10.23,field,Gladius,na,R3,T,14211,891,5293,100,1497.95,6004.7,145325,1213,5281,149988,1223,5208,10718,1342.631088,5892.002892,58631,1557.128601,5976.809316,412859,1426.856726,5337.455221,91842,1353.039002,5741.396943,9964,874.9085709,5379.399338,685,223,1948.829055,0.114428,347.86848,0.196818,0.18932,0.598684,3871.410536,65.504794,1209.063325,1824.89397,123.935085,0,343.058419,41.793321,0,1077.765733,131.297592,0,54.239548,11.265246,0
d21_40_G05_1_4_S,glasshouse_b1,Hartog,T1,R4,S,3535,1647,2172,50,1134.04,1302.68,11348,1652,2407,12363,2432,2489,3535,1649.359547,2171.597171,5096,1648.800628,2049.843799,317277,2533.452661,2054.012724,6328,2500.307048,2238.997314,3535,1649.359547,2171.597171,71,37,343.212345,0.107805,133.487554,0.419181,0.435429,0.615789,677.912318,49.318825,454.11647,28.126036,315.013737,0.072571,6.89536,137.609714,0.044689,21.662411,432.313665,0.140394,1.404025,47.893186,0.021613
d29_13_G02_1_1_T,glasshouse_b1,5489,T1,R1,T,8463,1277,2043,64,1494.90625,2740.59375,16718,1809,1881,16149,1743,2600,8463,1270.849817,2044.773603,7389,1606.995534,2262.735553,398025,1373.684723,1669.599495,7512,1654.183307,812.4530085,10136,1714.776539,1726.654203,107,67,579.48071,0.115621,210.137829,0.396164,0.410526,0.725714,1143.352887,74.576366,719.408372,85.117678,489.137005,5.226028,22.009673,203.614009,3.371116,69.145426,639.672274,10.590673,4.644569,68.218484,1.713314
d33_15_G02_1_3_T,glasshouse_b1,5489,T1,R3,T,15147,1005,2903,62,1642.387097,3580.403226,22519,957,2656,25614,958,2665,15147,1085.747871,2892.762659,9865,955.5721237,3173.9259,380013,1463.141029,3342.068521,12886,1546.819106,4009.458792,14243,1092.894545,2943.852489,218,144,797.074782,0.180661,291.159391,0.401576,0.435429,0.821052,1549.391182,108.186229,1010.399821,128.780409,659.699115,8.595258,30.431034,285.585517,5.603701,95.601913,897.193362,17.604545,6.013697,99.285517,2.887015
d33_28_G04_0_4_S,glasshouse_b1,Forrest,T0,R4,S,6655,1284,3762,60,1559.566667,765.45,17101,1503,3257,18991,1503,3257,6655,1272.757325,3762.263711,7350,1445.692245,2752.190612,392837,1441.606038,3382.091063,13496,1529.966657,721.8310611,4808,1234.782654,3915.483777,215,141,682.148159,0.2067,237.550545,0.385608,0.410526,0.917964,1322.910189,86.697138,832.487782,135.345955,531.002996,15.799208,31.260368,223.197322,10.486712,98.207343,701.195067,33.085372,6.012795,75.112018,5.572324
d09_29_G04_1_1_S,glasshouse_b1,Forrest,T1,R1,S,2000,1150,1186,65,1445.753846,175.1230769,2833,1398,592,2833,1398,592,2000,1152.508,1188.1885,1418,1335.758815,700.5557123,346377,875.8113732,885.6410097,2000,1152.508,1188.1885,2000,1152.508,1188.1885,28,16,90.102706,0.177575,33.938049,0.40754,0.435429,0.580571,176.903596,12.478752,116.920902,9.565726,80.536981,0,2.420781,34.796298,0,7.605108,109.315793,0,0.503422,11.97533,0
d11_34_G05_0_2_S,glasshouse_b2,Hartog,T0,R2,S,8318,2103,1060,70,1490,448.4571429,19313,1595,622,24277,1626,1424,8318,2089.530176,1065.465497,12432,1534.262387,443.0814028,224012,2171.591165,894.9351731,9414,1480.466858,380.2398555,7693,2111.469258,1112.859873,114,62,502.536502,0.123374,194.006195,0.416,0.435429,0.973648,990.069945,72.356961,659.22918,53.474247,445.377837,3.684419,11.486809,195.47165,2.857153,36.086874,614.166293,8.976012,2.087569,68.493623,1.775769
d49_11_G02_0_3_T,glasshouse_b2,5489,T0,R3,T,22837,1539,3946,57,1844.947368,1110.719298,66951,1642,3790,85656,1684,3539,22832,1518.250964,3935.707954,27794,1104.692488,2927.508851,496387,1423.36146,3579.954403,21091,1428.094875,4456.881751,14522,1455.998967,4219.26422,696,516,1759.892935,0.2932,629.781492,0.406509,0.435429,1.306286,3320.375764,259.2463,2261.078568,417.795018,1261.331656,80.766261,94.691923,564.640884,60.312857,297.48345,1773.976297,189.618821,18.109187,204.859054,36.278059
d27_03_G01_0_3_T,glasshouse_b2,Gladius,T0,R3,T,14902,1341,1661,60,1576.716667,1334.333333,33842,1493,3425,32422,1688,1521,14902,1329.219165,1657.079117,15100,1351.554106,2753.618808,639656,1297.00307,2991.240551,10988,1158.875046,2538.158719,14816,1327.551296,1660.627025,223,141,899.616226,0.156734,339.032897,0.412594,0.435429,0.846321,1756.736754,127.97619,1172.506308,103.774944,784.005212,11.83607,23.930077,341.250605,7.986322,75.178554,1072.237983,25.08977,4.638204,119.081258,4.256729
d3_T021_08.10.23,field,Gladius,na,R9,T,19584,318,2714,71,1615.535211,2031.15493,164729,1015,1843,165578,975,1864,19584,328.6025837,2714.318781,89393,1109.872373,5374.303391,398355,261.7870141,3131.743033,94625,1237.739223,1289.388132,15972,305.9913599,2757.478963,1123,315,3166.499529,0.099479,572.914625,0.199595,0.18932,0.838157,6321.402039,109.510407,1989.354726,2960.600739,203.308677,2.590113,561.051604,70.326269,1.848335,1762.611521,220.936489,5.806716,88.885876,19.580306,1.044225
d13_02_G01_0_2_T,glasshouse_b1,Gladius,T0,R2,T,7553,1725,1929,56,1868.410714,1583.875,12773,1755,1350,12695,1756,1342,7553,1754.438634,1928.871839,5990,1883.873456,2194.135559,379150,1599.978642,1480.657199,6179,1481.231915,387.9877003,7553,1754.438634,1928.871839,101,63,437.522791,0.143992,177.974628,0.439179,0.435429,0.846321,855.881934,69.923315,608.917838,29.827375,404.93468,2.760735,6.699153,185.230655,1.841051,21.046009,581.919266,5.952563,1.271795,67.622059,1.029461
d41_42_G06_0_2_S,glasshouse_b1,3811,T0,R2,S,13630,1176,4149,80,1501.4625,660.95,52386,1055,2847,54205,1010,2866,13168,845.4628645,3223.368925,24731,564.2853099,3456.978974,611895,599.4846747,3337.44538,42012,620.4201657,3049.232267,13986,858.2474617,3133.974045,680,462,1934.602513,0.238809,678.376523,0.393179,0.410526,1.563236,3710.339886,269.889051,2415.50817,503.524793,1369.742993,61.334727,112.263738,609.32401,47.215644,352.686933,1914.488916,148.33232,21.2004,218.568187,30.120465
d31_17_G03_0_1_T,glasshouse_b2,CALINGIRI,T0,R1,T,21762,1371,3494,75,1520.173333,1106.88,38164,1404,3516,39776,1248,2913,13691,1305.975385,3344.465707,21459,1693.860105,1109.025817,506383,1428.040617,2958.911685,17322,1258.098545,2604.60478,8468,2537.674658,2706.773264,252,184,1116.595152,0.164787,393.5318,0.392136,0.410526,0.740086,2174.8159,143.211627,1381.026187,221.511892,881.958513,13.124747,58.265354,372.501246,8.804135,183.046009,1170.321172,27.659007,12.46363,126.085259,4.662739
d29_46_G06_1_2_S,glasshouse_b1,3811,T1,R2,S,9899,1043,2608,62,1329.548387,3600.225806,17550,1781,2398,17129,1768,2344,9899,1033.089706,2604.62875,8717,1327.050476,3866.018011,406549,1418.695409,2079.314552,10929,1070.063684,2351.161771,10598,1043.983865,2558.295056,141,79,616.569197,0.128128,219.106869,0.392065,0.435429,0.649099,1212.068511,78.445908,763.166034,91.728453,524.182444,0.6583,21.940901,220.507217,0.421466,68.929374,692.912586,1.324074,4.38469,73.849176,0.212041
d05_25_G04_0_1_S,glasshouse_b1,Forrest,T0,R1,S,1482,1567,647,66,1572.909091,684.1060606,2925,1303,527,2767,1302,527,1482,1567.435223,647.2483131,1678,1372.220501,394.3837902,305283,1454.832519,280.9505377,2184,1378.759158,365.396978,2418,1385.762614,355.8573201,27,13,89.374489,0.145455,30.941347,0.377849,0.410526,0.929368,176.409084,11.044792,106.785483,21.011015,66.158408,2.205067,5.198633,27.094192,1.698049,16.331989,85.118915,5.334579,1.059315,8.945537,1.039941
d49_23_G03_1_3_T,glasshouse_b2,CALINGIRI,T1,R3,T,15512,1572,3121,53,745.9056604,4113.641509,53189,1430,2073,63116,1461,2230,15512,1522.338512,3120.779139,29819,1817.082632,2876.586103,760594,1906.739891,3628.729312,52041,1436.094925,2688.739321,11003,2034.833591,4133.711806,411,273,1479.002153,0.184584,526.018698,0.392961,0.435429,0.740086,2883.19052,193.269506,1833.358303,338.775691,1134.68311,5.543352,83.554474,496.085925,3.835382,262.494121,1558.814974,12.049207,17.106289,174.07115,2.092067
d29_36_G05_0_4_S,glasshouse_b1,Hartog,T0,R4,S,8398,737,4480,74,881.5,2380.472973,27262,1096,2156,29616,1074,2344,8398,748.4025959,4482.538223,13713,769.9585065,2705.980238,411476,873.8020395,3842.434929,14218,766.6379941,2729.53587,8398,748.4025959,4482.538223,310,192,888.969526,0.21598,320.067826,0.397927,0.435429,0.870857,1720.239305,122.074025,1119.568101,180.339874,688.02489,20.604762,39.240575,302.935726,14.148605,123.277901,951.700653,44.589548,7.235113,107.121567,7.717345
d45_04_G01_0_4_T,glasshouse_b1,Gladius,T0,R4,T,19215,2067,3487,58,1592.413793,2728.913793,59520,1782,2328,61599,1753,2408,17329,2092.507531,3615.297421,30686,1740.186926,3008.206511,391901,1476.677487,2117.23323,42468,1668.17844,1000.51905,17206,2092.737127,3612.041323,874,685,2169.90261,0.315682,754.658135,0.404813,0.410526,1.429491,4048.791843,325.879659,2776.867283,581.011941,1434.208517,154.682151,133.305306,633.145755,116.817296,418.790969,1989.52044,368.555873,25.718949,226.796259,73.364451
d3_T011_08.10.23,field,Gladius,na,R4,T,74487,1392,5770,59,336.779661,6628,275561,1119,5571,252905,1113,5696,68256,1370.889255,5745.063027,112298,1181.575407,4759.588523,662720,1418.361865,5292.392771,203654,1212.252919,5940.618696,61762,1375.819436,5698.244924,1346,634,4533.983482,0.139833,808.485838,0.198992,0.18932,0.592667,8944.134044,154.527301,2836.083697,4233.058769,300.924713,0,799.674143,103.020793,0,2512.298186,323.785511,0,126.252591,28.27471,0
d2_T001_02.10.23,field,Gladius,na,R1,T,195590,1293,5739,147,1379.496599,6397,354932,1214,5544,351814,1218,5555,171616,1276.590825,5720.699603,134441,1351.113113,4844.352273,1892302,1351.707114,5469.597208,347178,1225.797029,5577.037309,160204,1250.300935,5768.790305,1186,718,4262.387421,0.16845,833.815537,0.219028,0.18932,0.83387,8342.748278,179.909202,2936.128297,3729.321027,528.646922,4.419472,741.230669,190.377951,2.939356,2328.708521,598.185518,9.234258,122.802396,55.560618,1.546188
d17_14_G02_1_2_T,glasshouse_b1,5489,T1,R2,T,8561,2188,2280,57,2013.052632,2266.157895,10954,2086,1773,14805,2175,2175,8561,2143.397033,2264.325546,5173,2204.08525,2194.612797,478656,2060.751414,1267.776129,6078,1973.510859,1269.984205,11773,2083.122823,1978.181177,50,28,394.285692,0.071014,143.035922,0.396807,0.435429,0.580571,782.714095,49.657018,488.296718,41.874384,352.411308,0,10.046441,145.383232,0,31.561826,456.734892,0,2.003717,47.653301,0
d05_47_G06_1_3_S,glasshouse_b1,3811,T1,R3,S,1651,1513,406,62,1562.645161,273.6935484,2019,1534,376,2107,1534,376,1651,1513.866747,406.399152,850,1486.811765,460.5694118,323326,1455.876672,286.8902532,893,1455.600224,670.3975364,2156,1529.160019,369.1618738,21,13,59.185875,0.219647,21.066449,0.395797,0.410526,0.725714,114.248881,7.918831,74.67078,12.2032,45.931457,1.051218,3.259825,19.807457,0.701166,10.241041,62.226962,2.202777,0.703447,6.846905,0.368478
d33_11_G02_0_3_T,glasshouse_b1,5489,T0,R3,T,14273,1436,4235,52,1464.365385,1697.826923,26663,1631,2806,26563,1630,2804,14222,1452.883561,4234.406624,11895,1418.722068,4358.469273,373934,1446.463603,3864.868019,12905,1431.843084,4316.884773,8567,1423.636746,4240.876269,252,178,935.105361,0.190353,354.174407,0.41615,0.435429,0.88287,1811.081428,136.635784,1226.94686,116.292599,789.527719,29.285043,26.143755,343.324354,20.989412,82.133028,1078.585269,66.228563,4.954281,119.66149,12.020013
d19_21_G03_1_1_T,glasshouse_b2,CALINGIRI,T1,R1,T,14210,1873,2696,58,1382.37931,2494.672414,20102,1864,2712,20279,1864,2712,14210,1875.795496,2696.818719,10210,1562.287855,1807.712831,439702,1900.30351,2219.357067,8276,1903.477767,3026.796278,14210,1875.795496,2696.818719,99,69,585.042012,0.11794,206.193136,0.394233,0.435429,0.846321,1150.185597,74.379902,725.780335,100.175914,482.526203,2.339894,26.415843,202.894274,1.67963,82.987818,637.515804,5.276713,5.6759,67.754142,0.94986
d11_28_G04_0_4_S,glasshouse_b2,Forrest,T0,R4,S,3151,1689,1076,77,1548.077922,364.3246753,10325,1541,552,8898,970,1006,3151,1679.110124,1076.060298,7270,1522.595873,439.5364512,383732,1820.460053,269.1007552,7012,1527.318882,433.0029949,3151,1679.110124,1076.060298,84,48,243.659084,0.196997,89.521875,0.399794,0.410526,0.615789,474.322207,32.638462,309.043138,31.701415,211.855038,0.102631,7.48367,90.824617,0.063199,23.510642,285.333949,0.198547,1.470274,31.137622,0.030566
d25_47_G06_1_3_S,glasshouse_b1,3811,T1,R3,S,6541,1715,2162,96,1558.46875,1977.072917,11857,1445,2503,14946,1431,2434,6541,1716.73261,2163.535851,6522,1526.972094,2586.180466,361892,1459.459825,1608.653258,8048,1536.458623,2511.962848,6488,1466.908292,2078.557491,112,66,476.508539,0.138507,164.992428,0.383241,0.410526,0.725714,937.408546,57.676128,577.956299,76.660116,399.280303,0.56812,20.297643,163.295093,0.376468,63.766926,513.006665,1.182708,4.352801,53.126718,0.196608
d17_17_G03_0_1_T,glasshouse_b1,CALINGIRI,T0,R1,T,11305,1217,2750,55,1414.290909,1405.654545,18316,1381,2791,20041,1379,2720,11305,1241.202654,2748.077311,9065,1377.82791,1478.410149,533290,998.2638996,2323.409704,15993,1284.16007,2668.207216,11252,1240.638642,2747.086385,101,75,671.915195,0.111621,255.852023,0.416167,0.435429,0.870857,1322.410101,94.250225,880.354373,48.815821,617.285482,5.813893,13.059307,263.138034,4.02816,41.027022,826.672513,12.654838,2.817215,89.224555,2.208455
d45_32_G04_1_4_S,glasshouse_b1,Forrest,T1,R4,S,5150,616,2521,98,1748.795918,4865.469388,13872,551,2744,13869,551,2744,5150,615.5576699,2520.587767,7408,731.6796706,2143.979482,337625,856.2672284,2076.649792,8477,1443.211514,682.6624985,4010,2498.647132,3133.831421,249,141,606.155103,0.232614,193.279403,0.355151,0.410526,0.740086,1176.495353,67.564296,682.312889,197.775511,406.156917,2.222675,44.034507,171.632331,1.476671,138.338485,539.335307,4.639097,8.30153,58.487669,0.775097
d15_30_G04_1_2_S,glasshouse_b2,Forrest,T1,R2,S,3059,1059,1714,69,1362.42029,492.4492754,6429,1050,1754,5020,1334,920,3059,1057.044132,1712.515201,2754,1369.576616,575.8776325,301638,883.4143079,2033.340295,1737,803.6338515,2145.001151,3059,1057.044132,1712.515201,52,22,151.948088,0.144786,51.691799,0.367661,0.410526,0.580571,299.741111,17.651935,178.451779,33.842455,118.105633,0,8.077947,48.701466,0,25.377618,153.074161,0,1.602779,16.049156,0
d21_21_G03_1_1_T,glasshouse_b1,CALINGIRI,T1,R1,T,15564,1874,2788,55,1437.709091,1793.636364,18208,1443,2299,19353,1452,2335,15564,1884.159985,2791.49396,6829,1373.36345,2135.346024,448820,1898.896137,2226.623254,8315,1403.120265,2721.201563,15564,1884.159985,2791.49396,107,79,657.763008,0.120104,232.099602,0.395705,0.435429,0.870857,1294.406326,84.17619,819.519997,108.064318,546.235006,3.463683,29.027719,229.376172,2.457426,91.193269,720.606496,7.720232,6.306018,76.493119,1.377053
d2_T020_02.10.23,field,Gladius,na,R8,T,311943,1125,4413,113,1493.283186,4771.99115,301357,1043,2824,316354,1039,2881,229706,1153.783854,4238.381949,158654,975.5763233,5895.299747,1104613,1127.193583,4861.205123,243311,1041.875061,3031.105343,120493,1142.525624,4580.946487,1275,1031,5380.104131,0.191632,1064.433355,0.22359,0.239473,1.019522,10445.94515,236.77906,3775.844344,4672.023979,691.948571,16.131581,940.885399,249.376126,11.550731,2955.878657,783.590051,36.375636,157.131926,72.980416,6.666718
d3_T015_08.10.23,field,3811,na,R6,S,20995,221,892,64,906.15625,3512.390625,187140,747,1644,186779,1049,5059,17263,556.2818745,2637.042113,108358,675.0569501,866.8022112,520389,411.1781629,481.1988013,93664,505.4637,807.642125,11817,704.5766269,6529.816874,1184,459,3704.509699,0.123903,667.287196,0.199078,0.18932,0.644802,7353.592764,125.922067,2319.895544,3487.725955,216.61441,0.169333,663.883269,74.421853,0.105083,2085.682651,233.882767,0.330127,105.323896,20.546928,0.051243
d11_16_G02_1_4_T,glasshouse_b2,5489,T1,R4,T,5230,1725,1549,60,1672.716667,1378.166667,7165,1728,1568,9903,1569,1053,5230,1725.945507,1547.899426,4216,1674.039611,611.6212049,349471,2024.134103,1479.003228,2246,2245.352627,1462.723063,5230,1725.945507,1547.899426,37,19,177.99644,0.106744,69.698346,0.426409,0.435429,0.580571,350.263125,26.371086,237.789399,17.05694,160.9395,0,3.796089,71.894627,0,11.925765,225.863634,0,0.713545,25.657541,0
d05_21_G03_1_1_T,glasshouse_b1,CALINGIRI,T1,R1,T,1332,1578,938,46,1674.847826,479.9130435,3033,1599,503,3129,1599,503,1332,1578.427928,937.8596096,1332,1578.427928,937.8596096,293287,1460.892014,275.2007181,1904,1579.522059,381.0745798,1332,1578.427928,937.8596096,37,19,98.700468,0.192502,34.959772,0.38759,0.435429,0.580571,193.256185,12.481135,121.000491,20.81091,77.889558,0,5.040945,33.474707,0,15.836596,105.163895,0,1.011527,11.469608,0
d09_07_G01_1_3_T,glasshouse_b1,Gladius,T1,R3,T,9571,1464,1130,86,1412.05814,1320.44186,10418,1536,1006,12781,1432,1269,8539,1441.9603,1174.708748,4457,1514.532421,899.9028495,392289,1847.545858,884.6902284,6509,1370.394531,1552.382855,8482,1441.227187,1176.944471,51,29,320.780694,0.090404,126.261762,0.423864,0.435429,0.740086,635.084038,46.61065,427.952699,21.468325,298.351332,0.961037,5.272238,130.258719,0.690618,16.563223,409.219835,2.169642,1.073594,45.146824,0.390233
d37_25_G04_0_1_S,glasshouse_b1,Forrest,T0,R1,S,6198,1000,2903,63,1341.555556,1109.47619,23785,850,4091,33882,949,3040,6198,1010.029848,2908.005486,13757,828.3651232,2902.557316,520290,1259.175143,2766.457839,17372,1411.288453,829.4801405,4807,964.6634075,3024.787809,274,180,871.00828,0.206657,314.643215,0.405468,0.435429,1.231578,1677.600234,124.014703,1116.709155,154.23125,693.409763,23.367267,36.103919,300.710624,18.645021,113.423808,944.710286,58.575061,7.090748,104.758477,12.165478
d31_41_G06_0_1_S,glasshouse_b2,3811,T0,R1,S,8161,1446,3582,67,1640.61194,900.0597015,28739,1392,3002,30814,1393,2786,8161,1428.233305,3580.214557,12548,1494.172059,3548.558017,536047,1223.537266,3323.186665,11212,1477.405102,3336.807706,8161,1428.233305,3580.214557,280,198,864.756734,0.228966,291.312123,0.382004,0.410526,1.133602,1662.660657,108.748273,1043.990788,219.85874,622.873115,22.024879,55.552787,259.763162,16.922158,174.524229,816.163638,53.302922,11.537725,86.667203,10.543345
d05_11_G02_0_3_T,glasshouse_b1,5489,T0,R3,T,2353,1517,1156,74,1435.945946,436.6891892,2917,1445,527,3302,1446,561,2353,1517.050999,1155.832979,2265,1516.715232,1163.133775,351810,1455.61998,847.0577499,2348,1517.038756,1156.255111,2353,1517.050999,1155.832979,39,29,107.890885,0.26879,40.405449,0.407868,0.435429,0.580571,208.497955,15.057347,139.148902,15.815932,92.074953,0,3.648314,40.644157,0,11.461516,127.687386,0,0.703129,14.354218,0
d05_40_G05_1_4_S,glasshouse_b1,Hartog,T1,R4,S,1479,1423,403,50,1593.98,460.94,2274,1598,399,2279,1598,399,1479,1422.741041,402.9614604,1063,1441.362183,376.2935089,305815,1457.551301,276.2859899,1671,1696.298025,317.6582885,1817,1440.823886,381.9620253,36,28,78.742958,0.355587,28.40284,0.401437,0.410526,0.846321,148.700868,11.200731,101.500152,15.294596,62.14937,1.298992,3.574143,27.858918,0.875441,11.2285,87.521372,2.750279,0.701779,10.030884,0.468068
d31_10_G02_0_1_T,glasshouse_b2,5489,T0,R2,T,15694,2517,2848,55,2466.490909,3006.763636,45084,2236,3415,68055,2345,2087,15694,2515.080923,2849.009303,21438,1790.397705,750.0274279,516436,2576.482819,2416.663585,19018,1767.514775,697.2403512,15664,2515.438138,2850.273557,306,234,1234.166291,0.189602,455.904289,0.408851,0.435429,1.231578,2388.86516,173.982078,1585.487428,167.18824,1046.084255,20.893796,37.76047,451.069487,15.748331,118.721612,1417.15058,49.615236,7.200343,156.997683,9.784052
d07_04_G01_0_4_T,glasshouse_b2,Gladius,T0,R4,T,8080,1642,882,74,1619.216216,270.5540541,11458,1643,474,11129,1635,1047,8080,1628.732673,876.8285891,6834,1624.1753,354.976295,388929,1450.855817,354.5865672,9759,1626.609489,433.0012296,8080,1628.732673,876.8285891,38,22,284.288984,0.077386,108.560678,0.412837,0.435429,0.615789,563.010965,39.262697,368.051733,27.201986,256.941855,0.145143,6.508625,110.556503,0.089377,20.447447,347.323499,0.280787,1.289581,37.929889,0.043226
d11_42_G06_0_2_S,glasshouse_b2,3811,T0,R2,S,3338,1933,2097,51,1093.666667,1060.745098,14996,1313,710,15359,1306,726,3338,1923.155782,2099.79269,6217,1090.707254,944.5333762,376434,864.2205566,1291.041062,4810,954.1629938,1557.880457,2375,873.1174737,1594.399579,87,47,333.32975,0.141002,122.217004,0.39614,0.410526,0.598439,657.262935,44.295176,419.260843,50.065007,283.264743,0,11.538341,121.91653,0,36.248768,383.012076,0,2.249721,42.045455,0
d17_46_G06_1_2_S,glasshouse_b1,3811,T1,R2,S,5192,1107,2288,66,1765.545455,2487.530303,10946,1897,2279,10951,1897,2279,5192,1114.561441,2287.595917,4658,1790.409618,2591.237012,369452,1008.390838,2059.776737,3970,1127.964736,2041.49597,5192,1114.561441,2287.595917,84,42,350.715126,0.119755,126.035298,0.39239,0.435429,0.580571,693.93388,44.685768,435.135356,52.652676,298.06245,0,12.825459,125.682427,0,40.292366,394.842989,0,2.603626,42.082142,0
d11_08_G01_1_4_T,glasshouse_b2,Gladius,T1,R4,T,20544,1890,1235,55,1922.054545,1387.709091,14513,1862,1668,14345,1706,848,20544,1856.695775,1247.172264,7510,1718.573236,992.3455393,462536,1555.068496,494.3862964,9169,1704.494601,704.7010579,20544,1856.695775,1247.172264,38,28,386.813856,0.072386,150.266981,0.423899,0.435429,0.88287,764.308876,56.707858,514.594485,22.557781,352.815943,11.440132,5.720622,149.34538,8.73451,17.971863,469.18235,27.440273,1.188923,50.24385,5.275084
d13_12_G02_0_4_T,glasshouse_b1,5489,T0,R4,T,8318,1135,1313,49,1085.408163,1504.489796,13277,1195,1093,13854,1176,1145,8318,1135.427867,1313.210507,8196,1461.607491,903.3961689,432221,1050.03343,951.9046067,8237,1390.56052,877.8159524,7654,1124.942775,1366.705775,71,45,427.562315,0.105248,168.241928,0.422829,0.435429,0.725714,843.437976,62.126489,568.933973,31.995973,393.651561,1.914781,7.715711,172.104923,1.276674,24.23962,540.683563,4.010791,1.545067,59.908915,0.672508
d25_36_G05_0_4_S,glasshouse_b1,Hartog,T0,R4,S,4770,730,2747,61,1270.491803,1048.754098,18660,701,3195,26789,999,2779,4770,744.7607966,2750.675052,7082,2689.648546,2028.907371,316466,867.6921059,3691.451853,8163,808.2352076,2899.791498,4653,744.3793252,2748.046207,226,122,676.919173,0.180228,237.898142,0.38438,0.435429,0.649099,1324.745597,85.705036,822.464018,145.826667,530.609408,0.483097,31.390488,230.09678,0.311161,98.616126,722.870353,0.97754,5.722737,79.824838,0.157461
d49_27_G04_0_3_S,glasshouse_b2,Forrest,T0,R3,S,11579,1419,619,77,1384.792208,709.987013,45939,1650,1119,51110,760,3222,11579,1418.720615,619.0517316,27179,1427.981935,763.531219,478684,838.3867854,2332.285211,29508,1398.179443,842.861563,10965,1422.336799,607.2725034,514,364,1304.324887,0.279072,450.890474,0.401435,0.410526,1.692642,2447.853495,195.635402,1658.550105,365.17225,855.312955,83.839682,86.009721,372.359046,69.302702,270.207506,1170.333359,218.00924,16.940872,131.127747,47.566783
d6_T012_28.10.23,field,Gladius,na,R5,T,87815,971,5616,60,753.85,4853.166667,196153,1081,5652,203045,1082,5608,62751,917.9126707,5553.984988,107021,1034.668336,6163.746293,662612,541.4215001,5692.125897,75894,1388.602551,3769.377645,53899,931.2765728,5647.612015,1081,445,3349.53994,0.132854,599.697725,0.199544,0.18932,0.931333,6621.928379,115.579547,2101.668532,3128.430934,219.456244,1.652762,591.970713,75.734197,1.243833,1859.730845,238.030071,3.907617,93.83281,20.996721,0.750016
d19_13_G02_1_1_T,glasshouse_b2,5489,T1,R1,T,10935,1707,1719,53,2550.566038,2164.358491,17326,1830,2192,17811,1830,2192,10935,1690.392867,1726.491907,8100,2001.424691,1686.718148,536772,1531.012633,1263.269435,5826,1649.508239,971.1004119,10935,1690.392867,1726.491907,68,44,481.065371,0.091464,180.802798,0.405918,0.435429,0.580571,951.20804,63.721139,612.293536,35.878361,445.187009,0,8.734696,186.16439,0,27.440857,584.852679,0,1.757314,61.963825,0
d45_29_G04_1_1_S,glasshouse_b1,Forrest,T1,R1,S,4128,865,4600,46,1363.173913,1127.478261,13170,2512,2913,13083,2513,2927,4128,871.1877422,4600.021318,5837,921.6087031,3528.419394,377937,874.820605,3902.703977,6291,1549.302337,669.09299,4128,871.1877422,4600.021318,181,93,512.381832,0.181505,173.366342,0.37096,0.410526,0.846321,1002.246625,61.179277,603.527324,135.783886,375.316563,1.281383,31.252807,159.886947,0.8983,98.18359,502.521641,2.822093,6.032655,54.64848,0.498143
d31_37_G05_1_1_S,glasshouse_b2,Hartog,T1,R1,S,4859,2361,2581,65,1046.784615,2879.415385,10596,1088,2189,10596,1088,2189,4859,2375.379708,2584.154353,4361,979.6308186,2186.462509,186227,2574.185263,2631.044199,4853,2370.325366,2423.608696,4859,2375.379708,2584.154353,80,38,279.81217,0.135805,98.35925,0.387949,0.435429,0.580571,551.158752,35.189929,342.369245,51.114974,228.697196,0,11.813029,97.128509,0,37.111724,305.257521,0,2.310123,32.879806,0
d37_16_G02_1_4_T,glasshouse_b1,5489,T1,R4,T,11952,1949,3335,69,1537.565217,795.2463768,26148,2016,3545,32589,2154,2991,11952,2037.674448,3306.603079,11152,2040.894817,3027.401811,589591,2024.253469,2560.720773,20519,2219.360251,3522.858083,11586,2034.562748,3294.56223,246,172,862.313564,0.199463,303.030335,0.389471,0.410526,1.105375,1668.182609,112.421398,1059.258316,184.631537,664.161341,13.520685,43.458506,282.81215,10.834755,136.528924,888.691004,34.038388,8.568383,96.82282,7.030195
d35_01_G01_0_1_T,glasshouse_b2,Gladius,T0,R1,T,8037,954,2769,65,2455.861538,2320.630769,38201,2071,3418,37811,1841,1800,8036,955.9753609,2767.84333,19361,2387.784877,2387.57497,467028,938.9846626,2319.753957,22146,2206.327689,3785.245643,8037,955.9871843,2767.909419,298,186,1062.14317,0.175118,387.533129,0.402039,0.435429,1.026315,2067.208425,145.892289,1343.211584,202.108952,846.518691,13.515528,46.13756,371.393336,9.913103,144.945419,1166.871218,31.394947,8.829878,131.164996,5.897416
d45_40_G05_1_4_S,glasshouse_b1,Hartog,T1,R4,S,20992,2352,3486,53,1625.150943,969.490566,42258,1508,4158,40191,1678,2480,18603,2355.579154,3476.84524,23710,2006.237706,4437.419528,471055,2488.208753,2935.000957,30804,1554.394299,953.0556097,13579,2314.636277,3724.374181,634,464,1637.172184,0.283416,562.632186,0.396551,0.410526,1.654883,3091.84731,237.491148,2052.842507,486.744802,1068.748118,81.679263,112.588235,473.882344,66.855289,353.706371,1488.938596,210.19754,21.903472,169.736781,45.850896
d43_21_G03_1_1_T,glasshouse_b2,CALINGIRI,T1,R1,T,31719,1864,3722,56,1795.982143,4389,46466,1870,4009,45590,1871,4020,31708,1803.83512,3725.175981,18680,1711.817559,3822.677248,548007,1562.811451,3887.156597,16027,1380.416921,1115.445623,29059,1802.517189,3839.980729,413,341,1389.475468,0.245416,464.789064,0.378321,0.410526,0.917964,2662.972641,171.41152,1662.830928,376.997853,981.528953,30.948662,92.781215,414.99748,21.483519,291.480784,1303.857678,67.492466,18.947788,140.62664,11.837092
d09_03_G01_0_3_T,glasshouse_b1,Gladius,T0,R3,T,8150,1451,1265,104,1668.067308,362.0096154,13364,1416,1148,11384,1577,909,8150,1440.801227,1259.829571,4950,1449.481818,1178.405657,515874,1696.65005,988.1847428,7703,1380.976892,1373.720628,8097,1439.371866,1263.395949,72,50,352.562797,0.141819,143.204454,0.442915,0.435429,0.917964,688.012805,57.562331,494.661089,24.745239,319.625531,8.192026,5.885229,145.910903,5.614695,18.488991,458.39262,17.779478,1.17261,53.291455,3.098265
d09_43_G06_0_3_S,glasshouse_b1,3811,T0,R3,S,2743,1491,1545,68,1708.323529,835.0294118,6243,1696,647,6780,1697,676,2743,1490.808239,1544.975939,2854,1691.925718,525.3083392,358950,1453.932576,1393.674818,5796,1713.829193,342.7020359,3049,1716.062316,419.6575927,75,59,235.702748,0.250315,84.134131,0.396503,0.410526,0.725714,454.63582,31.223809,295.807045,39.044465,196.222854,0.435429,9.758793,84.089077,0.310437,30.658153,264.173627,0.975265,1.999324,29.050378,0.174106
d07_24_G03_1_4_T,glasshouse_b2,CALINGIRI,T1,R4,T,2678,1149,890,58,1411.206897,569.4310345,8805,1726,475,9721,1526,602,2678,1148.750934,890.0881255,3463,1434.330927,672.1874098,353304,1455.898626,778.5770045,3050,1606.932787,353.8268852,2603,1146.104879,896.4037649,69,37,211.89401,0.174616,73.442908,0.376165,0.410526,0.580571,416.298942,25.446987,252.73393,46.537816,165.356194,0,11.227274,69.220434,0,35.271522,217.462407,0,2.247578,23.199408,0
d43_22_G03_1_2_T,glasshouse_b2,CALINGIRI,T1,R2,T,12703,2008,4080,61,2009.065574,2687.672131,35248,2010,4123,33981,1997,4169,12703,1942.993309,4085.786979,18198,1931.040774,4603.169579,549650,1937.105076,3569.728291,21119,1923.536389,4522.524457,12703,1942.993309,4085.786979,247,192,1033.12193,0.185844,356.059854,0.385621,0.435429,1.105375,2006.48898,127.24578,1254.185,202.061864,824.763075,6.29699,51.667139,342.581677,4.970668,162.317106,1076.252079,15.615815,10.850979,113.234052,3.160748
d17_38_G05_1_2_S,glasshouse_b1,Hartog,T1,R2,S,4472,2186,1840,58,839.4655172,2549.87931,13538,1056,2261,13538,1056,2261,4472,2185.556798,1840.35085,4924,912.9821284,1821.288383,383736,870.3103853,2447.543668,4288,1318.697295,819.3355877,3243,2224.933703,1941.623497,94,48,410.509129,0.116928,154.053675,0.404617,0.435429,0.580571,810.135047,55.800893,524.162493,56.689637,353.819492,0,13.405534,153.440569,0,42.114728,482.047764,0,2.649013,53.15188,0
d37_22_G03_1_2_T,glasshouse_b1,CALINGIRI,T1,R2,T,12185,2003,4001,67,2029.925373,4346.164179,25814,1996,4237,25935,1996,4237,10386,1959.935394,3867.464471,14114,2041.08318,4551.216168,568770,1940.893493,3576.174665,17106,2022.538057,2515.102829,10388,1959.931171,3867.458125,174,132,953.801055,0.138394,346.516753,0.402067,0.435429,0.615789,1868.981506,125.437254,1204.575434,120.445009,833.253414,0.102631,30.361558,353.003512,0.063199,95.383648,1108.993239,0.198547,6.316137,119.090551,0.030566
d17_21_G03_1_1_T,glasshouse_b1,CALINGIRI,T1,R1,T,12613,1869,2635,52,1878.826923,2753.903846,16203,1431,1987,16896,1850,2431,12613,1869.385872,2634.928883,6003,1897.557221,2954.829918,431445,1995.279092,2210.938597,6739,1895.800415,2921.750853,12613,1869.385872,2634.928883,119,73,556.792866,0.131108,193.626999,0.390149,0.435429,0.725714,1092.873547,69.940573,684.247324,97.306138,456.053104,3.433623,24.221885,191.158989,2.398262,76.095295,600.617669,7.534361,4.999234,63.622092,1.319247
d37_20_G03_0_4_T,glasshouse_b1,CALINGIRI,T0,R4,T,17548,1823,2399,49,917.7346939,2604.795918,44207,1746,2124,46340,1180,3867,17548,1889.239571,2388.713928,20655,1497.608376,3079.978698,582302,1967.076886,1821.889707,25910,1652.798726,913.2940563,18276,1889.728496,2348.286387,354,284,1674.846704,0.169568,611.237751,0.406205,0.435429,1.133602,3246.031625,233.113058,2148.61331,279.451753,1362.214184,33.180767,71.450869,588.662739,23.735294,224.469525,1849.338536,74.80525,14.993576,204.379924,13.739557
d41_18_G03_0_2_T,glasshouse_b1,CALINGIRI,T0,R2,T,13339,1088,2687,70,1022.585714,2606.928571,44006,1583,2339,41988,1590,2301,13339,1179.217782,2685.910113,22521,1059.846765,2230.759158,443143,972.6254347,2311.494105,25693,1066.065621,2234.733274,16821,1195.501932,2393.80881,374,238,1471.663098,0.161722,520.241224,0.390987,0.435429,0.870857,2871.472365,193.950572,1813.677015,419.499959,1039.263399,12.899739,102.316126,466.205607,8.766038,321.435591,1464.702103,27.539321,20.759156,168.481916,4.7095
d45_20_G03_0_4_T,glasshouse_b1,CALINGIRI,T0,R4,T,17328,1824,2402,66,1504.378788,4031.333333,64324,1133,2252,66251,1285,2523,17328,1888.682018,2399.610111,31271,1374.149212,4386.131719,305540,912.9367284,1725.900736,42336,1655.377173,959.0215892,17942,1888.943373,2364.201427,689,613,2349.638843,0.260891,868.975221,0.420984,0.435429,1.603155,4439.427727,371.162191,3130.073436,488.320011,1727.323444,133.995388,119.240466,772.93737,103.87412,374.604972,2428.717427,326.751037,24.20987,280.015965,66.936356
d7_T010_04.11.23,field,Gladius,na,R3,T,14744,718,5141,91,507.3846154,5049.978022,146566,1125,5327,152171,1050,5257,14744,709.1656267,5140.602618,65211,853.4753953,5074.670209,390500,855.4162561,4963.770784,128525,1181.782618,5488.815491,14485,709.1490507,5140.14408,664,253,1886.464437,0.134113,335.237681,0.196856,0.18932,0.515007,3740.099304,63.124812,1168.657509,1761.519672,124.944765,0,329.864943,42.130296,0,1036.301281,132.356228,0,51.808716,11.316096,0
d4_T010_14.10.23,field,Gladius,na,R3,T,18007,797,5275,101,1072.722772,5200.514851,145474,1147,5294,149009,1147,5282,18007,796.565891,5271.845616,56902,1483.932111,6007.648114,593913,1239.921669,5331.256868,127471,1249.985526,5476.041641,12000,811.32,5320.3535,651,224,1891.939839,0.118397,335.336247,0.195991,0.18932,0.762,3758.795861,63.121052,1168.092945,1771.315565,120.250536,0.373737,330.75011,40.776313,0.260696,1039.113964,128.159981,0.819,51.929345,11.048212,0.143495
d41_32_G04_1_4_S,glasshouse_b1,Forrest,T1,R4,S,5077,589,2507,82,1517.219512,611.597561,14503,525,2731,14500,525,2731,5077,589.7075044,2506.954107,7799,2450.629953,2799.885883,333572,862.7083808,2068.301323,8714,1415.433211,678.3184531,3840,565.0388021,2577.548177,205,109,554.872587,0.196441,182.872577,0.363758,0.410526,0.821052,1083.776902,63.872772,639.253523,159.443057,392.776583,2.652946,36.498171,165.189499,1.793046,114.662387,518.958117,5.633019,7.030368,55.884428,0.957976
d05_20_G03_0_4_T,glasshouse_b1,CALINGIRI,T0,R4,T,2544,1799,826,81,1571.259259,402.382716,4934,1818,949,5146,1813,930,2544,1794.032233,826.9508648,2520,1545.74881,426.1349206,357156,2039.222225,874.4522366,4017,1298.506348,365.21882,2513,1794.466375,828.4878631,30,14,178.940539,0.078238,66.917575,0.404476,0.410526,0.649099,352.479847,23.970569,226.61267,20.231223,158.32885,0.380466,4.591011,67.30192,0.240123,14.423086,211.435217,0.754368,0.872356,22.979105,0.119108
d13_38_G05_1_2_S,glasshouse_b1,Hartog,T1,R2,S,4514,2180,1628,61,904.0163934,1993.918033,9720,1025,1651,9720,1025,1651,4514,2179.9856,1628.2572,3712,1051.648438,1922.168912,384295,881.862374,1326.383708,4767,1322.179148,595.1139081,4514,2179.9856,1628.2572,82,44,305.799087,0.143885,114.101154,0.404558,0.435429,0.580571,601.338046,42.006724,390.614452,44.136917,261.662171,0,9.557785,114.778657,0,30.026666,360.587785,0,1.759033,40.247691,0
d3_T019_08.10.23,field,Gladius,na,R7,T,217433,975,4829,55,276.9636364,4862.654545,351036,989,5395,363879,1330,2874,192819,954.3082995,4880.640891,158733,1458.464812,3865.549879,1073726,1136.052287,5275.765849,293115,959.2128277,5607.553397,165182,946.8639803,5127.74559,1589,1079,6323.97977,0.17062,1198.68219,0.212917,0.18932,0.83387,12336.25466,247.257042,4230.355317,5712.127466,607.189104,4.6632,1131.902548,211.441609,3.149707,3555.976728,664.483494,9.895095,186.265556,59.309385,1.682101
d4_T023_14.10.23,field,3811,na,R8,S,52867,600,3796,73,1502.739726,3395.520548,266234,1060,4873,317737,1081,4549,50683,597.4853304,3793.79794,152207,1071.801823,4242.433232,412694,842.2168677,3773.157162,220195,1031.841813,3833.720239,49427,596.9083902,3796.021729,1465,728,4558.1731,0.159713,820.362159,0.20111,0.18932,0.682604,8985.829848,159.885134,2880.845071,4235.34516,322.232265,0.595675,802.740531,113.761018,0.384308,2521.915603,357.72213,1.207339,127.24163,32.448408,0.195097
d25_30_G04_1_2_S,glasshouse_b1,Forrest,T1,R2,S,2491,688,2204,63,729.8571429,2414.063492,8462,768,2283,8458,768,2283,2491,692.4592533,2205.5833,4598,732.6100478,2259.379513,358253,1947.225321,2055.149883,5661,749.7028793,2255.376435,2289,684.0096112,2221.437746,81,35,269.482428,0.129879,88.774016,0.361008,0.410526,0.598439,531.370126,29.987236,308.748987,70.690399,198.792029,0,17.032963,81.244892,0,53.510633,255.238355,0,3.427553,26.559683,0
d25_46_G06_1_2_S,glasshouse_b1,3811,T1,R2,S,10298,1045,2528,68,1646.485294,3308.367647,16093,1751,2203,22310,1015,2697,10298,1036.295786,2528.274811,8154,1078.815305,2228.977925,437409,1293.473648,2149.343573,10831,1070.01348,2290.676207,10797,1043.915254,2495.506715,109,61,536.390801,0.113723,191.583554,0.393792,0.435429,0.725714,1059.109732,68.514243,666.85556,75.18467,460.753094,0.453037,18.658384,193.295284,0.313049,58.617043,607.255044,0.983473,3.838269,64.505562,0.170413
d09_46_G06_1_2_S,glasshouse_b1,3811,T1,R2,S,4007,1651,1351,53,1715.773585,496.9433962,5014,1649,1330,5374,1652,1305,4007,1659.192413,1354.880459,2535,1334.692702,717.5786982,379663,1452.116045,1349.605877,2558,1559.818217,375.9468335,4007,1659.192413,1354.880459,58,36,173.720768,0.207229,68.271095,0.425308,0.435429,0.88287,337.22694,26.765962,234.837631,19.44664,149.748912,4.525216,4.685681,66.7831,3.282358,14.720502,209.805297,10.311832,0.937187,23.94325,1.885525
d45_07_G01_1_3_T,glasshouse_b1,Gladius,T1,R3,T,28457,1390,2478,52,1497.5,2282.961538,39507,1414,2096,37562,1447,3134,15317,1444.547562,2466.244565,18030,1433.980588,3162.354908,354577,1685.202131,2139.098388,29108,1271.860038,3062.473409,11616,1470.153753,2578.891185,592,418,1527.297119,0.273686,509.808065,0.378479,0.410526,1.133602,2913.759527,194.261956,1827.187176,504.02852,989.052971,34.215627,120.681666,435.663753,25.142478,379.132637,1368.919127,79.135413,24.061902,155.375961,14.824093
d5_T002_21.10.23,field,Gladius,na,R2,T,176380,1181,5228,99,1622.090909,4792.828283,357329,1141,5429,372011,1351,5251,87098,494.5259937,3638.812315,176319,1087.159705,5183.989564,917215,550.4647187,3288.051087,285121,1035.448957,5646.154727,63636,919.8201804,5406.362499,1622,1185,6042.051651,0.196125,1139.101664,0.213488,0.18932,0.871697,11756.3433,240.368897,4041.708889,5368.067029,667.588248,6.396374,1043.538545,238.634756,4.291906,3278.388952,749.836516,13.483422,169.030839,69.058094,2.279964
d35_15_G02_1_3_T,glasshouse_b2,5489,T1,R3,T,14023,1015,2951,59,946.1186441,2816.169492,34926,1351,3644,33282,1330,3603,14023,1100.738358,2959.440277,17982,1613.855522,4102.244077,445756,898.4954863,2333.561401,16502,1564.519695,4159.514847,10799,1157.446338,3206.89499,283,179,921.820884,0.194181,324.760377,0.389336,0.435429,0.725714,1789.679266,119.156738,1131.713024,193.547508,726.393813,1.879563,43.557101,315.407035,1.184486,136.83867,991.012789,3.861565,8.297427,110.22633,0.632981
d29_20_G03_0_4_T,glasshouse_b1,CALINGIRI,T0,R4,T,15177,1817,2497,54,806.6666667,3390.074074,30360,1199,4059,34528,948,2713,15177,1844.144561,2494.448573,17651,1491.371707,4376.244462,589840,1543.974429,3550.843781,16982,1481.110823,4393.358556,17695,1852.141339,2362.215372,196,146,1168.754568,0.124919,419.3066,0.396119,0.435429,0.846321,2294.53675,151.636804,1457.540614,199.104929,962.381296,7.268343,52.177589,406.644407,5.097799,164.014326,1277.511082,16.015206,11.115582,137.689764,2.831458
d43_34_G05_0_2_S,glasshouse_b2,Hartog,T0,R2,S,20730,1909,865,61,1165.278689,2934.393443,70555,1595,1024,91782,1559,2843,20730,1905.931838,867.2696575,53130,1634.010728,789.341709,546974,1590.293965,480.970101,50856,1579.796661,777.7551125,12871,1824.917334,676.3320643,792,662,1945.1135,0.34034,725.460037,0.451571,0.435429,2.07813,3519.441544,388.018306,2784.793153,449.854499,1253.200394,242.058607,104.146675,574.138629,207.828702,327.186428,1804.096312,653.510414,20.268995,213.389756,154.359555
d19_09_G02_0_1_T,glasshouse_b2,5489,T0,R1,T,7354,1072,2944,57,1717.684211,1692.385965,27871,2101,2817,24303,2108,2876,7354,1092.058608,2953.261762,10112,2305.251187,3207.668018,349851,2028.446885,1588.796845,8956,2297.595132,3252.318669,6505,2194.06103,3157.60661,107,61,610.280841,0.099954,237.566345,0.419911,0.435429,0.615789,1205.640625,87.25771,804.81183,43.815319,566.290319,0.175203,10.236531,245.835143,0.107888,32.159011,772.313879,0.33894,1.994912,85.210619,0.052179
d15_13_G02_1_1_T,glasshouse_b2,5489,T1,R1,T,11577,1727,1633,64,1413.65625,1409.4375,15593,1594,1160,17179,1602,1232,11577,1711.632547,1640.502635,6941,1893.317822,1418.631897,469887,1509.596341,1196.91366,5824,1184.781937,1566.499141,11577,1711.632547,1640.502635,59,33,398.748955,0.082759,155.033265,0.416022,0.435429,0.598439,789.733134,55.507257,520.471298,25.163944,373.585011,0,5.809689,159.861471,0,18.251676,502.219622,0,1.117527,54.389731,0
d41_13_G02_1_1_T,glasshouse_b1,5489,T1,R1,T,7372,1284,2034,63,1294.650794,1539.253968,32519,1901,1580,33596,1910,2617,7372,1277.614352,2036.046392,15572,2230.232982,1478.417159,550004,1514.501118,1731.913992,16662,2243.60635,1197.774097,7372,1277.614352,2036.046392,402,252,1275.012742,0.197645,426.837856,0.370362,0.410526,0.781618,2477.542529,153.00798,1489.087354,431.14227,829.666584,14.203888,103.932086,360.782568,9.191601,326.512277,1133.698812,28.876265,20.848642,127.46551,4.693828
d27_15_G02_1_3_T,glasshouse_b2,5489,T1,R3,T,14376,974,2824,51,1633.254902,3534.843137,24416,1177,3203,23429,1086,1835,14376,1050.238592,2810.31323,10699,1605.967006,3527.101131,541612,922.327742,1884.7551,10385,909.5433799,2930.730188,9879,1113.549853,3126.970341,134,76,624.38924,0.121719,230.809282,0.404079,0.435429,0.870857,1227.510627,85.081031,792.323297,98.743497,518.585684,7.060059,22.927923,224.149837,5.126578,72.030196,704.187481,16.105621,4.463061,77.662161,2.955809
d43_23_G03_1_3_T,glasshouse_b2,CALINGIRI,T1,R3,T,11418,2037,4151,50,1800.22,1314.18,39297,1586,4071,39192,1448,1959,11418,2060.947189,4151.210807,18487,1835.188565,4389.469086,653528,2031.117101,3757.4105,17921,1851.256236,4408.522794,11418,2060.947189,4151.210807,299,193,1125.31395,0.171508,403.51203,0.396424,0.435429,0.846321,2192.558887,149.856228,1406.417958,244.882913,872.700226,7.73081,58.796068,383.450135,5.406984,184.713296,1204.718121,16.986541,11.82421,135.049131,2.982887
d41_09_G02_0_1_T,glasshouse_b1,5489,T0,R1,T,14400,768,4446,60,2196.35,2426.866667,45611,2430,3222,42670,2425,3475,12629,800.3605986,4377.815029,19503,2448.798339,4184.60201,535205,844.3543427,3890.564079,23971,2423.368654,4018.685412,11935,801.4352744,4365.856221,387,257,1371.714202,0.187357,504.625719,0.410273,0.435429,1.248566,2654.806669,200.221194,1770.343147,281.221909,1048.183883,42.30841,61.992374,471.343872,30.157926,194.754788,1480.84444,94.743919,11.553209,171.460816,17.207169
d25_20_G03_0_4_T,glasshouse_b1,CALINGIRI,T0,R4,T,15547,1832,2439,49,1586.020408,4184.836735,26944,1799,2344,29381,956,2608,15547,1857.210137,2434.036985,15865,1551.237756,4060.279105,483391,1952.769187,3328.395047,14433,1847.326058,2601.332155,18143,1865.854875,2299.200739,159,111,1007.805486,0.11014,365.360691,0.402788,0.435429,1.026315,1979.46207,134.0802,1275.441429,130.220271,863.96492,13.620296,33.46517,362.961275,9.482273,105.227527,1140.276475,29.937427,7.038602,121.723632,5.317966
d25_14_G02_1_2_T,glasshouse_b1,5489,T1,R2,T,9001,2194,2597,54,2011.833333,1672.722222,14830,2206,2230,14816,2206,2230,9001,2177.963226,2593.240084,6959,2142.258802,2523.650956,656039,2132.397136,2141.825661,5903,2013.019143,1265.91445,12247,2115.25002,2055.116355,59,37,566.279548,0.065339,200.700059,0.393225,0.435429,0.615789,1122.288653,69.885031,693.98273,75.583782,490.593135,0.102631,19.600869,201.237496,0.063199,61.577945,632.206239,0.198547,4.146841,65.707624,0.030566
d19_41_G06_0_1_S,glasshouse_b2,3811,T0,R1,S,5581,1536,2021,56,1401.196429,1484.089286,21865,1561,1334,21823,1373,2504,5581,1535.02401,2021.432718,11142,1397.306408,2237.9317,358441,1453.196244,1599.872696,14001,1369.492679,2850.798657,5581,1535.02401,2021.432718,118,74,614.242487,0.120474,228.750036,0.409472,0.435429,0.870857,1208.760867,84.582737,792.66381,63.835604,541.695291,8.711593,15.995286,229.95866,6.358781,50.250672,722.436438,19.9767,3.307203,77.615563,3.659972
d11_06_G01_1_2_T,glasshouse_b2,Gladius,T1,R2,T,9368,1648,1472,79,1785.177215,1085.620253,14249,1681,788,15091,1632,1667,9368,1601.89272,1472.455807,8048,1642.838718,975.1780567,544968,1882.314356,1169.207667,8598,1618.186904,893.4504536,9368,1601.89272,1472.455807,51,33,395.088617,0.083526,146.006291,0.403927,0.435429,0.598439,781.530034,52.274606,503.270648,35.261687,359.82693,0,9.533853,150.66217,0,29.951481,473.319167,0,2.081015,50.193591,0
d09_37_G05_1_1_S,glasshouse_b1,Hartog,T1,R1,S,3526,1305,919,70,1081.785714,1405.885714,2911,1343,866,3587,1307,916,3526,1301.595009,916.1554169,1304,1410.187883,739.3443252,267188,1441.737234,877.7742488,1845,1384.737669,789.6281843,3509,1301.980621,915.4559704,27,15,100.413525,0.149382,38.05654,0.409137,0.435429,0.580571,196.962271,14.193574,131.317441,10.704102,89.709423,0,2.607823,39.191816,0,8.192719,123.124722,0,0.528502,13.665072,0
d13_34_G05_0_2_S,glasshouse_b1,Hartog,T0,R2,S,7037,2145,1165,61,1557.836066,541.6721311,19724,1648,1432,17106,1569,1150,7037,2144.582493,1164.780304,7717,1793.818842,954.8394454,212660,2176.446896,893.2851829,11110,1523.032403,426.8008101,7646,2125.36542,1118.397463,130,76,569.212188,0.133518,222.124638,0.421293,0.435429,0.973648,1121.301273,83.46238,755.47862,56.419615,509.4285,3.364073,12.721752,225.136342,2.618219,39.966562,707.286679,8.225379,2.410425,79.419223,1.632732
d29_28_G04_0_4_S,glasshouse_b1,Forrest,T0,R4,S,6775,1251,3775,59,1375.898305,791.8135593,17738,1535,1935,16476,1464,3258,4429,2544.689095,2991.962971,7844,1434.371494,2468.723355,387118,1486.416718,2639.50675,12194,1456.324176,780.9982778,4409,2544.92606,2991.146292,195,115,622.384949,0.184773,222.835631,0.391767,0.435429,0.725714,1216.722842,80.685365,771.360167,105.765836,509.492892,7.126221,24.979187,215.683437,4.845391,78.47443,677.663494,15.222244,4.900625,73.184656,2.600084
d21_46_G06_1_2_S,glasshouse_b1,3811,T1,R2,S,7664,1057,2487,70,1089.571429,2257.9,11686,1090,2359,12091,1808,2561,7664,1056.874739,2487.049582,6983,1092.016469,2142.599599,416687,1294.550867,2137.068058,7113,1091.352313,2148.238015,7670,1056.988657,2486.522816,84,44,449.616066,0.097861,162.290656,0.395843,0.435429,0.580571,890.231504,57.721142,561.671132,59.854856,389.761209,0,15.091289,163.694185,0,47.410682,514.26045,0,3.139836,54.581306,0
d09_10_G02_0_1_T,glasshouse_b1,5489,T0,R2,T,6226,1764,781,54,1641.166667,281.4444444,9515,1784,642,8353,1774,611,6226,1763.805493,780.5107613,5218,1937.233806,1053.978727,433192,1520.655806,382.9322471,5414,1935.220724,1053.434429,5629,1898.717357,1334.716646,49,35,300.813844,0.116351,116.639661,0.41681,0.435429,0.598439,593.247122,42.162939,393.523566,19.039135,281.774709,0,4.716971,120.54547,0,14.818801,378.704764,0,0.960478,41.202461,0
d19_10_G02_0_1_T,glasshouse_b2,5489,T0,R2,T,12342,1882,1112,58,2479.672414,2820.603448,21955,2325,2333,22059,2323,2337,9219,2396.317605,2371.411975,9937,2283.13334,2209.317601,369969,2030.466996,1016.82621,12838,2328.739212,2432.599704,9219,2396.317605,2371.411975,90,56,632.022147,0.088604,227.601915,0.393551,0.410526,0.870857,1243.321794,79.456898,778.134533,69.882317,558.074945,4.064885,16.763666,228.119936,2.74745,52.664611,716.838554,8.631369,3.353162,74.624948,1.478788
d37_07_G01_1_3_T,glasshouse_b1,Gladius,T1,R3,T,14910,1469,2592,54,1329.222222,2629.888889,23695,1398,2888,24446,1395,2855,10590,1464.925024,2358.562229,12860,1510.839347,2280.776361,414848,1611.07644,2113.265114,15209,1313.475968,2709.239463,6051,1522.020988,2419.932573,246,152,965.211215,0.157478,330.595784,0.379098,0.410526,0.781618,1887.935278,119.318823,1156.20079,311.063569,647.422521,6.725125,80.931732,282.456529,4.594775,254.254535,887.511344,14.43491,17.189135,99.651021,2.478667
d33_10_G02_0_1_T,glasshouse_b1,5489,T0,R2,T,15470,2515,2832,54,2093.185185,3671.018519,36999,2053,2176,37954,2053,2176,15470,2510.743504,2836.01267,17463,2452.61198,3389.998683,468978,2558.557047,2293.138761,29156,1834.728598,841.7085677,15450,2510.997411,2836.487573,362,302,1321.897425,0.228459,494.508557,0.414776,0.435429,1.240101,2544.093184,192.363541,1725.225351,169.79013,1123.839503,28.267791,39.939426,487.26344,21.953419,125.473407,1530.783244,68.968701,7.836864,170.612172,13.914505
d07_41_G06_0_1_S,glasshouse_b2,3811,T0,R1,S,3954,1555,957,69,1676.115942,710.5072464,7591,1623,381,9754,1582,578,3524,1564.367196,920.4636776,3639,1644.361363,257.3632866,387243,1453.109735,351.2918426,3490,1641.735817,249.7475645,3524,1564.367196,920.4636776,49,27,185.835406,0.14529,69.571948,0.406142,0.435429,0.580571,365.165537,25.438327,238.944614,23.551015,162.284391,0,5.610488,70.447945,0,17.625867,221.318747,0,1.118633,24.319694,0
d27_36_G05_0_4_S,glasshouse_b2,Hartog,T0,R4,S,6848,743,4404,89,755.2247191,2260.808989,32001,1298,1562,39328,798,2622,6848,742.7686916,4403.733645,13887,795.5387053,2797.488226,386158,869.0790842,2239.461164,14147,809.0062911,2733.689758,6848,742.7686916,4403.733645,283,155,816.581175,0.189816,291.738719,0.391186,0.435429,0.725714,1591.264315,107.69802,1011.190029,169.813996,640.130098,6.637081,37.316791,279.913048,4.564683,117.234155,879.6155,14.340373,6.933529,98.290171,2.474321
d17_39_G05_1_3_S,glasshouse_b1,Hartog,T1,R3,S,3518,1011,2101,51,1740.27451,2066.333333,6439,991,2356,6439,991,2356,3518,1012.669414,2102.827175,2272,1768.424296,1830.080546,298756,894.5257769,2071.27888,2880,1017.636458,2050.428819,2113,1778.12778,1274.296261,59,35,196.351702,0.178252,76.070947,0.418751,0.435429,0.580571,385.504612,28.506303,260.294036,22.814986,173.536716,0,5.706345,77.147819,0,17.927013,242.367023,0,1.179529,27.326773,0
d29_34_G05_0_2_S,glasshouse_b1,Hartog,T0,R2,S,6081,972,1582,64,1645.6875,703.859375,25937,1665,1913,27131,1972,2422,5815,841.2995701,2576.126225,10597,1879.621402,1522.088138,344865,2187.919467,3209.938564,14247,1525.361339,650.8989261,6499,2103.117249,1339.939375,210,138,864.218459,0.159682,319.667563,0.405477,0.435429,1.04664,1686.909918,120.251709,1105.014259,121.469188,722.683821,20.06545,28.90501,306.808161,16.008896,90.854565,963.866263,50.29343,5.749585,104.15974,10.342383
d1_T020_27.09.23,field,Gladius,na,R8,T,307955,1043,4447,93,1213.55914,4875.88172,313639,1090,2831,339475,1057,2925,209022,906.0828477,4197.439183,166976,937.208539,5865.621622,873757,455.8429827,2887.44602,317787,1141.091193,3417.049168,145404,929.0497029,4766.168118,1323,962,5331.2264,0.180446,1068.19858,0.226186,0.239473,1.070958,10362.86242,241.890856,3786.638634,4598.395686,711.725073,21.105641,931.245583,258.629028,15.404283,2925.642054,812.602599,48.393981,156.495107,76.383006,9.012744
d27_27_G04_0_3_S,glasshouse_b2,Forrest,T0,R3,S,11833,758,3199,58,1366.275862,813.3103448,24493,746,2902,25001,742,2736,8838,694.2270876,2636.505318,9903,1432.652025,734.3625164,435639,851.6974559,2257.43655,11995,800.2080867,2228.695873,8115,874.9617991,3506.743192,135,93,620.641528,0.149845,230.62495,0.406337,0.435429,0.649099,1215.215173,84.806841,796.881768,70.184169,548.307255,2.150104,16.411193,235.852109,1.344937,51.557284,741.099241,4.225243,3.191273,80.954435,0.661133
d31_23_G03_1_3_T,glasshouse_b2,CALINGIRI,T1,R3,T,10259,1451,2353,56,1616.071429,4040.375,26652,1420,2057,26259,1539,3697,10259,1497.987036,2341.881567,14981,1825.926507,3140.032508,394591,1903.228421,1492.084351,8246,1645.619331,1682.755518,10259,1497.987036,2341.881567,180,122,740.005385,0.164864,275.643952,0.408609,0.435429,0.598439,1449.88014,101.467115,954.983519,77.587706,662.417679,0,18.607525,285.37317,0,58.457265,896.526254,0,3.718436,97.748678,0
d13_33_G05_0_1_S,glasshouse_b1,Hartog,T0,R1,S,3117,1224,790,59,1163.898305,777.3728814,9444,1276,2107,9369,1276,2107,3117,1227.046519,790.5107475,5569,1144.558449,780.6518226,382208,1023.841529,2052.082615,4923,1161.490148,1963.761731,3162,1228.507274,786.8598988,81,43,316.389359,0.135908,120.163025,0.410608,0.435429,0.580571,622.465762,44.064894,410.059942,32.639686,283.749673,0,7.520253,123.005881,0,23.62557,386.434372,0,1.451687,42.613207,0
d07_03_G01_0_3_T,glasshouse_b2,Gladius,T0,R3,T,5040,1527,1081,66,1639.863636,366.3181818,11175,1536,1070,15856,1570,918,5040,1510.943651,1076.817659,6310,1645.238669,329.4339144,377504,1833.457831,876.3770874,6197,1644.956431,324.7292238,5040,1510.943651,1076.817659,76,52,297.81623,0.174604,116.234132,0.427135,0.435429,0.870857,579.433041,45.471996,403.200052,29.177254,264.857084,3.781893,6.824803,118.884826,2.632934,21.440751,373.487695,8.271607,1.344024,42.673222,1.45475
d05_15_G02_1_3_T,glasshouse_b1,5489,T1,R3,T,938,1574,309,53,1574.018868,313.7169811,1141,1570,297,1141,1570,297,728,1574.092033,329.6428571,367,1574.643052,358.2479564,336449,1455.951981,292.5796272,446,1574.786996,351.9910314,728,1574.092033,329.6428571,16,12,32.042757,0.3745,10.001297,0.348791,0.410526,0.580571,61.48753,3.444567,35.301389,10.25195,21.790807,0,2.079355,9.157426,0,6.532486,28.768902,0,0.360123,3.084444,0
d15_42_G06_0_2_S,glasshouse_b2,3811,T0,R2,S,7585,1927,2484,68,1505.102941,647.0147059,20079,1001,2123,23185,998,2093,7585,1913.408438,2484.001978,11528,859.1407009,1952.552828,394376,1444.490836,355.2341649,8482,1464.65244,596.9438812,6163,1914.935097,2592.509979,127,71,554.160575,0.128122,207.551922,0.408255,0.435429,0.740086,1086.63975,77.605006,716.54316,76.478505,476.45565,1.22642,17.699679,209.550031,0.833062,55.605182,658.320837,2.617141,3.461535,73.696262,0.447208
d3_T020_08.10.23,field,Gladius,na,R8,T,286217,1334,4497,90,943.0888889,2680.188889,318912,1017,2805,325942,997,2849,256844,1269.40715,4491.024338,156089,1105.728841,5890.651776,1038714,1086.129546,3123.317966,343518,1119.315928,3312.459359,165827,1240.515139,4817.297774,1262,1035,5543.151639,0.186717,1102.904604,0.224962,0.239473,1.084262,10766.3816,247.048484,3911.334499,4805.932571,716.955839,20.263229,972.093568,258.466183,14.294875,3053.953859,812.371253,45.009387,163.146423,75.80421,8.097852
d41_02_G01_0_2_T,glasshouse_b1,Gladius,T0,R2,T,13021,1730,3884,54,1799.833333,4314.222222,35573,1546,4061,35004,1639,4090,9782,1789.368023,3662.728992,16844,1771.033721,4327.086975,341259,1859.770992,3006.804187,23067,1557.696623,3117.392639,9366,1796.008008,3643.714606,404,268,1301.594337,0.205901,474.532296,0.407062,0.435429,1.105375,2516.093075,183.505487,1669.883668,235.968131,1040.716079,24.910127,54.15574,459.612178,17.618346,170.135274,1444.092878,55.655516,10.402765,163.081571,10.021151
d2_T022_02.10.23,field,3811,na,R7,S,37955,813,5248,59,1297.694915,4514.694915,175198,1212,5308,178282,1225,5303,35905,806.7647681,5241.686506,80789,774.5543824,5636.088762,539757,464.720489,4874.878873,157123,1166.732751,5416.817201,31053,833.4641742,5289.340064,1031,384,2853.951805,0.13455,525.604684,0.204171,0.18932,0.661268,5656.614944,104.305394,1836.406624,2611.012632,241.617814,1.321359,499.471864,84.21428,0.827112,1569.137138,264.671037,2.598448,80.20079,23.697485,0.407118
d35_13_G02_1_1_T,glasshouse_b2,5489,T1,R1,T,9445,1740,1734,59,1746.338983,560.4745763,34087,1632,1059,34900,1621,1093,9445,1729.571837,1740.190789,20238,1719.506671,790.6795632,485376,1566.339974,1023.297674,18895,1742.18841,768.9673459,9445,1729.571837,1740.190789,286,196,906.835952,0.216136,311.441115,0.384417,0.410526,0.917964,1752.720145,115.214844,1096.701302,243.836424,645.598591,17.400937,61.049314,275.647918,12.393634,191.792077,865.973474,38.935751,12.572228,95.636849,7.005767
d19_43_G06_0_3_S,glasshouse_b2,3811,T0,R3,S,8240,1809,2958,62,1632.112903,2044.387097,27335,1250,2781,29266,1307,2627,8240,1770.286286,2949.513956,14118,1691.96168,2084.225528,378354,1488.064233,2569.301519,12434,1538.985524,2117.865691,8240,1770.286286,2949.513956,135,73,727.715785,0.100314,272.394452,0.405285,0.435429,0.725714,1437.104814,99.545125,929.274611,108.100939,619.251989,0.362857,24.594419,270.961061,0.241816,77.265645,851.24928,0.759686,4.709532,94.708315,0.127278
d29_31_G04_1_3_S,glasshouse_b1,Forrest,T1,R3,S,3843,667,3139,53,620.2830189,2361.528302,11752,777,2502,11752,777,2502,3843,656.3814728,3139.162633,6119,810.9297271,2090.061938,360440,1320.754866,2057.13104,3843,656.3814728,3139.162633,3843,656.3814728,3139.162633,103,47,355.067364,0.132369,117.266388,0.361617,0.410526,0.580571,700.840795,39.457873,405.860749,90.18309,264.884274,0,21.105033,108.084455,0,66.303418,339.557331,0,4.11308,35.344794,0
d09_30_G04_1_2_S,glasshouse_b1,Forrest,T1,R2,S,1404,1134,1406,70,1388.828571,270.8142857,2605,1148,1293,2605,1148,1293,1404,1131.687322,1405.235755,1330,1367.43985,655.3037594,308157,1447.456686,880.778814,1838,1401.07889,259.2742111,1390,1132.034532,1404.360432,21,9,79.614182,0.113045,30.404152,0.414306,0.435429,0.580571,156.839916,11.371578,104.322476,10.001154,69.613028,0,2.545683,30.661193,0,7.997498,96.324978,0,0.531245,10.840333,0
d25_38_G05_1_2_S,glasshouse_b1,Hartog,T1,R2,S,2980,1079,2440,60,835.6333333,2777.416667,16755,606,2406,16752,606,2406,2980,1077.742953,2439.939933,7687,834.4169377,2043.322623,383552,871.6881909,2449.970134,7777,820.1038961,2211.761862,2980,1077.742953,2439.939933,159,75,538.17466,0.13936,188.407786,0.381676,0.435429,0.725714,1062.284533,65.936389,648.389668,114.208505,423.790952,0.175203,27.039057,179.2305,0.119284,84.945703,563.069224,0.374742,5.360628,60.511781,0.06398
d09_39_G05_1_3_S,glasshouse_b1,Hartog,T1,R3,S,2417,1770,1002,77,1774.571429,1038.571429,4160,1750,848,4160,1750,848,2417,1769.78403,1002.252793,1322,1715.608169,615.3502269,312481,1486.696634,876.0161866,2878,1753.339124,511.5993746,2417,1769.78403,1002.252793,37,23,89.981215,0.255609,33.795851,0.405861,0.435429,0.615789,174.805952,12.603045,116.027504,14.499332,74.853643,0.62824,3.304203,33.241635,0.386863,10.380461,104.431676,1.215367,0.624534,11.791409,0.187102
d37_26_G04_0_2_S,glasshouse_b1,Forrest,T0,R2,S,7218,959,3959,50,1701.3,3307.52,21375,1597,4013,23642,1595,3982,7218,970.413688,3960.544472,12059,1627.878763,3507.250518,336207,861.1450178,3770.044035,10656,1651.250469,4225.915728,7061,967.6180428,3972.520606,226,148,786.104689,0.18827,292.628776,0.411652,0.435429,0.973648,1529.849759,113.068139,1023.61336,118.659014,652.61141,14.834265,27.393957,287.429762,11.002533,86.060655,902.987228,34.565477,5.324629,101.246094,6.497415
d21_06_G01_1_2_T,glasshouse_b1,Gladius,T1,R2,T,9011,1518,1933,58,1646.517241,1953.12069,10733,1537,1440,10879,1459,2119,9011,1469.980912,1933.498169,5731,1681.689234,1397.983947,507830,1489.097861,1149.332749,8194,1605.076641,894.2734928,10643,1492.526731,1778.454289,72,44,437.043233,0.100677,149.213658,0.377804,0.410526,0.781618,863.138862,51.523773,521.101677,89.141151,345.502068,2.400015,23.823664,140.318378,1.729773,74.844248,440.823187,5.434242,5.151433,45.39099,0.98135
d11_02_G01_0_2_T,glasshouse_b2,Gladius,T0,R2,T,5674,1772,1880,57,1939.596491,1910.719298,16617,1777,1718,17821,1762,1666,5674,1769.894078,1879.724357,7004,1976.69703,1328.548401,372689,1618.727803,1478.511982,5650,1540.216106,478.1895575,5674,1769.894078,1879.724357,66,38,361.3303,0.105167,146.080024,0.433795,0.435429,0.821052,713.617461,55.642493,494.590702,26.214277,333.671888,1.444135,6.24878,150.17343,1.0109,19.631121,471.783745,3.175836,1.242047,53.841072,0.559374
d41_22_G03_1_2_T,glasshouse_b1,CALINGIRI,T1,R2,T,12658,2001,4050,59,1869.661017,4674.79661,27550,1938,4385,27489,1943,4385,12658,1942.676963,4060.074656,15904,1920.813066,4685.946994,547119,1936.824206,3544.988105,22119,1940.48429,4527.682535,12658,1942.676963,4060.074656,198,158,997.906141,0.158332,358.545695,0.399095,0.435429,0.929368,1947.321447,131.096705,1252.930857,150.031019,844.448792,3.42633,36.953186,359.305196,2.528587,116.091858,1128.895208,7.94379,7.584698,122.026615,1.485393
d09_38_G05_1_2_S,glasshouse_b1,Hartog,T1,R2,S,1696,856,1060,62,1316.145161,615.7419355,5630,1155,914,5630,1155,914,1696,856.4946934,1060.474646,2174,1252.170653,618.0096596,175491,903.8343448,855.6987196,1903,1178.25959,585.4261692,3409,1412.477266,474.7735406,36,16,151.455927,0.105641,57.627271,0.408527,0.435429,0.598439,299.322773,21.062785,196.082358,18.075077,133.380851,0,4.438306,57.976648,0,13.943348,182.13901,0,0.89892,20.163865,0
d49_45_G06_1_1_S,glasshouse_b2,3811,T1,R1,S,10137,1877,4055,56,1639.642857,3063.892857,69191,1588,4039,69449,1682,4047,9819,1956.011916,4057.03758,30194,1851.654633,4503.161588,519279,1564.575303,3484.996318,46695,1843.103459,4085.805118,9629,1955.108007,4052.180808,785,480,1841.222374,0.260696,574.645329,0.357633,0.324549,1.04664,3523.192214,211.898701,2073.823563,723.872091,1073.363666,43.986616,163.400526,465.126342,31.442137,513.337892,1461.566889,98.918782,31.068055,162.849453,17.981192
d15_37_G05_1_1_S,glasshouse_b2,Hartog,T1,R1,S,3670,2381,2349,54,1016.277778,2043.518519,11074,1103,1617,11074,1103,1617,3670,2380.528065,2349.077657,5543,1021.0884,2076.010464,297355,2563.528812,2071.962217,3305,1059.418759,2017.179123,3670,2380.528065,2349.077657,51,23,233.204955,0.098626,86.698971,0.400877,0.435429,0.580571,461.882559,31.417065,295.494903,37.603718,195.601237,0,8.678159,85.38079,0,27.26324,268.231663,0,1.687087,29.729978,0
d19_45_G06_1_1_S,glasshouse_b2,3811,T1,R1,S,7077,763,2127,79,966.4556962,1146.746835,16370,1309,1407,16072,1360,1501,7077,768.8854034,2126.712731,10198,1447.97931,1900.058051,364102,868.3369193,1472.706527,5090,1467.41611,1513.024558,7077,768.8854034,2126.712731,114,56,421.824596,0.132757,154.696201,0.398369,0.435429,0.580571,831.974104,55.196234,528.226802,63.060969,358.763627,0,14.640734,153.499079,0,45.995223,482.231578,0,2.845573,52.35066,0
d15_11_G02_0_3_T,glasshouse_b2,5489,T0,R3,T,6550,2257,1405,55,2312.254545,1523.054545,19694,1503,2418,24982,1418,1888,6549,2242.639334,1413.376241,8715,1527.328055,2699.260241,358814,1458.089645,2194.828658,12128,1395.868321,2431.493651,6428,2245.92906,1418.39468,103,69,481.096682,0.143422,187.45453,0.41856,0.435429,0.725714,944.64942,69.075803,633.292099,50.744823,429.741228,0.610631,12.243394,188.932262,0.40748,38.463756,593.548206,1.280137,2.45527,66.406461,0.214072
d2_T006_02.10.23,field,3811,na,R3,S,40460,1796,6080,59,1224.677966,5323.338983,219777,1263,5310,269626,1148,2602,35415,1776.204151,6076.336355,118726,1405.385813,5948.5416,763077,1937.653213,5752.635747,175800,1319.133288,5604.934886,34296,1783.686815,6074.646606,1295,532,4486.044458,0.11859,787.595199,0.194193,0.18932,0.661268,8870.225145,146.43021,2749.86553,4247.200402,238.597319,0.246737,793.387521,81.678974,0.15279,2492.564104,256.821421,0.480004,123.9665,22.389329,0.074381
d27_21_G03_1_1_T,glasshouse_b2,CALINGIRI,T1,R1,T,19948,1889,3070,49,1689.428571,3144.836735,30276,1423,2020,30346,1423,2022,19948,1862.202326,3076.316022,13728,1646.61553,2835.360358,656373,1388.834893,2371.220434,16510,1800.912417,3880.467111,18664,1865.575386,3128.781612,145,123,898.365976,0.136915,312.842034,0.391729,0.435429,0.740086,1757.075971,112.960339,1107.967231,157.330155,735.4448,5.591021,41.731944,307.09329,3.851689,131.104768,964.762024,12.100439,8.993218,101.876005,2.091116
d3_T024_08.10.23,field,3811,na,R9,S,37242,1218,3758,94,518.0106383,2799.074468,203175,981,2118,213163,988,2122,28170,1207.154739,3706.305644,101671,1283.636199,3677.825122,458964,904.57971,3212.982297,84383,1343.003295,3724.477999,27775,1207.774653,3710.598992,1043,486,3515.062522,0.138262,645.961074,0.203546,0.18932,0.616383,6947.390528,124.779217,2251.114017,3270.117179,244.716141,0.229202,633.476354,82.896082,0.140431,1990.12466,260.548179,0.441179,102.183046,22.528592,0.067579
d07_44_G06_0_4_S,glasshouse_b2,3811,T0,R4,S,4954,1794,498,73,1565.123288,199.2739726,11698,1747,396,9393,1272,601,4954,1801.721034,494.2652402,4569,1745.603852,332.9266798,376561,1821.224922,268.9621097,2937,1727.685393,293.5274089,4884,1803.925471,498.6007371,90,64,278.352285,0.229924,93.298036,0.369753,0.410526,0.88287,537.356289,31.883824,325.611488,49.414519,227.946668,0.991097,11.959692,90.96492,0.720744,37.572481,285.774725,2.264283,2.40227,29.06369,0.417864
d33_04_G01_0_4_T,glasshouse_b1,Gladius,T0,R4,T,20098,2077,3488,81,1686.617284,725.0987654,32656,1729,2024,33768,1743,2036,20096,2059.068869,3483.875498,15131,1667.373207,1474.470227,356420,2025.942326,2198.80881,23407,1644.639168,810.6143889,17522,2101.803162,3663.749115,330,242,1242.54683,0.194761,456.599482,0.410471,0.435429,1.231578,2402.666283,177.618491,1603.338592,216.91102,991.969809,33.666001,52.688703,431.917263,25.705453,165.526441,1356.908102,80.904049,10.593004,151.179543,15.845944
d6_T002_28.10.23,field,Gladius,na,R2,T,204860,727,5500,55,565.1090909,5598.781818,352025,941,5523,356763,1235,3516,145017,900.3558272,5360.382176,185802,1065.28222,5140.707204,1372940,918.3113537,5086.660989,266822,753.5568844,5729.895293,139486,901.4772952,5372.394871,1563,1260,6099.699593,0.206568,1166.972576,0.216989,0.18932,0.757282,11832.8686,249.450147,4145.201097,5363.107443,732.701222,3.890928,1055.245221,261.590397,2.515282,3315.166559,822.132546,7.901992,172.635058,75.533828,1.281261
d17_35_G05_0_3_S,glasshouse_b1,Hartog,T0,R3,S,3992,971,2222,72,1564.5,691.0972222,10355,796,2546,12069,913,2335,3992,970.5784068,2221.61022,5989,835.3045584,2830.450493,376622,867.928326,2221.798838,3939,1485.317339,657.4267581,3992,970.5784068,2221.61022,119,55,386.825145,0.142183,134.461877,0.380619,0.410526,0.649099,764.854926,48.210145,466.393217,83.007064,303.467675,0.350406,18.702271,129.533689,0.221612,58.754918,406.942085,0.696215,3.533982,44.566007,0.110155
d27_43_G06_0_3_S,glasshouse_b2,3811,T0,R3,S,15485,1775,3555,47,2054.617021,3560.829787,42730,1718,3667,44457,1397,2072,15406,1795.116967,3553.928534,21387,1729.775985,2376.253051,412864,352.9792958,3311.812839,19682,715.8198862,3904.643431,15387,1795.082277,3553.477481,274,174,1190.588557,0.146146,446.608718,0.408092,0.435429,0.821052,2333.400425,165.826602,1534.446789,157.1985,1030.356644,3.033412,34.812235,451.497582,2.119765,109.365863,1418.421488,6.659438,6.528594,158.127956,1.170053
d35_37_G05_1_1_S,glasshouse_b2,Hartog,T1,R1,S,4689,2377,2581,53,2387.150943,2737.226415,12911,1100,1976,11234,2373,2607,4689,2391.695671,2581.065899,5716,1022.33345,2074.179846,198502,2584.718794,2631.338374,4843,2381.9777,2367.844724,4689,2391.695671,2581.065899,99,49,320.568289,0.152854,109.824665,0.375689,0.435429,0.580571,631.955592,38.215141,380.480778,76.357013,244.211277,0,18.137273,102.97352,0,56.979924,323.500854,0,3.615032,34.600109,0
d29_16_G02_1_4_T,glasshouse_b1,5489,T1,R4,T,10047,1886,3143,61,2096.344262,2004.213115,27004,2156,2876,27004,2156,2876,10047,1963.159849,3123.411765,9203,2008.200261,2906.001739,457397,1992.07929,2293.527594,14312,2118.881708,3382.565539,6011,2304.350358,1984.891699,160,112,677.069259,0.165419,249.052826,0.403206,0.435429,0.725714,1320.033182,91.278394,860.364524,90.825918,581.567825,4.675516,22.057045,248.773704,3.031784,69.294252,781.54564,9.524632,4.446177,85.282309,1.549908
d11_03_G01_0_3_T,glasshouse_b2,Gladius,T0,R3,T,9831,1409,1478,76,1690.894737,573.7763158,15881,1334,1634,23286,1435,1169,9831,1398.332418,1467.167633,9058,1488.225326,1177.600464,386813,1435.167598,1060.934072,7519,1277.619364,1845.297912,9831,1398.332418,1467.167633,77,57,418.334177,0.136255,167.004274,0.432097,0.435429,0.740086,818.337325,64.690203,572.830409,24.834535,387.011977,6.487666,5.744115,172.217931,4.375536,18.045671,541.038586,13.746152,1.118413,61.242736,2.329054
d05_12_G02_0_4_T,glasshouse_b1,5489,T0,R4,T,2224,1835,531,66,1447.545455,301.7121212,4958,1504,823,7294,1509,718,2224,1831.534622,532.381295,2224,1831.534622,532.381295,351924,1458.101397,767.0299639,3201,1444.729147,335.4823493,3405,1774.88047,445.0992658,41,25,175.681448,0.142303,66.875442,0.412414,0.435429,0.580571,344.617141,24.508485,228.255047,20.57345,155.107998,0,5.233099,67.422739,0,16.440265,211.814782,0,1.08765,23.420835,0
d11_39_G05_1_3_S,glasshouse_b2,Hartog,T1,R3,S,2362,1804,1067,85,1054.364706,1766.482353,5203,1784,904,5203,1784,904,2362,1803.584251,1066.574936,2412,1803.943201,1070.901741,279330,2011.912376,880.6619196,2412,1803.943201,1070.901741,2362,1803.584251,1066.574936,32,18,114.942765,0.1566,45.329732,0.424715,0.435429,0.598439,225.875608,17.118839,154.195535,12.459153,102.483612,0,3.061191,46.020773,0,9.617014,144.578521,0,0.619049,16.49979,0
d19_18_G03_0_2_T,glasshouse_b2,CALINGIRI,T0,R2,T,17239,1198,2227,55,1438.963636,2058.581818,29827,1449,1147,34287,1419,1269,17239,1203.372237,2231.687859,12523,1513.646091,790.5267109,332801,993.1670307,2179.094074,11922,1386.232847,2005.115752,17210,1203.303544,2231.914991,117,75,716.022418,0.104745,256.752614,0.395327,0.435429,0.725714,1411.092172,91.391339,890.387775,100.178569,612.962874,2.880976,25.921733,255.591526,1.905971,81.435527,802.964462,5.987786,5.476128,84.920372,0.99484
d07_18_G03_0_2_T,glasshouse_b2,CALINGIRI,T0,R2,T,8237,1615,384,79,1493.708861,249.8987342,11907,1472,422,11327,1474,412,8237,1540.155518,399.240136,6288,1489.298664,296.7380725,380608,1815.50716,269.2969197,6847,1481.790127,307.6838031,5680,1306.108803,1011.863556,51,41,225.741817,0.181623,86.519906,0.424821,0.435429,0.88287,435.382573,34.098234,303.12601,22.132668,193.900416,9.708732,5.302158,84.350832,6.835015,16.657222,264.995954,21.472833,1.051542,29.232807,3.813885
d17_05_G01_1_1_T,glasshouse_b1,Gladius,T1,R1,T,6231,2391,1895,68,1507.558824,2484.029412,13875,1542,1853,18981,1380,2302,6231,2389.843845,1895.534264,7245,1498.527674,2338.750035,409621,1453.505309,2085.15101,7962,1474.604748,1291.228586,5517,1494.322639,2945.211528,83,43,480.12112,0.089561,183.404505,0.41273,0.435429,0.580571,949.136157,66.562008,623.722175,46.168917,433.952203,0,11.259184,187.244441,0,35.37177,588.350405,0,2.27898,64.283028,0
d15_08_G01_1_4_T,glasshouse_b2,Gladius,T1,R4,T,21886,1914,1537,58,1748.827586,676.8793103,17601,1777,1060,18963,1804,1089,21830,1913.807467,1538.819285,9130,1820.466484,1314.733954,704496,1924.089156,896.1959145,10264,1741.171765,862.1760522,21080,1922.349905,1567.402609,66,48,488.102726,0.09834,180.03914,0.406296,0.435429,0.870857,963.279925,66.046932,622.767542,56.31735,421.286536,10.498839,14.409003,176.12277,7.701292,45.267219,553.306,24.194323,3.029833,58.551791,4.465308
d35_42_G06_0_1_S,glasshouse_b2,3811,T0,R2,S,14028,900,3150,68,1904.794118,2545.220588,52812,1162,3792,58461,1499,3579,14028,850.7820787,3144.909894,21548,1392.664702,879.104418,344076,1455.119709,773.1276346,21831,734.8788878,2355.517842,13903,852.220456,3136.106668,503,341,1434.142292,0.237773,512.578303,0.39857,0.435429,1.338151,2746.917143,203.276976,1818.879291,312.985795,1063.495874,57.660623,69.876081,465.630421,43.392517,219.522183,1462.895102,136.462006,13.215661,163.476329,26.584986
d5_T010_21.10.23,field,Gladius,na,R3,T,11242,812,5403,82,973.7317073,4871.304878,140698,1258,5322,145093,1240,5276,11242,820.6698986,5406.139655,56617,1495.657912,6042.35212,397138,1421.455756,5308.972166,121483,1290.125837,5525.563931,9472,834.1792652,5396.256229,650,229,1802.458977,0.127049,318.114059,0.195639,0.18932,0.677333,3579.912787,59.986861,1110.090687,1688.196008,113.966636,0.296333,314.25225,38.900553,0.200036,987.252561,122.209693,0.628433,49.247822,10.632977,0.106061
d25_08_G01_1_4_T,glasshouse_b1,Gladius,T1,R4,T,15562,1939,2220,63,1769.412698,1032.698413,13981,1875,1819,15255,1977,2669,9234,1978.631904,2574.367013,6563,1836.406674,1569.002895,403111,1468.684722,1027.411314,9381,1739.044665,1016.768148,9750,1938.429641,1516.792205,95,71,566.259803,0.125384,194.638189,0.381448,0.410526,0.740086,1111.934957,68.886398,676.953368,149.992414,404.938068,11.329322,39.508707,168.123617,7.848626,124.120263,528.175919,24.657186,8.461748,56.139855,4.284795
d1_T022_27.09.23,field,3811,na,R7,S,43732,554,5251,83,828.8192771,4514.771084,183685,1061,5330,188965,1081,5267,43732,559.241768,5255.934259,76848,1204.745472,5974.339319,516819,731.5141278,4919.847718,88170,851.6415788,3525.03178,40179,564.4146196,5259.897011,993,455,3072.032411,0.14811,571.287388,0.206991,0.18932,0.72833,6060.040065,115.411727,2003.148888,2782.441639,286.74666,2.844113,536.273449,99.472109,1.866398,1684.784578,312.500847,5.863463,86.56668,27.879392,0.965655
d25_10_G02_0_1_T,glasshouse_b1,5489,T0,R2,T,13870,2453,2652,83,2389.180723,2613.650602,24067,1956,1900,40231,2269,2428,13870,2467.538861,2645.873107,10341,2335.743062,2777.994391,534473,2518.543113,2331.157853,14841,2306.161377,2387.840105,13773,2468.513323,2650.402454,154,114,860.077704,0.132546,313.210697,0.398329,0.410526,0.917964,1684.507578,111.5202,1073.760842,90.009657,762.060654,8.007393,21.442504,314.822423,5.476658,67.363613,989.191801,17.205429,4.25448,104.282499,2.98322
d41_29_G04_1_1_S,glasshouse_b1,Forrest,T1,R1,S,3810,2208,3651,47,934.0638298,3440.617021,11235,832,3917,12408,831,3726,3810,2204.209711,3651.111286,4954,858.8909972,3724.13908,385619,872.1969794,3341.517581,5280,866.9257576,3698.356061,3713,970.9563695,3326.872071,137,73,426.188401,0.171286,147.760073,0.379418,0.410526,0.725714,833.165851,52.439568,512.762431,97.907858,327.036514,1.244029,22.684215,139.655718,0.806131,71.264564,438.965331,2.532535,4.406392,47.621514,0.411663
d25_45_G06_1_1_S,glasshouse_b1,3811,T1,R1,S,8661,777,2353,56,999.6785714,1703.446429,16679,1221,2056,16048,1308,3018,8661,777.4714236,2353.07782,8583,1004.890015,1988.690668,501779,817.7907386,1791.516652,10312,1576.596683,3189.765807,6914,769.693665,2131.690338,162,80,605.660198,0.132087,213.271463,0.384763,0.435429,0.649099,1194.409851,74.63997,732.478032,120.393068,484.536259,0.730872,27.578081,205.105929,0.470989,86.639096,644.35928,1.479656,5.318216,69.083296,0.238457
d33_33_G05_0_1_S,glasshouse_b1,Hartog,T0,R1,S,5537,1351,3660,44,1154.636364,2704.477273,17335,1195,2872,18175,1198,2866,5489,1357.749681,3660.487156,9079,1333.599185,2243.883577,343527,1453.326044,3081.051976,10738,1169.207394,2413.994971,5469,1358.269336,3661.827025,184,92,634.761949,0.144936,224.094351,0.387022,0.435429,0.615789,1248.274904,80.995393,775.113829,131.832833,501.394801,1.534315,28.817825,216.963755,0.944814,90.533868,681.61174,2.968221,5.337074,75.201369,0.45695
d43_42_G06_0_2_S,glasshouse_b2,3811,T0,R2,S,16073,1349,3940,63,952.0634921,2526.555556,97059,1135,3802,139372,1130,3153,14311,845.5194606,3158.206205,39963,1380.234992,2320.540125,893877,440.0359938,3031.388396,35097,1315.666752,750.8719549,14198,846.7859558,3151.574306,1123,898,2565.360367,0.350048,884.501193,0.398972,0.410526,1.622746,4782.421891,381.975155,3256.392187,763.394193,1630.339662,171.626512,172.792282,731.365732,132.095321,542.936559,2298.18515,415.270478,33.024393,265.403961,83.546801
d25_37_G05_1_1_S,glasshouse_b1,Hartog,T1,R1,S,5014,2391,2502,58,1038.810345,2120.775862,7692,2394,2557,7694,2394,2557,5014,2405.398484,2502.095732,4288,1011.909981,2121.366371,498539,2578.385258,2263.507563,4429,1015.075412,2113.888011,5014,2405.398484,2502.095732,75,37,289.885896,0.127636,103.883927,0.392628,0.435429,0.598439,570.540999,37.294044,359.480365,50.410256,239.47564,0,12.024238,102.401916,0,37.775258,321.705107,0,2.394719,34.899325,0
d17_06_G01_1_2_T,glasshouse_b1,Gladius,T1,R2,T,9063,1531,1933,58,1671.87931,1358.344828,11052,1543,1443,10843,1479,2130,9063,1487.48207,1922.991725,6121,1692.041006,1409.704623,547789,1482.251078,1291.663347,7980,1625.316917,882.3246867,10536,1508.714313,1777.787775,55,29,429.486741,0.067522,151.789032,0.388514,0.410526,0.725714,852.588448,52.925857,526.283046,63.758241,365.553297,0.175203,17.095339,150.306473,0.119284,53.706591,472.201713,0.374742,3.706171,49.155706,0.06398
d5_T020_21.10.23,field,Gladius,na,R8,T,297911,994,4595,116,670.1982759,3798.318966,307327,1080,2888,328152,1098,3011,227398,1020.836612,4854.298059,171419,900.5147096,5883.072909,1628073,1179.130655,5268.00747,222384,947.6032538,5663.076444,208470,1037.682017,4847.030868,1257,993,5316.45666,0.186779,1075.234409,0.22867,0.239473,1.378273,10324.06346,246.95555,3815.341407,4555.078878,734.627495,26.750287,928.753464,265.955526,19.674723,2917.780985,835.750458,61.809964,156.691688,78.450045,11.813817
d33_37_G05_1_1_S ,glasshouse_b1,Hartog,T1,R1,S,4943,2394,2562,67,1080.850746,2866.955224,7378,2397,2636,7381,2397,2636,4943,2408.786567,2561.651831,3795,1005.315415,2193.48643,167088,2585.485164,2629.240694,4957,2402.82671,2387.682671,4943,2408.786567,2561.651831,91,49,290.916483,0.168433,102.941203,0.386692,0.435429,0.598439,570.191845,36.70061,357.156583,55.930842,234.985642,0,13.793018,99.8699,0,43.332044,313.824539,0,2.820582,33.880028,0
d13_01_G01_0_1_T,glasshouse_b1,Gladius,T0,R1,T,5493,1987,1844,66,1699.469697,463.2272727,14992,1973,1806,17670,2101,1590,5493,1988.072456,1843.545603,6808,2219.967391,2133.659812,368601,1605.456797,1467.07007,7652,1632.086121,382.4290382,5493,1988.072456,1843.545603,99,57,416.558282,0.136836,164.671165,0.431511,0.435429,0.725714,818.163311,64.026114,564.340545,47.652175,367.22665,1.679458,11.326693,167.217009,1.091472,35.583856,525.327728,3.428962,2.23759,61.228844,0.55968
d4_T001_14.10.23,field,Gladius,na,R1,T,162398,1284,5725,64,1761.890625,5622.0625,349327,1254,5581,351669,1289,5558,115563,1113.216081,5703.367635,135441,1397.229701,4875.417783,1173477,1154.949427,5453.563288,342653,1273.672301,5599.076065,114335,1105.943412,5705.545196,1146,612,4128.732814,0.148229,803.83531,0.217129,0.18932,0.900019,8106.113799,170.616149,2820.795302,3631.171499,495.086684,2.474631,719.525901,176.624165,1.696415,2260.457284,555.008574,5.329444,118.731637,50.957555,0.926956
d13_23_G03_1_3_T,glasshouse_b1,CALINGIRI,T1,R3,T,7855,1413,1812,64,1643.859375,1254.34375,10527,1448,1597,9298,1407,1762,7855,1451.494335,1806.025461,3942,717.0266362,1351.853374,523665,1702.038865,1609.002355,4591,1442.223916,2069.369636,7855,1451.494335,1806.025461,60,34,266.124246,0.12776,101.603483,0.413338,0.435429,0.598439,524.791609,37.519376,347.180644,30.23665,235.887596,0,7.230305,103.280726,0,22.714674,324.465969,0,1.436439,36.082937,0
d07_35_G05_0_3_S,glasshouse_b2,Hartog,T0,R3,S,1839,1460,544,70,1452.857143,603.5428571,4169,1517,262,7615,1482,402,1839,1460.487221,543.6378467,2224,1425.553957,277.9842626,256227,1459.187947,256.2555546,2232,1428.885753,255.5291219,1839,1460.487221,543.6378467,31,11,132.834612,0.08281,42.28563,0.347267,0.324549,0.580571,265.056456,13.215335,144.272091,42.068448,90.766164,0,10.505283,35.417949,0,33.003321,111.26877,0,2.146646,11.068689,0
d31_30_G04_1_2_S,glasshouse_b2,Forrest,T1,R2,S,2471,690,2288,81,754.1728395,2447.654321,13396,791,2557,10995,1740,2479,2471,694.8170781,2289.259409,6461,739.4816592,2496.655471,376177,871.758696,2482.24623,5167,746.6495065,2324.51287,2257,685.6663713,2306.628268,80,32,297.125001,0.107699,95.273016,0.350545,0.324549,0.598439,588.871903,31.229556,329.659757,96.62559,200.499411,0,23.326432,81.607528,0,73.282147,256.37761,0,4.680842,26.548715,0
d13_40_G05_1_4_S,glasshouse_b1,Hartog,T1,R4,S,3047,1612,1459,72,1113.805556,1143.111111,4813,1645,1591,4813,1645,1591,3047,1614.264851,1456.906465,1678,1644.75447,1842.983909,388850,1904.489592,1469.421687,1725,1645.045797,1839.321739,3140,1122.892357,1125.606051,32,14,128.750715,0.108737,49.743153,0.413103,0.435429,0.580571,254.938664,18.290195,168.500442,15.704237,113.046478,0,3.868196,49.767161,0,12.152296,156.348146,0,0.792543,17.497652,0
d07_26_G04_0_2_S,glasshouse_b2,Forrest,T0,R2,S,2710,1568,453,75,1510.266667,253.5066667,5017,1563,406,4431,1468,1013,2710,1564.064945,453.1435424,2700,1488.9,288.5185185,260778,1457.926309,267.2859482,2228,1488.986984,272.4829443,2710,1564.064945,453.1435424,25,15,113.302431,0.132389,44.992668,0.432499,0.435429,0.846321,220.785811,17.540753,155.693567,5.626239,106.039246,1.636946,1.39276,46.990241,1.142492,4.375484,147.728839,3.589244,0.284859,16.622442,0.633451
d19_36_G05_0_4_S,glasshouse_b2,Hartog,T0,R4,S,4712,760,2781,52,1216.865385,1731.346154,22704,2094,1113,28751,1121,1973,4712,774.1090832,2786.393888,10197,853.9470432,2891.899873,382677,868.0507974,2235.432035,10534,860.7560281,2876.097779,4712,774.1090832,2786.393888,179,95,566.78837,0.167611,202.164178,0.388432,0.435429,0.725714,1111.052407,73.093661,696.783742,115.170428,450.403973,1.213969,25.507505,195.487773,0.797876,80.13419,614.142951,2.506602,4.794549,67.886212,0.412899
d15_03_G01_0_3_T,glasshouse_b2,Gladius,T0,R3,T,16477,1371,1528,57,1540.596491,820.9298246,19997,1584,1010,28154,1384,1549,16477,1358.878133,1525.847424,10247,1375.279887,1523.322826,420148,1413.73362,1145.970601,10721,1464.571868,1260.083761,16387,1359.43327,1523.591444,101,65,539.607532,0.120458,203.070035,0.409694,0.435429,0.725714,1060.27554,75.058933,696.946562,64.794505,467.769693,7.043335,15.690004,201.426054,4.728922,49.291601,632.798613,14.856348,3.151896,69.402184,2.504853
d25_18_G03_0_2_T,glasshouse_b1,CALINGIRI,T0,R2,T,16292,1119,2393,86,1462.825581,1400.94186,31927,1344,1841,33660,1641,1929,16292,1185.387,2428.725755,13023,1129.711894,1628.940183,456541,1400.177892,1303.201999,14985,1205.91705,2060.388922,18559,1204.897301,2246.488604,172,122,875.398276,0.139365,320.520755,0.405451,0.435429,0.740086,1713.563718,118.669705,1116.395526,127.023222,736.528669,11.846385,33.007931,314.423579,7.904669,103.697474,987.864801,24.833251,6.994017,107.514106,4.161582
d15_04_G01_0_4_T,glasshouse_b2,Gladius,T0,R4,T,13548,2003,2502,48,1559.416667,761.4166667,20004,1896,2314,20947,1881,2306,11194,2084.195641,2565.452743,10975,1590.088109,746.7951708,366199,2026.586353,2209.160325,8754,2078.378684,2696.615376,11195,2084.180616,2565.430817,89,55,553.483111,0.099371,210.264227,0.411736,0.435429,0.870857,1092.420473,76.533844,715.877996,57.159917,495.332097,0.991097,14.074186,213.052824,0.744033,44.215359,669.325188,2.337449,2.874506,73.217048,0.442291
d7_T020_04.11.23,field,Gladius,na,R8,T,253158,1095,4912,75,1208.2,5520.48,311299,1133,5276,309837,979,2714,184546,1085.604521,4712.735925,166519,996.6469532,5890.271194,1135861,1070.328188,4609.508426,223928,1059.43443,5649.672627,180994,1085.619827,4715.368443,1277,1112,5535.204114,0.200896,1104.384888,0.22595,0.239473,0.965349,10733.15292,247.990835,3922.073041,4767.819984,752.056883,15.327248,965.195954,272.273755,10.748993,3032.284367,855.891332,33.897343,161.761699,80.173497,6.055639
d09_04_G01_0_4_T,glasshouse_b1,Gladius,T0,R4,T,4533,1643,858,58,1575.689655,698.6551724,11945,1643,814,15543,1921,1183,4533,1633.570704,859.3745864,6233,1719.805391,1195.233275,384775,1448.778257,347.730232,9971,1625.202989,408.2788085,6573,1398.726913,655.2210558,59,41,350.502354,0.116975,140.555348,0.43315,0.435429,0.725714,689.781406,53.521486,477.067816,20.948759,329.130618,0.422977,4.774,146.804821,0.276581,14.997964,461.200947,0.868905,0.915503,52.463322,0.142661
d37_19_G03_0_3_T,glasshouse_b1,CALINGIRI,T0,R3,T,9860,1483,3177,60,1770.6,909.05,37531,1491,2467,38676,1488,2476,9860,1469.971805,3180.640365,21376,1348.314418,3277.360638,555415,1491.305676,2274.049621,30559,1593.494388,1149.88658,9860,1469.971805,3180.640365,340,240,1362.747945,0.176115,495.282749,0.402329,0.435429,0.870857,2653.311766,184.490621,1731.932208,249.344103,1102.984868,10.418974,65.123489,479.097305,6.95742,204.591474,1505.202567,22.138168,13.886144,166.830692,3.773785
d13_44_G06_0_4_S,glasshouse_b1,3811,T0,R4,S,8633,1049,1511,68,1210.014706,606.6911765,18848,1148,1294,18846,1148,1294,8633,1066.506429,1522.215684,8544,1114.629331,889.4015684,417021,840.2234036,917.4065742,13287,1641.450365,426.9914202,8580,1065.486014,1524.539277,143,103,568.079121,0.181313,214.056188,0.411379,0.435429,1.105375,1101.418257,81.147695,740.053162,58.92867,495.647374,13.503077,13.212707,212.396149,9.957382,41.508944,667.262181,31.282037,2.497019,72.746823,5.903852
d21_38_G05_1_2_S,glasshouse_b1,Hartog,T1,R2,S,3564,2218,1875,78,808.6410256,2731.474359,16753,605,2443,16751,605,2443,3564,2208.508418,1879.459596,7316,858.7885457,2027.975806,386034,875.4826,2444.08413,7929,810.4044646,2258.042376,3133,2223.863709,1915.928184,109,51,499.149574,0.102174,184.831757,0.399928,0.435429,0.649099,987.713515,66.27431,629.153321,71.660867,427.313504,0.175203,16.566379,183.585619,0.113724,52.044814,576.751232,0.357274,3.230006,62.986328,0.057977
d17_26_G04_0_2_S,glasshouse_b1,Forrest,T0,R2,S,3995,1345,2160,53,1538.603774,749.1698113,9881,1371,2549,11080,1367,2491,3995,1344.797747,2160.185482,3487,899.2317178,2410.409234,373753,1456.02156,1521.816376,3487,899.2317178,2410.409234,3903,1345.669229,2168.06431,44,28,261.445923,0.107097,103.620596,0.429694,0.435429,0.598439,515.477475,39.36634,354.841729,15.309184,246.136739,0,3.910457,109.039173,0,12.285064,342.556665,0,0.819607,38.546733,0
d33_36_G05_0_4_S,glasshouse_b1,Hartog,T0,R4,S,8522,727,4494,61,926.7213115,2257.836066,30192,724,3451,28375,1064,2399,8522,739.4476649,4494.037785,17291,695.795327,2986.43219,617699,844.22233,4093.929296,16179,695.8977069,2835.713085,8468,739.4465045,4495.99008,394,258,1030.562514,0.250349,365.534489,0.395998,0.435429,1.056656,1975.659448,141.418648,1292.893605,223.867044,784.776244,21.919226,49.320551,346.337076,15.776814,154.945081,1088.218745,49.72978,9.211014,123.078784,9.12885
d17_15_G02_1_3_T,glasshouse_b1,5489,T1,R3,T,7095,910,2211,72,908.2916667,2235.277778,11476,947,2013,11476,947,2013,7095,891.4042283,2211.089359,4606,812.4413808,1874.231871,384984,868.968326,1656.557252,6911,904.9739546,2216.216467,7095,891.4042283,2211.089359,70,42,323.288069,0.129915,120.27889,0.404879,0.435429,0.740086,633.817635,44.105884,412.96057,43.530558,275.568113,4.189398,10.566729,117.859819,3.022884,33.196357,370.267542,9.496671,2.134813,40.256476,1.714595
d21_23_G03_1_3_T,glasshouse_b1,CALINGIRI,T1,R3,T,9324,1470,2433,63,1443.349206,2047.269841,15309,1405,2146,18084,1404,2167,9324,1492.290755,2422.92396,7294,683.4840965,2218.961064,496046,1506.193532,1791.285088,6702,1600.108027,1504.884363,10671,1491.946397,2304.924937,101,69,477.963204,0.144363,175.425587,0.402327,0.435429,0.580571,936.252105,63.44319,605.908661,59.373529,418.589675,0,14.157318,178.709399,0,44.476526,561.432135,0,2.812733,60.630457,0
d17_29_G04_1_1_S,glasshouse_b1,Forrest,T1,R1,S,3090,241,1741,49,1231.673469,2464.081633,5006,1275,2020,5006,1275,2020,3090,241.3168285,1741.986408,2399,1178.393914,1337.999583,327580,280.3567953,1478.336748,2487,214.9107358,1790.449136,3046,239.2892318,1745.605384,64,30,189.739461,0.158112,62.872817,0.362269,0.410526,0.580571,374.577512,21.569903,218.890236,47.170329,142.569132,0,10.972103,58.702823,0,34.469877,184.420359,0,2.147774,19.42213,0
d43_40_G05_1_4_S,glasshouse_b2,Hartog,T1,R4,S,20594,2346,3487,55,2212.563636,4308.309091,53340,1608,3803,58089,1620,3707,17269,2338.399792,3546.485378,22528,1982.42112,4366.347257,462495,2484.308455,2931.010465,23868,1673.146682,1055.419977,17280,2338.585127,3545.237269,469,313,1399.532774,0.223646,482.727145,0.391044,0.410526,1.429491,2683.500799,189.84421,1727.711749,391.049305,957.114312,51.369157,92.258811,418.593637,39.018544,289.839602,1315.291776,122.580372,18.251988,147.515343,24.076878
d31_47_G06_1_3_S,glasshouse_b2,3811,T1,R3,S,5742,1459,2228,79,1294.126582,3219.658228,18918,1493,2794,19208,1484,2758,5690,1445.130404,2224.975395,9809,1374.549699,2514.477011,560730,1490.054748,1783.180302,8444,1502.024159,1856.282568,5649,1445.049743,2228.78775,158,90,546.837333,0.164583,181.571724,0.369868,0.410526,0.870857,1071.069582,63.739934,638.743498,150.764027,390.65233,5.420976,36.523548,162.800418,3.994404,114.742109,511.452597,12.548792,7.358657,54.054559,2.326718
d17_47_G06_1_3_S,glasshouse_b1,3811,T1,R3,S,6702,1428,2126,75,1548.946667,968.3466667,9295,1438,2252,9676,1452,1624,6702,1428.276932,2125.542077,4637,1295.467328,2423.650205,365516,1457.426933,1610.047546,6162,1285.332197,1655.64492,6653,1428.124305,2129.026154,60,30,355.936148,0.084285,128.821336,0.396761,0.435429,0.725714,704.262977,45.961676,445.490906,42.211821,312.76329,0.961037,10.626003,130.526662,0.651494,33.382574,410.061602,2.04673,2.207916,43.405638,0.348122
d17_23_G03_1_3_T,glasshouse_b1,CALINGIRI,T1,R3,T,10695,1457,2363,61,1535.786885,2742.754098,12467,1434,1904,11621,1437,1893,10695,1498.822253,2351.028612,5289,670.4811874,1989.24447,368330,1458.096794,1580.767054,5065,666.8238894,2012.823692,10839,1498.969554,2338.707076,87,49,374.057857,0.130996,136.247259,0.39815,0.435429,0.580571,734.102501,49.103645,469.756953,45.973969,328.083888,0,9.685552,139.84273,0,30.42806,439.328893,0,1.733938,47.369706,0
d33_16_G02_1_4_T,glasshouse_b1,5489,T1,R4,T,10256,1908,3163,63,2228.904762,1853.777778,23882,1972,3391,31343,2181,2868,10256,1994.795924,3162.772523,10888,2040.731172,2942.601029,595480,2022.903475,2566.402553,21651,2180.215233,3283.007898,10256,1994.795924,3162.772523,195,139,779.164012,0.178396,285.987578,0.403387,0.410526,1.04664,1511.008645,107.648685,991.167103,119.406761,643.941318,15.815932,28.247042,274.74268,12.420448,88.7407,863.266022,39.16038,5.575867,94.125811,7.947008
d05_36_G05_0_4_S,glasshouse_b1,Hartog,T0,R4,S,2017,1419,841,61,1057.52459,821.9344262,3920,1399,894,3816,1398,901,2017,1419.858205,841.062469,1790,1063.997765,803.2206704,166030,1447.218768,220.9517557,2255,1551.516186,278.5587583,2017,1419.858205,841.062469,49,25,152.725744,0.163692,51.144072,0.366557,0.410526,0.580571,300.751069,17.524883,177.535085,37.487384,115.23836,0,8.678597,47.832576,0,27.264617,150.270468,0,1.679067,15.845816,0
d45_25_G04_0_1_S,glasshouse_b1,Forrest,T0,R1,S,6432,707,3121,88,1450.227273,763.0227273,31940,878,4095,31401,1317,2296,6432,711.2361629,3122.758085,16797,792.4999702,4294.980592,407871,861.491626,2855.229565,20603,1398.421492,776.0514003,4585,975.931952,3025.467176,520,336,1251.842408,0.268404,419.375066,0.381613,0.410526,1.338151,2387.511054,167.585915,1513.276668,369.601762,825.952471,56.288175,82.1567,355.547303,43.939815,258.102884,1117.132782,138.041001,15.451676,123.801907,28.332332
d43_29_G04_1_1_S,glasshouse_b2,Forrest,T1,R1,S,3771,2214,3664,54,846.0555556,3970.055556,21200,998,3324,23158,1056,3211,3771,2210.827102,3663.664545,7468,858.7915104,4231.539502,393776,873.7079685,3328.153303,4919,2250.06607,3593.399878,3656,871.8142779,4591.244256,156,84,469.9436,0.178745,160.247211,0.371511,0.410526,0.649099,922.655424,56.246033,555.280013,123.608092,345.441885,0.893623,28.778665,147.415333,0.557121,90.410841,463.118926,1.750246,5.617211,50.355891,0.272931
d35_07_G01_1_3_T,glasshouse_b2,Gladius,T1,R3,T,14311,1457,2575,59,1627.135593,1569.305085,30510,1588,1204,31311,1460,2569,13935,1347.176893,2088.229709,17705,1599.842417,1482.196385,535350,1427.696399,2464.691155,13483,1330.609953,2476.723281,9749,1499.61832,2725.05857,219,137,920.154888,0.148888,317.439786,0.381422,0.410526,0.821052,1804.776662,114.803137,1109.836547,278.104422,636.861792,5.188674,72.265219,277.445695,3.527722,227.02788,871.726002,11.082665,15.330591,97.573187,1.899359
d17_22_G03_1_2_T,glasshouse_b1,CALINGIRI,T1,R2,T,9595,2060,2265,50,1848.38,2071.94,12921,1732,1798,17650,2024,2198,9595,2066.634184,2260.874101,6039,1896.264282,2240.651929,466626,1997.586532,1776.289525,8358,1880.729481,1957.99653,7535,1769.97359,2226.175182,55,27,437.453089,0.061721,166.014151,0.412901,0.435429,0.580571,869.104736,59.43121,566.519686,26.497268,410.955821,0,6.839956,173.455552,0,21.488356,545.03133,0,1.441448,57.989762,0
d45_35_G05_0_3_S,glasshouse_b1,Hartog,T0,R3,S,16380,1443,4230,49,1690.102041,4632.469388,51684,1095,3927,52281,1095,3927,12024,1509.007651,4398.400033,23447,1200.590992,3351.385593,345176,1457.498627,3970.550038,36975,1791.791995,791.2670453,11916,1508.397617,4398.565626,1002,771,1834.248767,0.420336,617.757816,0.413622,0.410526,1.818635,3292.203944,306.781187,2402.459337,601.431703,1037.509715,195.307349,133.369488,473.990914,156.947109,418.992605,1489.786879,493.679853,24.942183,176.237201,105.601803
d35_45_G06_1_1_S,glasshouse_b2,3811,T1,R1,S,8904,787,2403,77,1254.74026,2188.454545,34581,1232,2112,38008,1231,2197,6720,1713.643006,4560.154762,19519,1192.256827,1791.671448,391877,857.144895,1526.265994,20388,1186.221944,1816.83142,6720,1713.643006,4560.154762,350,184,1022.305488,0.179985,351.936097,0.380907,0.435429,0.88287,2000.530273,126.545183,1225.716033,241.948163,775.867326,4.489998,53.786275,333.095954,3.208684,168.974567,1046.661087,10.080379,10.125961,114.597438,1.821783
d13_08_G01_1_4_T,glasshouse_b1,Gladius,T1,R4,T,15543,1875,1550,73,1785.205479,948.4931507,12043,1885,1192,11951,1885,1192,15543,1922.501641,1559.831114,6762,1833.369269,1444.708814,558017,1604.174937,745.607693,5244,1630.948703,518.914569,21715,1862.584435,1295.323647,55,45,431.989021,0.104169,163.733708,0.416655,0.435429,0.870857,849.640576,60.9191,565.855236,23.883812,397.426009,10.6792,6.220046,166.071444,7.825825,19.540851,521.728829,24.585556,1.313338,55.079194,4.526568
d37_03_G01_0_3_T,glasshouse_b1,Gladius,T0,R3,T,13579,1532,3291,63,1893.777778,999.9365079,35136,1556,4055,36607,1553,3965,13579,1482.782385,3303.33677,18130,1660.469277,1942.704799,531432,1440.700302,2701.458612,23674,1785.244319,1092.75095,14323,1360.15723,1679.568387,308,220,1290.532321,0.170472,475.733084,0.405151,0.435429,0.846321,2515.087479,177.677364,1647.598133,217.541612,1063.136834,9.853875,52.696583,465.044073,6.649089,165.597995,1461.111408,20.88873,10.632233,163.496476,3.548655
d3_T023_08.10.23,field,3811,na,R8,S,41189,570,3769,57,1228.052632,5884.719298,249107,1071,4869,298459,899,4569,37804,564.0971061,3770.404137,139185,1086.178791,4225.859633,405852,870.1320752,3767.321484,203272,1039.714742,3794.580975,36510,564.4225418,3777.906409,1404,603,4273.081924,0.141116,779.270843,0.202892,0.18932,0.757282,8453.114952,152.609394,2726.160103,3950.346127,320.469824,2.265973,754.425304,111.784902,1.518024,2370.16069,351.2304,4.769013,120.42696,31.381469,0.800965
d49_34_G05_0_2_S,glasshouse_b2,Hartog,T0,R2,S,21825,1518,698,75,1596.173333,1264.106667,93593,1684,1107,121146,1533,2892,23250,1893.080903,878.7110538,68093,1643.046686,821.6335747,401463,1466.134747,351.8010377,70897,1633.384995,848.1807693,20421,1530.681798,694.8309583,1129,903,2621.244854,0.344493,925.51757,0.428795,0.435429,1.892431,4754.164603,484.850717,3564.297239,817.387121,1498.531124,305.326609,187.204953,685.099592,262.083422,588.121705,2152.81618,823.359354,36.122859,254.838354,193.889504
d5_T024_21.10.23,field,3811,na,R9,S,31493,1143,3751,54,405.3333333,3014.666667,207910,971,2138,212871,972,2139,29110,1135.04641,3743.903195,94259,1235.65303,3720.45758,467771,896.5983013,3157.428797,85198,1162.01986,3788.36711,18554,1084.924814,3707.397219,1107,571,3655.185281,0.156216,663.518386,0.202081,0.18932,0.965349,7204.102362,128.421677,2321.596571,3403.186044,250.476483,1.522754,651.661837,86.098734,1.099453,2047.383435,270.759102,3.454034,103.987115,23.797535,0.637027
d31_07_G01_1_3_T,glasshouse_b2,Gladius,T1,R3,T,14307,1317,2066,61,1711.606557,711.3934426,26248,1597,1211,33278,1477,2248,14307,1366.010484,2081.873768,14249,1715.788055,1460.07018,664349,1765.001851,2021.990687,8714,1837.604774,1260.85529,9339,1432.263733,2718.04176,155,109,766.891968,0.142132,268.286494,0.388779,0.410526,0.781618,1503.351454,97.445632,940.55902,189.325243,571.556999,6.009726,50.565727,244.853745,3.931785,158.856916,769.350037,12.352067,10.923571,84.491315,2.030745
d07_36_G05_0_4_S,glasshouse_b2,Hartog,T0,R4,S,3529,1452,710,64,1427.28125,793.1875,9206,1507,421,8819,1511,410,3529,1445.873335,706.488807,6362,1409.275228,317.7236718,348631,1452.877851,777.9450795,3216,1286.266791,335.1968284,2663,1430.883965,780.1430717,80,48,257.463128,0.186434,86.698971,0.37075,0.410526,0.580571,502.241211,29.986578,302.321479,58.183211,199.279917,0,13.924165,82.292854,0,43.790852,258.530627,0,2.778297,27.208281,0
d07_39_G05_1_3_S,glasshouse_b2,Hartog,T1,R3,S,1971,1768,962,57,1713.245614,609.0701754,3489,1703,460,5460,1723,653,1971,1768.091324,962.1577879,1971,1768.091324,962.1577879,334488,2026.359143,881.6724427,1971,1768.091324,962.1577879,1971,1768.091324,962.1577879,38,22,91.463588,0.240533,31.810338,0.378691,0.435429,0.615789,178.000865,11.193196,109.720363,19.610277,71.78074,0.072571,4.372989,30.507399,0.044689,13.73815,95.841819,0.140394,0.819921,10.351661,0.021613
d49_18_G03_0_2_T,glasshouse_b2,CALINGIRI,T0,R2,T,24662,1176,2414,54,1058.722222,2481.203704,81222,1380,1579,75516,1228,1648,24662,1198.117428,2422.33282,38361,1035.945465,2277.261776,367734,1459.862833,2045.677658,32641,1554.621703,994.2827426,15419,2628.202023,3224.505934,608,462,2076.422468,0.222498,767.361204,0.411393,0.435429,1.04664,3993.523219,310.391568,2702.757,576.252198,1425.123815,75.046455,139.953565,668.404514,51.932641,439.677091,2099.928705,163.151204,28.271436,253.594308,28.525824
d29_14_G02_1_2_T,glasshouse_b1,5489,T1,R2,T,13224,2345,3022,65,2210.907692,2366.215385,18028,2149,2409,18093,2149,2409,12111,2344.853191,3121.158286,7880,2103.156599,2721.620939,622459,2119.048954,2095.824106,9060,2188.860817,3022.430684,13686,2075.262823,2240.356423,87,63,633.928356,0.09938,229.766492,0.398665,0.435429,0.598439,1249.236649,80.791863,790.102377,74.720218,559.208138,0,19.900857,231.59654,0,62.520387,727.58199,0,4.28396,76.507903,0
d13_32_G04_1_4_S,glasshouse_b1,Forrest,T1,R4,S,2283,1356,726,64,1535.078125,376.40625,3871,1417,596,3871,1417,596,2283,1354.249233,725.0477442,1266,1395.916272,640.3246445,311226,1452.226205,284.7189631,1261,1388.180809,653.88977,2283,1354.249233,725.0477442,32,22,97.514941,0.225606,34.928172,0.3886,0.435429,0.598439,191.302951,12.823553,120.917518,21.056548,76.458393,0,4.641431,33.832914,0,14.628284,106.289234,0,0.868639,11.954914,0
d4_T008_14.10.23,field,3811,na,R4,S,32998,1351,6442,72,902.8194444,4313.388889,171403,984,3000,222140,1014,3424,20270,1269.087469,6298.815935,87907,765.5660869,3292.177551,432594,918.4576809,5994.780117,92556,995.3086024,2813.138003,19702,1275.134453,6303.288143,947,440,3061.27184,0.143731,576.040067,0.209755,0.18932,0.83387,6038.297198,116.884284,2016.067407,2747.583432,311.637111,2.051297,531.562493,108.795348,1.376346,1669.952823,341.790666,4.323918,85.641768,30.51018,0.732337
d13_39_G05_1_3_S,glasshouse_b1,Hartog,T1,R3,S,2055,1035,1775,63,1770.873016,1736.52381,4525,1814,1540,4525,1814,1540,2055,1034.817518,1773.981509,2320,1765.189655,1747.486638,323878,877.0542673,2048.351305,2324,1783.923408,1061.288296,2324,1783.923408,1061.288296,43,21,152.409001,0.137787,59.618051,0.419699,0.435429,0.598439,300.935613,22.064562,202.239538,15.076882,137.332119,0,3.848007,60.526838,0,12.088869,190.150669,0,0.805504,21.259058,0
d05_44_G06_0_4_S,glasshouse_b1,3811,T0,R4,S,2532,1688,404,55,1478.272727,147.6363636,4434,1694,418,4434,1694,418,2532,1687.733017,403.6176935,1558,1659.476893,300.6752246,258760,1466.318608,253.8361377,2820,1665.136525,307.8471631,1968,1699.794207,437.3714431,43,25,124.833413,0.200267,41.074309,0.359313,0.410526,0.580571,244.237671,13.487212,141.558732,27.512902,97.320511,0,6.59196,38.444031,0,20.709253,120.849479,0,1.306215,12.180997,0
d6_T006_28.10.23,field,3811,na,R3,S,47052,970,5876,63,1493.095238,6112.492063,223468,1219,5330,275730,1110,2760,42140,996.7602515,5868.883507,125092,1339.212148,5935.446855,833676,1082.261943,5644.84333,180834,1257.257031,5608.672567,35241,1768.768707,6020.12826,1334,543,4520.472334,0.12012,785.648966,0.192273,0.18932,0.757282,8946.638109,144.395489,2742.949126,4295.621617,223.846235,1.004482,796.360976,76.05396,0.677681,2501.841792,238.978336,2.128998,123.387487,20.647746,0.360255
d07_12_G02_0_4_T,glasshouse_b2,5489,T0,R4,T,4787,1836,411,76,1563.855263,246.1842105,10672,1562,435,10205,1559,822,4787,1820.450595,425.56737,5373,1568.557231,284.048204,343442,2036.95431,292.930457,5223,1549.364733,284.6586253,4787,1820.450595,425.56737,60,44,240.44162,0.182997,93.487634,0.421535,0.435429,0.725714,468.838886,35.091796,320.148515,18.833872,221.329914,0.277834,4.693787,97.027864,0.184787,14.745967,304.822024,0.580524,0.965451,34.029312,0.097033
d15_39_G05_1_3_S,glasshouse_b2,Hartog,T1,R3,S,3549,1009,1990,53,1772.245283,923.1320755,7603,992,2148,8578,1001,2027,3549,1012.399267,1990.475909,4188,1714.120344,974.1174785,310971,886.8292638,2069.325667,3114,1747.013809,1937.998073,3549,1012.399267,1990.475909,71,47,186.350181,0.252213,70.398806,0.409319,0.435429,0.580571,362.007827,25.92694,241.92241,23.766593,162.583588,0,5.918946,71.087349,0,18.594916,223.327494,0,1.211361,24.71558,0
d43_46_G06_1_2_S,glasshouse_b2,3811,T1,R2,S,12419,1428,3948,54,1372.944444,1936.592593,42799,1475,3825,48227,1609,3555,12419,1497.711732,3966.619132,23119,1205.44258,4302.063671,511649,1391.13546,3488.28251,23357,1208.826776,4295.732543,11405,1502.431565,3911.463656,493,319,1278.31203,0.249548,413.070932,0.372158,0.410526,1.376946,2435.35269,161.810421,1504.837617,425.629926,805.329645,47.352459,97.324361,344.004353,37.62331,305.753499,1080.721548,118.362571,18.772654,118.258937,24.77883
d19_01_G01_0_1_T,glasshouse_b2,Gladius,T0,R1,T,9656,863,2475,61,2404.131148,2909.590164,23951,2303,2737,33503,2000,2053,9656,903.0259942,2465.887635,13104,2366.250763,2919.038996,286505,1053.074637,2069.231884,17515,2326.318127,2750.058807,9656,903.0259942,2465.887635,163,97,613.242049,0.158176,237.634811,0.421689,0.435429,0.598439,1203.065255,90.146953,812.613924,69.230059,544.01199,0,15.463898,243.199147,0,48.581269,764.032655,0,2.905657,87.241296,0
d43_11_G02_0_3_T,glasshouse_b2,5489,T0,R3,T,21808,1550,3899,53,2804,4021.962264,47010,1676,3715,46354,1676,3715,12522,1458.526992,4133.058617,19329,1391.865901,2676.425475,508499,1960.315397,3828.700186,14333,2871.365241,3232.154399,9066,1413.694573,4258.544452,418,288,1263.89192,0.227868,451.095872,0.398065,0.435429,1.248566,2428.866239,174.947514,1588.875783,275.92508,948.179936,39.786903,61.865045,414.171925,29.639901,194.354772,1301.264121,93.25689,11.726429,145.431236,17.789849
d45_30_G04_1_2_S,glasshouse_b1,Forrest,T1,R2,S,2089,1004,3781,57,1388.789474,596.5614035,11614,1022,3245,11745,1024,3237,2089,1004.786979,3781.117281,7538,950.2301672,3410.909658,356020,868.4932953,3628.353831,7383,867.0487607,2139.920764,1916,1025.185804,3145.940501,235,113,505.568297,0.223511,152.784421,0.336366,0.324549,0.781618,985.181657,51.368961,540.625636,212.170959,289.833158,3.564179,48.375768,121.368952,2.341765,151.976958,381.291807,7.356871,9.284639,40.867588,1.216734
d6_T023_28.10.23,field,3811,na,R8,S,57832,550,3788,75,1349.573333,3200.84,273628,1009,4854,330013,919,4546,56250,550.59888,3791.369973,145651,1013.436763,4296.285381,505549,368.5506529,3479.965695,253718,950.5139998,3737.651657,54738,553.1717819,3792.748803,1518,754,4700.012655,0.160425,847.227696,0.201755,0.18932,0.723392,9254.396778,165.613365,2978.095875,4368.637121,330.251316,1.124219,830.483092,116.601098,0.728847,2609.190419,366.615715,2.289741,131.980072,33.260915,0.372378
d21_16_G02_1_4_T,glasshouse_b1,5489,T1,R4,T,5385,2350,2020,54,533.0925926,2702.907407,18069,2037,2372,18069,2037,2372,5385,2333.834355,2023.793129,5615,2003.819947,2897.615494,387932,2038.540329,1597.573696,8347,2034.57302,2790.934467,6157,2320.943804,1959.336203,69,41,404.739151,0.1013,151.752165,0.408779,0.435429,0.725714,798.297511,55.165429,519.426833,40.168254,362.626056,1.944841,9.169114,154.943181,1.226401,28.805622,486.768358,3.852853,1.758806,52.79813,0.608492
d09_08_G01_1_4_T,glasshouse_b1,Gladius,T1,R4,T,12808,1899,1107,62,1614.935484,340.2580645,9191,1756,868,9186,1899,1388,12808,1875.78654,1110.023891,4477,1798.776636,768.6028591,486129,1575.734924,513.8044367,6630,1636.695023,429.8683258,17079,1827.981498,941.7433105,38,32,317.97473,0.100637,128.542205,0.437022,0.435429,0.870857,624.538504,49.534794,436.968896,12.89156,294.706707,10.376463,3.113857,128.284058,7.693605,9.782469,403.016253,24.170173,0.625194,44.411259,4.498342
d37_36_G05_0_4_S,glasshouse_b1,Hartog,T0,R4,S,9122,732,4528,73,735.1369863,2822.369863,32105,1071,2359,31957,1075,2542,8333,743.5814233,4488.100684,17141,683.2628201,3116.155125,487187,851.3947355,3855.007408,21170,696.6666037,2989.435805,8247,743.849036,4483.939857,454,300,1215.674127,0.246777,420.554788,0.384462,0.410526,0.846321,2338.00547,157.702859,1483.066109,294.566873,912.024626,9.082628,64.158294,401.545314,6.283978,201.559225,1261.765185,19.741699,11.871195,142.393899,3.437765
d41_11_G02_0_3_T,glasshouse_b1,5489,T0,R3,T,12197,1464,4117,51,1555.666667,2806.45098,28413,1915,2665,30300,1920,2731,8759,1416.021121,4248.15447,11922,1471.466029,2439.755913,352216,1460.162906,2177.253188,12347,1424.568964,4300.233012,8757,1416.06943,4247.861482,326,222,1118.994978,0.198392,393.468601,0.389511,0.410526,0.88287,2166.515707,145.995426,1374.641841,249.848652,845.482364,23.663962,57.407662,363.076125,17.010059,180.35149,1140.711281,53.57907,11.091977,125.171793,9.731656
d21_41_G06_0_1_S,glasshouse_b1,3811,T0,R1,S,6968,1440,3420,61,1366.327869,2303.983607,20338,1560,1965,22636,1358,2748,6968,1434.453358,3420.541332,9947,1449.458932,1856.372575,355373,1454.385088,1594.920264,10125,1346.792198,2722.177877,6968,1434.453358,3420.541332,149,97,667.486416,0.145321,247.019914,0.406699,0.435429,0.870857,1309.454577,91.045411,856.438767,81.464052,577.618667,8.403698,21.023762,245.483544,6.10562,66.048096,771.209298,19.181372,4.437131,83.119303,3.488977
d17_12_G02_0_4_T,glasshouse_b1,5489,T0,R4,T,10397,1889,2432,54,1567.888889,854.8703704,15028,1107,1716,15738,1104,1722,10397,1876.555641,2435.420314,7225,2084.816471,2740.934533,434107,1408.326274,2037.835262,8700,1356.05069,1166.98908,11600,1139.148793,1778.0275,95,59,540.042291,0.109251,210.738222,0.420053,0.435429,0.615789,1064.026033,77.675422,713.742257,47.245922,492.621166,0.175203,11.031196,216.02858,0.107888,34.655524,678.747793,0.33894,2.155213,75.46803,0.052179
d49_46_G06_1_2_S,glasshouse_b2,3811,T1,R2,S,13373,1410,4040,58,1364.086207,4491.965517,70883,1435,3918,78131,1527,3715,11931,1504.241975,4040.296371,34743,1161.589903,4439.638258,375286,1841.383086,875.5771492,32769,1169.152858,4484.214868,7443,1787.116754,711.794169,738,481,1838.083157,0.261686,598.776946,0.383287,0.410526,1.818635,3467.498743,264.114995,2224.776028,659.834827,1089.895364,88.352965,152.507374,470.120337,85.371497,479.116045,1477.105234,268.554748,29.588165,163.725724,70.801106
d4_T017_14.10.23,field,Gladius,na,R6,T,19724,1310,4897,68,1446.441176,5243.441176,176472,1247,4994,187773,1241,4907,12108,1323.96366,5109.286835,87854,1134.087213,4617.829342,393739,1211.513757,2491.714872,77504,1576.033211,3642.163746,12065,1323.983589,5109.393121,1010,300,3331.207313,0.090057,602.565103,0.199279,0.18932,0.598684,6618.587326,114.179184,2093.7678,3121.099472,210.107841,0,594.604584,71.842131,0,1868.021317,225.746482,0,94.493374,19.68581,0
d4_T019_14.10.23,field,Gladius,na,R7,T,166513,516,4970,67,699.1044776,3452.820896,343912,1019,5311,326714,1037,5431,109165,486.6492832,4929.751193,172629,899.2654073,4080.879424,741562,1336.589988,3603.486305,168679,1023.768809,3965.391139,101486,481.9085884,4998.35663,1566,927,6017.923396,0.15404,1143.558645,0.212425,0.18932,0.846667,11789.36988,234.148962,4021.747418,5447.150286,566.822313,3.950797,1081.395965,195.946493,2.7468,3397.321543,615.796549,8.629327,178.129678,54.506924,1.51236
d49_04_G01_0_4_T,glasshouse_b2,Gladius,T0,R4,T,25028,2073,3666,116,1139.293103,4985.137931,86313,1614,1548,93347,1638,1639,25020,2107.798881,3645.321503,44721,1653.929787,4387.207062,403061,1460.42305,366.1528677,41032,1583.846315,915.9153831,17225,2101.723135,3603.678433,997,719,2562.012285,0.280639,874.979159,0.397087,0.410526,1.818635,4816.86982,383.710666,3213.229279,828.599161,1524.899393,208.513731,190.147616,667.736992,164.694797,597.366353,2098.458963,517.403963,36.67103,237.802433,109.237204
d45_43_G06_0_3_S,glasshouse_b1,3811,T0,R3,S,25678,667,3883,48,1820.729167,4017.5625,70504,1681,4238,68342,1327,2660,25678,737.1615391,3862.939949,36927,1997.684486,4228.12977,475889,1976.291244,3118.417881,37379,2000.344552,4216.953102,24732,735.4022724,3864.440725,985,761,2575.405865,0.295487,953.509614,0.430118,0.435429,1.642104,4788.022468,439.098625,3505.233287,589.421011,1734.826528,251.158326,133.992991,786.576866,194.884391,420.951395,2471.236468,613.045424,25.657463,288.522964,124.918198
d31_19_G03_0_3_T,glasshouse_b2,CALINGIRI,T0,R3,T,10188,1461,3190,60,1631.833333,3570.766667,42005,1463,1749,42510,1461,1762,10188,1446.610326,3190.329505,20041,1158.374432,2147.777656,368903,1451.293863,1387.091287,14168,878.2801383,2491.210757,10188,1446.610326,3190.329505,216,152,1155.556124,0.131538,426.848389,0.407215,0.435429,0.781618,2265.909892,158.327847,1487.187807,158.143028,995.37078,2.042315,41.746968,430.260015,1.379598,131.151969,1351.701702,4.334136,8.956428,148.634271,0.737147
d07_32_G04_1_4_S,glasshouse_b2,Forrest,T1,R4,S,3016,1477,310,70,1520.628571,269.0142857,3397,1481,293,2787,1360,625,2130,1331.546009,685.5788732,1958,1519.138407,268.9167518,309246,1451.717707,282.4755114,1151,1365.280626,611.9339705,2102,1332.733111,683.4400571,21,9,82.903547,0.10856,29.108566,0.380895,0.410526,0.580571,164.415786,10.295641,99.823772,19.05888,63.844667,0,4.383084,27.39181,0,13.769863,86.053909,0,0.84353,9.452111,0
d49_16_G02_1_4_T,glasshouse_b2,5489,T1,R4,T,11976,1439,579,61,2324.098361,4281.262295,90339,1846,3790,117945,1927,3298,11473,2033.412447,3312.988669,43794,2333.71455,4134.923688,371408,1454.751939,320.6735154,44272,2334.310083,4122.187816,7894,1453.809222,596.5741069,1047,755,2313.482244,0.326348,757.660104,0.382633,0.410526,1.494337,4309.621814,313.953121,2797.786337,740.527051,1449.195397,123.759796,169.15199,623.454936,97.76393,531.406648,1958.939395,307.440294,32.587294,218.086827,63.279
d09_45_G06_1_1_S,glasshouse_b1,3811,T1,R1,S,3762,1545,1229,48,1645.958333,429.9375,4894,1552,1240,5586,1538,1150,3762,1541.053695,1229.153907,2340,1012.323077,714.2209402,319380,1460.951271,1447.64928,2386,1010.704946,716.0611903,3762,1541.053695,1229.153907,52,28,184.197878,0.15201,66.338248,0.389392,0.410526,0.580571,362.08543,23.343177,226.608664,28.440858,155.75702,0,6.503951,65.627827,0,20.432766,206.175898,0,1.244074,22.099103,0
d6_T005_28.10.23,field,3811,na,R2,S,28684,1840,4938,69,1850.086957,4248.971014,182693,1316,5347,160216,1589,5294,25456,1848.660002,4901.384035,81690,1787.849308,4895.135378,457127,1527.634393,4835.038685,80269,1783.988576,4963.848161,19167,1923.512913,4881.453175,960,325,2741.421989,0.118552,479.470367,0.193193,0.18932,0.677333,5456.367202,88.42081,1669.660486,2603.148882,138.02637,0.246737,484.036956,47.21728,0.154921,1520.678792,148.494996,0.486698,75.369542,12.974742,0.076526
d41_47_G06_1_3_S,glasshouse_b1,3811,T1,R3,S,4181,994,3356,62,1544.693548,2494.887097,22155,1661,2345,21636,1284,3375,3950,2028.428101,2105.051899,10973,1284.522464,3373.697895,363696,1452.060105,2141.488708,12043,1529.431288,764.2646351,3950,2028.428101,2105.051899,295,183,866.616704,0.211166,282.327283,0.365779,0.410526,0.917964,1677.74123,102.587146,1002.416829,312.477795,537.549593,16.589315,74.467198,232.901427,11.677252,233.945603,731.786056,36.68517,14.834524,81.224459,6.528162
d25_04_G01_0_4_T,glasshouse_b1,Gladius,T0,R4,T,18865,2074,3231,60,1595.083333,640.85,26664,2062,3694,26871,1751,2212,18865,2029.625073,3231.000318,15348,2046.628681,4029.351903,381000,1975.416591,3510.191696,20475,1605.336752,890.9830525,18422,2037.535121,3253.878243,202,132,971.788695,0.135832,365.292225,0.412588,0.435429,0.973648,1902.537393,137.749737,1258.755635,143.180648,817.265389,11.342658,33.297023,359.436077,7.941263,104.605684,1129.201738,24.948213,6.484348,126.85418,4.411209
d45_34_G05_0_2_S,glasshouse_b1,Hartog,T0,R2,S,13740,1063,4354,96,1603.09375,846.2604167,58990,1366,3508,82448,1552,3118,12490,1069.630825,4349.705845,31747,1631.001732,1299.454563,433205,1389.650627,3725.892263,62332,1670.902089,875.5153854,12446,1068.890487,4351.723204,942,741,2187.73919,0.338706,791.150491,0.427896,0.435429,1.603155,4007.420212,382.924006,2971.895906,606.542344,1325.545867,255.650979,137.526391,606.534804,201.775187,432.051901,1905.485286,634.35872,26.304667,225.338719,131.280621
d13_17_G03_0_1_T,glasshouse_b1,CALINGIRI,T0,R1,T,5552,1216,1062,62,1538.870968,451.1129032,16817,1587,1071,16566,1588,1066,5552,1229.822767,1072.714878,7669,1433.325727,958.1011866,436937,1437.662132,414.8391072,11378,1395.739409,1078.334242,7846,2134.240632,862.9871272,92,62,551.169737,0.112488,213.977189,0.420388,0.435429,0.598439,1087.445089,79.048262,731.177832,37.069931,514.099806,0,9.629015,223.112118,0,30.250442,700.927389,0,2.037033,77.01123,0
d41_21_G03_1_1_T,glasshouse_b1,CALINGIRI,T1,R1,T,35095,1848,3716,61,1686.131148,3648.918033,31562,1756,4324,32300,1754,4307,31066,1786.412895,3761.57851,12727,1805.415023,4756.914827,536345,1552.248267,3892.541789,17660,1773.968573,4642.358834,28602,1814.272883,3629.913712,350,278,1277.696,0.217579,431.467208,0.381551,0.410526,1.016,2466.145412,158.071398,1538.073941,307.534759,949.309956,20.851285,75.353358,399.504537,14.726246,236.729555,1255.080519,46.263867,15.342797,134.468757,8.259844
d43_30_G04_1_2_S,glasshouse_b2,Forrest,T1,R2,S,2560,1495,585,62,934.2903226,3406.741935,16275,1011,3000,15329,950,1746,2025,999.3101235,3148.382716,8746,1084.407615,3306.520466,345973,1317.343579,3204.56753,6539,906.2189937,3309.102309,2025,999.3101235,3148.382716,190,80,453.168034,0.176535,139.412493,0.33996,0.324549,0.725714,890.325554,46.702977,489.217686,185.76085,266.03562,1.371563,42.789213,112.039567,0.870494,134.426276,352.056673,2.734736,8.27898,37.989307,0.434689
d29_27_G04_0_3_S,glasshouse_b1,Forrest,T0,R3,S,11490,759,3200,61,1462.295082,723.6885246,23608,735,2761,23608,735,2761,11490,830.8697128,3157.075631,9831,704.0462822,2954.315736,433394,855.2233557,2255.284632,11876,788.2121927,2247.948973,7740,860.5232558,3487.421189,143,93,638.773703,0.145591,234.227313,0.403428,0.435429,0.725714,1253.72106,85.771279,812.224205,76.050888,561.453883,1.268932,18.022285,239.690318,0.826392,56.618677,753.009341,2.596187,3.541122,81.805621,0.424536
d4_T015_14.10.23,field,3811,na,R6,S,13057,415,871,61,670.3442623,5583.606557,188436,1030,5043,186976,1046,5066,13057,413.0346174,868.6758061,103898,788.156644,5806.045795,427081,242.324353,463.5485119,77033,522.7320629,5267.744837,12003,405.4935433,6558.019745,1143,478,3607.726584,0.132493,654.113387,0.201143,0.18932,0.83387,7141.450925,126.052655,2284.42997,3360.243432,246.887478,0.595675,641.577303,85.125262,0.404793,2015.574541,267.583735,1.271693,102.197614,23.636843,0.218198
d07_38_G05_1_2_S,glasshouse_b2,Hartog,T1,R2,S,3310,1411,476,72,1448.375,340.5833333,4736,1388,528,6069,1297,644,3310,1394.982175,469.6610272,1751,1444.856082,354.8463735,305765,1440.87595,286.3247527,2552,1425.373433,414.0336991,3227,1398.884103,463.3969631,22,12,96.069554,0.124909,34.454177,0.387723,0.410526,0.580571,189.395982,12.114198,118.093059,14.308656,81.760898,0,3.495609,34.09458,0,10.981778,107.111281,0,0.701779,11.41242,0
d31_15_G02_1_3_T,glasshouse_b2,5489,T1,R3,T,14993,993,2943,60,1574.183333,3602.933333,30179,1215,3346,31750,1205,3309,14993,1076.604215,2924.86387,14198,1530.554726,3747.469503,634865,1232.449485,2362.565797,11475,919.8115033,2952.63329,10909,1140.910808,3226.009992,198,126,767.115966,0.164252,274.1693,0.392308,0.435429,0.725714,1501.174793,99.914957,948.613573,148.680086,617.444783,0.991097,33.825984,267.442551,0.684544,106.267461,840.195554,2.150558,6.507896,93.034584,0.372478
d09_06_G01_1_2_T,glasshouse_b1,Gladius,T1,R2,T,7537,1582,1239,59,1670.830508,954.779661,9903,1623,893,10219,1607,1363,7537,1592.301579,1235.381452,4716,1714.686175,813.3131891,458680,1813.300608,963.1533357,5010,1725.763473,688.4728543,8123,1597.338299,1188.069679,36,18,323.139601,0.055703,127.847012,0.425626,0.435429,0.580571,643.28528,47.153112,433.923547,14.783575,308.356026,0,3.894064,134.228091,0,12.233563,421.689984,0,0.836417,46.316696,0
d27_35_G05_0_3_S,glasshouse_b2,Hartog,T0,R3,S,4075,1304,4138,63,1063.809524,2131.952381,19844,1168,3199,22026,1168,3198,4075,1344.465521,4131.401472,11035,897.0340734,2994.440507,409466,1009.859046,900.274306,8261,1512.267159,693.0070209,3864,968.2968427,2219.999482,201,97,607.274771,0.15973,204.929149,0.370342,0.410526,0.725714,1192.492834,73.328518,712.35409,175.057632,426.865713,5.351426,38.650714,184.773968,3.324667,121.424799,580.48454,10.444751,7.218703,64.486448,1.623367
d37_41_G06_0_1_S,glasshouse_b1,3811,T0,R1,S,6162,1179,3881,54,1279.407407,3571.407407,34004,1306,3630,48682,1364,3230,6162,1180.258033,3881.655307,24452,1247.110502,3786.992311,498388,1373.468787,3467.039523,29190,1285.187496,3717.342412,6162,1180.258033,3881.655307,382,248,1334.991719,0.185769,469.244618,0.391179,0.410526,0.917964,2593.612053,175.487216,1651.604646,326.348368,980.060005,28.583346,82.608109,422.206466,20.883959,259.521029,1326.474726,65.608891,17.211636,146.179322,12.096258
d17_20_G03_0_4_T,glasshouse_b1,CALINGIRI,T0,R4,T,21413,1815,2530,55,1579.6,996.1818182,17458,1717,1994,17171,1788,3005,21413,1841.435763,2525.203241,7859,1852.927217,2543.600713,743342,1477.393224,2134.668398,12139,1825.77321,2975.508856,18442,1846.453042,2361.694881,108,56,666.098281,0.084072,240.257584,0.398604,0.435429,0.725714,1321.065576,86.878824,833.988542,90.776479,568.92218,6.399622,22.405368,238.668918,4.392512,70.388541,749.80052,13.799482,4.578609,79.924956,2.37526
d17_10_G02_0_1_T,glasshouse_b1,5489,T0,R2,T,15304,2174,1713,54,1899.648148,1408.37037,15381,2026,1363,16054,2036,1379,8226,1953.806954,1817.751155,6875,2241.752582,2135.237818,479588,1684.710906,1598.067604,8761,2258.275768,2237.478028,8226,1953.806954,1817.751155,104,70,561.369986,0.124695,202.179977,0.39259,0.410526,0.88287,1102.304738,70.787978,691.755378,63.794862,495.955787,1.619338,15.257907,203.652421,1.282248,47.934128,639.792949,4.028301,3.041566,66.937838,0.808573
d49_40_G05_1_4_S,glasshouse_b2,Hartog,T1,R4,S,24427,2324,3736,60,2095.75,1216.216667,70075,1622,3809,98400,1681,3291,18506,2361.356479,3497.941046,44057,1563.976576,958.4198425,383049,1452.318774,333.4165342,44177,1572.944451,959.0836408,13275,2321.969266,3736.895367,952,680,2074.407584,0.327804,699.9907,0.396485,0.410526,1.741714,3870.490074,312.917053,2601.866492,677.402422,1255.981545,141.023617,154.214709,553.474299,120.443837,484.479795,1739.001225,378.385472,29.570969,197.228457,86.117627
d09_24_G03_1_4_T,glasshouse_b1,CALINGIRI,T1,R4,T,4300,2114,1109,62,1672.225806,356.2258065,10675,1396,1167,8686,1067,1139,4300,2113.500698,1109.329302,4606,1255.603561,1432.779418,355026,2040.709413,871.9154372,5736,1576.669282,367.7937587,4300,2113.500698,1109.329302,100,66,304.633305,0.216654,114.669948,0.410743,0.435429,0.929368,592.180495,43.630268,398.341825,41.390769,261.435545,1.806992,9.998683,115.386608,1.41085,31.411789,362.497719,4.432317,2.012715,40.735117,0.882436
d27_01_G01_0_1_T,glasshouse_b2,Gladius,T0,R1,T,11158,918,2649,60,2434.45,2370.6,33814,2185,3260,39201,2333,2953,9759,913.1165078,2544.280971,20732,2377.914094,2336.290806,398368,995.4733814,2262.857735,15843,2209.12485,2309.550401,9758,913.0983808,2544.210904,255,147,897.867888,0.163721,334.772207,0.408122,0.435429,0.781618,1756.462396,125.027068,1152.285306,139.343793,755.780968,2.743127,31.616199,333.296902,1.870703,99.325218,1047.0831,5.876988,6.043785,117.976132,1.00715
d41_33_G05_0_1_S,glasshouse_b1,Hartog,T0,R1,S,5528,1346,3674,55,1220.545455,1198.436364,34183,1993,2884,41951,1707,2695,5444,1988.420096,2709.808229,15307,1429.216698,2430.025805,347645,1439.774624,3209.785649,22062,1464.951772,690.3050494,5470,1334.315905,573.6124314,418,266,1085.493132,0.24505,389.223711,0.406563,0.435429,1.818635,2070.851673,166.806155,1396.415404,244.945107,795.12582,45.422206,53.083597,349.944259,41.411264,166.767037,1099.551046,130.097322,9.785444,124.035997,32.984713
d11_25_G04_0_1_S,glasshouse_b2,Forrest,T0,R1,S,3551,1533,1460,89,1342.404494,436.3258427,7676,1261,604,7827,1259,609,3551,1547.410025,1456.699803,3848,1334.017931,453.4475052,341452,1456.938665,1448.089969,2712,1368.124263,406.5427729,3551,1547.410025,1456.699803,40,16,166.277741,0.096225,60.592374,0.396607,0.410526,0.929368,328.853454,22.210051,208.218669,32.284123,131.976206,2.017412,7.839554,56.8999,1.538607,24.628684,178.756308,4.833677,1.578446,19.700539,0.931065
d49_02_G01_0_2_T,glasshouse_b2,Gladius,T0,R2,T,8700,1876,3602,72,2156.333333,3343.402778,64149,1773,3792,61901,1772,3811,8700,1817.967126,3599.017931,25870,1429.386007,4243.944376,397353,1077.275229,2650.027542,29162,1622.275393,4298.385262,8353,1825.550581,3577.082246,555,337,1657.005547,0.203379,593.836864,0.398847,0.435429,0.870857,3212.64117,227.598869,2086.699162,359.274371,1282.483364,15.247812,79.43007,574.330703,10.432647,249.536923,1804.38711,32.775128,14.825534,207.119368,5.653967
d31_22_G03_1_2_T,glasshouse_b2,CALINGIRI,T1,R2,T,11100,1177,2684,58,1884.155172,1959.758621,26839,1756,1836,27206,1768,1868,9889,1140.193548,2577.500556,12873,1749.239571,3338.228074,349862,2018.400244,1584.287293,10850,2201.116037,4051.660829,9890,1140.208291,2577.588979,145,103,777.348511,0.132502,282.54848,0.401862,0.435429,0.580571,1526.749577,101.404695,981.614777,81.330109,696.018402,0,21.190433,291.233946,0,66.571709,915.043067,0,4.501064,96.90363,0
d09_42_G06_0_2_S,glasshouse_b1,3811,T0,R2,S,2679,1139,991,63,1453.396825,288.4603175,6107,1138,900,6780,1150,855,2679,1137.169839,988.9051885,2824,1170.086756,864.6607649,365899,858.3971697,864.5682552,3536,1158.103224,904.6730769,2147,1336.128086,606.7102934,77,41,229.48135,0.178664,81.068962,0.383982,0.410526,0.598439,450.044075,28.67749,279.975773,41.834376,187.646974,0,10.245439,78.873618,0,32.186995,247.788778,0,2.081065,26.596425,0
d37_43_G06_0_3_S,glasshouse_b1,3811,T0,R3,S,24938,664,3883,58,871.3793103,3091.017241,45324,1786,4191,48315,1788,3494,24938,738.5583848,3863.498516,22704,690.282241,4190.239605,635508,863.5037057,3118.754979,25675,691.0006621,4086.078793,24647,737.0764799,3863.649531,510,398,1630.765053,0.244057,597.971154,0.420776,0.435429,1.642104,3075.536284,258.029356,2164.250867,317.801449,1240.725921,72.237684,74.315029,551.245835,63.171276,233.467548,1731.968501,198.814818,14.537118,196.916882,46.575357
d45_05_G01_1_1_T,glasshouse_b1,Gladius,T1,R1,T,11632,1406,4083,47,1153.042553,3526.170213,44837,1644,2463,44468,1360,3987,8465,1427.575074,4234.00886,23762,1128.49777,4149.196154,395160,1085.307124,2631.900208,49289,1150.792144,3230.816308,6738,1407.501039,4098.081033,735,430,1864.420695,0.230635,622.113305,0.372663,0.410526,1.04664,3607.264628,231.386389,2200.458384,638.569111,1181.571661,44.279923,152.7105,515.201043,32.471427,479.754184,1618.551812,102.152389,30.508025,181.778081,19.100283
d5_T012_21.10.23,field,Gladius,na,R5,T,82748,998,5738,72,979.9027778,5960.777778,209785,1111,5627,213605,1147,5602,40088,985.2994163,5934.176237,106616,1124.511415,6228.378151,958991,624.6013466,5904.736086,116570,1086.366055,6168.362083,37358,1001.616414,5935.684244,1079,455,3471.734713,0.131058,621.341051,0.19906,0.18932,0.644802,6873.09156,118.834236,2172.068441,3247.85152,223.354649,0.528544,613.498814,77.564898,0.327146,1927.363369,243.677314,1.027758,97.034214,21.640919,0.159104
d19_48_G06_1_4_S,glasshouse_b2,3811,T1,R4,S,8410,565,2013,46,1372.152174,1066.195652,19481,1166,2430,20848,1165,2388,8410,632.0565993,2018.505232,7793,1556.275504,943.3382523,402232,1422.207594,1012.05862,5665,1480.281553,791.4026478,8410,632.0565993,2018.505232,108,60,493.104416,0.121678,176.894972,0.392046,0.435429,0.580571,974.699516,62.718257,609.842082,68.265115,424.8393,0,15.348086,178.770678,0,48.217434,561.624648,0,2.892305,59.825952,0
d31_02_G01_0_2_T,glasshouse_b2,Gladius,T0,R2,T,12750,1727,3866,61,1645.295082,4254.032787,40919,1711,3661,40061,1711,3661,12750,1734.119059,3870.520078,18015,1750.969969,3022.339328,417349,1639.680965,3268.593971,19375,1892.683665,3678.104671,9028,1796.619185,3596.641892,219,145,1004.240056,0.144388,394.532456,0.430304,0.435429,0.917964,1962.397836,154.256228,1362.156812,97.019025,896.942042,10.278989,21.778615,404.521898,7.287467,68.419537,1270.843022,22.894253,4.107411,146.049657,4.09916
d31_04_G01_0_4_T,glasshouse_b2,Gladius,T0,R4,T,20382,2056,3475,65,1573.369231,989.1846154,42458,1623,1395,44978,2036,3556,20382,2032.633451,3463.707144,24339,1614.882082,953.2806607,376985,1862.883168,892.6189371,26899,1630.516413,1008.216216,17622,2077.227102,3649.285325,277,183,1181.717967,0.154859,426.990588,0.40117,0.435429,1.016,2305.374214,158.952874,1487.532485,208.689301,963.245226,9.78344,48.932501,417.381103,7.105954,153.725985,1311.482487,22.324014,9.6261,145.213733,4.113042
d5_T006_21.10.23,field,3811,na,R3,S,56942,584,5887,59,1082.186441,6365.440678,233763,1049,5385,281153,1205,2589,40461,1410.500754,5987.956526,130650,996.5926215,5996.8969,678728,1011.7169,5638.867713,157283,945.2529199,5834.967403,39080,1420.247467,5976.712231,1390,566,4703.180347,0.120344,827.077199,0.194403,0.18932,0.61054,9308.08623,153.416748,2885.482036,4455.134613,247.883664,0.16207,833.747808,84.60257,0.09895,2619.295989,265.875185,0.310861,130.271646,23.097653,0.047448
d19_37_G05_1_1_S,glasshouse_b2,Hartog,T1,R1,S,5006,2358,2537,67,1012.208955,1983.641791,11545,1079,1895,11545,1079,1895,5006,2372.955653,2536.554734,5901,996.7691917,2074.386884,215079,2583.506553,2615.559985,4795,976.1566215,2156.879041,4993,2372.925696,2535.447026,85,43,287.585125,0.149521,101.524484,0.386206,0.435429,0.598439,564.146168,36.375634,350.851349,60.822821,226.762304,0,13.470359,98.209094,0,42.318382,308.532967,0,2.529054,33.846581,0
d6_T011_28.10.23,field,Gladius,na,R4,T,101466,1348,5812,76,1415.855263,5683.657895,280033,1107,5674,265954,1080,5698,84045,1309.421976,5867.373633,115226,1164.401897,4807.259811,575118,1426.733189,5127.303686,210367,1194.918462,5936.681404,81123,1311.118388,5870.678316,1326,639,4607.918505,0.138674,816.525249,0.198633,0.18932,0.757282,9071.916941,156.925666,2875.419413,4301.025308,305.39825,1.494947,808.722636,105.518619,0.994974,2540.677091,331.616518,3.125804,127.082642,29.320945,0.522079
d41_34_G05_0_2_S,glasshouse_b1,Hartog,T0,R2,S,7883,1115,3766,72,1713.583333,776.2222222,50219,1415,3238,61074,1479,3061,7883,1104.478498,3760.313713,25130,1591.416554,1246.686868,406869,1937.213285,982.070755,43361,1693.204562,765.6823182,11062,1814.492045,644.5116615,865,996,1812.447834,0.549533,631.772272,0.408835,0.435429,1.56996,3312.277369,302.550535,2392.20763,487.86801,1156.40778,168.172044,100.397874,524.642214,135.348084,317.234341,1649.159642,425.813647,17.991153,193.197241,91.362141
d41_43_G06_0_3_S,glasshouse_b1,3811,T0,R3,S,25424,662,3889,49,1957.530612,3758.632653,53449,1341,2599,53878,1276,3929,24908,728.1077967,3858.098482,25048,680.4954887,4233.660891,598661,523.5425558,3409.667692,27045,697.861712,4169.510704,24784,727.9758715,3857.200371,673,501,2024.362322,0.247485,746.215756,0.421805,0.435429,1.451429,3826.20536,322.004058,2695.883512,427.995759,1484.861542,111.505021,98.004755,671.799221,88.163954,307.891019,2110.59349,277.399003,18.884785,245.458822,57.660451
d15_44_G06_0_4_S,glasshouse_b2,3811,T0,R4,S,9615,1081,1651,61,2175.409836,2048.622951,23496,1287,1590,24607,1287,1590,9615,1104.531981,1666.058554,12818,1723.78343,613.6110158,664928,1283.939547,1134.35194,11949,1705.702653,581.7894384,9561,1103.487292,1668.522958,161,115,669.955122,0.171653,244.686805,0.4014,0.410526,0.973648,1300.261557,91.631648,849.674832,93.072611,561.101797,15.780715,20.374263,238.836988,11.248648,64.007636,750.328525,35.33867,3.786465,81.451911,6.393272
d13_41_G06_0_1_S,glasshouse_b1,3811,T0,R1,S,5691,1517,1821,56,1506.5,1270.357143,11705,1409,1809,12471,1421,1753,5691,1514.499385,1820.622738,6296,1406.695203,1702.780654,511150,1791.962796,1618.398728,4036,1636.047324,292.7601586,5691,1514.499385,1820.622738,65,39,374.084529,0.104255,146.812083,0.424103,0.435429,0.598439,739.015995,54.955694,501.217108,26.01115,348.073379,0,6.629163,152.913198,0,20.82613,480.390978,0,1.384402,53.571292,0
d05_22_G03_1_2_T,glasshouse_b1,CALINGIRI,T1,R2,T,846,1789,812,93,1600.903226,401.6236559,2383,1540,554,1929,1563,505,846,1789.463357,811.8356974,1071,1572.538749,499.952381,322591,1459.559293,287.8453863,1243,1606.536605,373.3604183,846,1789.463357,811.8356974,32,16,65.220503,0.245322,22.672766,0.371843,0.410526,0.52332,128.473399,7.719912,77.674409,15.887619,49.332884,0,4.156026,20.568507,0,13.05654,64.617869,0,0.884838,6.835075,0
d09_36_G05_0_4_S,glasshouse_b1,Hartog,T0,R4,S,4027,1198,1541,64,2290.21875,1058.984375,12171,1317,1153,14166,1340,1093,4027,1206.00894,1544.262478,5230,1353.358126,642.110325,352173,886.1396189,1476.932593,6788,1437.439452,308.1984384,3803,1199.980542,1561.648961,106,82,350.496767,0.233954,127.936545,0.398116,0.410526,0.781618,676.406256,46.70715,443.080889,46.287021,301.34638,2.863367,11.540095,127.5654,1.931532,36.254278,400.758525,6.068086,2.3651,43.312865,1.029184
d25_11_G02_0_3_T,glasshouse_b1,5489,T0,R3,T,7245,1600,3235,61,1538.901639,664.5081967,20702,2514,2244,20382,1470,2330,7245,1596.136922,3234.583989,9255,1530.520583,2993.210373,378587,1452.934369,2208.475257,8875,1607.64507,703.4357183,6826,2638.196015,2476.627454,182,118,741.649437,0.159105,283.017209,0.416363,0.435429,1.133602,1445.434411,107.950494,974.000721,82.46171,640.396366,18.791361,18.736502,277.59029,13.707267,58.862457,872.075617,43.062648,3.578368,96.36441,8.007717
d2_T015_02.10.23,field,3811,na,R6,S,29716,1943,610,58,1955.293103,624.2931034,184947,1162,4952,190417,1183,4833,29714,2017.144713,597.6659487,102177,1422.534024,3335.725026,450586,2007.04863,437.0111965,74516,1832.938993,713.9551237,27057,2026.252024,587.5751562,1206,454,3628.666792,0.125115,649.219132,0.198704,0.18932,0.911888,7190.543567,124.091652,2269.826012,3403.067355,224.460692,1.138745,643.431965,78.213896,0.790874,2021.417058,245.924349,2.484605,101.614309,22.038765,0.438578
d15_36_G05_0_4_S,glasshouse_b2,Hartog,T0,R4,S,4828,1165,1759,58,2430.137931,1434.810345,19215,1409,1177,24206,1213,1652,4828,1179.597142,1763.844242,9323,1116.583181,1592.214738,371302,873.3351342,1506.078262,6616,1264.227025,922.6139661,4828,1179.597142,1763.844242,150,72,474.913523,0.151607,168.794922,0.386091,0.435429,0.725714,936.894226,61.096198,580.76484,108.944757,364.857428,1.111338,24.03727,160.092635,0.733285,75.51531,502.945847,2.303684,4.495552,56.219016,0.38163
d27_13_G02_1_1_T,glasshouse_b2,5489,T1,R1,T,10240,1743,1738,66,1548.818182,1891.363636,19594,1780,2422,19674,1805,2360,10240,1732.048145,1739.936035,10212,1587.87593,2699.172836,427221,1512.2987,1096.16932,7404,1740.932334,951.0756348,10240,1732.048145,1739.936035,115,79,549.800614,0.143688,195.696778,0.391803,0.410526,0.725714,1077.752803,69.076559,675.44498,77.636778,468.003613,4.160223,19.776992,192.50801,2.692259,62.131254,604.855744,8.457982,4.128094,63.573293,1.375171
d11_11_G02_0_3_T,glasshouse_b2,5489,T0,R3,T,6742,2254,1276,63,1487.968254,2198.285714,12832,1506,833,16222,1503,1449,6742,2238.37437,1285.131563,7173,1460.644082,2108.692318,376941,2067.313946,952.5879806,6200,1377.916613,2022.059677,6570,2246.868645,1297.229528,87,59,344.087778,0.171468,132.023436,0.417823,0.435429,0.725714,669.628949,49.430026,453.507552,33.795671,309.754047,0.53806,8.054089,135.930629,0.318553,25.302668,427.038666,1.166218,1.599748,47.628008,0.202271
d49_15_G02_1_3_T,glasshouse_b2,5489,T1,R3,T,11354,970,2688,122,1412.377049,4429.204918,83581,1370,4088,73526,1375,4196,11354,1007.259556,2688.286771,59196,1401.291979,4388.543787,394581,1442.707718,4000.066007,62901,1377.781927,4351.993212,9573,1200.817821,4288.414499,909,633,2249.384493,0.28141,761.278267,0.385038,0.410526,1.161143,4268.258299,297.986195,2733.644292,652.714952,1509.569301,87.100239,150.946405,653.944804,65.063967,474.212118,2055.027692,204.404481,29.243578,229.790928,38.951688
d37_48_G06_1_4_S,glasshouse_b1,3811,T1,R4,S,19230,1455,3236,60,1778.1,4545.05,26364,1283,2946,22531,1658,4030,19230,1472.321529,3242.745346,10761,1450.316327,2688.307778,528971,1426.010488,2576.671182,9529,1428.952041,3201.656312,15942,1424.57314,3084.61178,254,188,901.674013,0.208501,308.260081,0.381487,0.410526,0.917964,1748.333056,111.579329,1086.327035,188.405099,705.352586,7.916328,43.539756,296.774291,5.474588,136.784177,932.343932,17.198927,8.484636,100.088825,3.005868
d05_18_G03_0_2_T,glasshouse_b1,CALINGIRI,T0,R2,T,3163,1310,828,71,1496.71831,266.4507042,4372,1433,397,3976,1434,378,3163,1311.548214,827.7594056,2354,1376.849618,374.1418862,528216,1090.365593,268.2523002,2078,1494.445621,272.172281,3163,1311.548214,827.7594056,43,31,136.453753,0.227183,50.575277,0.411683,0.435429,0.917964,262.023044,20.019059,178.216862,21.564548,107.95366,6.935546,5.011591,46.687927,5.028671,15.744378,146.674449,15.798035,0.971796,16.157386,2.889876
d43_17_G03_0_1_T,glasshouse_b2,CALINGIRI,T0,R1,T,17598,1358,3865,55,1052.181818,1821.127273,90217,1604,1396,89228,1596,1413,17598,1358.188374,3864.545403,51454,1849.145625,999.0920822,330680,1524.199894,961.1971574,47627,1883.902072,969.6372226,9888,1717.153519,693.493123,774,604,2139.016849,0.282373,755.495527,0.400721,0.410526,1.161143,4044.793954,303.671011,2715.766158,607.220971,1448.765681,83.030197,152.170856,653.764819,57.926233,478.105641,2054.794001,182.866516,31.487593,239.606238,32.577181
d09_48_G06_1_4_S,glasshouse_b1,3811,T1,R4,S,3889,1364,1130,51,1583.176471,275.0784314,5830,1383,1076,8338,1502,696,3889,1360.540756,1130.065312,2978,1427.891874,530.4516454,351579,1457.143097,777.1903754,5885,1670.847239,309.4509771,3889,1360.540756,1130.065312,79,55,214.213426,0.256753,79.320447,0.406504,0.410526,0.725714,413.714079,30.2703,276.989123,33.306165,179.765864,1.141398,7.937967,79.499035,0.731374,24.937859,249.753585,2.297679,1.563207,28.337676,0.369417
d05_10_G02_0_1_T,glasshouse_b1,5489,T0,R2,T,2402,1781,451,59,1850.694915,328.2881356,5654,1774,382,6361,1778,444,2402,1781.380516,451.407577,3515,1829.221906,439.7357041,391994,1632.678345,268.8288545,4819,1799.043162,271.5932766,3225,1777.063876,388.2905426,59,37,182.708577,0.202508,64.089404,0.388124,0.410526,0.615789,355.989644,23.108681,222.51117,38.983094,143.652912,0.072571,9.150293,61.632523,0.044689,28.746494,193.624281,0.140394,1.787377,21.299691,0.021613
d41_20_G03_0_4_T,glasshouse_b1,CALINGIRI,T0,R4,T,17370,1816,2394,53,2227.792453,1551.566038,55615,1777,2251,56588,1781,2267,17370,1882.589062,2393.213356,29195,1294.709642,4339.294091,606562,1556.68943,3561.625033,44832,1532.950526,1104.968148,18134,1883.118838,2350.259733,465,361,1971.627922,0.183097,733.349422,0.413682,0.435429,1.026315,3817.171626,287.928536,2577.389102,343.025879,1576.031734,52.570308,85.759523,697.255783,37.215268,269.421488,2190.840517,117.127098,17.683843,249.187705,21.056989
d6_T015_28.10.23,field,3811,na,R6,S,17223,397,6404,57,663.3508772,2373.561404,199842,951,5065,204159,930,5010,14902,439.2576164,6461.555697,115021,819.7495414,5756.450153,514316,310.2028694,460.051585,84735,577.4620405,5245.650971,11709,447.6568452,269.1480058,1189,437,3690.948985,0.118398,665.285408,0.199498,0.18932,0.677333,7324.555549,126.429278,2316.978407,3454.300459,236.257254,0.391272,656.3247,80.885473,0.256271,2061.920781,254.252525,0.8051,104.049925,22.247295,0.132058
d21_26_G04_0_2_S,glasshouse_b1,Forrest,T0,R2,S,7106,1404,3080,68,1227,2719.720588,11369,1407,2242,10894,1414,2304,5588,1434.860236,3209.1233,5279,950.4228073,2527.527373,354853,1338.163149,2642.345785,3426,1376.870695,2105.969936,5183,951.1302335,2535.262589,85,51,378.560673,0.134721,146.290688,0.417591,0.435429,0.598439,744.716271,54.207493,499.98118,33.599838,344.960835,0,8.086181,151.062772,0,25.403486,474.577694,0,1.620066,52.587427,0
d45_21_G03_1_1_T,glasshouse_b1,CALINGIRI,T1,R1,T,35544,1864,3723,61,1767.672131,4532.344262,36284,1785,4254,36728,1788,4247,31116,1801.954236,3729.496561,14243,1686.661378,3473.619532,548314,1560.817338,3888.213991,27604,1634.293327,2631.354188,28530,1798.466947,3853.369891,475,407,1463.464966,0.278107,487.182699,0.378111,0.410526,0.973648,2783.720842,181.299494,1752.630042,409.796018,1017.053673,36.615275,101.43495,431.161119,25.223816,318.667294,1354.532603,79.430145,20.774127,146.666912,13.858456
d05_35_G05_0_3_S,glasshouse_b1,Hartog,T0,R3,S,2164,1865,615,59,1496,678.9322034,3385,1513,518,3385,1513,518,2164,1865.376617,614.6742144,1703,1495.964768,390.7116853,275706,1464.248355,266.0145409,1398,1609.459943,205.2281831,1989,1511.564605,567.5741579,34,14,115.038621,0.121698,38.962397,0.369505,0.410526,0.580571,227.188973,13.01611,133.43875,25.409582,89.629039,0,6.113035,36.361838,0,19.204666,114.234084,0,1.218624,11.797487,0
d09_31_G04_1_3_S,glasshouse_b1,Forrest,T1,R3,S,1368,1401,1178,54,1627.518519,263,4095,1630,470,4095,1630,470,1368,1401.763889,1179.391082,1447,1594.309606,275.1188666,279859,1461.513037,268.8832198,2264,1500.293728,213.6333922,1368,1401.763889,1179.391082,54,32,116.200801,0.275385,38.356737,0.360372,0.410526,0.580571,225.075275,13.019344,133.371764,27.822048,88.378753,0,6.569707,35.883845,0,20.639342,112.732423,0,1.29118,11.728164,0
d17_48_G06_1_4_S,glasshouse_b1,3811,T1,R4,S,9457,1225,2158,66,1510.984848,743.969697,12253,1222,1815,12689,1222,1815,9457,1225.311621,2157.899122,7361,1370.406195,2595.406331,366466,863.3310348,1490.016545,5392,1509.299703,750.6287092,6837,649.3666813,1921.696504,105,63,438.985723,0.143513,159.810082,0.39614,0.435429,0.580571,864.327499,57.208634,549.318588,60.449282,378.536441,0,13.674544,161.178994,0,42.959846,506.358743,0,2.589143,54.619491,0
d45_23_G03_1_3_T,glasshouse_b1,CALINGIRI,T1,R3,T,14721,1595,3186,58,1719.948276,4439.396552,34059,1578,2714,34262,1578,2714,14721,1553.714625,3188.878405,14672,1852.2241,4522.010701,637331,1997.545963,3527.330389,20202,1315.381051,2879.102267,11318,2065.959357,4141.840696,336,228,1245.370314,0.183078,449.294691,0.399265,0.435429,0.870857,2423.924806,168.202163,1567.489562,275.815217,958.631144,10.923953,68.052806,423.29062,7.603998,213.794195,1329.806703,23.888664,13.935832,150.089431,4.1769
d33_30_G04_1_2_S,glasshouse_b1,Forrest,T1,R2,S,2439,695,2262,85,753.9647059,2290.729412,7916,769,2428,7916,769,2428,2439,699.7913079,2262.419434,4141,728.9942043,2393.191983,376565,871.2527319,2479.815756,5557,742.7907144,2328.586647,2221,690.4678073,2280.058082,88,32,297.704687,0.107489,94.688422,0.347282,0.324549,0.598439,590.783663,30.851293,327.539001,99.227846,198.476841,0,23.602595,80.656307,0,74.149738,253.389263,0,4.682481,26.168812,0
d27_31_G04_1_3_S,glasshouse_b2,Forrest,T1,R3,S,3286,677,3092,70,616.8285714,1989.971429,12637,774,2502,17273,997,2050,3286,676.7693244,3092.262325,5534,711.865197,2178.928623,360005,1321.919121,2055.497946,3352,854.577864,2249.560263,3286,676.7693244,3092.262325,122,66,344.766494,0.191434,113.400695,0.360282,0.410526,0.580571,675.839236,38.373619,394.58913,84.446041,260.320453,0,19.622715,105.978906,0,61.646576,332.942554,0,3.800468,34.573151,0
d25_29_G04_1_1_S,glasshouse_b1,Forrest,T1,R1,S,2756,228,1786,56,1224.178571,2512.589286,8396,1221,2519,9897,1325,2422,2756,235.2812046,1789.067489,3119,2505.975954,2490.268676,314825,2579.324075,2625.261533,3889,301.1064541,1673.929545,3045,248.7720854,1762.543842,79,35,278.494255,0.125676,88.847749,0.350802,0.410526,0.580571,549.767836,29.518209,308.689412,86.410627,192.083628,0,19.510282,78.748609,0,61.293359,247.396053,0,3.700125,25.818084,0
d11_15_G02_1_3_T,glasshouse_b2,5489,T1,R3,T,4191,1255,1396,83,755.4216867,1088.566265,8907,1265,1380,8907,1265,1380,4191,1252.468146,1395.334765,3595,785.3351878,1047.073992,303664,1456.452839,1466.306724,2485,1568.082093,351.7762575,4191,1252.468146,1395.334765,45,23,163.303197,0.140842,59.997247,0.39894,0.410526,0.725714,320.296068,22.013277,206.456361,29.128334,133.884578,0.290286,7.044322,58.473235,0.199544,22.13039,183.699085,0.626887,1.4117,20.49351,0.108066
d21_36_G05_0_4_S,glasshouse_b1,Hartog,T0,R4,S,4772,782,2783,71,791.6056338,3173.211268,22554,836,2542,23483,1085,2532,4772,795.7652976,2786.256077,7141,894.7472343,2841.046352,384045,868.8139489,2236.224786,8547,917.1831052,2757.497016,4754,795.5475389,2787.612958,192,110,571.914269,0.192337,208.884375,0.397803,0.435429,0.725714,1119.009843,77.264325,720.700244,105.805692,465.099871,1.008706,23.60884,205.124669,0.672503,74.169359,644.418153,2.112732,4.454471,72.456389,0.353466
d7_T002_04.11.23,field,Gladius,na,R2,T,227381,976,5476,69,763.2318841,5216.57971,372993,1081,5449,391575,1276,5243,196173,905.0386241,5517.923919,180097,1005.51872,5181.353582,1507888,840.6535585,5275.033385,301576,952.7853642,5664.956432,134989,1092.871293,5365.309655,1610,1247,6177.015229,0.201877,1164.725269,0.213711,0.18932,0.900019,12013.52851,244.44991,4135.849673,5512.969273,658.547608,5.498349,1079.000491,233.693955,3.693907,3389.907412,734.337511,11.60475,175.448117,67.036305,1.965488
d6_T020_28.10.23,field,Gladius,na,R8,T,288334,1139,4488,78,755.8846154,2884.641026,306276,1119,5261,302023,1208,5308,211823,1185.368652,4969.460011,158891,986.7374112,5902.78185,1537919,1400.996707,5286.787855,205240,847.5015786,2735.106704,197351,1171.795993,4936.868285,1249,1021,5378.568399,0.189827,1079.205727,0.226667,0.239473,0.990998,10449.62076,243.375213,3824.004148,4622.354553,736.920028,19.293817,937.938994,265.420546,13.779514,2946.622253,833.999422,43.382473,157.782268,77.71163,7.881315
d07_08_G01_1_4_T,glasshouse_b2,Gladius,T1,R4,T,12414,1718,793,69,1877.565217,1108.710145,9037,1831,986,9376,1816,968,12414,1772.451104,774.8032866,4410,1557.921088,364.7909297,478901,1821.62443,389.0727979,5061,1874.023513,1095.357242,12414,1772.451104,774.8032866,34,26,240.327422,0.108186,92.118315,0.416738,0.435429,0.781618,471.476878,34.204556,314.984517,20.648158,212.311311,7.367953,5.347596,89.774393,5.140697,16.799967,282.034574,16.149976,1.122386,30.255429,2.826742
d27_12_G02_0_4_T,glasshouse_b2,5489,T0,R4,T,15105,1049,2093,64,2041.3125,3440.8125,31561,2043,2948,32182,2043,2922,15105,1167.136776,2099.199934,18266,1493.966112,902.8713457,431803,1059.7792,929.4699759,18026,1490.554033,895.9630534,13550,1954.315941,2797.200295,176,132,862.266172,0.153085,326.835423,0.417038,0.435429,0.870857,1682.188565,123.158366,1132.684559,82.308388,775.002297,4.955487,20.2925,336.823662,3.428531,63.750769,1058.162742,10.771047,4.143816,117.134769,1.879781
d29_38_G05_1_2_S,glasshouse_b1,Hartog,T1,R2,S,2953,1058,2510,56,715.9464286,2073.160714,16102,584,2476,16097,584,2476,2953,1056.059939,2510.091771,9079,857.4359511,2262.739949,386165,878.0798519,2213.020328,6435,807.8923077,2279.973427,2953,1056.059939,2510.091771,152,74,552.173652,0.134016,192.310346,0.381969,0.435429,0.781618,1087.231496,68.048908,664.937757,126.721736,424.660924,0.790992,30.428275,180.670535,0.557452,95.593244,567.593227,1.751286,6.114265,61.62473,0.309913
d11_07_G01_1_3_T,glasshouse_b2,Gladius,T1,R3,T,10991,1465,1347,60,1342.55,1899.316667,15314,1395,1752,21016,1432,1550,9893,1446.503487,1400.642778,7589,1699.388457,1058.335617,363812,1452.515192,1007.330992,8773,1363.972529,1897.74148,9893,1446.503487,1400.642778,59,35,404.1526,0.086601,157.429573,0.424781,0.435429,0.846321,797.626,58.946962,540.863122,19.84383,382.616861,1.691909,5.024862,165.900012,1.199227,15.786069,521.30957,3.767483,1.042702,57.2325,0.67176
d7_T006_04.11.23,field,3811,na,R3,S,66096,1105,5885,58,1725.327586,5874.568966,272330,1266,1828,363764,1204,2482,59872,1170.484367,5918.879376,118055,1455.580297,6129.743992,1713689,1532.189479,5880.072614,163496,1466.484746,5873.375771,32463,1835.164125,6098.729292,1463,719,5468.170915,0.131488,965.637854,0.195556,0.18932,0.567961,10800.55122,179.185844,3367.951823,5185.098621,283.072294,0,975.595772,96.428531,0,3064.956358,302.995465,0,152.942622,26.243222,0
d41_31_G04_1_3_S,glasshouse_b1,Forrest,T1,R3,S,4254,665,3181,64,1526.046875,564.3125,15335,776,2471,15335,776,2471,4254,644.7733898,3175.374706,8745,683.6659806,2017.766953,365558,2026.300623,3664.437063,6694,1592.410965,601.7040633,4254,644.7733898,3175.374706,180,92,575.27474,0.159924,190.598697,0.365013,0.410526,1.026315,1127.705686,67.074272,664.701998,176.347927,388.674863,10.25195,41.910207,162.342651,7.32836,131.664798,510.014479,23.022722,8.314529,54.568689,4.191053
d27_47_G06_1_3_S,glasshouse_b2,3811,T1,R3,S,6596,1448,2139,68,1578.882353,2327.514706,18661,1414,2443,17846,1457,2050,6505,1449.039816,2133.201691,8965,1384.549582,2471.488344,379409,1454.515765,1562.268539,9528,1447.537049,1806.786314,6504,1449.044588,2133.137915,127,71,486.178667,0.146037,163.565176,0.373779,0.410526,0.740086,955.129829,56.653087,574.52939,105.457789,379.627148,1.093729,26.641403,155.489311,0.747671,83.696437,488.484077,2.348876,5.542463,50.70729,0.403335
d13_42_G06_0_2_S,glasshouse_b1,3811,T0,R2,S,4611,1904,2348,71,1905.43662,2350.943662,16730,1065,1269,17264,1066,1270,4611,1904.528085,2347.709174,7776,876.586677,1643.502572,375672,861.1020757,1297.371641,8291,1433.953443,468.8024364,4611,1904.528085,2347.709174,104,62,434.433253,0.142715,162.727785,0.406114,0.435429,0.649099,855.090753,59.864612,558.79111,55.03081,378.936955,0.465489,13.3697,164.201721,0.297313,42.002152,515.854921,0.934037,2.699317,57.016063,0.149232
d37_35_G05_0_3_S,glasshouse_b1,Hartog,T0,R3,S,8557,1463,4314,67,820.9104478,1096.597015,25912,1260,3949,30438,1158,3845,8557,1441.27907,4335.127498,12944,1286.035151,3622.296508,348046,1457.711294,4134.163691,13531,1285.414751,3613.353115,3848,971.0576923,2229.052755,398,244,949.935291,0.25686,316.070467,0.374496,0.410526,0.973648,1826.929064,119.136918,1127.936618,281.038528,660.514946,8.381817,61.438968,291.740557,5.7534,193.016211,916.623586,18.296821,11.385104,104.524443,3.227372
d5_T005_21.10.23,field,3811,na,R2,S,26571,1911,4912,65,1390.230769,2176.753846,179839,1339,5368,134998,1787,5070,18773,1959.454003,4896.728333,79751,1797.657572,4931.389462,529389,1963.931049,4426.602882,76863,1802.516607,4963.769213,13471,2019.52446,4845.526761,951,292,2721.848769,0.10728,473.671096,0.191908,0.18932,0.567961,5420.025337,86.44279,1646.861991,2595.971122,125.877647,0,481.141983,43.07047,0,1511.552118,135.309873,0,74.650066,11.792723,0
d1_T001_27.09.23,field,Gladius,na,R1,T,129148,1196,5751,74,1703.364865,5877.824324,352590,1275,5577,349152,1321,5578,119081,1208.344362,5731.565598,134876,1422.042016,4863.276083,498646,1562.275073,5337.998562,341322,1306.694154,5607.170162,114727,1190.518291,5740.158254,1215,621,4248.450854,0.146171,831.193678,0.218059,0.18932,0.900019,8348.883425,178.179962,2914.78541,3702.82693,541.708197,3.915726,731.183399,193.914373,2.641345,2297.14409,609.343288,8.298032,120.49811,56.266973,1.414879
d37_44_G06_0_4_S,glasshouse_b1,3811,T0,R4,S,8563,693,2973,62,2160.983871,3187.725806,40124,1013,2272,45062,1056,2448,8268,1247.19642,4051.850266,16687,907.2388686,4261.714029,362592,2009.727377,2147.348673,18023,812.4742274,2220.067858,7915,1247.285913,4047.354517,403,273,1431.933319,0.190651,483.090541,0.377189,0.410526,1.026315,2772.755074,176.801556,1703.432426,413.355191,999.330709,19.247419,97.288934,430.894161,14.036286,305.642202,1353.693932,44.096293,19.181843,149.426513,8.1932
d45_09_G02_0_1_T,glasshouse_b1,5489,T0,R1,T,14794,782,4470,57,1186.578947,3816.701754,50050,2437,3269,46472,2158,3003,13537,795.9899535,4440.684125,22094,910.4238707,4492.57545,541927,846.1512842,3919.430071,25009,2485.150506,4143.062937,11959,808.439418,4380.974663,593,477,1679.158567,0.284071,594.54259,0.402543,0.410526,1.54289,3187.264266,249.360162,2135.632854,444.084887,1148.652371,86.421309,95.586627,517.104573,66.91213,300.341043,1624.912423,210.379388,17.49269,188.829216,43.038256
d43_47_G06_1_3_S,glasshouse_b2,3811,T1,R3,S,5638,1016,3238,59,2028.084746,2349.508475,32344,1306,3851,31639,872,3648,5638,985.1695637,3237.61387,18392,1191.941061,3354.915615,396256,1455.969252,2082.752915,12950,1320.679614,3245.386409,4991,691.9525145,4667.834702,383,235,1019.754592,0.230448,330.764315,0.364336,0.410526,1.026315,1969.310794,121.72031,1178.86997,374.818574,623.84941,21.086608,87.910503,272.339578,14.912748,276.36618,855.654011,46.849778,17.341473,95.98102,8.397817
d33_05_G01_1_1_T,glasshouse_b1,Gladius,T1,R1,T,16347,1323,3800,58,1428.844828,4259.741379,26416,1655,2346,26294,1655,2346,16347,1443.0052,3765.428886,11511,1378.475632,3176.452263,487051,1419.91143,3362.797565,11084,1487.81568,2503.213912,7951,1445.192177,4353.448497,265,166,979.253755,0.169517,352.999952,0.397126,0.435429,0.870857,1914.756584,130.043939,1226.957294,185.850145,778.414772,14.988838,46.099972,333.797741,10.631371,144.827332,1048.730525,33.399437,9.432527,114.655668,5.955745
d13_10_G02_0_1_T,glasshouse_b1,5489,T0,R2,T,10878,2016,1164,58,1930.603448,1003.568966,12106,1831,924,20209,2094,1353,10878,1990.947693,1183.080438,6397,1965.817102,1047.259028,423571,1540.647018,972.300606,7186,1653.051489,326.1180072,8534,1951.876494,1653.954769,93,67,450.93431,0.14858,167.810066,0.407162,0.435429,0.973648,877.687595,61.676731,576.705492,47.802475,400.781625,2.350209,10.435165,171.255647,1.880248,32.783038,538.015481,5.906973,1.921255,58.550266,1.205209
d05_31_G04_1_3_S,glasshouse_b1,Forrest,T1,R3,S,1194,1621,547,64,1459.390625,230.359375,2263,1644,610,2457,1641,599,1194,1622.070352,547.4137353,1184,1617.134291,529.3597973,302657,1460.903184,276.9932927,1615,1475.778328,225.301548,1259,1548.314535,274.5710882,51,35,86.959887,0.402484,30.651683,0.391204,0.410526,0.580571,165.655177,11.398279,108.466057,15.470684,71.489203,0,3.703536,30.822282,0,11.635,96.831056,0,0.732544,10.665735,0
d27_19_G03_0_3_T,glasshouse_b2,CALINGIRI,T0,R3,T,10280,1484,3180,57,1186.140351,3710.210526,37894,1473,1792,37914,1470,1817,10115,1469.649333,3168.205635,18737,1148.48076,2187.326146,733183,1458.995136,2351.803441,13386,915.2393545,2315.125579,10119,1469.646803,3168.46971,197,133,1028.886329,0.129266,379.907074,0.407421,0.435429,0.725714,2019.49944,139.878538,1323.002396,123.680512,904.577577,0.62824,32.470533,388.244278,0.409931,102.009189,1219.70537,1.287837,6.942457,132.725582,0.210499
d43_36_G05_0_4_S,glasshouse_b2,Hartog,T0,R4,S,12912,1505,668,66,554.8484848,3022.545455,59412,788,3600,80509,1029,3192,9372,1905.608835,4405.212121,39991,1626.182216,879.7034333,380131,1450.922532,329.5999695,36459,1661.906498,818.3665213,8447,758.5644608,4490.281047,762,548,1725.141903,0.317655,624.072485,0.42852,0.435429,2.157704,3184.539355,311.427566,2340.899854,423.143422,1154.807544,147.190937,92.111646,520.168116,132.470998,289.377271,1634.490033,417.03255,17.005395,189.392082,105.03009
d37_31_G04_1_3_S,glasshouse_b1,Forrest,T1,R3,S,4220,679,3183,62,750.3870968,2049.209677,13196,785,2513,13196,785,2513,4220,659.4547393,3178.753791,6152,811.2077373,2119.030559,360208,2025.857893,3654.321728,5756,2103.455872,3651.99114,3986,665.6746111,3164.619669,143,71,476.858882,0.148891,158.604028,0.363348,0.410526,0.615789,938.42442,54.081357,548.728123,127.938727,348.744953,0.175203,29.834543,144.723155,0.107888,93.72798,454.661202,0.33894,5.850636,48.178542,0.052179
d41_08_G01_1_4_T,glasshouse_b1,Gladius,T1,R4,T,11304,1928,2089,60,1779.383333,1188.516667,28552,1894,1933,29969,1904,1965,11304,1977.365092,2074.716472,16264,1867.89984,1690.329993,780464,1915.396741,1504.546921,30253,1907.431131,2545.294615,12565,1944.336092,1905.35376,338,228,1056.772948,0.215751,364.19677,0.383703,0.410526,0.917964,2047.259069,137.883786,1279.031963,400.004918,639.668578,17.099452,99.959346,295.11506,12.039216,314.078346,927.131304,37.822313,20.594928,110.544601,6.744257
d09_17_G03_0_1_T,glasshouse_b1,CALINGIRI,T0,R1,T,6727,2259,936,67,1606.567164,285.6716418,12536,1206,1273,16484,1557,1189,6727,2229.979932,951.1095585,5867,1522.945799,730.2067496,437855,1433.674406,427.1074808,8217,1637.349032,321.9292929,8197,2170.83311,851.1495669,79,55,402.284174,0.136719,163.033249,0.434792,0.435429,0.649099,789.899855,62.020112,552.716509,20.535211,381.676391,0.072571,5.010094,170.877929,0.047106,15.739675,536.828846,0.147988,1.011015,60.985083,0.024015
d21_25_G04_0_1_S,glasshouse_b1,Forrest,T0,R1,S,6162,1524,1831,58,834.6724138,2994.189655,11996,670,2775,18063,1133,2534,6162,1490.779779,1819.942713,5736,794.8802301,3034.886681,508541,1404.251227,1578.979874,7231,835.8723551,2968.158761,6162,1490.779779,1819.942713,93,66,392.865879,0.167996,143.799581,0.40272,0.435429,0.917964,765.748309,53.515307,498.765739,62.862633,326.759412,3.243833,14.05436,142.354309,2.353397,44.153073,447.219251,7.393415,2.623808,49.531251,1.360248
d05_06_G01_1_2_T,glasshouse_b1,Gladius,T1,R2,T,3474,1647,839,65,1754.569231,257.2769231,4769,1682,595,4672,1670,623,3474,1644.058434,839.4689119,2327,1724.693167,775.6549205,328725,1922.045062,882.0561077,2314,1835.647796,673.9611063,3474,1644.058434,839.4689119,25,13,154.126697,0.084346,58.248731,0.409491,0.435429,0.580571,305.517562,21.179393,199.682099,14.771124,139.355574,0,3.83342,59.727366,0,12.043045,187.639054,0,0.814512,20.364881,0
d1_T021_27.09.23,field,Gladius,na,R9,T,34560,484,3025,52,1451.442308,1458.903846,185528,927,2041,204392,955,2082,34557,481.159765,3022.862546,107237,758.0331509,3246.334017,529385,702.2654722,2661.732933,107705,533.1250267,3034.604039,32279,491.4305276,3045.597819,1115,366,3244.776318,0.112797,600.968332,0.205035,0.18932,0.863434,6442.32943,119.206822,2094.23503,2981.628586,257.596778,5.550954,573.693848,88.969897,3.840567,1802.447292,279.722242,12.065496,92.302022,24.801263,2.103537
d07_29_G04_1_1_S,glasshouse_b2,Forrest,T1,R1,S,1747,1485,321,64,1447.078125,196.515625,3331,1420,264,2617,1355,669,1747,1478.74585,321.3560389,2194,1448.092981,210.8195077,313483,1451.550224,283.404829,2227,1448.719802,212.1127077,1308,1337.13685,706.5267584,26,14,78.824075,0.177611,27.012454,0.37744,0.410526,0.52332,154.45928,9.287723,93.72662,14.832129,63.991946,0,3.581372,26.252738,0,11.251211,82.475409,0,0.713886,8.573837,0
d41_04_G01_0_4_T,glasshouse_b1,Gladius,T0,R4,T,19442,2068,3505,60,1632.916667,1030.766667,42640,1718,2165,43030,1726,2178,19442,2060.663923,3503.153174,18707,2093.502058,4366.929064,448369,1989.075875,3479.144278,26086,1632.130951,834.5861382,17252,2093.31747,3636.223394,553,445,1612.867012,0.275906,570.584771,0.402686,0.435429,1.026315,3062.439891,227.392269,2046.956754,352.48058,1200.501882,59.88455,81.744119,526.767803,42.973242,256.806723,1655.14561,135.004421,15.919305,186.919211,24.553753
d43_41_G06_0_1_S,glasshouse_b2,3811,T0,R1,S,21345,942,3998,78,1311.961538,3530.615385,85970,1464,3672,97697,1630,3501,14966,1183.387278,4534.650808,39284,1333.494502,3579.250127,628633,1220.742909,3655.111692,59615,1206.10915,4009.375208,12292,2375.169297,2956.410348,1047,833,2394.520485,0.347878,815.950968,0.395768,0.410526,1.451429,4448.856792,341.793555,3009.978561,688.230001,1567.719709,138.570776,166.76625,686.052492,105.03346,523.911626,2155.954194,330.11274,33.631689,243.577699,64.584167
d43_20_G03_0_4_T,glasshouse_b2,CALINGIRI,T0,R4,T,19663,2105,1116,57,767.8947368,2208.947368,78415,1549,1458,102848,1735,3280,19663,2059.375477,1161.592432,42045,1627.775455,987.4281365,617569,1529.144154,3564.530025,40324,1619.789803,957.3787075,17431,1853.099535,2377.766049,558,492,2146.770729,0.229181,815.555973,0.430387,0.435429,1.451429,4074.949576,351.016375,2922.647705,386.849226,1622.899112,137.022392,96.92688,726.735401,106.381199,304.504775,2283.243034,334.899896,20.011913,263.203684,67.800779
d1_T004_27.09.23,field,3811,na,R1,S,32273,1492,5215,65,1574.523077,5526.153846,204284,1155,5139,231158,1182,4979,19877,1429.856618,5356.062635,93987,1220.678413,3098.346495,420612,1425.69717,4931.346783,170120,1279.498301,5274.579967,18350,1445.2,5322.578256,945,377,3609.576457,0.104444,716.54337,0.218108,0.18932,0.911888,7156.530343,149.035148,2481.820279,3168.616232,436.920507,4.039718,637.648173,149.424411,2.884934,2003.230815,469.526177,9.063287,106.388167,41.012054,1.634927
d15_31_G04_1_3_S,glasshouse_b2,Forrest,T1,R3,S,1934,643,1515,53,565.3207547,1811.132075,8111,1109,1786,8767,1133,1747,1934,643.0170631,1514.70062,3778,603.6058761,1676.123346,378303,1334.94599,1467.224817,2417,1355.083575,1414.730244,1934,643.0170631,1514.70062,71,39,202.484779,0.192607,67.833966,0.363308,0.410526,0.580571,397.437968,22.913771,234.53864,44.585681,157.899097,0,10.695063,63.960905,0,33.599531,200.939109,0,2.13446,20.779311,0
d09_20_G03_0_4_T,glasshouse_b1,CALINGIRI,T0,R4,T,6544,1981,1533,49,1833.938776,958.8367347,10364,1757,1564,13127,1895,1218,6544,1950.397311,1533.127903,4975,1748.883819,758.4651256,494462,1990.834782,1052.298793,7442,1483.630476,346.9333512,6544,1950.397311,1533.127903,97,59,348.083113,0.1695,134.635675,0.417525,0.435429,0.725714,680.377333,50.209185,460.208732,35.057309,312.252421,0.773383,8.43166,137.547901,0.509428,26.488841,432.119477,1.600414,1.684829,48.259618,0.264738
d49_36_G05_0_4_S,glasshouse_b2,Hartog,T0,R4,S,23678,1520,688,48,3035.375,3515.1875,89232,1866,3909,120896,1027,3187,18049,1508.483794,689.9080281,58996,1600.651824,875.3851109,378522,1454.412618,326.156654,51031,1634.603516,778.8113304,18030,1508.688131,690.0604548,1293,931,2636.902334,0.353066,882.231284,0.415602,0.410526,2.497132,4793.131392,508.60504,3460.918869,948.831095,1414.547943,273.523295,202.715732,631.590318,266.858335,636.850255,1984.604101,839.464513,36.773895,229.038353,242.792791
d17_01_G01_0_1_T,glasshouse_b1,Gladius,T0,R1,T,11128,2179,2474,59,2067.254237,2044.084746,21457,2177,2395,21770,2174,2381,11128,2147.411844,2487.735442,7736,2253.189891,2372.569545,347146,2028.961846,1606.59265,14015,2329.90132,2688.06122,7994,873.2275457,2371.582562,142,96,551.848971,0.173961,216.947558,0.427127,0.435429,0.598439,1077.600885,82.823622,742.423586,52.331964,499.517007,0,12.679747,223.64102,0,39.834601,702.588985,0,2.542953,80.280669,0
d25_06_G01_1_2_T,glasshouse_b1,Gladius,T1,R2,T,10017,1565,1804,70,1682.557143,460.8428571,12349,1571,1258,12226,1502,2050,8537,1488.401898,1930.545508,5519,1580.607356,1034.940025,483178,1823.131434,1603.786762,6023,1708.520339,480.8729869,5133,1559.920125,1663.084356,124,78,513.635203,0.151859,170.506571,0.36933,0.410526,0.725714,1003.712463,59.735555,600.275333,150.042067,355.423875,8.16926,39.364941,146.353473,5.355159,123.668608,459.782997,16.823729,8.415121,48.551899,2.768535
d33_42_G06_0_2_S,glasshouse_b1,3811,T0,R2,S,13880,915,3109,61,1919.672131,2324.508197,35027,1042,2624,41105,1446,2740,13880,864.9393372,3091.616066,17167,707.7040834,2421.876857,355789,1937.096928,2070.496738,19656,1847.516127,2771.985246,13849,865.2332298,3090.153657,357,233,1259.664498,0.18497,457.884535,0.40044,0.435429,1.161143,2441.315506,175.277876,1602.355559,226.629764,1003.838986,29.195747,50.803831,437.759456,21.482329,159.604944,1375.26189,67.488726,9.685461,152.888986,12.703428
d19_24_G03_1_4_T,glasshouse_b2,CALINGIRI,T1,R4,T,9947,2309,2332,49,1324.22449,1204.897959,20331,1301,2760,22518,1322,2693,9947,2299.805268,2336.010858,9489,1074.711455,2205.693118,353712,2054.227476,1553.844673,7465,1096.648359,3161.303014,9947,2299.805268,2336.010858,68,36,571.914181,0.062947,208.305048,0.401547,0.435429,0.580571,1134.279359,74.695261,721.196532,60.21219,511.701991,0,14.053611,215.510375,0,44.150722,677.045811,0,2.757193,71.938068,0
d33_32_G04_1_4_S,glasshouse_b1,Forrest,T1,R4,S,5073,612,2500,55,689.0727273,2223,10854,542,2744,10854,542,2744,5073,612.0918589,2500.768185,4444,2505.40414,3124.161341,502559,2951.021198,2642.995931,4468,2508.557073,3082.580797,4841,616.1109275,2481.674034,123,59,389.08951,0.151636,134.756808,0.377229,0.435429,0.725714,765.098035,47.802522,463.971542,95.707949,290.978525,2.403036,20.741611,125.425699,1.51942,65.161692,394.036453,4.773398,3.813803,43.232292,0.756426
d49_48_G06_1_4_S,glasshouse_b2,3811,T1,R4,S,22295,1429,3310,55,1619.690909,779.8181818,51197,1586,3898,48624,1586,3898,22294,1508.186911,3328.523639,26938,1039.383288,3583.520788,541631,1048.397922,3295.314251,15251,1598.889515,3704.793128,22093,1506.910107,3324.833069,525,335,1487.953912,0.225141,478.74032,0.36678,0.410526,1.231578,2857.644963,179.306864,1721.31681,491.915286,953.031907,43.006719,111.598209,403.340378,32.90533,350.596113,1267.205161,103.515536,21.333503,137.46253,20.510831
d45_19_G03_0_3_T,glasshouse_b1,CALINGIRI,T0,R3,T,13517,1744,3063,58,1604.896552,1329.017241,58960,1668,2317,65280,1700,2446,13517,1774.72886,3046.982023,31602,1430.375166,3092.53696,884829,1482.667428,2596.706251,48430,1592.205513,1077.299959,12244,1756.825302,2951.720271,728,606,2099.122345,0.288692,777.330901,0.415532,0.435429,1.338151,3993.061888,320.713412,2771.582309,474.917859,1538.843459,85.361028,118.186103,699.734755,63.992344,371.432988,2198.945986,201.203335,24.384628,257.371955,38.956829
d29_35_G05_0_3_S,glasshouse_b1,Hartog,T0,R3,S,4844,1376,4218,46,1528.652174,767.7826087,16781,1229,3556,21304,1158,3207,4844,1385.728324,4194.473782,7220,1283.8259,3179.684072,350583,1456.279885,3622.629817,9525,1544.758425,652.8258268,3834,963.5863328,2223.925926,199,105,621.130908,0.169046,216.621028,0.38154,0.410526,0.88287,1216.807954,78.726231,751.279286,145.765296,470.006893,5.358719,32.359181,203.20833,3.572113,101.659366,638.397796,11.222123,6.066655,70.771685,1.887891
d05_08_G01_1_4_T,glasshouse_b1,Gladius,T1,R4,T,3386,1666,683,69,1502.405797,364.9565217,3953,1711,829,4110,1709,823,3015,1651.624876,648.6480929,2436,1662.542693,506.3965517,384792,1456.352533,756.4499314,2755,1651.224319,425.5092559,3852,1760.981828,569.4192627,22,8,152.206544,0.05256,54.683235,0.387727,0.410526,0.52332,304.583134,18.714237,184.55321,29.29197,122.914574,0,7.062651,51.682461,0,22.187972,162.365238,0,1.414764,17.299473,0
d11_44_G06_0_4_S,glasshouse_b2,3811,T0,R4,S,5870,1139,1405,49,1817,641.9387755,17295,1219,1229,19483,1181,953,5870,1135.713799,1402.550256,8594,1548.653479,373.8259251,379279,1816.628403,272.4632896,12636,1662.971193,474.6126939,5782,1782.217572,613.0830163,112,68,475.584578,0.142982,176.41571,0.402703,0.410526,1.105375,929.751888,65.158097,605.853154,59.641048,410.880254,5.063276,13.40068,175.213718,4.23465,42.099477,550.450131,13.303546,2.551314,59.758855,2.847927
d27_08_G01_1_4_T,glasshouse_b2,Gladius,T1,R4,T,21993,1925,2104,56,1598.821429,814.1428571,21103,1954,2669,21163,1828,1264,10428,1603.990123,2102.748753,9003,1887.90381,1988.469177,421276,2001.57046,2095.504097,7366,2030.354602,2712.486696,9681,1938.999793,1587.407293,153,101,634.425308,0.159199,217.674351,0.38216,0.410526,0.870857,1239.115924,78.570273,762.306759,170.159244,449.549903,14.716161,43.82934,188.636218,10.18422,137.693932,592.618157,31.99467,9.232142,63.770742,5.567389
d15_23_G03_1_3_T,glasshouse_b2,CALINGIRI,T1,R3,T,9580,1416,2000,74,1586.148649,1449.837838,12224,1409,1982,12592,1529,1077,9580,1483.68048,1988.865866,6131,735.7956288,1459.09297,375025,1872.329514,1477.669518,5083,1505.096203,2370.740114,9580,1483.68048,1988.865866,82,50,330.042217,0.151496,123.997119,0.40729,0.435429,0.580571,648.607315,45.119071,424.289225,38.879577,291.16264,0,9.036417,126.019038,0,28.388741,395.900484,0,1.752511,43.36656,0
d07_10_G02_0_1_T,glasshouse_b2,5489,T0,R2,T,3700,1908,1208,53,1891.075472,1131.773585,11181,1742,370,10896,1742,370,3700,1884.381351,1202.128108,4571,1745.710567,245.746445,383276,1825.134911,271.0044146,3286,1545.101948,265.4297018,3700,1884.381351,1202.128108,71,41,255.029148,0.160766,88.515952,0.379628,0.410526,0.580571,499.453803,30.876193,303.79394,53.482425,201.546722,0,11.972834,84.704227,0,37.613768,266.180172,0,2.228269,28.647923,0
d43_10_G02_0_1_T,glasshouse_b2,5489,T0,R2,T,16450,2197,3896,63,2531.809524,2063.888889,66363,2232,3772,70581,2235,3652,16450,2120.572036,3880.513799,31762,1869.530162,892.2631132,374619,2034.641873,1039.818445,21468,2190.010015,1475.677054,16050,2517.336262,2865.401433,645,503,1895.412779,0.265378,690.005203,0.407684,0.410526,1.133602,3607.585696,277.46049,2441.014936,349.464777,1468.577492,77.37051,77.30545,638.780115,60.85162,242.909031,2006.934904,191.171001,14.471231,224.343855,38.645404
d17_08_G01_1_4_T,glasshouse_b1,Gladius,T1,R4,T,16852,1908,2079,62,1709.645161,1299.935484,13873,1885,1688,14731,1880,1712,16852,1959.199264,2062.262877,5900,1876.480508,2140.715085,847944,1640.723562,1478.759953,7553,1738.184827,942.8648219,21168,1908.936744,1767.00463,66,56,507.71639,0.110298,182.609246,0.399668,0.435429,0.846321,998.906606,66.460268,636.364261,73.924802,422.294357,11.497231,19.395475,175.002064,8.163496,60.932682,549.7852,25.646379,4.140985,57.749434,4.569848
d13_20_G03_0_4_T,glasshouse_b1,CALINGIRI,T0,R4,T,10148,1933,1915,66,1414.212121,406.5909091,16423,1931,1838,18283,1932,1745,10148,1886.126527,1911.592136,6790,1830.542121,1688.442563,393805,1997.022915,1805.877599,8737,1332.096715,435.6635001,10148,1886.126527,1911.592136,112,66,537.1622,0.122868,198.856745,0.406721,0.435429,1.056656,1054.626964,73.161806,689.265243,55.787469,478.764296,2.610435,13.690188,203.574447,2.135305,43.008995,639.547989,6.708259,2.781166,68.964854,1.415785
d13_37_G05_1_1_S,glasshouse_b1,Hartog,T1,R1,S,2212,1070,1914,62,2341.870968,1919.66129,7136,1060,1723,7136,1060,1723,2212,1069.955244,1914.006329,4351,989.0176971,1954.485176,293138,879.2121492,2043.368124,4365,989.2508591,1953.727377,2212,1069.955244,1914.006329,46,20,195.562632,0.102269,75.728617,0.41333,0.435429,0.580571,388.411312,27.89955,256.344355,25.190098,170.372534,0,6.181528,75.415415,0,19.419842,236.924513,0,1.25735,26.6422,0
d17_27_G04_0_3_S,glasshouse_b1,Forrest,T0,R3,S,5731,734,2631,70,1447.485714,731.3714286,14802,859,2148,15840,889,2064,5731,746.7574594,2631.484383,6475,753.4126641,2201.594903,375778,872.5579358,2470.295345,7018,750.1554574,2233.745512,3975,757.4877987,2486.81283,81,47,360.038539,0.130542,131.775905,0.39911,0.435429,0.580571,708.811263,47.691048,452.26385,53.810065,306.228474,0,12.252611,131.707443,0,38.492714,413.771136,0,2.313215,45.377833,0
d37_10_G02_0_1_T,glasshouse_b1,5489,T0,R2,T,21216,2430,2558,53,2490.245283,3813.09434,40607,2750,3975,42006,2750,3975,15736,2517.438612,2864.996314,22044,2411.094357,3622.333243,437430,2575.254761,2296.082809,19445,1782.669529,700.5790177,15695,2517.964129,2865.857216,415,339,1521.830119,0.222758,567.919865,0.413021,0.435429,1.105375,2926.513505,219.936672,1977.713999,211.096761,1275.946589,34.786769,48.384923,555.112521,25.971612,152.00572,1744.116055,81.592224,9.307309,194.993436,15.635926
d37_33_G05_0_1_S,glasshouse_b1,Hartog,T0,R1,S,5504,1349,3685,75,1582.186667,650.2,26087,1637,2924,35198,1716,2669,5457,1356.368884,3685.524281,9974,1171.406457,2405.239924,342047,1451.015761,3081.65962,19297,1460.059854,728.2145411,5457,1356.368884,3685.524281,358,224,874.400796,0.256175,307.248892,0.395816,0.435429,1.016,1669.045136,121.06652,1096.307432,193.065814,649.207569,32.127413,41.70736,283.624264,23.610317,131.027536,891.105898,74.173998,7.620577,99.587422,13.85852
d49_31_G04_1_3_S,glasshouse_b2,Forrest,T1,R3,S,4122,648,3198,62,807.5322581,2126.725806,26016,2052,3614,25194,994,1163,4122,627.5131004,3194.370209,12344,1531.731935,685.7682275,359407,1445.502052,778.7159237,12346,1525.858497,684.6065122,4045,628.7112485,3190.13424,326,182,821.867627,0.221447,265.026461,0.361327,0.410526,1.170179,1587.216761,96.837043,942.143593,281.599354,515.912045,24.356228,64.218114,218.182842,17.492664,201.747155,685.441615,54.954823,12.331476,74.394639,10.110929
d37_12_G02_0_3_T,glasshouse_b1,5489,T0,R4,T,13465,2061,2821,83,1675.433735,848.4216867,38583,1784,2196,37819,1776,2180,13465,1985.346528,2848.935834,17721,2378.347159,2979.060775,467492,2580.206089,1781.795182,22072,1600.895161,853.5155854,13442,1985.030948,2847.38655,326,230,1332.079217,0.172662,506.058237,0.419086,0.435429,0.929368,2587.95157,196.019447,1756.820836,188.082769,1118.24766,25.748788,46.19291,495.101789,17.918741,145.119307,1555.408143,56.293385,9.389532,176.736758,9.893158
d25_17_G03_0_1_T,glasshouse_b1,CALINGIRI,T0,R1,T,23622,1353,3044,76,1260.776316,2093.842105,26893,1538,1933,28401,1426,2129,23622,1292.651554,3080.561256,12041,1291.846192,1888.715306,706161,1374.419097,2576.061759,16218,1271.707609,2369.353928,10841,1280.549765,2753.80214,173,125,949.437276,0.131657,344.652372,0.402287,0.435429,0.870857,1856.589641,126.649505,1202.900398,132.474624,802.506716,14.455935,34.771086,337.862347,10.218226,109.236588,1061.562305,32.101505,7.421661,113.52504,5.702804
d31_38_G05_1_2_S,glasshouse_b2,Hartog,T1,R2,S,2926,1082,2518,58,876.1206897,2295.172414,22041,1110,1504,25495,1050,2015,2926,1080.302461,2517.643199,9984,857.9956931,2192.721154,310482,1443.672599,848.3627875,9285,883.8012924,2427.742272,2849,1080.75781,2511.213759,192,104,598.49589,0.173769,207.957451,0.381898,0.410526,0.781618,1173.114378,74.286445,723.366076,144.742217,451.989193,1.764481,35.744506,193.291356,1.185403,112.294676,607.347348,3.724052,7.325046,66.332006,0.629393
d29_43_G06_0_3_S,glasshouse_b1,3811,T0,R3,S,17057,1752,3654,61,685.4262295,2693.065574,35429,1282,2731,35638,1744,4006,17057,1806.803834,3653.520549,18364,1847.427957,2660.603463,476820,826.584512,3528.327212,20955,695.4246242,4009.903651,16844,1807.687545,3652.911066,288,208,1257.777918,0.165371,479.846308,0.417308,0.435429,1.170179,2448.301564,184.486765,1659.618177,147.519828,1098.457238,11.800853,33.228509,484.921553,10.093019,104.390439,1523.519584,31.708154,6.317833,171.113506,7.055426
d41_36_G05_0_4_S,glasshouse_b1,Hartog,T0,R4,S,9184,740,4515,86,1608.872093,977.2906977,40999,906,4215,44659,725,3934,9060,743.180574,4510.674283,21379,668.6855793,3009.717714,479453,369.9147675,2206.581949,29353,1676.085409,820.6511771,8231,752.0112987,4465.427773,682,492,1581.965894,0.311005,562.374122,0.420631,0.435429,2.021606,2930.566064,270.08585,2105.133251,385.773624,1086.409737,109.782533,83.7633,487.0453,98.834617,263.150168,1530.362665,311.620419,15.440622,176.293912,78.351316
d45_24_G03_1_4_T,glasshouse_b1,CALINGIRI,T1,R4,T,26833,1199,3797,58,1169.155172,3729.413793,29009,1308,4169,29621,1308,4166,25261,1247.762994,3822.138197,12125,1138.657155,2216.002309,533283,985.0773023,3263.457194,13443,2317.185598,1898.006397,15527,1211.407613,3970.976815,226,160,1169.480434,0.136813,403.385632,0.380652,0.410526,0.781618,2288.11555,142.173558,1403.774871,301.405893,860.027658,8.046883,80.133174,361.219918,5.411669,251.745791,1135.027822,17.001258,17.266027,122.032255,2.875276
d15_38_G05_1_2_S,glasshouse_b2,Hartog,T1,R2,S,3245,2234,1821,48,2161,1675.3125,17920,1029,1552,17920,1029,1552,3245,2219.48074,1828.031741,7892,879.5400405,2210.189559,386125,875.3671842,1652.310104,4034,1309.313585,719.8973723,3245,2219.48074,1828.031741,102,50,385.162322,0.129815,143.378252,0.40227,0.435429,0.580571,761.819566,52.667133,489.630938,62.103319,323.059003,0,13.468862,142.385506,0,42.313679,447.31726,0,2.48631,50.180823,0
d35_23_G03_1_3_T,glasshouse_b2,CALINGIRI,T1,R3,T,11285,1589,4173,64,1688.84375,4047.84375,30731,1518,3831,31051,1518,3831,9761,2073.603934,3479.449647,13999,1830.83506,2988.70455,616034,1988.175584,2756.930449,19926,1768.919552,3933.881662,7339,1573.173729,3856.060907,202,146,837.222961,0.174386,304.868383,0.401541,0.435429,0.598439,1631.186272,112.070816,1061.424441,136.912163,700.310798,0,34.517155,303.296533,0,108.485637,952.938804,0,7.200288,104.870528,0
d5_T023_21.10.23,field,3811,na,R8,S,74693.34174,544.1526014,3928.489868,76.84915005,906.0551098,6144.727065,271728.2189,973.1063297,4842.348611,324644.5795,837.8657528,4499.132119,55378.91402,541.5965977,3824.704718,141043.3253,996.4646744,4273.075042,509223.5833,378.8740117,3456.970612,246741.594,934.5356776,3694.042979,55409.14214,540.4835073,3777.964061,1496.454835,770.2403001,4578.345829,0.16353041,833.0920358,0.201878018,0.190557262,0.67609589,9059.38879,164.4030585,2943.811778,4284.036913,340.2154907,0.786914636,814.2230394,114.371672,-0.368445274,2564.264232,363.5285043,-0.247409943,129.7571662,35.84736506,0.568330391
d19_05_G01_1_1_T,glasshouse_b2,Gladius,T1,R1,T,7323.893516,1494.854138,3093.117984,54.86223844,1394.83066,2904.939031,23574.68223,1579.900671,2668.477394,31969.51391,1422.67537,2198.447474,7321.478477,1443.004091,3098.950506,11457.68041,1678.273357,993.5155078,505052.2667,1414.38084,1106.628143,9396.601871,1498.940233,2139.701062,6803.166126,1462.356349,3078.739141,114.4163084,54.99047088,548.3012733,0.115104221,217.1689964,0.407443942,0.433676844,0.620201847,1167.186539,76.86581854,761.414214,96.13407659,500.9740389,-0.687801446,18.19958488,223.2515511,1.223229196,42.69170856,689.7897657,3.881628014,3.637288965,75.44994812,-0.508094856
d37_12_G02_0_3_T,glasshouse_b1,5489,T0,R4,T,13184.3511,2059.428824,2853.26759,82.83635553,1681.242907,889.3466349,39117.00231,1777.824507,2183.419019,39581.71993,1765.498884,2202.275337,13266.62571,1978.697549,2839.971859,17351.55185,2392.427117,2962.305035,472439.2363,2593.343937,1755.421585,23839.88238,1609.842929,820.7851107,12602.11425,1988.299262,2864.240337,312.2977998,229.7512793,1353.672432,0.171196053,507.4584335,0.421188875,0.434996539,0.924534176,2579.363834,192.6155298,1762.627214,195.704038,1120.069994,25.88662298,49.19220738,489.7758839,18.46287592,142.2118349,1560.494703,57.54897501,8.666214161,176.5541834,10.33682172
d45_38_G05_1_2_S,glasshouse_b1,Hartog,T1,R2,S,3903.766084,928.5690552,1662.89883,71.5144977,1788.669133,775.0096131,24512.73865,1127.870435,2177.199085,21670.26458,966.0861107,2335.945833,4213.98714,931.2859081,1667.035027,11901.48186,928.3627531,1813.311794,380862.4461,845.5677925,1596.314836,22484.58891,892.399647,2150.736016,3320.735507,935.8246788,1739.61881,445.5396211,235.6778354,904.5245885,0.254726075,288.5503742,0.349723404,0.323481868,0.965092122,1827.403845,103.2466665,1018.132256,393.5835956,544.0986432,23.95077325,82.23219454,233.9308602,19.46879118,285.6252676,703.9265432,56.40971232,15.05913211,80.3699708,11.37877774
d21_19_G03_0_3_T,glasshouse_b1,CALINGIRI,T0,R3,T,11421.40284,1733.664664,2594.019602,57.64015701,1609.577562,2087.434702,21230.12088,1454.082185,3226.005539,19768.7821,1455.937029,3234.283013,9947.6089,1439.554085,3094.281515,9950.977768,1477.111071,2676.580654,755482.0388,1385.439752,2515.745764,16203.95276,1616.688361,2743.570938,9958.239918,1436.887426,3128.100594,103.5150169,78.14887401,750.4618352,0.096972798,280.9019802,0.404473631,0.436675292,0.581142302,1498.585311,102.1981714,998.8949008,83.24778213,683.5721547,0.992532757,19.86039786,299.8323265,0.216544457,80.44083791,906.8492128,-4.541554462,4.70140688,99.19397068,-0.463858129
d49_35_G05_0_3_S,glasshouse_b2,Hartog,T0,R3,S,20637.04236,1714.935673,654.908471,70.07393033,1694.290059,865.9143172,75970.11628,1326.027266,1249.030132,75280.63966,1545.030808,1028.53984,16887.88853,1743.39224,636.2003388,48162.64088,1740.539091,859.8355361,406074.3729,1479.866923,403.3228459,45643.28315,1738.055271,827.0599611,16578.22425,1749.31609,588.9594594,1389.605302,1083.154869,2376.23449,0.449818606,788.5305791,0.416072617,0.410572355,2.952879445,4287.48346,447.8581915,3158.943012,895.3594391,1201.654335,293.4353319,196.3208275,550.2737793,254.8786276,611.4927687,1738.903057,803.1595936,35.48090892,208.0807649,206.2977141
d35_07_G01_1_3_T,glasshouse_b2,Gladius,T1,R3,T,14640.14299,1456.916267,2548.430434,59.19442236,1623.887151,1566.884534,30133.06919,1595.597139,1211.892117,34102.90739,1461.997448,2575.109087,13832.12935,1346.355728,2089.500939,17640.83831,1610.891031,1454.452513,537931.0166,1418.393921,2513.836262,13052.51164,1343.780422,2530.376031,9122.753944,1499.465935,2738.656022,226.8339936,136.7845584,900.630688,0.147411718,322.3123329,0.382590126,0.409110806,0.820061533,1809.45788,114.9499228,1089.677501,238.7648647,625.3408886,2.978561952,78.18929006,277.8258007,2.216006274,219.8101948,872.3293612,6.641510452,15.31124269,99.09495971,1.713393584
d43_18_G03_0_2_T,glasshouse_b2,CALINGIRI,T0,R2,T,22612.58345,1150.460053,2381.904143,52.0703524,1925.160619,1698.011783,64846.04734,1365.96026,1524.804289,62645.93237,1199.344526,1959.092929,23385.32994,1179.513598,2385.052734,33264.09713,1545.681026,1024.060733,423773.233,1414.211456,2137.99725,27947.72361,1054.869291,2430.1932,20639.61881,1164.943519,2436.863982,460.1501237,340.0991051,1615.165825,0.201884821,604.2623876,0.399866936,0.43536239,1.200755674,3166.40261,235.6015755,2109.355562,465.6598488,1169.27931,34.40232601,119.7049439,527.9522257,24.32882811,334.1204222,1668.405019,80.26559707,22.61023357,196.6892988,13.97108909
d17_39_G05_1_3_S,glasshouse_b1,Hartog,T1,R3,S,3434.177575,1000.493845,2133.457516,51.50916542,1744.466373,2010.052118,8479.43917,997.3225608,2332.148841,4789.609369,982.5162202,2352.915874,3248.720361,1019.750604,2106.837523,1152.606066,1767.225365,1829.728397,297236.7023,903.4347395,2061.231097,2418.604905,1015.5792,2009.240711,2369.275637,1780.39887,1304.506549,54.20842859,32.83477975,216.2235334,0.180080876,75.07162469,0.419102119,0.435553655,0.578688548,358.191842,28.65623531,269.0231689,-35.44122473,173.8807458,-1.335291946,-0.400713285,77.41912688,-1.477442302,-1.056031158,234.9151808,-0.791942489,1.485490417,26.20534396,0.090023731
d41_41_G06_0_1_S,glasshouse_b1,3811,T0,R1,S,30558.98915,1296.545248,3730.398857,57.63164534,2386.784589,2691.128956,58224.30073,1195.160859,3859.457932,63732.48045,1199.450471,3837.893417,30983.98344,1319.762306,3670.897194,38539.03896,1302.17198,3614.835728,610039.5966,1238.8302,3616.791746,58709.54343,1214.86885,3929.142608,20709.86363,1248.173911,3731.073397,782.5058768,631.9528682,1989.376555,0.321133354,701.8118084,0.411664663,0.409980032,1.366289675,3682.13961,301.142674,2561.310214,502.0850533,1376.726532,120.2447448,121.4704213,605.1334923,90.76094252,376.9847687,1911.479999,292.4813262,22.85733985,218.9002182,57.68613814
d6_T008_28.10.23,field,3811,na,R4,S,34111.6038,1182.351386,6409.136538,68.10821806,704.7251585,6212.097732,172102.58,936.6271932,2873.198375,229946.0396,959.1262774,3469.381738,30406.21539,772.28348,3112.989489,86136.09255,944.9486657,2882.51665,460048.7492,1129.123917,2595.958529,94166.8832,889.0702399,2822.146018,28511.32133,791.2804914,3166.451628,962.1834465,460.3722623,3115.534517,0.149664956,572.1384464,0.208739858,0.189272787,0.853053906,6205.274447,118.2900615,2023.532115,2826.225772,294.3954319,2.752314881,536.5641824,97.38583639,0.802569783,1696.755717,313.579074,7.787418003,85.92715519,27.43659889,0.622853235
d45_33_G05_0_1_S,glasshouse_b1,Hartog,T0,R1,S,5571.606154,2001.460553,2742.700857,59.21194793,1154.459129,2173.335968,41009.68596,2054.728784,3063.547014,44423.19857,2062.599264,3017.641484,6525.315802,2016.882715,2775.386493,21545.41699,2208.437841,2444.389066,350244.9086,866.1661963,2074.744645,30006.38847,1492.655662,643.4870438,7591.67335,1388.073385,592.3499744,644.9893076,437.1299351,1428.112796,0.315428505,523.7078641,0.421650202,0.43456161,2.218495027,2639.501558,246.4495262,1884.501258,383.2912252,942.8667948,118.7834218,74.81640939,429.474193,102.0962989,214.9230576,1350.591762,326.4006344,14.98957251,154.0733277,77.03307631
d13_11_G02_0_3_T,glasshouse_b1,5489,T0,R3,T,5826.368401,2272.032024,1342.465061,64.98089609,1454.856646,2383.972442,11767.52983,1461.655524,2147.813595,11759.82177,1465.43865,2174.876463,5461.748587,2288.540009,1392.827582,5267.612786,1328.963117,2045.632725,378893.1638,2076.489151,978.0009052,9982.155398,1367.922052,2266.653469,6187.457493,2239.893689,1341.299191,79.39042368,45.97001401,381.6224507,0.118231536,159.3625899,0.421361386,0.435403047,0.61719694,803.4756808,59.44889655,530.9926835,61.59516311,364.5873849,0.889648958,11.99991175,156.6622482,0.39055462,42.39394097,509.8600059,-0.63509572,2.194305028,59.36866354,0.119133323
d27_25_G04_0_1_S,glasshouse_b2,Forrest,T0,R1,S,5659.901034,997.7742966,2855.36215,67.9761401,844.4862825,2746.674172,25415.13121,948.564704,3001.222923,24817.61101,959.1271953,2991.899691,6648.560939,1016.207417,2929.163133,9677.492052,847.0230727,2757.795305,449108.813,1379.641827,2664.577078,9073.452854,1395.982663,721.6956632,4355.535876,1480.931274,1808.198621,136.1695852,74.80871834,548.5395351,0.131913239,196.4924255,0.402957669,0.436693062,0.733456385,1083.864892,77.92734373,694.3490448,97.2261976,467.1182333,3.65418548,15.9495299,205.8795926,3.181043072,75.20199234,631.0086637,7.748747859,3.199462812,70.19552738,2.805192124
d49_19_G03_0_3_T,glasshouse_b2,CALINGIRI,T0,R3,T,17628.77524,1720.912034,2626.907991,60.77201943,1049.497054,2435.481068,86614.81765,1819.32658,3784.628704,132902.3597,1743.685644,3201.869126,11664.86862,1748.618895,3042.68865,51599.85592,1587.159454,984.9939533,486198.7748,1499.784138,2322.993857,51001.07772,1581.633746,1002.999894,11766.12287,1714.76425,2899.610558,883.9855315,681.8421278,2400.852558,0.279298988,914.1524293,0.428633319,0.43609157,1.621187794,4555.966411,404.0290261,3321.301204,601.9782812,1729.940441,139.3386425,143.9503604,807.1501623,112.2094445,447.6890819,2504.219487,355.3947915,29.75626095,301.1988963,75.31378464
d31_31_G04_1_3_S,glasshouse_b2,Forrest,T1,R3,S,3590.319074,661.6332908,3140.582701,53.0461915,397.3327403,2871.777426,17694.33219,973.8753229,1862.282948,17928.38806,973.1148296,1894.658871,3987.800011,645.1197287,3124.354986,6140.101919,2198.264582,2993.594269,357267.5988,1321.291048,2023.847146,4431.731606,634.4320108,3167.019705,4352.397124,652.7312582,3177.828099,126.430362,54.16974283,412.0213344,0.150563425,130.9718866,0.359859247,0.409421041,0.606607466,784.1593319,43.44820927,459.25828,112.4204934,301.4169761,-1.649993632,23.60727774,121.9995823,0.527403872,71.46886418,371.0046559,1.552341068,3.864167924,39.95224332,0.48384428
d17_25_G04_0_1_S,glasshouse_b1,Forrest,T0,R1,S,7112.168289,1522.821895,1863.473465,60.76663869,664.2264936,2471.310558,7974.646642,1525.465405,1573.789152,8714.369071,1092.088942,2557.547198,6220.15494,1473.777651,1850.397359,3442.481899,639.2016403,2571.075422,508912.9838,1415.721996,1508.359643,2152.512884,1340.8065,694.7647468,6435.458204,1466.635769,1827.142747,64.77084446,29.81476131,302.0500401,0.118660241,96.42018679,0.397409956,0.434715312,0.821981197,590.7850781,35.87190332,374.7799136,76.44050082,225.6579679,1.589656354,21.88533183,99.79907975,3.014030618,27.71130635,293.3408725,12.21262737,1.549328267,34.29406999,1.60116648
d41_29_G04_1_1_S,glasshouse_b1,Forrest,T1,R1,S,4447.164804,2210.986349,3638.986165,46.63643792,941.2265756,3457.180683,13077.77366,836.1983153,3954.966164,12467.58082,838.3926067,3757.008067,2933.340704,2206.198757,3672.948222,6607.922164,869.9580559,3714.123884,383337.0583,866.347445,3379.112772,4006.597549,862.118491,3690.919635,3703.245595,970.1267752,3298.18592,143.1108114,78.63095942,428.2102014,0.174065384,146.8291625,0.379186677,0.407728501,0.73038379,793.7793312,52.36399933,505.5865051,69.27154381,341.324849,2.708077446,25.3284474,136.7375086,0.641878446,82.99659831,432.6966099,5.807108197,4.54592494,44.88415362,0.749548312
d27_20_G03_0_4_T,glasshouse_b2,CALINGIRI,T0,R4,T,17149.39334,1796.171093,2358.609903,50.94306445,1593.748728,1379.908315,40809.35872,1121.678833,3721.38352,43517.9892,1072.242806,3404.704519,17928.50944,1876.622355,2389.221795,18523.92041,1533.575544,4242.702305,591248.6506,1533.869508,3534.02535,11769.38764,1868.780116,2591.104775,17815.71613,1885.354116,2340.228213,206.54158,139.7367536,1127.849674,0.125350435,388.5698979,0.39448137,0.436428583,0.914810619,2194.919649,140.9492938,1371.7609,160.5672202,890.3466127,6.562787891,49.25322803,378.9126505,5.798050232,159.0700326,1202.339004,16.32562646,9.323520028,129.700789,2.2288445
d1_T022_27.09.23,field,3811,na,R7,S,42041.12177,565.9803166,5238.343391,83.19511992,829.707502,4558.630188,184756.4912,1052.120772,5326.574016,189205.9012,1076.447005,5310.055695,43762.18135,546.4382974,5251.503384,76819.38455,1219.234442,5961.3123,517083.522,719.2995835,4905.630277,86141.51112,840.8782206,3496.221439,39499.92148,563.2225254,5302.871283,985.8273703,454.80125,3073.523649,0.148884381,574.0207015,0.205944498,0.187985947,0.73736677,6109.428194,117.0665012,2014.849646,2763.429873,283.0003577,2.155021169,532.3000862,99.66073986,0.227849495,1689.596158,324.3466613,1.14543963,86.19924067,25.68589212,0.575377896
d17_28_G04_0_4_S,glasshouse_b1,Forrest,T0,R4,S,3741.68361,1495.317979,2083.836423,57.03435798,1449.484118,919.0232146,9985.692846,1449.768259,2266.48611,7640.118146,1453.172818,2204.941486,4576.351993,1506.966738,2152.14007,6103.49529,1415.963577,1151.015317,364778.3086,1452.833155,1969.894101,5690.408775,1519.876379,647.3822798,4135.349959,1493.280452,2106.945628,113.775389,66.18736558,380.0069076,0.198009679,126.7597655,0.386554923,0.412070938,0.59337459,635.0627134,44.94839424,450.8451902,64.56202716,306.1980518,-0.868030681,12.45780752,122.0191009,0.58590198,35.70992105,394.2952171,-1.483251035,3.970597096,42.94922136,-1.274362969
d31_02_G01_0_2_T,glasshouse_b2,Gladius,T0,R2,T,13728.2956,1738.272138,3895.511829,60.99601843,1640.051026,4303.645677,38939.14906,1705.629173,3659.863049,41199.35464,1711.607109,3657.302893,13359.58061,1750.68107,3909.716973,17722.59471,1736.121532,3070.866314,416289.9591,1646.811173,3222.372897,21228.18363,1888.562266,3719.567486,8859.845006,1799.60048,3602.649767,214.8751373,146.9340554,967.625274,0.143037162,395.4241335,0.428955292,0.436474995,0.919857168,1960.896754,156.1345739,1363.465967,97.81601014,901.0190198,10.20030929,25.00729662,404.9536607,7.764748914,68.59592855,1249.762939,20.67368091,4.574288524,145.4534964,3.845526111
d37_24_G03_1_4_T,glasshouse_b1,CALINGIRI,T1,R4,T,26381.93115,1190.324371,3691.848374,47.30127912,2278.326487,2037.594898,26450.37708,1321.224296,4284.585385,24582.95164,1318.644249,4265.133707,27507.19258,1251.232483,3716.009888,11306.18677,1129.784871,3531.947892,581383.6081,981.0580704,2984.666522,13550.88861,1122.170801,2409.336505,25675.11431,1257.646751,3778.774204,175.7429818,128.6408094,996.2700382,0.124699235,335.6693103,0.38672221,0.410196037,0.813871209,1840.634917,120.4610105,1177.620292,172.4790112,777.4970294,3.834263573,43.47098526,320.91972,3.216991954,182.8690212,1028.884962,9.525934755,11.66747544,106.7212237,1.314067176
d05_23_G03_1_3_T,glasshouse_b1,CALINGIRI,T1,R3,T,1314.718335,1563.185846,996.4044988,66.28766973,1786.507294,320.142988,4980.338868,1632.993304,370.2642275,2222.180256,1631.50114,362.3085138,1400.711947,1553.044309,1006.823363,863.0739766,1802.03899,404.7354496,314140.3689,1464.240121,246.6049117,1361.609368,1781.820329,251.1340723,1034.14782,1566.656521,352.4692746,14.53835461,8.412749072,58.02735025,0.132262212,30.4523167,0.365555734,0.409702173,0.580701307,176.7841013,8.565629499,111.4006907,39.85974137,69.95170197,-0.748377912,4.010907993,26.01149094,-0.833757635,11.81810455,98.59489068,-2.935161914,1.792879468,9.525019973,0.224381388
d17_32_G04_1_4_S,glasshouse_b1,Forrest,T1,R4,S,2848.543418,1364.105624,998.1099691,61.24231502,1363.836326,915.7821474,2450.026005,766.4032369,1988.608463,4360.035551,838.1508224,1733.559398,2294.545862,1372.36869,962.7768085,1414.72539,788.9206189,1895.59119,329481.3589,875.1644305,2064.739988,1852.754394,1356.805985,970.1008412,1950.701942,795.7194746,1860.745783,21.24961412,9.697362475,115.2280809,0.098143312,37.34191623,0.400524786,0.435710043,0.584853878,220.7789109,17.65557685,164.8507793,70.86208907,102.6263794,0.157303678,3.69002564,42.15644544,2.261571001,13.7939927,136.5679695,-3.75992472,1.015505617,13.34426874,0.277793062
d6_T020_28.10.23,field,Gladius,na,R8,T,287932.8007,1149.293088,4523.197777,78.02131607,752.7076393,2830.321086,307036.0861,1110.294207,5258.061419,300857.1238,1212.298981,5335.494514,212381.7631,1189.0755,4961.558762,160166.0578,984.1827101,5900.297041,1537574.301,1399.840505,5275.496053,205653.2867,855.2033843,2714.965085,197328.15,1168.997284,4873.110201,1234.898489,1021.589152,5385.004228,0.190151242,1084.912986,0.226157141,0.239896675,0.993440566,10381.17975,241.7141298,3824.565719,4622.906073,726.1329063,18.91105969,944.1910157,267.7051113,14.19000827,2959.516465,838.6393938,43.23115576,158.4973131,78.00399007,8.726792719
d1_T010_27.09.23,field,Gladius,na,R3,T,17147.19942,1341.282327,5927.449128,53.04995628,1356.121983,6098.855049,143320.7183,1243.913477,5367.474486,153470.5438,1247.873524,5251.540667,13706.77954,1404.197706,5904.387124,61245.28652,1605.356662,6058.467208,414194.9679,1074.737666,5876.611195,96761.05728,1359.037916,5733.010337,8641.122969,889.4959754,5456.750204,1150.360373,687.2524668,4221.217619,0.161397055,827.7878467,0.221791665,0.188956396,0.850071813,8282.618021,185.2119324,2932.909369,3662.149277,545.8946827,5.528399203,729.0183428,206.0309034,4.045556393,2297.388272,653.556632,11.84785048,120.0167106,59.33829903,3.423494823
d07_27_G04_0_3_S,glasshouse_b2,Forrest,T0,R3,S,4345.382738,1445.593839,533.4461773,60.15755483,1398.363011,296.6257582,8503.53668,1454.62461,424.8490234,6618.730078,1455.867011,387.603023,4288.975528,1419.972515,524.5272323,3344.047399,1386.227882,290.2958489,388051.741,1830.326548,283.8330252,2778.802072,1350.896152,713.2792312,3910.378987,1407.431962,537.346208,58.04155372,46.12973898,163.6353923,0.222124153,55.3307182,0.383367249,0.410399843,0.597173545,237.5680802,22.45107776,215.4201421,-31.35963978,145.8536938,-0.918449762,7.431892925,68.41166973,-0.36120141,16.3388822,213.8589729,5.989120157,1.00820065,22.57925445,-0.414222137
d07_06_G01_1_2_T,glasshouse_b2,Gladius,T1,R2,T,7464.909884,1426.078309,695.7934392,65.14662033,1328.018755,941.3175051,7270.673978,1538.601844,1046.862281,11370.64347,1555.367647,1028.251373,6437.310741,1580.559483,999.557318,5256.130201,1642.75781,692.5018549,454742.8702,1458.25822,474.4677151,3092.831308,1737.130261,661.7638974,5881.23547,1419.297657,692.663505,22.0364889,21.32605097,269.2112633,0.077726894,98.62654556,0.419824533,0.437701319,0.595750458,494.2182551,34.989558,340.3308077,-5.119715323,237.0869786,-0.521677588,-0.134334584,98.7791019,0.461438737,27.41717797,319.0874402,-3.929154166,-0.030917801,35.34260571,-1.229613292
d09_33_G05_0_1_S,glasshouse_b1,Hartog,T0,R1,S,3709.474403,1239.243101,712.2581266,51.86284497,1386.396843,179.5884625,8702.545708,1256.564919,649.5723328,7361.97126,1254.169601,683.3220671,3111.793904,1243.825117,745.1138793,3928.830928,1118.673792,803.2761126,358142.3863,1456.2584,771.7570975,2875.467256,1132.354495,801.8953144,3253.251102,1251.860976,740.5806428,60.86382669,24.82724492,206.4316503,0.127505788,72.11263789,0.391172824,0.41138701,0.57368225,370.9427005,25.05092941,226.803619,50.20941949,156.3038269,0.220487917,0.291954781,67.22088992,0.538661004,2.643655247,235.3326906,2.692850987,2.040785123,24.75929127,0.051790962
d41_30_G04_1_2_S,glasshouse_b1,Forrest,T1,R2,S,1968.006446,1018.130899,3102.309239,67.77703465,771.298635,2214.723162,8638.636999,1011.765461,3054.877802,11449.52502,960.4748979,2085.151064,2104.956425,1000.508475,3156.797411,3941.959486,903.2938423,3151.064047,378659.2446,862.2945587,2530.614777,4809.731044,875.358069,3162.46162,1924.142397,1018.209783,3193.011339,173.2092999,81.52072962,459.822377,0.177431622,122.0970569,0.328186506,0.326675638,0.647689004,847.3344321,43.21529152,446.3481661,181.3771079,228.9271178,0.789944029,39.08455071,97.11963528,0.900873036,115.0138644,322.7021086,-2.105091073,7.798648974,32.71058631,-0.205636348
d49_08_G01_1_4_T,glasshouse_b2,Gladius,T1,R4,T,13445.30126,1914.073657,1980.908329,89.72683553,1567.325049,681.5377369,65289.46626,1665.347101,1498.400029,62384.21868,2061.859531,3152.888426,12469.10397,3105.230353,4005.175146,31323.69419,1666.786396,883.8273975,494298.3697,1982.567586,1761.372668,22276.06778,1598.000633,782.2064768,13139.11941,3113.283128,3971.738808,616.8903172,410.6436825,1794.154731,0.238563938,594.1878219,0.38673485,0.323706238,1.483871656,3299.564287,252.5020818,2095.553204,716.7059769,935.5320871,96.94421768,174.3597761,421.1635224,80.65391014,545.428668,1320.712928,254.1636604,34.41375653,160.2475447,56.21048676
d37_11_G02_0_3_T,glasshouse_b1,5489,T0,R3,T,12206.3272,1438.850628,4124.648974,51.10396554,1842.761961,978.6444067,28259.52512,1532.551848,3920.208084,24749.60695,1530.315069,3940.727602,11028.8744,1448.413878,4116.892303,10910.79434,1588.842446,3312.998886,543410.7022,1806.433579,3852.776306,10723.19064,1415.376924,4286.710565,7197.530443,1608.920382,3345.481301,303.3702526,207.5537306,1079.622202,0.2030702,376.4322033,0.400709494,0.437523417,1.015618378,1989.290164,141.9608127,1319.361145,248.2112234,812.9419272,24.05595291,51.36989644,357.9524028,18.11352587,118.0378441,1128.003477,57.65627354,9.45255467,124.0006534,11.01713936
d07_43_G06_0_3_S,glasshouse_b2,3811,T0,R3,S,4585.230991,1729.681708,466.0080749,66.0361601,1756.743553,302.1151949,8436.123245,1708.238803,479.5436313,10090.04361,1701.383936,481.6389944,2782.778254,1735.04921,388.8843139,6344.643931,1687.71743,371.4455719,411948.1118,1878.548128,248.029294,6294.927965,1679.501725,396.0764834,2826.997974,1712.558453,414.3855952,66.49787816,46.10390537,186.1820382,0.223250673,55.88187969,0.360376708,0.411517883,0.607705253,331.6385863,20.80022278,206.8688442,46.13532045,136.2342618,0.237356098,9.620812476,56.92315577,-0.41135105,48.96966813,188.9794394,2.102984735,2.239729887,19.58586246,0.727709312
d43_30_G04_1_2_S,glasshouse_b2,Forrest,T1,R2,S,1974.63206,1512.477255,622.2099877,62.23380603,944.9278358,3396.910864,13815.51717,993.4525803,2971.601274,15289.41672,944.2581361,1756.412501,1781.078087,1002.738639,3103.256386,7990.927933,1083.896615,3325.881568,343977.111,1320.08715,3234.841257,7121.16377,881.8669347,3256.321225,1688.51015,988.5045418,3095.836717,171.0843717,82.88736517,408.9840924,0.176496603,138.8903516,0.338820137,0.325795892,0.726458874,857.0638569,48.09846438,482.9421263,213.0584166,275.0988604,1.231305401,40.63165372,105.2543937,2.323108985,154.5904393,349.6254917,0.851186153,9.88863407,39.67609918,0.647884262
d17_27_G04_0_3_S,glasshouse_b1,Forrest,T0,R3,S,6630.340592,734.6795139,2639.202233,70.00939712,1437.089586,760.2938776,15691.5706,850.5619525,2131.209806,16936.40835,894.3164387,2004.056359,5463.893409,734.7417715,2684.437176,6438.62303,750.2363489,2162.93825,372869.3657,858.4609599,2460.997455,7685.236748,748.0554518,2173.051381,3803.938064,767.0911445,2524.484687,72.18822907,46.2071654,347.898514,0.131629146,131.1111255,0.39774172,0.437502055,0.580039474,728.0395981,51.78355639,450.8508835,54.76205157,316.9867499,1.30400929,6.526701349,135.5940563,-0.049060402,58.05985105,423.8138854,2.727675404,2.730982792,45.4122186,-0.451853876
d49_27_G04_0_3_S,glasshouse_b2,Forrest,T0,R3,S,10589.20933,1420.018554,664.1965048,77.03491036,1368.516814,701.3930846,45491.49206,1661.025646,1116.290573,49150.06555,755.2728288,3217.215741,11609.50928,1423.04829,652.5925582,27031.15265,1431.675676,792.4821117,475029.6051,843.5941046,2356.600542,31871.92728,1396.768664,842.8790946,11476.21361,1425.052933,603.7392622,517.7946289,360.1269356,1301.024591,0.278939645,455.6472839,0.403125163,0.411893618,1.689188937,2463.716146,196.0852955,1644.871787,378.3035118,859.6044781,83.57356089,87.84699156,367.2884417,68.58170295,269.2963703,1167.617575,211.7409088,16.55699738,131.3769434,48.6867366
d27_22_G03_1_2_T,glasshouse_b2,CALINGIRI,T1,R2,T,12264.72781,2137.989598,2398.479792,63.23341674,2247.153087,3670.660069,23078.99304,1747.127033,1683.361129,26927.98986,1907.186666,2964.559333,11998.47301,2143.563116,2405.72651,9772.580504,2015.140533,2793.511417,447064.8172,1998.309509,1732.842244,6835.50161,1898.303919,1869.73634,10310.67828,1146.421071,2523.316433,130.4553742,85.9329042,716.5909259,0.126201203,249.5445519,0.4014578,0.434734361,0.577067238,1432.141398,87.92853656,909.575551,56.76602317,629.9523286,-0.470478868,18.22500605,263.5345614,-0.250902261,45.62899378,834.8095352,1.681256393,2.952053328,86.43024184,-0.14791371
d09_34_G05_0_2_S,glasshouse_b1,Hartog,T0,R2,S,8016.816868,2132.990956,1023.640707,67.76664986,1652.135963,376.2921972,16087.25204,2130.768162,1108.765908,18083.00782,2137.264683,1028.091452,8011.989581,2141.530483,1018.343212,7322.199282,1435.869262,746.132142,403435.8571,1854.591398,388.8599964,8045.024569,1474.424478,316.0575746,8712.128568,2098.536482,1077.217963,109.4615573,50.947866,434.5560316,0.117314522,165.8656572,0.408024461,0.437493487,0.812767568,883.2748339,62.24987139,571.1776537,83.64593844,377.9167112,0.489413055,13.60493848,163.4268286,2.333029527,9.732868434,533.5453448,5.025594942,2.97051221,58.33843567,-0.418875278
d27_10_G02_0_1_T,glasshouse_b2,5489,T0,R2,T,16493.43924,2501.879538,2877.198446,63.67424215,2177.8455,1790.467143,38599.47797,2557.916986,3050.519281,55003.33657,2248.340023,1906.761958,15577.97283,2512.448551,2847.055091,16799.91102,2338.922118,2646.568197,429385.9197,2599.04975,2306.298864,15503.7725,2312.691534,2531.975117,15044.51339,2513.931783,2857.813476,225.2803151,165.5310357,1089.996118,0.161276449,386.2125775,0.404756672,0.434904914,1.022342048,2034.97707,139.0457895,1325.278955,145.9727331,895.7824955,17.08331868,36.78139154,385.2003498,10.88847603,102.1976581,1194.504444,33.88645043,5.56914913,130.7579374,6.597652227
d15_04_G01_0_4_T,glasshouse_b2,Gladius,T0,R4,T,13773.03031,1968.43228,2508.903675,48.11660527,1560.37412,761.7670896,19564.12628,1893.161134,2354.851599,21594.5337,1893.559164,2328.219067,11581.83769,2061.409234,2547.55532,10165.05708,1577.354367,742.3127769,363737.1784,2036.576091,2176.130321,9786.791643,2076.192219,2701.798084,11617.21318,2088.343201,2557.403216,91.93665224,60.12343186,567.1339429,0.099995742,206.9490197,0.411908929,0.434840252,0.866250785,1098.886033,78.32250297,710.1659467,73.43917611,507.4905027,2.129588891,16.0144565,206.7650546,0.059607343,30.95365473,677.7875252,0.634138585,3.391631843,72.32337684,0.134841538
d45_45_G06_1_1_S,glasshouse_b1,3811,T1,R1,S,9351.712798,1729.392086,4478.188077,56.04744949,1881.469195,4067.90003,38927.065,1734.442461,4357.154995,37259.62508,1741.895705,4374.003746,9079.786787,1747.412522,4537.573564,23002.3167,1860.044838,4535.822065,388156.7987,1919.794062,3458.63343,41169.80617,1836.699501,4137.93974,5891.055956,795.4513463,2212.100133,622.54468,345.1506297,1543.463884,0.217966736,510.487802,0.363742577,0.412145191,0.929384616,3157.983048,183.7043645,1809.568019,518.4359212,1011.773767,26.89946482,125.098174,430.1971405,19.91077067,379.8970387,1375.339316,58.80253851,22.94454133,152.6468393,10.41775597
d43_29_G04_1_1_S,glasshouse_b2,Forrest,T1,R1,S,5160.439022,2204.853028,3687.702936,54.60924885,857.0734783,3973.167714,20032.53406,1008.774351,3333.181174,24168.21696,1047.714214,3236.91028,3678.393347,2213.058468,3666.973853,7258.156904,855.3287565,4228.899702,395033.0417,893.9743634,3319.638722,6304.980917,2237.645721,3584.117869,4070.464688,852.9563823,4606.083696,153.1098172,84.83251874,487.2166546,0.177184984,160.6974874,0.372832566,0.413144606,0.644339776,958.8878925,56.74151755,547.3512845,113.3751497,346.1988582,-0.339280724,23.68652868,151.2927499,-0.102666997,66.12784047,468.0750073,-0.479915757,6.049750704,49.82566182,0.155179904
d15_36_G05_0_4_S,glasshouse_b2,Hartog,T0,R4,S,5158.961373,1171.679358,1732.385981,57.44525916,2431.183211,1412.464018,17934.43276,1416.969021,1226.626185,25108.85948,1206.945615,1663.708734,4731.39743,1176.914331,1759.471744,9164.785369,1119.209249,1602.11704,369953.9454,866.4329362,1511.802604,6669.554819,1277.485769,915.0727289,4589.400628,1174.763921,1775.022441,158.1063565,72.18661955,479.3987441,0.152945659,167.5028322,0.386971988,0.436055157,0.708799347,950.1993951,61.02520684,584.1266979,137.7681784,362.7481981,2.924705541,18.58264419,151.9333646,-0.61005125,82.42201441,497.9033003,1.818025724,3.669402911,55.8960721,0.913431619
d25_09_G02_0_1_T,glasshouse_b1,5489,T0,R1,T,8512.733951,1111.080862,2921.20652,70.31937928,2423.487861,3829.947868,32776.51786,2194.159089,3007.874516,28132.34905,2445.690075,3093.282081,7278.207642,1108.925842,2921.274585,10414.92773,2322.1351,3130.597952,351361.4233,2136.064457,3737.122118,13416.61988,2260.287825,1977.051581,6441.012364,793.0892753,4040.116935,134.3004266,92.37558905,845.5586052,0.108671158,327.2634047,0.431713695,0.43608283,0.729380732,1615.694557,122.3201379,1125.316013,18.49963031,759.250096,2.617457739,13.19383254,340.454655,4.079847968,42.98175031,1076.81282,3.11273525,2.439485741,120.6535889,1.176735111
d21_38_G05_1_2_S,glasshouse_b1,Hartog,T1,R2,S,3901.151994,2207.588576,1884.999995,77.96348637,800.2402604,2732.867001,15587.79904,603.1030391,2460.331068,14363.41866,596.2790523,2448.581594,2627.457884,2200.248057,1901.048436,6875.119551,846.3692125,2057.463985,385127.5421,880.9136731,2448.352107,8038.612868,824.4364075,2225.985134,3246.145148,2242.25997,1937.146824,113.4007383,49.63638949,442.4607498,0.102501446,184.3325697,0.400154334,0.436731216,0.648582156,990.8785558,69.44795127,628.7340733,36.60552282,426.250416,1.483324017,9.671935801,180.8968109,1.174833969,28.97802264,558.5290244,5.526403118,3.83691526,63.37021231,-0.24939127
d19_13_G02_1_1_T,glasshouse_b2,5489,T1,R1,T,11367.13484,1708.989749,1728.916675,53.26826079,2545.569209,2127.573227,20420.34355,1824.850938,2167.420826,16273.43269,1829.335421,2186.596879,10509.35549,1701.297842,1736.900643,8343.566246,1998.890341,1654.183801,543097.8179,1525.498084,1247.652704,5824.178124,1642.486716,971.6190136,10307.81697,1689.267,1745.273969,53.56759878,40.33657116,491.8745452,0.092069172,175.2614886,0.40370749,0.435204104,0.594964894,1003.58383,65.4190044,616.0076136,62.28617052,440.6464837,-0.150954204,-2.209218561,184.0922132,0.760853602,45.44837843,579.6054742,0.667839585,1.038417326,62.71932096,0.051916864
d35_01_G01_0_1_T,glasshouse_b2,Gladius,T0,R1,T,9421.620228,944.6823327,2769.125565,65.31226521,2449.996276,2259.191388,38287.09683,2069.447477,3397.073789,37639.49044,1836.176256,1806.591334,7326.381994,961.7755248,2727.860299,20132.75281,2392.848171,2392.213769,463498.8064,938.1318449,2317.529691,22897.15329,2196.674574,3823.665795,6373.445378,949.826227,2769.642125,309.0577686,184.0688323,1090.342142,0.17704033,391.5036436,0.401068223,0.435048168,1.03928229,2142.909973,142.9236914,1309.928743,189.4773719,858.5566758,12.76742398,45.94529873,369.0244778,9.772516805,132.9582386,1158.793585,35.9331519,7.903630206,131.3985438,6.175565788
d31_44_G06_0_4_S,glasshouse_b2,3811,T0,R4,S,9929.88667,663.547015,2883.138533,57.62021927,894.9543385,3443.179422,41155.6792,1217.164756,1411.257747,46615.87015,1199.087507,3183.159484,7026.580139,786.5129559,1445.365054,19128.85749,1515.118644,984.1312786,403757.5594,877.0045124,1013.864193,12402.50121,805.6913762,2714.445138,6565.218551,798.036978,1485.851249,295.4971171,177.5920165,1169.840731,0.15022996,416.0995052,0.387425284,0.43418773,1.063195123,2289.337941,151.1710787,1470.596667,256.0301366,927.2031803,6.700697449,62.68238978,394.3626471,4.870849421,192.8911671,1233.432009,15.45853276,11.41902098,136.8632959,3.663739439
d07_29_G04_1_1_S,glasshouse_b2,Forrest,T1,R1,S,1425.316243,1503.315955,302.7235328,63.64234125,1444.617974,236.383077,2411.080238,1416.512331,251.500223,451.0498444,1358.233115,654.5123288,1079.826746,1474.391084,332.1736059,3128.036523,1448.538507,228.698996,312687.9496,1444.8366,285.9616581,2586.518634,1444.309025,171.1431099,502.0535255,1355.455482,687.4687436,36.59389393,24.21632903,99.18904142,0.177358772,25.63556416,0.37693431,0.410561312,0.525867078,298.2998995,5.645584189,100.2153108,25.12305682,56.6336994,0.173532916,-0.574509562,32.65686106,-1.100520477,19.71575609,82.8837822,0.805742085,0.756346048,6.892021153,0.5492771
d11_26_G04_0_2_S,glasshouse_b2,Forrest,T0,R2,S,1804.475414,1346.578617,1856.915026,57.8373292,1524.005705,417.2146811,5401.303693,1590.7466,654.8731501,5215.036846,1588.221653,643.380246,2578.160136,1348.476872,1876.43605,4229.744502,1518.198314,413.4897471,362732.5904,1449.371466,330.7568808,2665.501978,1493.606382,373.8257217,3108.610012,1339.073967,1872.197202,46.93116953,20.5314365,168.3733171,0.149201219,55.32503481,0.419510622,0.434691104,0.619844964,301.7251099,20.29971655,198.4540748,22.72865854,144.7574951,1.64637823,5.228750521,66.58388341,-0.247279635,10.86586372,215.5020413,4.817726768,-0.087659833,23.22973828,-0.038789718
d27_20_G03_0_4_T,glasshouse_b2,CALINGIRI,T0,R4,T,17692.37969,1785.541629,2413.661507,51.49222272,1588.831598,1365.447222,41568.73997,1140.595825,3668.645251,44117.70818,1079.912048,3371.466573,17373.80395,1860.106955,2391.172502,19553.09541,1540.804977,4201.726926,598945.0001,1564.397514,3593.262474,14837.09606,1851.191472,2573.424201,18737.40041,1852.84711,2346.828709,186.0331477,133.9665226,1087.829958,0.123296979,389.973206,0.396652783,0.435060335,0.92066028,2131.964912,142.300532,1354.579378,177.2926274,907.8308849,6.474645047,49.80825234,376.4679457,4.863030839,161.6822973,1211.178476,16.90483884,9.041908614,128.9453343,2.054343
d33_17_G03_0_1_T,glasshouse_b1,CALINGIRI,T0,R1,T,20867.55209,1407.18641,3521.552979,57.89589367,1209.50951,2402.560718,33628.58505,1305.442772,3142.816442,34542.62507,2427.812639,2375.723022,21189.9173,1308.983543,3459.897689,14326.29396,2804.686374,2593.773229,491495.2849,1410.10611,2208.685285,18074.26718,1289.092245,2660.954871,18283.98814,1346.809147,3646.691864,229.8579141,173.4407975,1171.830953,0.158304173,402.0343955,0.390096841,0.410577013,0.759125417,2273.281516,145.8150921,1394.710717,194.0376302,901.3081282,10.24840381,66.2491012,381.6911825,6.280637462,201.6935827,1202.729073,26.17126686,14.26181496,130.9925256,4.401623467
d45_09_G02_0_1_T,glasshouse_b1,5489,T0,R1,T,14785.56858,776.464297,4466.702422,57.21685432,1185.587044,3794.60534,48251.23693,2436.978243,3231.0286,46353.32307,2160.966153,2991.074763,13956.97331,778.9238662,4464.384147,21635.5264,923.3542573,4483.996057,544651.9946,841.4304582,3882.572509,26119.04798,2482.92729,4135.622621,11540.42738,811.3656248,4389.291208,589.1558506,474.3230969,1643.797109,0.283519015,586.4646294,0.404026799,0.412051115,1.554227826,3189.733556,249.1041888,2135.848893,466.655689,1156.99775,85.73650871,94.62965956,514.9673044,67.24040398,303.1592859,1629.471968,213.0251419,16.2135741,189.0379655,42.86966336
d6_T002_28.10.23,field,Gladius,na,R2,T,203912.6439,721.9660231,5510.196425,54.92627178,555.6374588,5588.181407,353312.8217,924.1056205,5537.415501,355910.056,1247.104464,3518.428846,145472.8021,894.9848755,5342.808064,185318.2659,1067.468744,5123.369108,1372270.704,921.3589822,5068.649794,268075.7596,758.9769892,5706.421131,139047.4712,887.2469981,5416.032689,1553.145054,1260.039989,6074.380314,0.207167861,1168.888741,0.215786532,0.190060085,0.760403317,11855.58512,247.4456316,4133.220542,5406.830308,728.1735964,2.665160555,1060.780151,255.3074853,3.486421481,3310.406057,810.2944431,6.478850939,172.4032644,76.04384407,1.976928925
d43_18_G03_0_2_T,glasshouse_b2,CALINGIRI,T0,R2,T,22839.10304,1169.042333,2340.386986,52.29119291,1929.243522,1717.914742,64315.06655,1378.323698,1527.095037,65183.92729,1195.242681,1929.068406,23395.56349,1206.927857,2364.893229,33619.79063,1548.663689,1054.875597,418529.1458,1418.559658,2143.886481,27001.97516,1048.222199,2427.572161,19778.31182,1168.365497,2461.373761,465.1479191,338.0012961,1681.195751,0.203749338,598.7378204,0.401014868,0.43873993,1.194520685,3153.046195,234.5592333,2093.298475,474.5946507,1149.7845,33.64145789,108.0710747,536.766782,25.38157776,374.2900005,1678.806573,74.21724636,23.92273807,197.0734975,14.92132478
d25_06_G01_1_2_T,glasshouse_b1,Gladius,T1,R2,T,8988.138626,1548.667183,1821.254185,69.69109142,1674.923727,461.1557201,13429.32712,1567.478994,1220.5203,13182.39777,1507.799038,2063.733122,8236.555925,1474.908579,1959.440145,4798.690428,1590.978153,999.8608484,483496.6526,1834.754204,1625.725855,7937.877869,1698.254511,469.8423298,5268.715722,1560.280074,1631.979196,128.4692193,77.04869634,521.1796513,0.152507443,171.6918357,0.368685114,0.41080732,0.712208781,1073.993951,56.06665313,563.9718178,138.1213528,357.8868376,10.15154249,33.34645337,149.6278765,4.884264361,132.3620205,471.7422076,16.13242254,8.515831228,48.3284589,2.640519387
d31_08_G01_1_4_T,glasshouse_b2,Gladius,T1,R4,T,8668.372645,1973.533808,2569.08754,50.62073542,1844.426406,2048.183351,24863.14672,1807.518717,1202.734801,22595.2545,1796.058443,1276.351595,9036.794405,1940.417608,1590.274834,10888.03868,1714.438637,874.0032056,410831.5362,2002.079254,2087.651582,13874.80059,1875.827184,1498.938382,8035.392157,1607.623322,2047.00071,235.0953859,144.1850139,710.2081434,0.1999952,232.4196227,0.371514626,0.409152724,0.870639753,1370.115132,88.42444928,847.6659674,221.6359001,466.1093732,11.98755871,66.00000535,203.9275582,8.212458974,205.1157827,642.2968953,24.52776462,13.63372625,68.23400746,3.819332602
d29_30_G04_1_2_S,glasshouse_b1,Forrest,T1,R2,S,1613.372087,685.4682248,2263.446937,82.24460535,736.5788195,2361.77003,9189.16972,759.9540823,2434.641185,6771.436745,757.6176515,2430.296504,2160.973157,693.0401669,2244.503021,4327.246429,703.7892399,2450.630407,377543.4093,876.5230661,2481.76721,5073.727659,745.9842265,2346.57444,3286.396867,673.8621847,2313.403874,88.29985376,40.00713126,278.4355383,0.129129308,89.35786412,0.340451573,0.327441488,0.579098731,597.0281488,27.86943267,286.3801136,99.24258811,186.8276732,-0.043276547,22.74398347,73.42861206,-0.291535392,75.89098975,232.0853821,0.492859046,4.170470241,25.2069295,-0.319429785
d09_14_G02_1_2_T,glasshouse_b1,5489,T1,R2,T,5549.105165,1978.653117,1105.505847,74.07647288,1578.477483,228.3090333,7220.903989,2027.727036,1240.153914,3779.867141,1897.5049,833.7743426,5914.067817,1957.351064,1081.169526,4442.32454,1966.845852,937.2943969,382161.1286,1627.191706,838.2550443,3993.260292,1565.969703,290.0668544,6198.001056,1973.336946,1001.220501,37.12289031,33.0921555,177.7896905,0.152737343,56.55213396,0.419822182,0.43311989,0.579183552,308.7055539,23.94099757,213.8657312,25.81500206,127.9106242,1.205317494,3.135659803,63.50689335,-0.872334944,18.79440164,203.0777378,1.339205977,0.855978815,22.22021587,0.529629039
d25_20_G03_0_4_T,glasshouse_b1,CALINGIRI,T0,R4,T,15146.81676,1817.723929,2417.543416,49.24549188,1571.444153,4186.38342,28506.7754,1801.094554,2385.280542,31190.01909,952.1560558,2599.545241,16393.60643,1855.34647,2459.034601,15663.52809,1539.613676,4070.959792,481922.9706,1940.873286,3335.058975,15945.67602,1849.657092,2625.631776,18973.99916,1875.994801,2338.992431,154.3153611,104.5246671,997.259889,0.10969666,366.7182012,0.403358538,0.435844145,1.029807647,2004.92986,134.6080891,1276.457457,135.1239772,856.9190985,12.10002468,31.19292016,365.9324076,10.03184008,117.8175516,1148.366931,30.14805132,6.581771601,123.2893849,6.340695981
d31_42_G06_0_2_S,glasshouse_b2,3811,T0,R2,S,14464.39549,889.7491845,3089.702253,58.56208781,445.2906018,3478.743291,42925.14577,1050.213318,1703.819588,43698.47653,1027.040309,1840.876732,14331.79917,857.9933407,3153.182078,18792.86487,1927.10621,2774.472334,510931.649,1464.005345,3500.718451,17092.63388,780.5961307,2277.225708,13517.261,868.8372412,3121.055148,336.0711665,199.3141485,1223.849929,0.16566942,430.391156,0.396136769,0.43544468,0.827261652,2209.130466,162.3132492,1471.742545,233.6017008,943.5703907,14.05851872,52.24326753,415.2007465,10.34586272,160.7822627,1304.3584,31.796244,9.692946455,145.6521,6.39632008
d31_14_G02_1_2_T,glasshouse_b2,5489,T1,R2,T,19373.93709,2371.509193,2783.175396,64.74239815,2260.018905,3204.645165,19949.42396,2104.021317,3318.494571,23843.94469,2126.110901,1832.401358,14292.04796,2396.309588,3317.135193,10016.41907,2123.373481,2466.813479,591277.1983,2122.252182,2138.753555,8434.820963,2336.98249,3799.79244,13820.17848,2399.422535,3289.002631,97.85644874,60.0409946,730.0215127,0.097399479,237.7158111,0.395298337,0.43569614,0.73313419,1258.929119,82.54162085,830.4445993,90.65822327,544.7050719,2.372397158,28.68018137,223.9268869,-0.166867918,58.93310448,705.0378229,1.228004594,7.653432346,76.26899852,0.342970261
d09_11_G02_0_3_T,glasshouse_b1,5489,T0,R3,T,4526.037271,2180.666596,1116.578311,55.50324431,1513.125678,1395.927846,8123.926899,2027.703096,865.7078053,8616.193918,1557.541573,1362.199067,4145.037725,2153.792887,1025.303088,3476.597414,1566.092246,1164.790281,350687.9906,1450.855048,745.6601261,5432.94047,1521.730611,339.7241515,4362.799907,2189.475769,1079.512328,63.94539377,41.31311627,203.7465332,0.18170464,98.43639709,0.4096143,0.437081688,0.614088189,490.0460273,35.12237756,360.8012561,4.409209672,214.9757643,-0.418715791,4.82738924,94.30230864,0.814727523,29.48638142,293.5624383,1.859055178,0.812268004,33.68046957,-0.846675402
d15_44_G06_0_4_S,glasshouse_b2,3811,T0,R4,S,8575.795261,1082.930926,1633.391112,60.98406294,2171.151289,2101.848348,24206.13027,1273.218573,1605.84213,24753.66708,1288.322355,1590.478718,9228.555677,1091.875141,1736.002118,12019.43117,1733.223173,562.39508,666123.4932,1286.692653,1154.298056,11445.30029,1722.241883,551.9768128,9654.860416,1085.710506,1625.807607,154.8467672,114.3654404,650.965889,0.170783636,240.7847622,0.402500674,0.409908994,0.977403366,1336.374677,90.50373585,845.1214811,101.7761564,564.8815341,15.56491976,25.85373858,238.8593341,11.83916342,77.82815446,735.9056313,34.40563863,4.420620648,81.96294821,7.39042383
d31_36_G05_0_4_S,glasshouse_b2,Hartog,T0,R4,S,9779.186415,716.9453239,4536.727127,102.2352079,627.0018711,4926.079026,32600.45588,1348.648105,1403.362211,40859.27182,758.6536809,2959.914473,8795.830233,712.4668445,4567.069558,16776.66295,728.237077,2853.211682,484642.6088,820.5531889,3830.701591,15556.79787,731.7979502,2780.13781,8280.888376,740.6022727,4535.805832,337.6969569,222.3649734,935.1014095,0.219975853,342.1449523,0.402422095,0.434359608,1.04977892,1783.288372,133.028103,1175.583729,191.3445888,720.4807079,26.63609124,46.33403753,324.0195883,18.38639072,121.4077843,1008.347526,55.60551075,7.165891711,116.7136047,10.33187786
d31_37_G05_1_1_S,glasshouse_b2,Hartog,T1,R1,S,4598.328757,2359.135765,2565.892936,65.18599313,1048.389645,2788.851838,9464.692623,1093.216821,2224.792877,8450.931929,1085.557958,2207.650736,4924.613586,2371.101229,2601.473171,4498.812148,981.48939,2139.59111,183628.7476,2573.595152,2614.447743,5561.664397,2369.223808,2490.72742,4428.039034,2373.375127,2621.717916,79.5484376,38.90524443,297.9369082,0.135836527,93.6795388,0.387118683,0.436079553,0.57472098,534.1634314,37.38020055,359.7722027,27.33098986,228.2088176,0.649684094,17.10181608,98.05383821,0.775775389,48.74158952,302.3811205,-1.434371129,2.943138155,33.44666157,0.348868409
d31_46_G06_1_2_S,glasshouse_b2,3811,T1,R2,S,10837.72206,1049.983866,2574.272859,68.9007046,1306.645881,2102.075959,22820.71865,1649.42973,1948.369106,20967.8422,1734.687804,2076.200858,10218.69691,1031.863035,2568.247194,13339.04945,1307.859643,2217.394647,398899.0241,1419.692758,2101.866599,12047.34827,1287.950064,3951.738948,10529.63955,1051.50306,2590.32327,143.4320345,82.842592,629.1658661,0.127516975,217.7709484,0.379073257,0.433664532,0.71600479,1242.810649,78.8280335,767.542178,128.4829157,511.8391033,0.519370459,27.66109553,221.0722469,-0.714318055,95.63728582,665.3347655,5.827456204,5.866126882,70.52181183,0.048370238
d27_11_G02_0_3_T,glasshouse_b2,5489,T0,R3,T,10923.97706,1475.106896,4061.010497,59.69999013,1454.171529,2392.155715,37892.35183,1673.002623,3384.087351,42833.73448,1548.561674,2639.818504,10294.34581,1476.459962,4078.898026,16340.37838,1481.928875,2590.868572,355858.7574,1815.853876,3756.354887,10715.66085,1455.107771,2542.45329,10888.7101,1476.431643,4050.977847,196.8209216,148.8203321,822.0392559,0.169395367,323.1999176,0.424810229,0.435257355,0.884246747,1653.920257,125.5567638,1117.890173,70.37229693,724.8525201,16.77807669,16.75116128,322.1673697,13.68848701,39.59005944,1013.537723,44.08355929,4.387124016,114.9033578,7.458627622
d11_31_G04_1_3_S,glasshouse_b2,Forrest,T1,R3,S,2546.992966,1325.199162,1326.264031,62.74109223,1468.248658,323.0726653,3691.795985,1608.18741,472.6803625,5339.997303,1612.500534,549.854587,1892.043685,1338.070598,1366.612087,3650.609024,1578.719668,371.7441049,272980.7163,1473.753545,268.2334151,4444.898396,1574.681533,306.418476,1875.110299,1387.551507,1346.948724,68.93754579,46.16356639,166.1056517,0.265907813,50.65435069,0.384043288,0.413245361,0.601309856,250.8721075,19.63109961,189.9124133,24.14179561,129.722768,1.727842489,6.138043014,56.1035939,-1.7237756,-7.428703859,177.3558129,1.048844345,0.802173053,21.28006074,0.578516941
d25_41_G06_0_1_S,glasshouse_b1,3811,T0,R1,S,9396.066392,1421.890665,3426.022105,73.72826589,1405.126916,1515.122314,22380.76367,1526.638174,2033.871131,25181.67964,1342.828814,2853.925963,9961.876587,1424.065236,3472.793753,9057.765198,1450.426007,1852.967994,356163.5529,1443.72029,2561.501379,9881.571496,1366.924467,2648.890823,7738.110459,1434.503204,3506.131199,160.4340706,98.08911135,712.6038707,0.135794862,268.660748,0.385819739,0.43371896,0.728689939,1416.590264,93.03838248,904.6824497,149.8183677,575.1589497,8.224837427,34.54728442,240.7166357,4.14083442,88.91428346,753.9368179,17.34762557,8.891852709,79.32015495,3.318088233
d21_39_G05_1_3_S,glasshouse_b1,Hartog,T1,R3,S,3967.117721,1009.82748,2017.103696,49.25417725,1036.803136,2685.946488,7951.322589,1023.807078,2397.845299,5992.490459,1015.649456,2435.355845,3531.530393,1023.712748,2034.787641,3374.406666,1760.521094,2000.105113,370644.3734,1018.829472,2071.868052,3397.14721,1020.743151,2134.216723,3572.321393,1024.026592,2078.609077,75.23203133,42.25180561,217.8672787,0.194108541,84.75747486,0.4002816,0.437328316,0.576463765,379.5673473,31.3143026,301.4748826,14.53050823,198.5973694,-1.436845646,8.575286812,82.17501259,0.410682215,43.07468093,265.038435,-1.482833779,1.032465218,29.91491411,-0.101226607
d25_48_G06_1_4_S,glasshouse_b1,3811,T1,R4,S,16958.88835,1495.730026,3031.906956,68.86633235,1372.902346,3060.124352,17741.14577,1212.379032,2197.41317,16324.67125,1336.995888,3095.681543,15969.0371,1413.979807,2997.779314,8421.574506,1396.945467,2778.508404,770403.4027,1448.942892,2627.277831,14281.32314,1426.621817,3044.747596,13616.00266,1384.281876,2869.364107,126.2173903,74.2190296,601.1780185,0.118321874,221.8502044,0.392816728,0.435564574,0.729782536,1230.683454,81.0314649,759.0802078,85.48305986,528.4698962,2.344239411,19.84837824,222.8534298,-0.160329227,101.4320434,704.7228003,-0.221556255,2.328795106,74.06580946,-0.001236839
d41_43_G06_0_3_S,glasshouse_b1,3811,T0,R3,S,25883.02613,649.2677503,3869.678109,49.01378975,1975.199911,3731.561586,52062.55023,1339.596546,2644.322744,52946.40926,1282.741807,3986.747448,24472.09007,740.750311,3835.572183,24628.76284,681.6857138,4287.575177,596863.3102,534.6807235,3403.572222,28119.95079,699.9427146,4198.782363,25193.87338,712.3187632,3829.424755,668.8916669,506.5344087,2020.069278,0.245387645,749.8980308,0.423390678,0.435039736,1.450585048,3816.644912,323.9723311,2672.705967,440.3579876,1490.53192,113.1408627,93.37133768,673.1220237,88.62549975,307.0206556,2116.260374,276.4749256,19.25803001,247.9952271,56.96034532
d7_T019_04.11.23,field,Gladius,na,R7,T,266388.0875,726.9758075,4952.233857,64.69847938,1367.668937,3820.50336,363280.9239,1005.638886,5369.394031,387142.9623,1217.822672,2968.01449,179754.9568,781.7496358,4964.633745,184377.1829,1375.311483,3826.446068,1603540.981,639.0516371,4993.744392,296228.8555,921.0207682,5620.946872,177244.9481,780.2452472,4949.892675,1676.487328,1327.022212,6598.515798,0.201370689,1241.097842,0.210906344,0.189197318,0.76028866,12779.13215,258.285489,4390.461314,5946.900626,666.0825279,3.461158852,1170.256917,229.8944778,2.317814572,3709.195816,716.2046234,12.37739905,191.2871433,65.52050878,2.142350698
d27_23_G03_1_3_T,glasshouse_b2,CALINGIRI,T1,R3,T,19251.39421,1576.493975,3000.234669,64.03037658,1719.677407,3143.623516,20864.39021,1441.710263,1877.751628,29361.34299,1441.922919,1946.496573,7207.253197,1569.324903,3809.45951,12432.05429,1793.108851,2735.177731,397193.7517,849.9739625,1559.016651,7290.465646,1512.260039,1622.079086,7266.904826,1572.549889,3875.576626,146.0563837,93.7552122,640.4889902,0.136460505,246.4064567,0.403727612,0.437260078,0.597388375,1256.481329,88.04621715,816.3799987,89.60471956,563.629896,0.301492068,20.28812413,238.1886624,1.141625365,53.57864838,763.0151214,0.027277078,2.862548531,84.47029586,-0.063375594
d49_25_G04_0_1_S,glasshouse_b2,Forrest,T0,R1,S,7797.97568,1592.032756,692.8375266,73.29382653,1418.311356,948.9480575,46670.56536,828.051601,3589.837619,63901.7946,945.5769272,3205.290933,7119.544227,704.2100899,3105.151341,32117.07905,1389.741318,907.9239575,386078.0291,1451.691941,316.0223765,22442.2886,1494.97206,699.7842411,7370.40383,724.3509021,3154.997421,623.7232577,422.7232319,1456.401847,0.285495971,482.1886853,0.384305993,0.411808002,1.605127769,2775.513011,212.0692654,1808.017812,480.4519955,900.1843182,89.7514448,109.0178191,393.5871524,71.59369744,354.5928234,1238.02188,232.6844364,20.03760396,142.5808427,48.94754097
d6_T012_28.10.23,field,Gladius,na,R5,T,87947.3426,973.2857936,5623.254988,60.17285199,759.8156158,4825.929689,194040.7573,1080.20611,5609.526309,203626.5675,1079.388258,5594.943017,62382.72671,909.7441087,5608.257932,106791.2056,1029.555815,6194.045432,662337.3223,528.5140489,5668.119394,73988.8336,1391.251511,3664.180498,54050.79468,945.1819942,5633.774357,1077.473845,432.8644805,3339.602118,0.132150919,597.5805577,0.198932445,0.190482427,0.933615959,6609.709108,116.6944951,2090.073752,3108.264615,230.1569948,1.593513554,592.634542,75.88484545,2.343580954,1831.402593,244.8707933,4.782280516,95.08660007,20.01066693,0.983380976
d09_14_G02_1_2_T,glasshouse_b1,5489,T1,R2,T,4562.914045,1966.653146,1119.904038,74.32516942,1551.214608,310.5867182,4614.831496,2016.098039,1186.60715,3963.09865,1900.109016,825.2615283,6001.249684,1960.064245,1101.677471,2991.43613,1983.571081,948.1722515,382834.6465,1617.20951,916.9509525,2775.436298,1571.592649,339.9413973,4774.896195,1983.899142,1096.83656,38.63373663,30.74614816,131.6116204,0.153734211,62.88089685,0.422082548,0.434517201,0.579422166,295.9447847,20.80126789,199.3252546,28.44934589,136.063908,-0.342553374,9.25251729,60.30362127,-0.660069779,14.38292598,170.3548469,-1.1606119,0.690576819,20.02624076,-0.528071802
d07_46_G06_1_2_S,glasshouse_b2,3811,T1,R2,S,2086.34477,1369.240486,706.7131928,81.4356982,1641.576812,391.4396181,5031.898256,1589.841282,427.4919793,7207.772622,1592.720619,495.5018509,2556.373159,1341.695963,730.7622471,4056.34033,1599.577875,381.1029474,409157.4123,1447.906085,384.3419321,2919.321485,1579.823053,452.4050029,1715.433939,1373.102524,685.2139897,32.95178033,22.55075548,158.3774871,0.162243258,39.4375634,0.385170071,0.411620372,0.912971251,303.3354566,18.22263952,163.5153409,4.476365631,113.8630377,5.213632763,4.293334271,49.31875837,3.90369877,16.9413321,138.9452031,11.17123703,1.680633102,15.18111477,2.015818509
d05_43_G06_0_3_S,glasshouse_b1,3811,T0,R3,S,3014.82934,1673.875969,607.0106199,54.14117468,1707.938734,823.1542998,-607.2794561,1681.167851,461.2195824,6741.532053,1677.088973,696.4044836,2012.261813,1680.745783,483.3522531,1482.607433,1731.764947,361.7114375,278721.8624,1456.969116,278.3268523,2373.076581,1688.728969,819.0080704,1984.88996,1692.740851,435.4381321,31.08937543,18.97798594,105.1131758,0.207217814,35.44787704,0.418106328,0.436599189,0.600996057,157.8671734,16.69027731,135.8128627,7.417830724,99.3404513,0.413495897,1.29224931,38.88851444,1.242688996,2.546195234,106.5270709,3.722487769,-0.521453949,14.45829174,-0.686744704
d37_16_G02_1_4_T,glasshouse_b1,5489,T1,R4,T,11735.88787,1965.98382,3303.826432,68.83463991,1539.114076,767.8629207,26536.52296,2009.434929,3516.761928,33158.12844,2145.219617,2996.211963,12509.29319,2041.738402,3275.230786,11147.11335,2036.784744,2999.702248,587713.1353,2036.838858,2536.255753,19240.59454,2202.360408,3532.890551,12003.74292,2027.10265,3291.431814,238.7944692,166.5559803,886.9514933,0.199793877,308.0771763,0.388159265,0.413352021,1.096209281,1716.377694,112.4140544,1054.336599,154.484927,672.1818684,12.69107095,40.77619295,285.585601,10.85385873,139.0131836,871.9952672,34.80800806,8.489794369,96.88918781,6.511899052
d09_16_G02_1_4_T,glasshouse_b1,5489,T1,R4,T,5289.769664,1603.562082,1216.290865,79.00743183,1522.416256,485.9621038,6718.637417,1656.473631,1371.803471,8247.965706,1534.010894,1026.67583,5483.985897,1602.942994,1223.18491,2838.489224,1675.90781,1437.84681,371558.2385,1424.661215,1333.617014,2684.205458,1684.292001,1482.19518,3372.118249,1648.968674,1311.155393,21.59092776,14.51706701,128.853071,0.108921376,45.66540966,0.419244724,0.437706463,0.598623646,314.9493338,22.88178591,162.8954788,-8.994287696,109.0777483,0.24984403,5.285897666,53.62333682,-0.150566847,6.58435194,178.3568601,4.228210232,1.585320047,18.89445463,-0.141252863
d5_T006_21.10.23,field,3811,na,R3,S,57004.1411,612.5643385,5900.565715,59.19376967,1072.018935,6362.853493,230862.0132,1055.793684,5424.06234,282071.3715,1202.421717,2552.685216,40320.8428,1405.249967,5952.004226,129834.1564,996.3834904,5973.338114,679419.1475,998.9765689,5658.13881,157013.1721,938.9108953,5836.533175,39290.7766,1408.055817,5967.750646,1383.994887,559.7333873,4742.890961,0.122340549,822.9504858,0.193369976,0.184124628,0.611456003,9349.67545,154.1219984,2886.209286,4429.407733,250.2813097,-0.115192875,831.9627063,88.97549799,-0.762406654,2610.70324,257.0507863,1.04666702,129.9166685,24.16611392,-0.629844348
d13_10_G02_0_1_T,glasshouse_b1,5489,T0,R2,T,10523.85115,1993.853532,1168.655242,58.0024504,1927.20838,975.6252103,12314.72745,1846.360691,936.8452646,19117.34735,2100.807745,1324.237106,10447.86417,1990.82336,1202.768601,6808.96147,1957.144456,1075.388398,423301.3949,1531.082867,1003.247203,7386.856095,1651.956,328.7416866,8771.672459,1960.536846,1637.739478,83.8233605,68.93222327,417.5798665,0.150824004,165.9921072,0.405781718,0.436635821,0.987538443,854.7633118,62.04196059,590.5397431,39.04228978,410.6353376,2.113320568,6.933016657,171.2427466,0.577771959,17.36776347,531.9703388,2.808721274,1.828736609,59.39325729,0.05819535
d49_44_G06_0_4_S,glasshouse_b2,3811,T0,R4,S,34466.05993,2142.123467,2648.85721,70.52230791,2156.861307,2925.207232,147057.5918,1443.931019,1724.43668,147390.6749,1722.43087,3454.668293,28859.59996,2141.881472,2733.303166,74678.76229,1626.358515,921.9957416,451458.8236,2018.108544,2159.01953,55292.12305,2117.245053,2536.122045,27769.69003,2139.81002,2746.328007,2172.731649,1845.494213,4331.802547,0.426984916,1469.118267,0.407026433,0.411633423,1.498295414,7855.356111,678.0914635,5582.654927,1453.901896,2419.63119,484.6403057,330.8339041,1074.890342,362.3446712,1047.321611,3387.736774,1136.174871,63.7928394,396.1125394,216.232138
d45_35_G05_0_3_S,glasshouse_b1,Hartog,T0,R3,S,15091.00006,1438.763342,4217.182186,48.74617662,1675.396889,4586.461939,50492.18595,1088.436463,3939.292018,53221.54526,1097.669907,3912.655892,12179.05736,1518.154007,4361.984623,24065.68921,1187.410816,3369.547963,342601.5278,1433.825892,4014.496378,36698.72628,1787.345943,744.5776389,11360.49585,1514.64544,4411.413329,1012.82664,770.8070524,1820.953794,0.420669569,611.4900092,0.413223212,0.411442389,1.830125677,3301.353996,306.8195508,2402.497818,644.6455921,1029.446839,195.1292571,134.1889382,476.5772238,156.6639553,411.679902,1498.607921,494.7171296,23.82684577,174.3906205,105.1680772
d15_18_G03_0_2_T,glasshouse_b2,CALINGIRI,T0,R2,T,13438.54848,1219.745979,1805.086765,67.79428955,1464.454961,1869.418251,27801.18875,1470.506143,909.441911,29798.81489,1467.768988,955.2689874,13696.86794,1192.204906,1824.79022,9621.016422,1425.811226,1812.913734,431611.8188,1403.755689,1135.034175,8258.010003,1414.402899,548.6866682,13646.74724,1200.380046,1804.040621,94.24502276,69.08644232,617.7902446,0.108163415,222.1414839,0.408527778,0.436848101,0.917466341,1241.753978,84.13980591,814.302518,47.46910584,532.9322396,5.401113067,20.60853172,227.3226303,3.071792384,70.99186521,732.903077,13.31197375,2.687116949,77.48848684,2.210093936
d41_11_G02_0_3_T,glasshouse_b1,5489,T0,R3,T,12269.9219,1470.207115,4126.78103,50.98339559,1559.945882,2843.692747,29434.52246,1918.174378,2683.29247,31594.07471,1934.278609,2728.996931,8087.286728,1430.655707,4256.182199,12226.43426,1473.681293,2451.147667,353325.561,1457.540285,2197.220972,11761.94438,1420.575955,4283.24517,8531.916906,1424.49089,4263.680802,319.8072967,215.9539476,1126.95908,0.198497581,385.5925058,0.390552561,0.411219543,0.878040408,2191.417364,143.9131315,1384.319963,263.3137258,836.4907541,22.6405409,64.09290639,361.9519808,18.03174202,196.439286,1140.162179,57.77695665,11.63457295,123.702178,8.625001566
d11_42_G06_0_2_S,glasshouse_b2,3811,T0,R2,S,5127.82828,1938.548025,2084.576603,51.02667134,1083.618475,1061.18435,15959.91275,1312.209315,752.990801,15402.55907,1298.740723,772.3260071,2981.955022,1926.250065,2098.481624,6624.643086,1090.884297,961.3736346,379094.1361,863.8848541,1240.391153,3897.227973,955.8205104,1532.484122,2507.568062,875.7950954,1594.570711,84.22035315,47.7301095,329.1507689,0.140531758,125.8637588,0.395610489,0.410920711,0.604276602,689.7009972,43.60016632,439.7430001,58.60777558,276.2936,0.19109225,7.581731709,121.9663284,-0.152789546,11.58184412,376.3315629,0.093383217,2.614926526,42.815626,0.287866376
d37_21_G03_1_1_T,glasshouse_b1,CALINGIRI,T1,R1,T,30293.11436,1868.323565,3653.463539,59.63419055,1583.150966,3545.157417,25559.29931,1777.604979,4193.229825,26026.0827,1788.541385,4215.331694,19099.20263,1861.936379,3280.320847,14098.4651,1737.009014,4012.440195,550157.31,1951.908027,2741.489978,14055.77824,1588.543934,1814.842923,18615.38204,1856.819556,3250.167074,269.8639182,217.221611,1107.892175,0.19384786,372.4949732,0.388655733,0.410579419,0.872638809,2128.533793,139.8851013,1376.354857,201.6885474,858.9533998,14.64671764,53.85840726,352.770988,11.88461529,195.0819766,1112.401503,34.36794457,14.69367981,119.2972931,5.139680247
d09_23_G03_1_3_T,glasshouse_b1,CALINGIRI,T1,R3,T,5450.944404,1513.642539,1357.641594,64.04367637,1519.988691,1154.011033,5255.621757,1580.546924,901.6568255,5333.780842,1527.671227,1170.20856,6328.508062,1511.528204,1296.343776,2154.125684,1488.981112,1581.164942,387163.9656,1467.038184,1043.511957,4170.567366,1611.531786,323.5754464,4570.139756,1478.014202,1410.83499,80.91834535,55.46004145,140.0178683,0.305110222,76.16325149,0.411129756,0.43296682,0.618356445,255.2390484,24.29764128,202.8439222,11.11214514,167.5586408,-0.363542177,1.870176424,74.50451167,0.350341184,29.77850645,229.037406,-4.147679415,0.374672455,26.13373238,1.227739003
d19_25_G04_0_1_S,glasshouse_b2,Forrest,T0,R1,S,5360.971141,1520.249737,1811.473882,64.08274711,1403.096083,962.9379429,13372.4139,1102.281158,2612.545273,11256.7307,1578.098654,1216.941132,6298.919059,1473.799979,1861.401441,8300.527896,787.7112595,2664.473196,351847.0972,1430.246295,1447.072651,3131.942666,1436.475692,2035.173039,6200.078297,1464.180368,1777.363187,68.66103497,28.83785505,347.9080932,0.100440209,113.9299227,0.399930024,0.436594884,0.921005535,622.2647966,47.46681498,394.5817823,50.58362061,284.9033428,1.405771696,7.778949081,118.9349743,1.562333664,58.34044791,355.0150061,2.189875233,2.777589079,38.59904567,1.404334016
d31_38_G05_1_2_S,glasshouse_b2,Hartog,T1,R2,S,3367.862974,1082.747784,2494.130324,58.14408361,867.4201276,2263.831937,22281.20502,1101.212526,1536.351521,27144.78594,1047.599222,2025.348054,2743.391257,1086.427826,2515.948986,10234.16432,844.0788694,2220.554268,311071.0412,1439.284654,840.6982662,10008.5296,886.4056794,2513.122685,3608.697519,1083.623736,2546.564622,190.7340351,104.8146562,598.4349454,0.172609535,204.4294703,0.38004705,0.411178351,0.780619828,1166.735038,74.07384189,757.4863287,124.0781078,467.1307728,2.972916606,40.98805029,191.0956847,1.899934244,114.4770514,622.5354861,3.155056066,6.658246287,67.1073141,-0.688444883
d5_T005_21.10.23,field,3811,na,R2,S,27067.22481,1916.734838,4866.24586,64.89192719,1389.893234,2116.327353,179549.4441,1337.679379,5386.761343,136148.3462,1783.50263,5084.189306,19521.50379,1957.779248,4900.054603,80307.45553,1786.590714,4902.329415,524433.41,1952.207969,4474.024887,76230.59464,1801.435683,4988.652206,13199.1894,2011.677665,4835.914004,950.5395763,293.5298846,2743.302544,0.107289994,470.4955063,0.191988466,0.189900999,0.564303378,5397.642322,86.596459,1641.814334,2608.552408,127.6593351,1.107020008,486.8315341,43.75689042,0.340836441,1529.799915,155.2502217,0.800392772,74.57352139,12.95416045,-0.440745439
d45_38_G05_1_2_S,glasshouse_b1,Hartog,T1,R2,S,4385.874888,932.2099793,1666.057297,72.15706141,1785.740374,724.4639301,26642.21793,1118.32014,2229.712136,25032.44734,978.0762608,2346.34944,4060.046577,925.0111751,1663.818834,11287.40523,919.3009526,1806.60066,373949.1507,853.9538803,1661.65952,20843.04418,891.7442902,2159.337402,3895.746136,939.7958158,1686.644996,434.6111521,232.3910427,939.2443349,0.255739156,284.9394761,0.348920853,0.322765809,0.981371225,1821.449282,108.039819,1033.228351,356.49543,532.8826166,24.39889279,84.53089858,231.1587532,18.87136045,259.2202877,721.1633264,58.0073997,14.98706724,79.77040882,9.462917937
d33_12_G02_0_4_T,glasshouse_b1,5489,T0,R4,T,14054.71855,2059.203036,2790.358611,76.00774426,1585.845761,696.6729453,34397.13879,1746.899931,2035.279032,39002.95527,1746.889242,2108.09983,14176.45738,1993.332142,2787.346973,17402.57464,1403.418913,1841.652899,595097.2835,2083.686314,2462.46202,23550.42091,1598.363022,915.3097836,14365.70723,1999.083756,2813.885611,276.2826311,215.0793421,1180.384801,0.181660959,451.4255973,0.421499939,0.434196994,0.924315572,2216.446406,175.1488241,1556.217531,123.1659355,1012.473215,21.70108914,34.72698294,447.2491552,13.66690575,81.81090225,1418.120086,44.08920225,6.544766284,161.0321618,6.879703882
d21_14_G02_1_2_T,glasshouse_b1,5489,T1,R2,T,11500.04211,2195.113182,2566.125473,71.73949465,1936.17458,1174.181191,15582.43795,2152.957553,1961.759557,17024.40349,2207.810027,2470.856662,9924.746783,2172.504212,2617.05977,7480.855645,2255.440365,2510.349478,536154.5174,2092.348067,1375.767242,5473.939485,1993.505663,1153.825817,13719.40483,2116.204189,2206.359157,33.20604892,17.46549059,480.4624498,0.033707377,178.7464135,0.401680844,0.432574174,0.593942498,1032.46785,63.23624158,574.8063121,46.31698999,437.4688752,-0.65211497,14.04704021,179.7949531,-0.981561312,33.22116681,578.3000614,-0.425800983,2.241070807,62.36490197,0.157222019
d21_16_G02_1_4_T,glasshouse_b1,5489,T1,R4,T,5447.295936,2341.585157,1985.923688,54.12021273,525.5918169,2739.298451,16403.1359,2030.382474,2342.512428,14851.12565,2034.287547,2385.740351,6415.406912,2324.359383,2051.991081,5227.859183,2005.675237,2863.699239,389689.4947,2034.467515,1575.11753,8531.503296,2034.077046,2771.102173,6295.239252,2326.535492,1970.964972,64.41660892,36.92249683,393.8898369,0.101019872,151.9817869,0.407766387,0.439025814,0.737117497,778.8091983,55.68400851,509.9847598,29.48426455,357.6370167,1.50199636,11.30646855,151.6784112,1.100683397,6.20330956,475.6732946,3.979847064,1.284489161,52.30402323,-0.297146419
d33_20_G03_0_4_T,glasshouse_b1,CALINGIRI,T0,R4,T,16613.55089,1803.257273,2425.1319,48.9376787,1734.50354,4210.25655,36281.90824,1198.806764,4004.153316,36236.31882,1180.678228,3938.735561,17489.75332,1877.028872,2342.686463,17461.46677,1557.420633,4361.393853,657808.5144,1714.518112,1858.738737,21258.57157,1578.409935,4191.340949,17767.34598,1904.797849,2382.826737,224.079878,166.2421763,1292.526088,0.124561634,473.4678674,0.392804508,0.412755369,0.87705416,2673.445443,171.8623223,1642.178352,221.0769454,1087.795605,10.41626285,61.85056331,456.3773245,6.517050981,216.6456952,1452.979183,13.96453696,12.98831626,152.350321,3.290413484
d17_22_G03_1_2_T,glasshouse_b1,CALINGIRI,T1,R2,T,9371.643403,2061.936832,2293.885675,49.76612074,1836.964744,2111.250384,13066.56908,1735.03809,1680.736869,17752.64421,2020.620652,2152.589854,9218.887448,2060.106275,2326.681146,6181.109567,1889.299309,2247.570678,470987.5413,2014.096808,1745.31537,7916.734336,1869.83835,1984.871821,7361.159876,1771.721393,2230.857208,53.80861178,18.6419661,438.5216406,0.061976404,179.4212834,0.412525629,0.433748285,0.580665853,975.9069986,57.26654103,581.5583506,52.81713266,426.1442703,1.245452952,8.276651612,180.4046526,0.401235329,32.87000096,535.5257506,2.156604608,0.943356129,56.9181426,-0.339342135
d6_T009_28.10.23,field,3811,na,R5,S,116751.3998,706.3502982,5580.844301,54.82899167,341.0134395,963.4897563,287873.9577,843.388713,5281.979508,306354.0156,833.7611697,5172.418303,69266.09759,746.2428818,5971.381022,141347.7728,1077.27524,6172.790572,688345.6505,997.0512748,6065.025235,141888.6064,1069.067851,6207.748826,66691.95892,754.4794782,6047.584033,1280.581708,810.9638762,4539.436252,0.179899066,854.743534,0.210518556,0.188401005,0.673176023,8882.125206,177.936828,3014.289475,4100.493346,453.4017624,2.705334697,795.4237807,155.5407021,2.63065209,2495.477155,530.8559644,6.842279003,129.6218978,45.08040448,1.713943241
d45_30_G04_1_2_S,glasshouse_b1,Forrest,T1,R2,S,1641.917218,989.3557949,3808.715617,56.9577203,1398.922331,648.5418992,10923.0838,1030.251759,3252.301043,9724.081559,1015.181207,3273.867004,1999.424362,1005.076905,3789.484724,8160.652678,951.8436602,3435.880384,358478.3595,862.6296516,3596.893411,6764.758423,855.0073387,2130.99505,1661.499182,1023.097684,3197.01823,231.7136474,116.4355706,530.8420449,0.222265171,145.2322149,0.336198183,0.325136318,0.779830422,1068.88289,51.84702007,542.871304,223.0940448,279.2246381,2.947767897,45.88200313,121.6936675,2.027273265,149.6208015,383.5770161,6.867361492,9.905151161,40.00289507,0.340494952
d07_12_G02_0_4_T,glasshouse_b2,5489,T0,R4,T,4680.778255,1839.997593,379.2108384,75.54708075,1566.551198,237.5441309,10077.05625,1554.505362,448.309622,7901.089218,1558.917037,827.4504935,4062.868651,1824.773977,416.6491867,5254.825002,1559.688632,264.8598376,343575.8954,2050.820714,238.5750267,5056.282082,1534.825364,291.1815913,5097.550948,1838.349876,437.9299687,47.90719069,38.48251541,288.7686404,0.183410436,94.42955004,0.419481103,0.435239264,0.731706043,461.5222504,35.59469223,359.6886788,48.30931879,215.5772459,0.655006936,-3.554151136,98.01939038,-0.329553534,13.12558086,299.0881821,3.940137645,0.594737544,32.32265015,-0.524719241
d29_27_G04_0_3_S,glasshouse_b1,Forrest,T0,R3,S,11139.97564,758.091122,3194.609569,61.03877678,1452.476128,765.5122395,22697.18219,745.0513431,2731.923382,24441.29532,732.7204956,2721.495574,11517.39345,837.7446088,3146.774547,9701.570626,704.458737,2933.243803,434982.4105,856.2500363,2262.10773,13551.93438,800.5235479,2190.121029,8358.125177,872.3903852,3422.154644,137.1040666,84.93824514,638.1925556,0.148279904,235.5949917,0.403666194,0.436007643,0.714899313,1219.732803,86.70550684,815.6358349,65.09145222,544.6225257,2.43486358,26.79118591,234.7820714,0.926962376,56.10191496,768.7867618,2.345606857,2.996919509,80.01619985,0.865789092
d5_T011_21.10.23,field,Gladius,na,R4,T,92988.76653,1492.876489,5999.64392,60.69018238,666.9331178,6381.147798,268737.7823,1194.78319,5634.346783,249506.2645,1177.526529,5807.639981,70828.04473,1462.193666,5856.719214,109033.7529,1259.139881,4860.044807,643677.5173,1183.33878,5670.701016,198074.1769,1251.824699,6029.785059,63363.17017,1475.127698,5812.070984,1297.829094,625.4431261,4454.0839,0.140851817,787.7756697,0.19867731,0.189526325,0.859024302,8782.704105,149.4329277,2767.710974,4153.265664,289.3171354,1.613967386,773.8706472,102.6563879,2.043667905,2416.277926,318.9884416,-0.22844556,122.4552575,30.06854313,1.043715512
d37_18_G03_0_2_T,glasshouse_b1,CALINGIRI,T0,R2,T,18342.04471,1120.849699,2481.541283,44.98677626,925.4765716,2824.360146,38399.26491,1321.146921,2118.302402,34849.67046,1348.19017,2110.529586,17240.95385,1219.867301,2498.72105,16943.17233,1093.593835,2046.181621,584164.6528,1424.272654,1804.501472,17598.87674,1446.630023,910.5215646,18110.74662,1185.94384,2329.812454,296.0344376,206.2349912,1226.826152,0.166665041,435.2218087,0.396862501,0.434952292,1.051462427,2484.595867,165.6633897,1528.508129,240.8180735,898.7601703,23.14684614,74.65705772,397.4076107,18.41422656,252.2987043,1251.755933,59.89331084,16.24168355,140.2803877,10.90998624
d41_20_G03_0_4_T,glasshouse_b1,CALINGIRI,T0,R4,T,17213.78992,1813.314242,2410.190361,52.78308209,2228.333839,1561.839168,54888.24511,1772.902885,2295.545943,58373.03555,1791.512738,2249.502954,16508.63005,1878.420395,2404.738837,29542.34947,1319.02325,4300.348063,608051.5879,1544.288093,3557.484922,45181.72408,1544.650957,1123.154925,17901.18112,1870.253763,2344.345674,463.5691512,361.7630191,2004.589464,0.181418072,736.8083799,0.413961637,0.434275343,1.028170318,3725.80782,287.5724001,2554.485977,364.6006015,1568.087637,52.60097653,79.6548285,695.0219264,37.53643622,270.945769,2163.492363,116.8555681,17.28619471,247.9935977,20.70027789
d37_46_G06_1_2_S,glasshouse_b1,3811,T1,R2,S,9621.874955,1439.727384,3922.49103,63.65093651,1230.484216,3814.629079,21413.64695,1795.696334,2801.441056,18908.99171,1798.529425,2818.922517,11530.18222,1539.086003,3945.272019,10639.91143,1284.131585,3796.636279,352525.0213,1436.900457,3309.168341,16247.46329,1303.339603,4149.7206,10808.18367,1549.731845,3947.307594,219.4520665,125.9613106,788.8493442,0.160204452,254.0739055,0.360163308,0.409141292,0.727276837,1537.257345,85.37424281,930.8777291,215.1387167,554.1507365,0.621836888,57.14784382,236.0929408,0.132799698,151.924896,712.9735465,3.699821549,11.11508456,79.06906893,-0.583669217
d31_22_G03_1_2_T,glasshouse_b2,CALINGIRI,T1,R2,T,9589.727993,1162.028413,2712.064125,58.2495228,1884.876651,1931.202077,27223.79107,1756.558859,1823.400239,27697.22448,1770.697312,1886.204846,9610.901535,1145.926052,2548.806556,11592.07081,1739.066777,3322.84819,346495.4779,2017.726078,1589.931933,11453.03859,2210.306162,4089.883037,10069.59514,1146.731169,2600.989496,153.0917151,107.1102108,786.388445,0.132788363,279.1892726,0.403037833,0.435894707,0.58786175,1494.266795,105.7210613,997.3951607,109.8398444,688.1531531,-0.495272412,17.86170142,293.0816375,0.911378598,81.8881719,926.4066067,1.648139616,3.703628659,96.79879209,-0.963025576
d27_42_G06_0_1_S,glasshouse_b2,3811,T0,R2,S,13462.34058,934.3733796,2991.309577,51.022093,1270.495738,4160.381618,37464.78297,1079.628242,1718.684065,41997.90487,1719.743484,1996.412523,11888.92858,874.3069293,3021.11516,16700.89307,849.1091789,2255.762012,354445.2276,1949.075911,2107.204423,16034.74001,866.0763897,2161.460178,12531.10099,896.5506164,2931.434198,243.1598257,151.0587941,1059.396256,0.149744492,375.8117715,0.409105324,0.433879797,0.876728836,1973.68994,139.0559595,1328.92954,160.1749955,873.0861548,10.22261833,28.35575805,376.3318077,8.456795501,117.9647439,1192.06904,24.88503239,6.506290345,130.4829442,2.660137391
d07_16_G02_1_4_T,glasshouse_b2,5489,T1,R4,T,4267.772226,1628.25117,1040.476294,63.85792775,1576.315168,286.5654822,4228.063169,1602.080803,452.3139563,1898.089218,1584.728592,457.401594,2003.067114,1618.861852,1031.245472,1145.390236,1581.562474,934.0193409,271979.8639,1460.384324,844.4709163,1873.228138,1645.93219,1165.326382,1377.731651,1655.683015,1140.507422,36.07479966,13.29921456,106.4016771,0.095727243,37.42848542,0.387268348,0.435929492,0.649909342,221.7017259,11.2482839,136.1891435,-13.77150728,81.14622126,2.293275721,-4.953076337,27.55685033,-0.140771123,30.34562976,125.1807791,1.349606469,0.757463429,13.84467553,-0.200140734
d13_15_G02_1_3_T,glasshouse_b1,5489,T1,R3,T,3177.90312,1239.700756,1291.297952,52.29934075,1848.332684,1664.185954,9581.541815,1177.846055,1429.248788,11003.95905,1179.830691,1477.929854,4244.64326,1246.484289,1380.44825,2590.122397,1258.483863,1230.074377,356780.2924,1443.243789,878.9691276,3441.890611,772.6331263,948.0457384,4459.138964,1236.586976,1274.256834,55.33280168,21.52582429,208.5185566,0.120399333,82.35677098,0.406396258,0.434265317,0.663368468,367.7492486,27.3402127,265.477718,27.71112625,185.0988435,1.181620195,5.898372019,78.14855373,1.395536692,10.63716929,235.2981157,-2.615976712,1.834109538,28.09199504,0.012010301
d19_40_G05_1_4_S,glasshouse_b2,Hartog,T1,R4,S,2755.035696,1645.434318,2172.357913,57.68145883,1178.339,1460.841127,10791.47667,1619.947736,1617.81477,10673.09898,1646.30062,1979.256475,4005.296938,1661.011588,2161.784129,3961.844653,1626.084104,1857.89615,339924.5404,2532.994074,2054.692531,5841.778559,1077.82161,1486.904185,4507.168505,1635.581243,2138.444847,54.8862427,22.51480418,290.9010851,0.069068873,114.0540824,0.410398594,0.434520076,0.624259414,612.2812517,43.3178158,360.5196764,38.17807948,266.1139148,0.954958349,17.99068436,111.6370673,1.062349723,37.56652383,344.6097671,0.082696897,1.841400968,39.37314588,1.172935553
d35_04_G01_0_4_T,glasshouse_b2,Gladius,T0,R4,T,19523.15781,2057.884938,3462.950027,66.27818271,1582.625943,714.7200374,55310.04112,1637.836524,1266.804594,51791.16224,1648.531414,1150.501865,18566.39208,2040.906101,3508.622584,31974.51006,1610.616563,800.8062319,490989.8868,1498.331119,481.2029226,31572.35901,1621.327874,771.1142391,19697.67127,2027.578586,3524.912057,479.7391561,401.9648122,1411.674848,0.290123074,503.3793062,0.420863177,0.433166182,1.603358384,2595.302059,219.0934057,1872.107715,263.8684625,1037.089028,82.78118545,63.40600385,459.1332385,68.88995694,175.5722583,1434.753595,217.6511832,13.28218879,159.9986397,48.1583561
d41_16_G02_1_4_T,glasshouse_b1,5489,T1,R4,T,12116.2429,1937.433097,3334.35431,51.6979251,2184.210858,2175.499712,31508.27169,1983.068816,4064.138822,37127.32385,2222.728512,3303.564343,12057.47827,2036.874779,3317.600958,18542.09252,2408.895443,4006.434685,407726.8265,2033.168516,3078.375461,20391.90734,2200.680004,3641.592336,7530.03287,2047.918342,3461.642297,355.6991755,269.6848526,1059.060209,0.252076228,373.5401718,0.38901592,0.410712211,1.104814196,2026.188683,138.3838114,1304.815022,231.5558891,813.4549193,19.22070009,50.83359934,347.9132951,14.46171228,175.0874978,1072.727483,44.66810505,9.377682847,119.3831699,9.487958915
d27_47_G06_1_3_S,glasshouse_b2,3811,T1,R3,S,7465.093963,1451.336494,2103.529288,68.1771329,1580.908946,2342.603535,19325.14366,1411.404426,2502.722727,16771.44668,1453.510465,2033.610374,6723.471876,1467.374434,2159.319289,8951.070744,1368.866457,2481.147877,374528.0401,1430.428225,1555.00036,10576.32532,1442.462394,1772.353344,5760.144344,1482.692581,2095.173429,115.8887211,62.07597773,471.8670997,0.145841878,160.6426041,0.373626665,0.409862527,0.739639618,994.1321573,56.01396926,543.4680817,66.11992638,389.8210346,0.820359027,33.50261706,156.3042141,0.58683061,85.7152033,481.3058369,1.524591512,5.914276684,51.99539233,1.447321457
d05_03_G01_0_3_T,glasshouse_b1,Gladius,T0,R3,T,2266.872849,1565.946308,910.1215529,75.75890526,1668.585676,389.189717,6947.863496,1465.427826,889.874179,9499.270918,1589.020686,825.5366777,2698.242495,1551.353992,855.5895498,2938.511784,1530.752828,775.9786829,368050.9219,1847.374639,852.6461727,5770.938351,1640.372556,371.3438832,1934.065699,1681.002457,427.4005592,35.33747227,10.84407989,161.9561158,0.129556999,68.83882715,0.406579347,0.43467106,0.732196489,315.4725556,22.39794413,227.2915816,45.68594142,137.8699452,-0.244761775,0.107928669,62.71859896,0.367032843,25.72654141,208.8022758,3.815870212,1.952693652,21.14852191,0.181599065
d17_27_G04_0_3_S,glasshouse_b1,Forrest,T0,R3,S,5109.943357,722.6948463,2624.008946,69.7976563,1442.91538,678.294053,13385.01465,852.2600962,2189.671096,16322.29953,886.5015568,2077.503586,6484.869658,744.1202823,2657.910513,7003.866187,751.5552066,2230.245599,367159.7813,876.061312,2481.46209,6057.016113,733.4043873,2274.513144,3891.42129,772.1493989,2467.705075,74.01832142,49.61551059,380.1674224,0.129405067,126.2173235,0.398036077,0.435961341,0.574627153,654.8437754,45.84302313,426.8771319,29.62449244,310.8409627,1.033941566,11.00364852,128.4853719,1.669445141,50.20425692,413.3229239,6.374480781,2.355976624,47.06160866,-0.483694472
d49_36_G05_0_4_S,glasshouse_b2,Hartog,T0,R4,S,22088.91907,1529.711325,715.123496,48.18625218,3046.882634,3507.715724,89181.33892,1867.556291,3914.529279,121400.2572,1023.977072,3228.850975,18135.42775,1509.241676,666.0773374,59736.35506,1595.488523,853.3199446,377280.139,1466.575635,330.3675388,50545.13317,1627.631656,798.0811854,18876.57803,1533.122625,666.0545384,1294.417777,926.6534941,2605.266534,0.35368391,881.4159476,0.416354721,0.410195037,2.485773885,4814.297892,508.9415682,3464.601563,959.1815011,1415.960052,273.8918778,202.55544,631.943337,266.302524,628.0094581,1981.658203,836.9830412,36.68454716,229.5260399,243.2719794
d11_34_G05_0_2_S,glasshouse_b2,Hartog,T0,R2,S,8215.929519,2098.5743,1000.164779,69.95353787,1496.092037,530.050348,18788.18387,1589.094978,585.4809212,24301.01265,1601.771262,1408.963753,8137.201093,2094.94177,1083.165942,13108.99144,1531.466242,446.9074707,227380.0376,2161.013785,891.6823693,10749.93494,1477.582188,421.3993749,7754.512803,2129.314828,1085.488901,119.706716,62.16332908,502.1572127,0.124416868,190.3870847,0.414222403,0.438438264,0.962652702,891.1995176,71.72901481,646.8393309,74.31574216,445.9023825,4.576029592,11.57634965,194.4475368,3.57841017,32.17400465,619.0156685,8.033006081,1.904924319,69.70134781,1.941422852
d37_24_G03_1_4_T,glasshouse_b1,CALINGIRI,T1,R4,T,26552.30553,1183.96566,3756.044766,47.09136983,2262.966733,2071.406347,23839.97434,1298.259619,4240.894958,25880.78503,1321.624665,4239.344268,27236.39319,1218.189662,3806.907559,12338.62671,1122.881754,3576.431876,571609.0035,996.5454784,2997.149658,14514.9909,1125.787756,2417.496612,25726.47182,1242.81007,3800.592672,171.476493,129.2194544,1019.404208,0.126816493,341.359986,0.38421155,0.410684378,0.818213437,1945.910371,117.9988658,1244.255633,223.3889096,769.4585632,4.06098892,47.37458264,324.8738424,2.965446808,172.323458,1024.456826,11.52983735,10.81733753,108.0312133,0.493366122
d45_39_G05_1_3_S,glasshouse_b1,Hartog,T1,R3,S,5832.340905,1525.066713,2633.62727,69.80825072,1721.791439,2376.047021,27726.99309,1704.020313,2390.892005,26991.26997,1045.171867,3184.515329,7584.049112,1538.360076,2609.749752,13546.28679,1707.650418,2397.210249,383752.9338,1446.429776,2089.15442,16025.9538,1433.164992,2724.184515,7914.823672,1543.605096,2630.707391,366.5070652,221.6867478,860.2448595,0.245580183,309.3404188,0.39286225,0.410963497,1.153884561,1834.530481,121.8282769,1134.190878,249.2482871,662.6880812,33.52098557,44.76209641,280.3624971,25.00146664,177.3402465,900.1746453,76.0669514,9.77922118,97.61506834,14.15338651
d17_35_G05_0_3_S,glasshouse_b1,Hartog,T0,R3,S,3786.09403,957.979778,2195.111691,72.32163259,1556.049066,673.969875,11390.23545,791.5572188,2547.776587,14133.49149,903.5053263,2374.076582,3817.604489,966.73772,2199.255818,5440.811644,818.5155295,2870.792923,375085.3731,869.178579,2220.473838,4623.574197,1470.055216,645.9881002,3896.336931,965.5106056,2239.98707,126.86613,52.35104834,399.3067889,0.141865869,129.6776283,0.378810089,0.410886866,0.647034568,824.9305341,49.29793388,434.8523561,69.96025978,312.4696129,1.176240775,12.19960098,128.6411332,-0.66084651,52.42068311,417.3630921,1.387073402,3.518508059,44.21469398,0.192841121
d27_04_G01_0_4_T,glasshouse_b2,Gladius,T0,R4,T,18803.33927,2092.223883,3342.8285,48.24274635,2010.393164,4373.191759,38585.53702,1647.735491,1324.944272,42099.38981,2075.068614,3301.389961,18226.15674,2046.51622,3389.4764,20145.17999,1608.200078,833.3408205,414580.9058,1963.964888,3376.670599,25123.61013,1624.049177,945.7983732,18005.92255,2048.673998,3346.685034,264.0895809,197.4164576,1119.454308,0.183589944,400.9016308,0.409626839,0.434709984,1.104665802,2059.263895,150.5420941,1430.564492,172.7169068,917.1989157,18.29145466,40.40723049,388.6825968,13.48002732,100.4856546,1241.385771,46.37898575,8.274969366,134.8655932,8.573018588
d6_T021_28.10.23,field,Gladius,na,R9,T,69635.57477,184.0906099,2582.325453,80.90478384,175.5989088,1306.183511,195261.7287,923.1844648,1900.087839,220421.8864,916.5258461,2355.399043,66514.58665,174.5477815,2606.643446,110242.1659,1209.814818,5256.282131,644989.9151,271.9827074,3008.486243,121802.1393,1195.430242,5172.042111,65590.18957,171.9257701,2582.094718,1154.641831,389.7694937,3496.126227,0.108335687,635.3180568,0.203483242,0.191004516,0.614805157,7004.329366,123.9811126,2197.438988,3256.414631,227.7222139,0.598700036,626.8485854,78.82547425,-0.333443936,1943.572138,269.1808255,-3.467399273,100.4845486,25.01069681,-0.053135636
d27_34_G05_0_2_S,glasshouse_b2,Hartog,T0,R2,S,6528.466348,2120.120967,1372.017828,87.86538933,1529.890201,553.0672112,31103.08198,1576.496598,1175.068346,43814.29481,1945.529737,2372.892986,6396.316926,2115.834066,1367.504944,16766.41656,1562.92703,761.2809048,469246.6064,1926.142071,978.6994944,13866.66822,1538.390807,621.7443491,5922.769453,2113.411268,1349.582835,200.5997808,112.5940913,817.9016603,0.129976508,297.8035215,0.403716787,0.434143969,0.82018293,1608.93214,113.8953056,1069.414601,127.4513549,726.3019448,8.533638673,19.65710491,305.7894086,5.125432055,57.26146379,956.3589323,15.87905808,4.586282758,103.8210549,3.506256446
d25_03_G01_0_3_T,glasshouse_b1,Gladius,T0,R3,T,13369.26641,1546.429585,3162.680202,57.05482042,1526.630316,1054.633317,22450.58387,1560.236226,3396.881786,23111.77343,1532.656979,3376.431408,12343.21318,1505.240527,3202.097761,10774.31342,1291.199983,2868.979529,747810.2212,1826.351095,2919.30259,11169.79999,1494.383046,1233.239022,15399.67679,1378.343564,1575.540622,137.3421202,92.57157648,766.4310686,0.108639967,304.1536491,0.41492122,0.437804186,0.791881831,1637.920797,111.8515495,1028.385191,89.16101169,710.6322208,4.573846759,22.39560948,312.6257424,1.823425931,52.08777739,952.4262016,16.45520216,2.869359413,106.1928641,2.334557934
d29_20_G03_0_4_T,glasshouse_b1,CALINGIRI,T0,R4,T,15389.30944,1814.644585,2480.556602,54.3858075,810.8402789,3396.373921,30896.0409,1198.920989,4026.257464,32708.26656,946.7420456,2678.844888,15742.37511,1840.342765,2486.480856,17844.47049,1493.711979,4396.247347,586443.1585,1544.467311,3535.810869,15632.17289,1479.97746,4386.572539,17387.69129,1860.250095,2345.841253,188.9616148,149.3997199,1171.914092,0.124619349,413.8234076,0.397172618,0.437757559,0.854757792,2229.842114,154.1046077,1460.713644,211.5668814,953.4969095,7.515161022,50.6968998,402.8566358,6.62215001,144.6295082,1301.551535,17.750434,11.54767005,138.2188111,2.880712577
d49_21_G03_1_1_T,glasshouse_b2,CALINGIRI,T1,R1,T,17148.87607,1412.702656,2915.941623,65.42591169,1611.120953,3233.984203,53823.14406,1848.51678,4089.68479,54527.60574,1452.42432,1746.230627,15312.22083,1392.81988,2969.462588,31745.58125,1764.062856,4537.349041,567336.3543,1574.134075,3867.697012,37596.81047,1581.578022,2735.510011,15692.48596,1397.605732,2953.167391,595.4192097,459.9194348,1657.887582,0.273738274,548.3882637,0.371898736,0.414406907,0.983983008,3120.078141,203.3014132,2001.16104,490.9339506,1147.631873,29.90781955,120.6090251,490.3156757,21.51108112,377.7830323,1544.699237,60.26429281,25.31047199,165.0676201,10.86907708
d07_35_G05_0_3_S,glasshouse_b2,Hartog,T0,R3,S,1821.364274,1476.502524,497.5423999,70.08875632,1445.590725,622.5884045,6658.804322,1523.856904,268.5576112,6058.371138,1471.646366,376.0643196,1797.820142,1465.879164,546.9321902,1546.151198,1421.757401,315.3619184,255942.6098,1467.117781,272.2475666,1257.635164,1436.117339,303.3222543,1663.987647,1452.629835,553.499789,18.2948823,14.93662779,133.0504403,0.083758222,44.65884742,0.347994094,0.326192098,0.578781595,257.3029997,14.8539763,148.7259377,53.80997049,93.59225269,1.766999231,8.327258243,29.65321056,0.19572206,33.97863211,107.3939464,-1.057130449,1.503398084,8.904879563,-0.378401669
d31_09_G02_0_1_T,glasshouse_b2,5489,T0,R1,T,11426.30264,771.9301477,4276.972675,70.13451987,2474.478335,4193.903768,43754.75096,2252.796481,4107.17783,56032.01955,2134.593578,2811.716882,11518.20823,814.7871195,4336.555293,21368.24007,2455.303662,4138.647223,372113.2481,892.1530753,3976.879257,24868.03432,2435.812246,4011.159317,11022.72184,820.8299322,4343.002425,256.5195645,168.6597814,1026.779609,0.160702538,403.3031211,0.425495396,0.436516096,1.022888888,2046.73047,154.7172138,1372.739653,157.0567227,853.2111387,20.45965792,31.56866668,386.2340149,16.60093207,87.3430728,1229.138793,46.69572873,6.266376893,144.3271549,9.278527043
d09_32_G04_1_4_S,glasshouse_b1,Forrest,T1,R4,S,2597.960109,1374.805109,679.854345,58.15747495,1407.650963,593.0868621,2107.17122,1363.461563,690.3099824,3374.596072,1404.316977,633.9808812,2811.218389,1373.243308,694.7369408,1506.79837,1556.749373,297.4833476,303169.4456,1471.758097,246.9042608,1974.568461,1581.266992,243.7905314,2850.030163,1362.981643,686.8216052,27.6271172,26.19668228,74.68895923,0.192309724,29.8987631,0.393590797,0.410685729,0.587429157,238.7978783,14.68339124,111.0648902,80.54550951,63.63821501,-0.891371118,14.86405979,31.45517715,-0.66641553,27.21245983,105.5098614,1.92325782,0.323995781,11.35376374,-1.482589701
d19_20_G03_0_4_T,glasshouse_b2,CALINGIRI,T0,R4,T,19213.24798,1805.569865,2375.833034,57.14685245,1222.302964,3158.778114,26226.02121,1811.883179,2942.250238,24918.12056,1792.85573,2966.269389,18716.06229,1861.509236,2292.157357,12526.90113,1863.583085,2153.373095,571147.2106,1958.460287,1892.939307,11542.19707,1888.47734,2430.726188,18594.66864,1859.79983,2342.162268,106.2877425,72.31421495,742.8649781,0.094750728,252.0807104,0.399053148,0.434787518,0.775525993,1422.944998,92.53139281,905.0473523,116.9811731,621.2708616,10.4914695,30.6238228,257.9984159,6.763189694,79.19453139,827.9339366,23.2069875,6.640597389,83.88364978,3.414457918
d19_37_G05_1_1_S,glasshouse_b2,Hartog,T1,R1,S,5246.729147,2357.2616,2522.812586,66.44329959,1020.793116,1999.241537,12824.27588,1080.587848,1884.0598,12789.09459,1068.665337,1927.084436,4055.37598,2383.284062,2512.150781,6442.768078,987.7692373,2072.554047,213975.9483,2585.637983,2605.708589,4246.835879,988.5587955,2145.098031,4429.567494,2362.713788,2528.537524,90.00996791,35.25144828,288.3614782,0.150804417,108.0681507,0.386612869,0.43713777,0.600726361,593.0708942,32.02721815,373.2426677,23.64331345,229.7308726,-0.425115703,13.7960807,98.74643844,-1.236432836,46.80897111,296.4248838,-0.027585968,3.174014833,31.94638415,0.356065224
d25_33_G05_0_1_S,glasshouse_b1,Hartog,T0,R1,S,6663.351493,1320.125555,3574.337674,56.11610484,1150.066906,2048.032278,17804.00919,1177.680325,2821.959243,22747.91716,1242.368129,2602.300674,4859.260986,1332.220944,3580.72002,8917.848871,1149.884389,2394.740222,338025.2832,1458.851442,3086.652869,9450.135934,1162.862526,2374.457177,5665.427569,1350.91659,3551.183606,143.784155,71.40128817,569.4904152,0.123699769,204.9644573,0.390578406,0.436039157,0.717403758,1048.769568,77.76877327,674.272943,87.84702782,448.5864138,5.711515056,25.46721303,196.8826475,2.022696521,78.30542376,617.5454981,7.11657765,4.644764857,64.79476377,1.343676978
d31_27_G04_0_3_S,glasshouse_b2,Forrest,T0,R3,S,10510.00411,723.7419645,3240.441133,57.24192736,1421.810807,684.4348027,23779.16204,737.2875822,2996.845197,35934.63167,848.5636378,2170.659848,12121.02282,847.3446582,3215.445845,10706.69753,704.3786229,2931.499664,375678.1304,869.5871752,2205.10656,13649.15823,708.0650276,2798.697686,4670.5328,913.688121,3721.162818,147.4234864,83.96510339,595.3038278,0.131776492,232.8109073,0.396963518,0.43594483,0.718659677,1273.685677,81.62853952,848.7285503,79.14084991,552.9471108,0.75218441,17.88698285,242.3275521,0.963471291,54.66183219,753.1372186,7.379814113,3.519495131,82.31598734,0.523997087
d19_40_G05_1_4_S,glasshouse_b2,Hartog,T1,R4,S,2894.210956,1643.308218,2143.907169,57.85800365,1170.586174,1450.553531,11617.03802,1611.328336,1588.179117,14460.26597,1648.157256,1948.785603,4202.67016,1658.726836,2160.152513,4811.38594,1621.56081,1895.963818,346643.5585,2515.285885,2028.413654,4216.631902,1056.768476,1421.175171,3841.850658,1640.491918,2163.747065,61.43552397,19.35096545,278.3295441,0.068151752,114.2156947,0.409199591,0.435610777,0.61867239,664.4549563,41.58570016,383.8754211,51.42577066,263.9281806,-0.681540791,10.67890046,113.9666133,-0.616891677,8.827382649,356.412535,4.022137823,2.436411019,39.2291398,0.082698831
d37_29_G04_1_1_S,glasshouse_b1,Forrest,T1,R1,S,4794.988148,993.253164,3358.786166,56.13317743,961.8704754,3416.142152,8782.6554,835.4398575,3736.427718,11102.17312,855.6580348,3584.523444,4383.085313,968.8457878,3333.901684,3663.010804,875.3712887,3641.325873,502341.1197,2572.815854,2295.1146,3439.179082,2507.952979,2792.631937,3515.283508,960.9503834,3332.04452,131.6537082,62.30319856,403.2621463,0.165340719,137.366983,0.374973745,0.410402655,0.584938612,784.4893303,49.15185256,471.3129828,112.1738107,298.22261,-0.511699501,15.53789976,126.8602571,-0.381013988,70.54152081,409.1233448,-0.132186102,3.60086415,46.15200013,-0.637423903
d27_09_G02_0_1_T,glasshouse_b2,5489,T0,R1,T,9193.795294,756.5787536,4256.655353,94.12973794,2341.208209,2453.05449,40282.20949,2303.223115,3963.240162,49694.90624,2072.065034,2601.388472,10719.21008,790.7707072,4291.626162,18858.22076,2383.528334,3999.812396,374740.1296,883.8138428,3968.092168,15369.60084,2338.960687,3299.414869,10600.58939,776.5254326,4247.823329,200.9122391,142.6967277,908.5694164,0.148605378,363.7866507,0.437409484,0.436309103,1.009251433,1821.460786,145.3943064,1253.649714,64.98124963,808.3257517,27.88163601,21.18512333,370.4574687,18.39616276,79.74460547,1147.860013,59.40023446,4.24058338,135.08668,10.98797205
d41_38_G05_1_2_S,glasshouse_b1,Hartog,T1,R2,S,3462.632932,2159.825704,1815.303922,65.85922993,1005.689525,2307.029772,22063.97995,954.7258344,2316.512695,18824.53898,913.153175,2338.715208,4290.93133,2180.145277,1770.491436,11564.54747,850.4413352,1957.293359,394827.965,906.6988841,1585.53545,11925.61949,753.231422,2741.546312,3528.207023,870.4312364,1744.124573,329.2908175,168.5845039,772.6834682,0.215548187,243.9643568,0.361234194,0.408067058,0.659469132,1497.478176,89.56240596,849.6869874,237.3890195,511.6738328,0.366275531,50.66743824,213.8747964,1.427916462,184.7991624,669.1493962,-0.234086021,10.8663825,76.22797651,0.70055404
d17_01_G01_0_1_T,glasshouse_b1,Gladius,T0,R1,T,10623.78377,2183.731243,2451.540315,58.92870202,2060.160372,2042.913073,22225.9384,2170.175293,2348.643853,22853.04453,2167.292282,2393.370504,11441.84066,2142.78136,2493.912644,8140.18621,2275.756835,2403.572104,351482.3263,2036.844169,1563.489971,14750.77606,2328.310241,2701.037754,8062.589929,877.8038641,2383.467642,144.825929,103.4820891,608.4220679,0.171879342,221.0969114,0.425813358,0.433971892,0.588676008,1058.228705,81.70893129,754.5904009,64.75379544,504.617356,0.630831904,17.12018004,228.9511724,1.656276214,57.58471833,706.5557878,-4.427426831,2.779748845,80.66083867,0.090484458
d09_36_G05_0_4_S,glasshouse_b1,Hartog,T0,R4,S,4478.810623,1173.442264,1538.562846,63.96328536,2297.595822,1054.318506,12102.22934,1311.334372,1162.106278,12778.07556,1339.116999,1051.310992,4506.201926,1205.46173,1601.376191,4694.606895,1345.952535,595.2751028,349980.8622,889.6209598,1470.960234,5990.504055,1415.375547,324.4244366,3965.97004,1214.521424,1550.752721,116.2246314,80.57886764,366.9109438,0.234643455,123.7792264,0.39808707,0.410340544,0.778181192,681.1605189,49.89436042,423.5428654,20.57424002,307.1704277,3.342867267,8.835764023,125.211654,1.462316524,65.85141878,396.7935581,7.732002744,3.139548693,43.32470501,1.651067085
d35_22_G03_1_2_T,glasshouse_b2,CALINGIRI,T1,R2,T,11633.63465,1184.858518,2662.740503,69.01940985,2068.004171,4428.638379,33462.98615,1945.989605,3867.689275,32386.86481,1962.590633,3939.135003,11264.7887,1944.316743,3931.466324,16286.5198,1884.805353,3469.059886,352698.1605,2013.882149,1587.252815,14000.80985,2173.60254,4360.18318,10503.03578,1142.586694,2614.803853,185.2272416,130.1097108,961.6888616,0.140489617,342.0305396,0.397089714,0.434944463,0.581159584,1825.960778,116.9606534,1159.570543,98.98110968,813.7853798,-1.487925124,31.59077131,350.1247222,-2.30924908,96.84189888,1084.532148,0.266693816,5.734241083,118.6352317,-0.481655107
d35_36_G05_0_4_S,glasshouse_b2,Hartog,T0,R4,S,8700.914255,742.0460707,4510.881313,56.19957855,1624.555435,864.9703479,38351.77184,740.7630093,3431.696648,44187.83488,752.2478132,3062.00622,8747.949738,747.1705437,4496.58524,21043.72285,682.8769526,2898.751034,399012.613,1863.709017,899.7801099,20815.97638,720.4618648,3030.349516,9097.840964,753.0633073,4501.362739,408.5668401,272.3711534,1122.085852,0.244590965,392.6340225,0.389932173,0.439226243,0.921751393,2262.926817,147.5387521,1335.252556,243.485606,847.1644416,12.85454069,56.08250582,370.3890579,8.624167316,179.1621617,1178.178691,25.04573692,10.73281886,131.294999,4.498308402
d25_01_G01_0_1_T,glasshouse_b1,Gladius,T0,R1,T,10921.32391,935.146281,2609.266195,53.79679694,1452.49377,1030.490456,23998.403,2069.582053,2111.23477,33604.51048,2369.710033,2870.070825,10745.68666,963.4840426,2599.036571,12424.53647,2366.670706,2153.379941,281761.7981,852.8912006,2609.514089,14573.75498,2332.346311,3609.150515,9661.876822,941.1803212,2391.707884,204.9462351,125.3461155,853.7337745,0.164786176,306.6437691,0.415394163,0.434937904,0.776073017,1538.062736,114.7387642,1069.962729,125.8420906,699.2935768,2.515708677,27.46641306,307.0892398,0.794330972,89.57498893,965.7923914,8.152480126,5.347661727,108.5891661,0.839576862
d45_27_G04_0_3_S,glasshouse_b1,Forrest,T0,R3,S,10092.24206,790.148594,3224.523731,69.14625493,1487.011782,685.3312168,35466.74493,1053.623848,3671.496456,34188.33602,788.829957,3221.136748,10734.66585,836.5495333,3263.389857,15588.55924,697.3994193,3030.341232,492260.3465,857.7065168,2293.986624,20438.66549,1460.241478,670.1383934,7161.801843,1425.738889,600.4346091,370.6716413,273.3822259,1032.377825,0.262299727,375.3664347,0.412954317,0.435831487,1.448896255,1926.911537,158.3342822,1334.384054,193.7715256,743.7431301,76.04536538,49.02083094,324.203512,57.25058355,147.3836806,1014.961646,180.0935215,9.967640269,110.4615806,36.68864054
d17_38_G05_1_2_S,glasshouse_b1,Hartog,T1,R2,S,5509.227565,2197.290017,1758.426081,57.88393296,817.8528527,2561.382215,14596.00146,1062.102651,2237.737248,11851.48709,1051.616294,2257.737468,4654.08748,2187.065769,1859.275039,4591.808221,924.0674064,1831.315317,383261.3856,886.4044448,2426.064319,5037.712025,1316.533858,801.931736,3644.85026,2229.886257,1958.485995,90.3703027,40.04499045,388.4216438,0.115541483,160.2325905,0.404876632,0.4327315,0.578705186,774.0957029,54.58700626,504.5113803,61.09390414,344.3114088,1.348400861,12.0585355,154.7017773,0.70764938,29.65539933,475.6672436,2.300463082,3.173753903,50.52347135,-0.616983507
d09_08_G01_1_4_T,glasshouse_b1,Gladius,T1,R4,T,12969.21809,1917.2528,1084.465069,62.17460355,1598.585488,322.7881743,7760.186811,1754.274768,908.9571927,9634.847027,1909.441015,1399.131914,13220.76441,1864.194081,1082.991407,3535.761796,1795.686412,779.7333771,487721.0032,1586.611884,531.4058287,8834.322098,1636.107501,379.9023483,17838.68163,1837.628173,935.0338645,34.8633314,35.7755417,276.0952167,0.099213563,125.8135547,0.437847824,0.43343866,0.862488745,564.4413908,50.72458355,443.7656492,-15.0899969,302.1934321,9.140739403,7.391986528,138.0106852,7.440653428,4.513258626,407.8829948,24.97246515,1.000746778,45.0501599,4.086965324
d7_T002_04.11.23,field,Gladius,na,R2,T,228709.2371,993.8998984,5477.170842,69.1398487,759.4617352,5177.883766,370968.533,1075.013826,5483.249695,389148.1957,1277.029282,5249.802445,196194.6816,907.5121095,5497.335312,179089.2544,1023.153442,5214.208407,1507778.422,819.4745467,5303.37094,301193.989,967.1131806,5613.381245,134484.7006,1089.3575,5352.827769,1592.649954,1251.485313,6160.548382,0.202905746,1162.360528,0.215693465,0.1890649,0.905903059,12113.51801,244.4816703,4123.932034,5473.43351,658.1561142,6.189530419,1078.892423,226.5163878,5.471612611,3389.114466,714.1838263,10.02817575,174.3672193,67.83915969,2.544186016
d41_48_G06_1_4_S,glasshouse_b1,3811,T1,R4,S,19605.63986,1434.765519,3231.92032,62.60417734,1696.666567,4366.91309,29940.83393,1226.430821,2846.674598,26418.55181,1631.820644,4047.025294,19374.59024,1459.586076,3241.261836,12418.96885,1753.536112,4493.261348,503774.7153,1698.748744,2731.541117,12693.9475,1730.636908,4479.218022,11615.29106,1477.214848,3276.7943,323.0324705,212.8834372,1025.093179,0.204354456,348.8003936,0.375534885,0.409904037,0.965768194,1963.895985,124.6143023,1239.238534,301.4120652,739.0141947,8.370759345,66.20743472,319.2927661,8.338574371,195.6754143,997.9500951,24.69705741,12.37420274,108.9573944,5.617662702
d09_04_G01_0_4_T,glasshouse_b1,Gladius,T0,R4,T,4298.079169,1653.622879,847.5399489,57.96610602,1568.719591,698.2576606,15314.34777,1653.077796,772.0716071,13833.22159,1916.389012,1192.341089,4232.271297,1646.544134,887.5549632,5705.270125,1723.427676,1155.589316,377431.8617,1445.969261,359.2640934,9333.570066,1626.194219,383.1937672,7000.639703,1388.791206,669.7314918,49.81812903,53.86132791,396.7023273,0.116780552,131.9222126,0.431782192,0.434450417,0.729910116,707.5594942,56.32820674,478.4243144,41.71596192,316.9275503,0.14047744,8.491094065,147.3615175,0.009624028,36.54768569,448.5978737,-2.386634993,0.85971652,51.68110457,0.57952939
d6_T023_28.10.23,field,3811,na,R8,S,56443.49552,541.8390498,3806.653291,75.07442535,1354.766607,3202.074271,273125.0855,1007.838275,4884.36938,329588.8784,921.9783075,4518.473498,56388.26895,554.9822584,3806.032973,145554.2657,1016.887075,4302.325397,499959.3479,371.1194739,3505.084479,254337.9347,946.9391643,3725.807692,55162.67502,544.1430586,3737.113552,1518.362765,757.9967939,4696.69464,0.162310949,848.032515,0.200755174,0.187299653,0.718740445,9302.193009,163.5144091,2996.358407,4342.848648,328.6258432,-1.144074227,831.0662025,116.6664895,2.622293805,2609.41534,361.9186748,1.173005625,131.5401781,34.02280781,0.1474864
d11_16_G02_1_4_T,glasshouse_b2,5489,T1,R4,T,4065.5217,1720.982195,1529.011641,60.11049188,1683.160721,1408.414286,6231.794747,1729.930866,1534.265699,8936.77612,1575.788066,1058.271292,6278.809236,1723.862868,1526.762892,3446.122911,1676.100939,554.1410319,344612.973,2017.236903,1476.417032,3223.256934,2259.455109,1515.058833,5122.771853,1714.533542,1490.308716,34.35933759,14.62088252,229.0329708,0.107683153,72.70324944,0.426771391,0.435796711,0.578324879,313.281482,26.34216423,224.1764896,-3.795838853,152.8203838,-0.409769048,8.628152295,69.83206723,-0.347372027,20.81829942,218.2299411,3.998344277,0.76701628,27.09655692,-0.142235278
d07_32_G04_1_4_S,glasshouse_b2,Forrest,T1,R4,S,1658.473444,1482.608374,334.0914709,69.88298397,1511.337651,271.1080949,1940.263642,1490.347201,272.5681949,4084.438284,1360.318513,667.9852541,1929.83658,1344.286882,681.4080828,3607.769747,1519.096484,258.7689033,312780.1844,1450.829629,238.334204,1051.905818,1377.40158,578.8797851,1910.923987,1337.094604,661.5705543,28.02236005,11.7745832,71.37325499,0.108565309,32.83534391,0.383133976,0.40916677,0.574283328,165.2432148,14.04429277,73.04671765,50.86915516,71.09964933,2.017240726,-2.213484145,29.66264429,0.799691657,-1.320079251,91.41781336,0.184076271,1.698848118,7.612598862,-0.711609142
d07_41_G06_0_1_S,glasshouse_b2,3811,T0,R1,S,4370.017361,1525.430519,990.1678335,69.0980091,1686.733403,733.6678882,7017.440629,1626.068426,368.6283352,9337.354642,1580.759658,614.7610239,3001.338621,1569.569926,901.20566,3685.419304,1638.750236,246.3889539,386487.6825,1452.847734,363.5543365,2731.750706,1643.70211,257.6280384,3744.277156,1561.256088,920.5200055,42.47811225,21.38442528,210.1303712,0.147724098,64.7643561,0.4061809,0.435921198,0.578867317,391.2775746,25.15969923,251.8894026,25.9711198,163.1798829,-2.062016622,6.183744406,74.46347988,0.004082497,0.542769929,211.0637575,4.094104831,0.559489651,26.52965494,0.562259332
d21_14_G02_1_2_T,glasshouse_b1,5489,T1,R2,T,9950.652421,2205.080898,2619.627908,72.00089435,1924.227977,1198.491838,10575.6203,2162.946553,1999.129966,18081.44995,2212.386739,2526.862828,10597.77781,2184.489542,2604.945278,7092.103197,2246.800144,2515.781327,533680.5982,2121.370437,1370.384928,6366.133513,1990.719516,1298.500364,13925.6865,2105.546865,2210.670449,50.54031158,13.34752253,463.7830533,0.034549185,179.7747908,0.396818567,0.435421051,0.570735961,961.5005565,65.81734634,625.6884806,84.98032376,453.9614373,-0.724411009,21.95810397,185.676974,-0.034408506,35.84777921,573.4696392,-1.735301824,2.297781395,61.56776254,0.035199972
d27_21_G03_1_1_T,glasshouse_b2,CALINGIRI,T1,R1,T,18711.674,1902.717552,3042.462452,48.80921403,1693.401994,3140.471513,30957.27583,1428.66685,2022.773266,33325.63135,1420.862129,2032.875959,19837.60939,1873.72345,3075.587313,13440.56508,1647.359488,2781.754001,657043.9915,1388.761876,2334.455436,16144.25662,1803.203094,3859.103867,18640.12559,1859.108787,3142.748376,150.175773,127.6684226,911.1166858,0.137966808,311.3309543,0.391218983,0.434315308,0.731386256,1838.733326,113.7398972,1068.797522,128.7043246,732.6035168,4.624899627,39.07896197,306.1148387,3.841974942,117.4927162,961.7203113,11.90362239,9.217782981,102.335173,1.329852669
d19_48_G06_1_4_S,glasshouse_b2,3811,T1,R4,S,7799.209407,569.7078256,2006.787927,46.00475551,1369.282609,1072.26469,21651.25267,1176.012583,2405.078794,21364.90413,1170.741421,2415.28921,8344.842785,637.064633,2028.477684,7404.551814,1567.167491,948.4900234,403763.7663,1429.538325,992.0745672,4684.987829,1484.635919,722.59391,9143.749152,639.9408581,2048.379689,99.36251953,53.70307,472.6582598,0.121348435,186.8301051,0.390097238,0.435508169,0.59105397,928.9437723,60.33157784,563.6896012,41.0445411,417.5449597,0.451338346,18.45389406,176.8264961,-0.531530594,28.59208625,574.1491054,4.718043328,2.420719764,59.21244028,-0.725480937
d33_34_G05_0_2_S,glasshouse_b1,Hartog,T0,R2,S,5456.808543,2133.761926,1338.372576,85.09290281,1644.437048,644.4916071,27037.43713,1579.735452,1507.655079,27724.53502,2123.429609,3003.412066,5843.041949,2142.503999,1331.197014,16904.16831,1722.27829,1175.395127,450564.0896,1919.182364,996.2835559,27986.72361,1616.039104,702.5369753,6209.498615,2130.006792,1274.759164,342.3139315,263.7075856,1067.740904,0.250297958,388.1824134,0.415509712,0.435383968,1.096243671,2068.651773,156.742149,1419.282122,203.4993967,840.0530656,53.20105652,46.18842879,361.0381356,40.96280936,126.1609083,1151.625197,124.6587685,8.485296876,125.6306642,23.74713252
d45_16_G02_1_4_T,glasshouse_b1,5489,T1,R4,T,11726.82356,1990.014654,3359.696863,65.64252614,1615.394386,711.1101561,37905.82454,2337.973139,4001.01668,50066.90978,2357.449328,3623.910419,13052.90542,2057.107844,3311.025731,17831.15443,2429.90917,4305.601228,563611.3201,2070.172086,2943.792934,30614.89856,2390.954304,4100.97022,8815.5315,2087.466263,3492.496934,567.5219071,414.436623,1475.667313,0.275016932,504.5207512,0.387002137,0.409002626,1.736750508,2834.069272,203.0580384,1858.223988,405.2838803,1023.134761,60.06112058,103.7789843,437.1244059,50.89054958,299.8467559,1377.23325,167.7930642,19.13221257,151.780681,35.67820048
d25_01_G01_0_1_T,glasshouse_b1,Gladius,T0,R1,T,10003.59063,940.2907325,2630.514931,54.3537248,1471.587317,1040.048321,22472.82282,2080.614543,2138.050366,32911.75204,2365.819885,2879.005675,11091.14925,969.9566596,2592.787244,12421.35997,2360.356572,2133.56148,282807.7361,821.4384902,2607.905264,14622.70174,2344.302398,3619.689415,10092.17654,928.5877601,2422.093872,203.6576831,136.7278413,784.0243216,0.16303509,306.03999,0.415049222,0.435499844,0.780471811,1576.716931,111.9552763,1057.607102,145.0324505,683.6658186,2.624844198,33.10405974,307.9943083,0.544086863,107.8517757,963.4845422,0.981186845,4.823919436,107.7789171,0.328472017
d45_05_G01_1_1_T,glasshouse_b1,Gladius,T1,R1,T,12419.36517,1402.965286,4058.41332,46.95808967,1153.278192,3515.437951,45707.03797,1649.843423,2477.179246,43903.5292,1362.280612,3978.647041,8232.038594,1442.523871,4260.323181,22772.26957,1142.747906,4156.387926,390930.9036,1109.425243,2642.901785,49324.54025,1156.237738,3222.430022,6934.896423,1400.64904,4118.618271,747.5084894,438.7498585,1893.429322,0.229055539,620.7877444,0.373991596,0.411605129,1.045840234,3571.149132,230.9511349,2220.120004,621.5282691,1183.927647,44.25808164,148.0450053,516.7949244,31.6271261,460.200535,1618.713884,103.0678051,31.18263542,181.5803079,19.64546064
d19_27_G04_0_3_S,glasshouse_b2,Forrest,T0,R3,S,6940.936861,741.4936909,2777.852882,65.43874872,683.4514684,2630.871748,11002.09979,739.7432246,2427.46303,14529.7028,780.100655,2308.265857,4569.554325,2716.387411,2006.608677,8000.200175,1471.66622,684.8073654,377024.5925,868.4955695,2520.639865,7258.901845,700.253643,2376.380798,4796.419067,2716.177392,1915.009472,94.31627638,63.97616133,424.7511103,0.154915842,151.8467412,0.394649676,0.432620787,0.581850461,840.7911883,51.14982733,525.6307463,106.1702582,365.2768642,-0.477045346,17.33294484,156.3791797,-0.300770802,17.00259963,481.8442165,0.468123821,1.870480085,50.89497304,0.538526587
d45_21_G03_1_1_T,glasshouse_b1,CALINGIRI,T1,R1,T,34527.43846,1861.883933,3723.923885,60.95549005,1766.016015,4498.946162,35891.46806,1791.204337,4253.528299,40467.29323,1780.180535,4272.187175,31384.4219,1792.043412,3746.884347,12337.94571,1675.114255,3472.977804,553434.8267,1571.470641,3898.568428,28354.60247,1636.267695,2607.944436,28720.09823,1798.857003,3837.422059,466.234831,397.5071084,1436.713991,0.27795951,485.4617348,0.378299207,0.409836954,0.990216941,2815.244974,183.9963745,1741.376746,422.5208299,1022.808233,35.57603564,100.6096081,427.3903525,24.27397502,333.0003252,1365.725681,77.91678904,21.12795196,150.7381313,13.47439002
d15_06_G01_1_2_T,glasshouse_b2,Gladius,T1,R2,T,9552.213365,1600.400807,1630.456919,62.06370746,1662.073038,802.7744704,13122.86256,1621.873174,913.5475378,13222.79135,1546.974732,1922.930507,10011.32162,1540.785641,1569.810684,8522.718431,1633.318628,746.7392994,577891.5705,1487.789423,1356.576316,10638.96591,1641.571991,817.0957311,9838.893182,1540.129845,1565.01365,58.22374426,37.92358378,441.411848,0.08143059,151.6378884,0.389791012,0.410840601,0.582383648,854.4610878,51.82046628,558.2081261,43.01300457,360.4768772,1.637536402,15.8231741,155.2494493,0.352020962,42.02665816,479.7173847,4.735024684,3.816276309,49.91502551,-1.104990348
d45_47_G06_1_3_S,glasshouse_b1,3811,T1,R3,S,5932.812567,672.799012,4661.214559,71.22217272,1392.403133,3811.90297,28294.0157,1510.997151,2760.441782,32540.56872,1503.136621,2725.976219,5138.585,692.5504203,4619.359328,15300.22578,1510.348408,3586.081866,332577.0492,869.8723006,4279.60814,14397.47058,906.5126266,4363.795288,4259.607951,1124.44811,4462.262027,444.2370792,263.7201502,1228.629872,0.209606683,397.0051381,0.362142987,0.411157317,0.968650985,2365.035076,143.8329798,1395.868027,468.2123805,752.2541485,28.78519898,101.7382158,318.1567625,19.63343698,332.6415386,996.3977598,67.11368703,20.83323838,112.3936713,11.68102007
d41_16_G02_1_4_T,glasshouse_b1,5489,T1,R4,T,11742.30332,1945.346118,3303.686394,52.22525542,2202.137234,2162.372423,30031.29791,2007.073096,4109.85341,40073.10136,2203.046406,3347.265862,11528.66251,2028.219505,3365.139734,17501.09766,2388.142025,4071.46669,409182.153,2039.531341,3096.744665,21388.22966,2206.497939,3690.479052,7577.410795,2051.716925,3514.14836,362.5878671,267.960106,1092.469776,0.252271848,369.8657681,0.390129138,0.411976267,1.108030275,2104.615804,135.9482635,1324.457099,221.3225049,806.3350554,18.0773201,52.81428087,345.4960939,14.32885206,158.1069581,1066.165142,55.19558173,9.75397012,116.4214428,8.276752011
d37_10_G02_0_1_T,glasshouse_b1,5489,T0,R2,T,20488.38168,2437.426969,2537.161666,53.20861874,2503.309601,3787.367232,39920.96036,2762.055237,3990.62358,41764.47196,2755.993183,3974.079493,14821.76061,2524.271134,2893.211901,21948.04588,2407.947374,3607.234448,435699.5322,2571.87867,2318.701786,18555.06095,1778.488857,717.2684166,15768.27049,2539.922374,2881.19198,421.0313292,342.5892766,1527.586921,0.222483012,571.0538888,0.41331683,0.434239043,1.111086581,2776.660817,219.6813337,1980.819075,191.9740876,1279.392719,34.73923678,41.85173079,556.3628825,24.83414186,184.4868277,1733.855226,80.52890828,9.805446626,196.1611081,16.18715849
d31_10_G02_0_1_T,glasshouse_b2,5489,T0,R2,T,15990.12225,2515.535678,2897.22323,54.7197308,2461.320152,3000.418708,46038.34232,2214.722511,3426.20354,66528.4869,2345.278229,2084.19312,16403.07532,2520.29869,2881.409143,20178.26885,1778.970181,756.241541,518720.8874,2587.170916,2364.355613,18713.98957,1770.292896,718.5820319,16015.6888,2524.206999,2826.361172,297.9731812,234.8441922,1227.318204,0.191459754,451.8342197,0.409651776,0.434441031,1.236806975,2401.148306,171.3701381,1581.679083,147.7105471,1037.204334,20.81173176,37.86664201,443.8661801,16.36824258,137.1863101,1405.510884,50.41051675,5.536205192,157.1089349,10.99313029
d35_20_G03_0_4_T,glasshouse_b2,CALINGIRI,T0,R4,T,18228.3494,1768.464859,2403.941574,46.4075727,1626.180057,814.3820626,51006.82296,1113.468595,3697.45936,57575.70817,1123.838196,3715.931124,18308.29823,1851.870186,2375.780934,29928.89816,1820.484053,1109.918215,575730.0519,1936.38199,1881.089596,24665.19395,1773.386831,1068.444226,17776.70439,1848.168945,2372.078385,311.1108563,242.7379582,1474.187606,0.163041422,554.6494937,0.403667322,0.434802811,1.138491497,2896.104235,206.154416,1942.435684,199.6940913,1249.436528,21.40859319,60.13148121,536.0823391,16.02654457,193.0356602,1679.73829,52.35140199,14.19200218,182.5077816,9.981178366
d21_23_G03_1_3_T,glasshouse_b1,CALINGIRI,T1,R3,T,9904.465962,1463.498004,2449.043815,62.75036841,1460.416831,2028.223421,14851.14401,1409.634272,2128.695251,16742.98549,1396.577662,2170.402422,8921.262655,1498.289934,2422.534236,8064.259003,676.5472519,2215.573022,498480.6026,1514.073997,1786.731728,5243.694775,1603.53655,1525.612776,10177.44213,1516.255845,2319.298443,100.9261167,68.05218268,497.7922893,0.144652084,173.8860096,0.401257416,0.435803451,0.571380434,926.7997007,63.30364432,574.9394368,74.16348252,430.9495295,-1.082098826,14.48469021,178.5921728,-0.460626563,32.19942111,565.3927904,3.147647411,2.038946881,59.12298733,0.442123928
d37_22_G03_1_2_T,glasshouse_b1,CALINGIRI,T1,R2,T,11944.1503,2003.239091,3999.030912,67.05877976,2021.859739,4291.450933,27515.57854,2005.729825,4259.86365,27265.12982,1984.770963,4261.622392,9406.329107,1952.580434,3855.381704,13260.69941,2050.68747,4542.972241,573950.3559,1941.370034,3595.131772,15746.00014,2027.232504,2482.429723,11411.42863,1958.651231,3839.323232,176.6279491,132.4807447,954.2770116,0.137870762,353.8372014,0.405136573,0.431969465,0.61653036,1868.41096,125.221412,1213.504506,95.6441196,823.1135159,2.095897014,39.04012502,349.4154329,-1.374994975,84.15845134,1099.517746,-1.234533252,6.632892275,118.5277505,-0.647011055
d29_43_G06_0_3_S,glasshouse_b1,3811,T0,R3,S,16131.59223,1758.748089,3667.045572,61.58332835,676.9340878,2679.842103,33724.76242,1285.388067,2724.348748,34986.90584,1742.521796,3965.487286,17293.84992,1816.834707,3635.378863,19447.34294,1841.471665,2650.123389,473659.7784,815.1825964,3472.390518,21760.73662,700.8315561,3995.531553,16831.03894,1805.558733,3631.750489,289.6647941,213.5236367,1328.27171,0.165414348,475.6592967,0.41597378,0.435898815,1.173353877,2497.533867,182.1293653,1637.673181,164.006757,1110.577302,12.76587013,40.05618703,485.5781877,11.00310713,105.9813951,1521.216191,35.4536632,6.102343176,169.9030409,6.728438139
d41_47_G06_1_3_S,glasshouse_b1,3811,T1,R3,S,3327.166053,979.9702149,3362.824505,62.01909349,1526.987676,2443.024872,23157.5463,1657.002453,2361.478339,18462.1952,1283.568634,3332.670359,4298.996182,2023.393645,2119.468493,10300.00865,1280.196727,3366.779783,361997.7792,1474.879043,2128.972024,11642.12655,1524.680952,734.7730204,3690.936091,2025.727585,2099.689431,300.2906658,187.8079065,856.0769819,0.210302701,277.233278,0.366700347,0.409604519,0.922842873,1606.070092,102.0562637,1026.162018,343.4657416,546.0808207,16.65698956,79.25414297,232.9365754,12.5158735,245.4923224,712.28407,34.51277556,14.30821638,78.53026413,6.957655408
d49_37_G05_1_1_S,glasshouse_b2,Hartog,T1,R1,S,4754.788497,2384.443784,2545.659485,59.14847816,1650.826057,755.2607021,14486.94194,1609.959392,2293.721384,13699.17068,1605.570073,2309.688109,5300.770582,2408.250139,2579.914419,10080.71521,1648.285358,802.9018007,382520.5992,1887.567421,869.1000142,5000.546541,1467.957416,721.4978354,4574.767441,2393.807742,2553.150663,204.5140011,116.5747987,442.3345452,0.277453329,142.0052431,0.358079512,0.410586591,0.714913542,861.6783008,51.63172925,482.4963958,140.7431273,262.5097144,12.80036048,41.02069899,116.0358894,6.466549269,97.01274441,352.1733334,24.44849721,6.491224882,38.23670834,3.896300815
d45_29_G04_1_1_S,glasshouse_b1,Forrest,T1,R1,S,4147.328603,859.5149656,4604.436203,46.0306428,1345.128172,1111.063843,12283.01208,2513.637262,2912.373063,10728.16968,2508.95821,2938.695465,4055.832554,864.5117818,4557.08325,6133.547261,933.8978624,3558.347563,374783.7157,880.3865456,3916.6915,5943.519377,1549.823013,631.5365276,4102.147018,884.7852044,4617.940807,168.2535543,88.62649979,503.1808339,0.182847991,169.4920934,0.370861009,0.410746029,0.845569183,968.7178609,64.47541549,593.5918786,117.6387811,382.238005,3.124618869,29.98041186,159.3844145,1.558834767,107.423575,514.0014493,4.236293999,5.45382445,53.79320141,0.570097354
d11_18_G03_0_2_T,glasshouse_b2,CALINGIRI,T0,R2,T,10341.30153,1654.434448,705.3357982,62.17334254,1456.778672,429.9086458,20380.41237,1649.037622,725.2036595,25593.25974,1471.754132,856.3083061,10876.28081,1550.425565,713.6375843,7777.570096,1452.392698,395.2648013,469810.3327,1473.573602,432.3085839,8931.887508,1464.180205,397.6970511,10871.69295,1555.200832,689.8578921,75.33065054,44.26281374,454.2761268,0.10363238,167.4737658,0.407726847,0.434363919,1.027816194,798.9363207,58.10890172,556.8466767,45.46119289,365.8644829,9.552869635,13.43393444,160.9804423,6.824484605,34.2615178,501.5817476,20.9026941,3.115624743,54.61708117,4.038176892
d4_T017_14.10.23,field,Gladius,na,R6,T,20191.03166,1326.315307,4909.878416,67.79875413,1441.331411,5260.581072,175860.556,1239.600889,5012.286185,189289.1673,1251.18966,4885.515295,12468.00224,1327.648094,5115.11696,88808.06431,1130.705648,4614.875964,392522.8728,1206.450064,2461.796755,78480.19069,1577.743856,3630.548475,12267.00006,1326.325846,5119.529048,1004.534652,291.5710392,3301.220843,0.090457141,607.740649,0.198109839,0.189075078,0.604942066,6560.240886,114.1472438,2089.336425,3110.154883,215.4233275,-0.94138795,601.4860671,67.88123994,-0.240964916,1869.298665,237.7334739,4.435332022,93.29187496,19.14302825,0.37092193
d33_17_G03_0_1_T,glasshouse_b1,CALINGIRI,T0,R1,T,21569.64707,1402.58749,3509.13772,57.81492242,1203.038859,2363.158666,34490.29212,1294.341044,3128.780375,34747.72664,2435.718479,2345.099838,21338.64144,1332.764051,3422.980968,15140.06091,2780.411047,2600.270225,493097.2131,1416.938761,2221.269862,17989.17502,1280.286169,2668.48761,19274.77483,1341.954771,3631.841713,227.976857,181.5060494,1135.618328,0.15632834,410.7534282,0.39121428,0.409779894,0.774736994,2239.078685,144.4276271,1429.391546,216.9218786,903.5770001,10.63685374,69.76743669,378.5403742,8.87469216,218.3590636,1188.346564,24.6479155,13.33639422,129.988821,3.920706249
d45_27_G04_0_3_S,glasshouse_b1,Forrest,T0,R3,S,10499.61913,788.8675537,3222.466251,68.89638068,1492.612548,703.3314776,31513.91543,1075.09926,3666.959057,36157.02506,787.173086,3225.188691,10610.77999,849.6181242,3222.460571,15868.60705,691.5724453,2999.832934,497760.7066,822.9102244,2346.141946,21073.17342,1470.281865,761.4472077,8401.412652,1427.741931,620.25032,360.8922402,267.8114461,1008.443527,0.264676549,369.1078571,0.412284892,0.434093702,1.434517649,1934.016511,157.2840998,1347.617924,178.2208626,740.878169,73.35643628,54.65614464,320.9839118,56.52366719,155.4788247,1010.036996,179.7973307,10.81731317,111.6490001,36.04794013
d31_27_G04_0_3_S,glasshouse_b2,Forrest,T0,R3,S,10044.45082,749.2684329,3149.584963,57.09412836,1408.198504,679.0417644,24796.87129,724.4222686,2974.958052,34534.531,863.4957338,2146.192311,10864.29382,827.0469982,3197.927188,10270.04791,689.5261214,2968.248445,386685.5016,879.2321998,2235.553239,12268.06907,700.1851764,2804.365582,4755.945153,903.1103991,3663.302534,150.1349209,94.03984375,706.7218883,0.132791754,222.4414889,0.39833895,0.435185738,0.721414623,1262.024074,82.32642125,833.6735315,134.8077862,562.4827993,0.991760618,26.66465586,228.6577932,0.5934734,46.89724959,735.7512484,3.549017086,3.847555289,79.12541161,1.127028571
d29_27_G04_0_3_S,glasshouse_b1,Forrest,T0,R3,S,11155.84196,759.2007436,3180.378484,61.35558232,1465.382179,716.8992833,22518.26862,731.7114501,2765.549206,24732.02803,749.3820021,2742.921312,11464.76302,815.2440308,3168.352687,10179.81175,697.4199881,2964.960051,431374.3255,859.3734074,2269.835933,11970.47473,769.1148046,2257.851421,8084.574486,856.1137216,3506.401803,128.4225183,96.63359844,675.613493,0.14301266,232.9144029,0.4020084,0.436141907,0.724634804,1313.284028,83.7410058,831.6657869,73.96830662,577.6407928,0.737763337,18.12018421,240.018419,0.101096815,54.89349957,776.7400769,-1.924035298,1.971576772,82.2266576,0.975984067
d19_18_G03_0_2_T,glasshouse_b2,CALINGIRI,T0,R2,T,18789.44548,1196.328131,2279.944699,54.75637138,1442.058971,2025.965652,27523.91001,1449.376597,1151.154599,37198.76059,1402.34665,1239.900842,16286.98269,1201.192485,2242.806143,12421.49435,1518.741204,735.8299925,326623.0017,1006.269222,2172.738509,11192.47202,1387.312639,1990.356686,18199.22401,1194.01613,2251.377128,110.9717938,78.86168429,708.796097,0.104126686,255.9102293,0.395176215,0.4339622,0.711711761,1354.475735,92.79514464,885.3940055,63.265254,615.0289142,3.267453644,26.90151684,264.3004882,1.521470187,89.80783628,800.3806168,7.541647184,5.574617204,85.06529044,1.582639645
d49_20_G03_0_4_T,glasshouse_b2,CALINGIRI,T0,R4,T,24268.43776,2145.627553,1175.951312,75.1195822,644.1512679,2419.080204,97642.46278,1535.00189,1532.126928,119291.1373,1885.481119,2989.902724,17828.4939,1869.78287,2354.711632,50178.36905,1510.364645,980.5052418,455332.7712,944.4409918,1950.872554,49520.27094,1728.580909,1063.778271,18009.73069,1891.208598,2379.347038,794.2893857,664.587736,2580.15797,0.250641924,973.2701299,0.414798297,0.433694488,1.593257102,5048.988395,409.8801446,3494.350514,572.1015794,1922.834975,137.6886134,128.6431644,859.5851618,106.3068846,444.3199083,2704.855598,337.1549535,28.12423445,310.5470082,67.79555985
d17_17_G03_0_1_T,glasshouse_b1,CALINGIRI,T0,R1,T,10561.23915,1222.755697,2705.613814,54.7546217,1418.06749,1390.948299,19279.41437,1389.539703,2762.029749,19318.04794,1370.506798,2730.570327,11195.01314,1247.804884,2794.277442,9092.964757,1381.476562,1525.883237,528149.5971,1001.659405,2243.947755,15497.55917,1276.212003,2648.23973,11260.58999,1242.409812,2733.370956,91.8482311,79.5373986,687.9986194,0.109919502,268.0448098,0.416771749,0.436179,0.875804086,1301.650998,95.71015575,900.1508907,-5.846764343,611.372819,6.630200775,10.30089768,259.6354845,3.368826477,60.21013965,810.6321734,14.13144027,3.365810549,90.33183401,1.288713375
d11_19_G03_0_3_T,glasshouse_b2,CALINGIRI,T0,R3,T,5405.908446,1677.069369,1539.666901,68.20797233,1568.496439,1916.13677,16453.22682,1542.809566,820.5400929,16331.7358,1540.882807,837.7668693,6385.993589,1667.32398,1531.073826,8027.731633,1515.107821,572.8042302,330887.5651,1442.941437,1353.222001,5584.443379,1583.968961,1985.669861,6237.037658,1700.739863,1564.400094,82.76876143,46.2216647,385.1144828,0.113180124,155.2644885,0.412662466,0.434499241,1.02662328,803.4636836,63.34982811,569.6995775,41.66550002,371.2737764,2.659244444,12.53069675,165.161584,1.963566416,24.94461571,504.5476374,10.62893513,2.590375574,55.0183259,2.266104977
d13_02_G01_0_2_T,glasshouse_b1,Gladius,T0,R2,T,8324.164002,1730.569458,1952.478117,56.13899218,1858.428026,1596.22893,12620.69721,1764.285688,1367.943774,11481.58136,1766.684282,1266.070294,7753.022646,1767.509986,1897.658195,6805.181322,1882.521008,2201.884187,373351.5202,1604.388032,1463.582273,4280.224983,1491.61496,358.7293616,6714.301446,1764.121094,1936.214805,93.46582679,59.68966671,443.1611519,0.145011608,174.1632252,0.440390591,0.434228433,0.848332256,794.0689442,69.24402794,604.946127,35.00630267,403.715869,3.281513995,2.8768277,184.2777974,0.714059404,8.689517876,580.9751041,3.837002746,0.872462936,67.6055409,1.106073426
d25_43_G06_0_3_S,glasshouse_b1,3811,T0,R3,S,13722.80909,1760.723537,3336.875459,46.24134963,668.3978552,1811.007858,28351.26572,1764.213386,2674.056767,33499.31744,1810.295755,3012.844372,13039.96417,1776.67088,3331.601645,15088.8253,1794.989328,2437.071896,423964.7887,857.5587475,2830.173652,17863.20802,752.6284614,3627.903249,13510.57991,1770.478049,3302.357161,225.7736293,132.514712,1003.110378,0.142863224,385.795155,0.421611406,0.435170075,0.746532601,1912.620283,149.1944598,1311.273636,78.34195869,904.9334892,2.406160808,23.96334692,402.5875589,0.949949279,59.35069232,1244.090416,5.287732463,3.646046148,141.0271211,1.153382298
d49_36_G05_0_4_S,glasshouse_b2,Hartog,T0,R4,S,22845.87057,1531.428535,674.8084735,47.90417924,3016.125197,3549.529229,89902.54026,1867.226504,3900.21718,122275.5372,1034.333649,3186.786954,18186.98729,1509.484948,709.8099468,58016.60334,1572.558004,858.4885171,374062.958,1460.580362,338.1898897,50990.67711,1613.598132,760.7315752,18216.65295,1513.222156,694.2983895,1296.422183,930.7338974,2608.495271,0.35577094,874.0561258,0.417605343,0.411169661,2.500311461,4819.114067,511.8839656,3472.858099,928.8136932,1404.591991,272.6450144,201.4921371,630.6449094,266.4216506,636.3143645,1971.718695,842.7895527,37.15238725,231.0219904,242.8024019
d45_25_G04_0_1_S,glasshouse_b1,Forrest,T0,R1,S,6456.759166,700.2418833,3108.469867,87.81001882,1446.302482,787.3028167,33857.8278,882.5361247,4132.096909,33709.17722,1310.182223,2321.441202,5680.199585,718.6063103,3068.953428,18048.91084,789.7599345,4333.168699,409012.5322,865.7705523,2823.249483,20254.76696,1396.234595,782.2750288,4245.818401,986.3535582,3026.979083,507.010963,346.6924999,1237.476749,0.269191537,416.5318594,0.382802451,0.410640701,1.341223902,2424.745067,168.7684029,1502.734853,387.7546541,825.1844468,57.71025936,83.92118582,358.6076103,43.53858808,248.3939953,1138.204027,142.2430436,15.35960819,124.9985088,27.92338692
d41_06_G01_1_2_T,glasshouse_b1,Gladius,T1,R2,T,6771.178994,1491.331174,1634.030916,76.93455257,1624.799822,1135.612039,25645.2521,1704.419536,1198.566302,25413.12321,1711.540675,1197.098557,6397.179174,1494.132307,1609.715455,12819.86542,1935.63359,1233.468404,364416.0473,1920.949775,1453.550702,16394.8587,1841.460331,1096.320758,6431.407759,1889.537812,605.3941924,406.51735,278.6463899,994.6427176,0.26685693,334.7705693,0.356340206,0.323248044,1.130755878,1979.667764,118.216771,1143.027704,411.5210002,574.7523749,20.83363528,106.9293021,239.4198693,17.98120858,318.1452575,774.9931361,50.26045047,20.96577541,86.33472229,11.33032604
d05_24_G03_1_4_T,glasshouse_b1,CALINGIRI,T1,R4,T,2115.0134,1521.595911,715.4083678,42.28533791,1661.503613,296.3135869,7109.25244,1524.73528,665.624594,4619.857334,1538.997954,721.0935146,1996.087562,1519.450521,696.8845327,2453.711766,1531.625183,838.3522936,286105.662,1464.408365,277.3114641,1542.638939,1700.683478,399.4531242,1980.198185,1528.813232,708.6190488,61.75017667,25.97336996,99.25757547,0.248207035,30.15037833,0.369670277,0.412947806,0.613431426,199.9361248,12.83832376,128.6197444,46.72498909,85.88779812,0.072321972,10.0362432,33.97603906,-0.790097813,20.82288621,108.2198632,4.014825567,1.592120524,12.83311977,0.223079411
d05_35_G05_0_3_S,glasshouse_b1,Hartog,T0,R3,S,2046.776874,1854.985935,579.1144702,59.24101345,1486.689419,645.0624341,2701.864418,1510.978681,497.1310284,3563.349527,1500.198754,534.6590548,1885.079421,1874.397083,608.9018304,2043.658897,1503.437986,356.4552033,275293.8066,1487.800012,273.8121309,1145.837439,1602.486286,156.0432672,2634.833883,1504.971487,566.9170875,39.42780982,5.375838547,130.2651743,0.12161322,33.86120286,0.369114439,0.409722165,0.590208509,260.9712028,11.34687689,110.526162,23.22302051,93.3090608,0.366498925,8.507237288,38.10880578,-0.194244166,-1.630283535,132.3335383,-1.615901864,1.822207386,11.44558519,0.026319274
d41_18_G03_0_2_T,glasshouse_b1,CALINGIRI,T0,R2,T,13640.79597,1075.245222,2650.178161,69.71467989,1019.259226,2653.816947,45128.37738,1582.225128,2397.902607,41516.16032,1586.307543,2242.632928,12965.25163,1182.808258,2671.358912,23042.32134,1058.241629,2238.647861,447710.4878,984.8198744,2297.319976,25385.4304,1070.616115,2220.316989,16354.16492,1185.469234,2385.55123,366.8373565,237.5699018,1451.570802,0.161289496,518.3932213,0.390256786,0.434641091,0.870041122,2814.239812,198.2318241,1774.536796,457.937606,1033.854307,10.68645217,103.2841763,461.0651914,8.241036854,321.5026346,1451.489618,27.60836948,20.57734034,168.4716553,4.959486166
d15_04_G01_0_4_T,glasshouse_b2,Gladius,T0,R4,T,14129.59928,1993.238482,2473.809742,47.88805155,1545.431144,729.9420862,22067.45632,1884.501483,2318.662444,17972.62432,1871.379311,2294.992062,11702.24417,2067.128687,2581.666107,10012.88507,1580.297765,756.0229679,367161.1413,2016.718488,2189.616382,7964.565726,2074.006825,2717.991987,11307.29214,2063.085413,2576.069959,90.51214745,60.97020294,560.2910873,0.097823772,209.2229656,0.410177434,0.43440583,0.887778981,1159.51623,72.70667218,691.286062,90.61082069,502.5568179,1.432077042,22.26953472,219.6215186,2.184222715,34.66494154,659.6144872,5.468473333,2.214817098,72.4506433,0.002011595
d17_46_G06_1_2_S,glasshouse_b1,3811,T1,R2,S,4762.565499,1115.800201,2260.729147,66.13593463,1775.15639,2508.195075,14308.45444,1912.505828,2273.37914,13737.23784,1892.809332,2356.837939,4112.075451,1137.974587,2283.647517,3156.414801,1799.74421,2603.888052,371468.8431,1011.328161,2076.931973,4024.971105,1147.316097,2062.085534,5320.767508,1144.970581,2290.698985,94.23662194,45.66563924,348.2382672,0.119815911,118.3490564,0.393320148,0.434601886,0.577064068,684.9047929,44.55064564,442.6729207,44.56459244,310.8527112,1.766844323,7.49538354,126.944703,0.992570414,71.02911247,403.8827083,2.760491305,2.38349806,42.36895662,0.344922761
d17_38_G05_1_2_S,glasshouse_b1,Hartog,T1,R2,S,4249.281366,2197.868481,1818.275549,57.83625399,840.7932412,2551.385673,13504.381,1053.359653,2259.329759,11136.25794,1064.052097,2298.455388,4222.85747,2178.264718,1816.795666,5500.749389,907.4769504,1819.771923,384710.3504,883.2159967,2469.272184,4465.659006,1303.254438,775.4544017,3760.746043,2226.015529,1956.951952,88.56664323,44.46031394,396.9506294,0.116800971,160.6228685,0.407051077,0.437409077,0.58131916,765.1907065,54.43895202,532.415727,46.01518409,354.3016481,-1.116308283,13.17467043,158.4557783,1.296751187,67.32843781,469.8935221,6.0058136,2.830173312,52.90441623,0.114196158
d33_04_G01_0_4_T,glasshouse_b1,Gladius,T0,R4,T,19875.41042,2069.925454,3480.41189,80.96316463,1677.286435,722.5831288,30053.25831,1721.518701,2048.66581,29884.83772,1738.348391,2024.642152,19997.46226,2059.763831,3451.9472,15998.67034,1656.500119,1457.443345,357392.7118,2025.243227,2172.727265,23668.26251,1641.578085,824.4562886,17971.40477,2099.064226,3667.737594,331.2105862,248.7328458,1256.876096,0.191567225,463.1098916,0.410381052,0.43421221,1.23320367,2457.287776,177.4988569,1591.743128,215.6261913,997.2923875,35.51544199,54.22157146,428.8904242,25.43159015,188.7483756,1355.787955,78.91747075,11.25898934,152.7181077,16.35594822
d05_35_G05_0_3_S,glasshouse_b1,Hartog,T0,R3,S,3353.712786,1880.186602,639.766228,58.80823436,1491.62577,709.0536093,2162.099872,1504.437236,557.9837447,4174.99014,1516.597406,550.803812,2490.930218,1863.271916,612.5448739,739.5559779,1490.542469,453.737644,277914.0905,1441.61826,247.96777,-103.0584571,1616.970752,208.9400963,1946.080729,1520.71179,549.3154994,39.55223535,13.60429653,146.242409,0.122166375,35.54614731,0.368446794,0.41123688,0.589460224,217.6785583,11.91661148,101.5414269,12.19408857,100.7946093,1.281287074,6.433206807,36.41431425,-0.806213897,5.882813288,88.97239229,-5.667890452,0.807569192,12.23653841,0.138978721
d37_29_G04_1_1_S,glasshouse_b1,Forrest,T1,R1,S,4241.654445,972.9041884,3314.180062,55.61752826,948.0892266,3398.904411,12600.73819,839.5730172,3707.470269,14007.3179,862.1667332,3581.915478,3642.569122,980.3957933,3344.597975,5399.010537,865.4686198,3679.182694,501245.1291,2595.842466,2293.980913,2965.724126,2494.311829,2767.391086,3683.612426,974.3453825,3357.014713,136.4779574,63.46501988,393.7130601,0.167517061,129.404038,0.372878236,0.410808597,0.575998261,772.8185933,49.81527289,472.2592605,89.59316148,300.1544208,-1.57196616,19.73118098,118.2708746,1.409874302,88.14047533,395.605432,3.806582433,4.165096816,44.5207811,1.017269437
d13_33_G05_0_1_S,glasshouse_b1,Hartog,T0,R1,S,3073.526934,1240.44307,730.0946318,58.86441121,1174.219442,744.2368862,9962.997161,1280.09407,2137.209698,9983.067974,1278.686359,2131.127966,2784.645658,1241.191175,791.7583898,5782.373858,1149.473183,780.4437544,382093.4109,1017.520481,2042.293855,4891.291061,1165.484481,1935.970677,3064.828936,1242.115499,824.7829327,77.34504517,50.19861093,321.4209583,0.136805234,119.8320236,0.410491622,0.434440009,0.574770467,690.1451526,47.9324108,396.2632609,22.05722679,283.6739093,-2.409647007,-1.344862967,125.1309887,-1.887948034,20.36340401,382.8825103,-4.396993205,1.138152452,42.96788603,-1.327817891
d11_42_G06_0_2_S,glasshouse_b2,3811,T0,R2,S,2711.166212,1941.124543,2107.079602,51.14595285,1103.063342,1060.592766,16216.29592,1326.895127,703.0248518,14690.15089,1301.269783,729.4234395,3210.277059,1925.295786,2101.792939,6300.89087,1089.796297,912.0681901,380201.1495,849.7737044,1313.574308,4153.509139,964.5230416,1562.800131,2361.444445,865.980778,1596.552052,83.49374838,37.64007515,343.5441239,0.141530264,126.0342804,0.396112548,0.410357992,0.586726904,672.5538793,42.96837887,411.000824,70.32850429,283.383536,-1.038355658,9.202668963,124.6674977,0.292357429,13.32700473,392.2723693,-1.469930265,1.72431165,43.15484038,-0.809795756
d31_46_G06_1_2_S,glasshouse_b2,3811,T1,R2,S,12503.50189,1035.655397,2520.575319,69.33888974,1289.155003,2057.950547,23227.77895,1647.825907,1960.114244,22391.01032,1719.862845,2137.605669,11048.67708,1047.738326,2565.847277,12818.4237,1287.079603,2222.506601,396087.0176,1436.295662,2048.519644,12054.8027,1273.078967,3961.573819,11250.21003,1061.132261,2585.625638,152.4535918,96.06568182,650.2988585,0.127378863,226.1916813,0.380051553,0.434161932,0.735059282,1186.132745,81.62276039,776.6802122,113.1747254,509.9800681,-0.164104402,32.26041555,217.6394569,0.803565878,106.1117062,661.443304,-0.408381989,6.224532091,71.20670537,1.522981884
d17_48_G06_1_4_S,glasshouse_b1,3811,T1,R4,S,10091.45627,1216.735792,2170.843509,66.07108798,1505.933808,744.4992513,13226.12858,1224.483523,1749.495899,13417.86023,1224.938337,1843.461106,9805.802733,1238.458279,2150.044292,7377.376858,1357.647589,2566.519884,363174.8976,871.6225994,1444.920185,5825.463843,1503.850651,726.3482429,6959.335524,640.9386592,1922.700234,92.89011046,66.00434756,481.4374837,0.143868918,165.5075752,0.395228213,0.436448671,0.56850482,824.6540809,55.45388128,576.1120563,52.72442456,376.3636156,0.240461449,10.10985075,164.6995949,-1.171885276,36.99414064,520.5091898,0.471887153,2.571488326,53.89436571,0.962585779
d13_11_G02_0_3_T,glasshouse_b1,5489,T0,R3,T,4751.691089,2290.709388,1348.35964,64.80246754,1458.345284,2392.366548,9600.531215,1461.895428,2178.634062,13022.97396,1469.169874,2162.927748,6258.981903,2277.629261,1389.040488,5520.843651,1317.000998,2043.897982,373016.428,2069.927497,952.0881976,7575.876372,1361.427694,2229.711368,6345.626109,2228.750068,1246.729887,82.59841458,44.30255852,415.2248904,0.118451974,165.8060727,0.421519,0.435627067,0.602405791,780.9587772,59.55266201,553.3728108,31.0885555,363.2259427,-0.661590215,11.99537193,161.6990089,0.058421248,21.43216173,512.0597457,-1.85823552,1.015894352,58.09222183,-0.124503725
d19_45_G06_1_1_S,glasshouse_b2,3811,T1,R1,S,7826.629758,754.0679106,2086.317622,79.05914281,951.1652789,1166.226891,16720.48982,1301.492426,1421.397766,19199.79567,1370.146026,1494.968747,7614.33057,758.0045647,2135.541414,10591.26178,1458.756781,1908.792804,369209.9191,866.127795,1470.939923,4155.377031,1473.893285,1479.738168,6702.160226,770.0927182,2106.128943,117.3520309,56.43300478,379.7631282,0.13382588,152.683288,0.397723731,0.435611845,0.581063116,816.2356391,55.52646305,543.2392221,62.89663206,355.6881241,1.588526611,11.18446753,157.2644154,0.065545577,44.45531859,464.0752278,-3.965481412,2.995188823,52.65573114,-0.369150571
d21_12_G02_0_4_T,glasshouse_b1,5489,T0,R4,T,11579.30581,1984.646625,2648.168795,60.17813829,2112.828062,2846.438803,16934.90926,2062.096984,2814.775826,17516.33096,1057.587109,2203.022303,12699.81231,1935.614002,2635.675271,8755.007632,1343.855043,1753.952063,359539.2004,2013.478742,2222.886136,13693.06415,1536.823792,945.8707023,13007.65921,1939.934072,2680.821571,107.0704691,86.50209417,645.5856767,0.130379669,249.691969,0.420658266,0.43490985,0.596538952,1266.755223,91.86977577,853.7968381,30.18073776,593.5883218,0.981925054,19.20754673,256.083444,-0.22677743,41.15456488,833.3320133,1.718681353,1.847345695,88.05521844,-0.288889764
d11_38_G05_1_2_S,glasshouse_b2,Hartog,T1,R2,S,3021.453125,2129.671216,1528.717003,54.34282145,1322.063584,499.6624518,10813.24148,1111.170748,1039.811672,12271.85653,1125.154047,1038.099787,4381.955558,2156.87305,1525.839131,4039.554233,1304.482433,541.8737633,375792.5012,862.1792536,1328.087598,5652.727123,1307.864084,545.4102195,4420.572847,2135.431392,1544.630477,58.06640413,35.21841976,224.94371,0.113894551,101.0738631,0.40323158,0.435446962,0.593954068,408.3540036,33.59885745,292.5853457,53.51490059,226.9462685,1.393504896,9.867611758,91.15970544,-1.099315936,13.07607701,297.9256635,4.061697976,0.655299775,33.18726015,-0.516733402
d13_28_G04_0_4_S,glasshouse_b1,Forrest,T0,R4,S,5118.472719,1503.702188,1896.895314,69.5342617,1529.815499,374.811339,9061.092924,1144.664201,765.8557004,10066.03095,1130.411878,758.4378426,3855.334754,1516.419894,1922.051552,4886.015664,1497.837646,1905.660519,363883.5767,879.8188926,882.731533,5793.148129,1535.02743,352.0773927,3598.96961,1494.755037,1883.89816,76.77513417,41.34651801,319.6292072,0.153827072,93.58675135,0.400364346,0.437164511,0.577037891,535.4673316,31.63426373,328.0337166,31.34519779,225.0550166,0.747810353,7.019129472,97.93970571,0.766255018,16.4337089,285.5090792,4.953100139,2.252324661,33.48592373,0.361069607
d31_27_G04_0_3_S,glasshouse_b2,Forrest,T0,R3,S,12311.08037,745.2238867,3241.248722,57.13758636,1409.902175,733.5915271,24670.38565,730.9203802,2999.136315,35665.73851,860.937653,2191.876895,11634.68334,832.7692196,3191.989087,10291.78944,696.7040164,3007.205783,376986.5085,879.4742872,2212.637692,12237.62957,691.4462926,2822.647252,5591.52606,893.9560528,3707.147826,140.4065453,77.65939007,642.6359542,0.134731215,231.0605347,0.397907666,0.435088311,0.730479121,1259.994846,83.55254176,832.9682023,80.00699646,560.5015142,0.584138245,27.28482546,236.2530824,0.353720966,70.50572828,739.473972,3.712944848,3.771726828,79.69653579,1.037370674
d25_09_G02_0_1_T,glasshouse_b1,5489,T0,R1,T,7619.817856,1098.393276,2883.481686,69.76405259,2403.592323,3822.357643,35361.26648,2180.169091,2995.863688,29315.52789,2431.870856,3103.9118,7479.320689,1103.377986,2963.403363,9792.83061,2345.515466,3083.332817,346354.0024,2094.676046,3748.808158,14556.16634,2282.599736,1982.51607,6583.917637,795.9280383,3989.836596,147.7638725,99.43973844,860.3386707,0.108565591,320.963332,0.431177187,0.434112418,0.718814667,1703.538589,131.1444971,1124.134902,55.64945215,762.8619185,1.227035503,12.10782924,337.7058545,2.788231458,39.12192321,1066.681861,7.994555361,1.652566707,120.7198139,1.214230969
d05_39_G05_1_3_S,glasshouse_b1,Hartog,T1,R3,S,775.0434539,1701.063335,620.062414,65.65176009,1694.074113,349.4689766,775.7817187,1685.444907,629.5665144,-246.7083304,1693.900533,646.8762598,272.8537083,1686.793137,665.2144495,1269.614893,1762.287926,402.1264966,335553.5231,1462.544262,268.6371347,-681.81986,1713.349541,431.271297,1691.119221,1730.074947,473.5353192,20.1585799,-4.852169242,-4.276111562,0.147066878,15.12014284,0.388306246,0.411365094,0.732729112,62.46586364,2.757338069,19.32621932,7.948233402,39.86927444,1.718347452,2.466410293,10.16041287,1.547821078,3.857660489,37.63426176,1.014979987,0.647923703,4.892440644,0.802859322
d29_09_G02_0_1_T,glasshouse_b1,5489,T0,R1,T,10592.20988,775.3064415,4332.019653,63.8832537,1756.157246,911.3783271,35954.75034,2247.774521,3156.595253,32500.61461,2418.060091,3376.236558,9228.530691,848.2067152,4277.619706,10132.09897,2465.542932,4340.015267,371658.1724,878.4738896,3952.743446,13516.51587,2265.167244,2076.32749,10753.29188,839.4357667,4299.892939,228.4740248,141.2317227,956.1441866,0.142605071,394.1682375,0.432824037,0.436424633,1.34170339,1895.782258,155.0774597,1311.941143,129.7807227,838.6107829,30.83103926,25.47440456,382.5618323,22.24581326,78.17493648,1183.173573,73.5053337,3.898770648,137.9636069,13.25054362
d49_06_G01_1_2_T,glasshouse_b2,Gladius,T1,R2,T,19368.74518,1639.321652,768.0954212,56.31218256,2068.018508,1474.343362,67708.61798,1825.692063,953.0999271,67360.59172,1826.466371,946.7529738,15369.71186,2282.071512,1516.083278,34913.6862,1711.586599,716.4525369,534787.451,1466.722747,511.2869962,35352.35153,1887.89394,1223.610374,14105.0968,2295.893172,1545.361434,908.0604039,743.5165906,1788.915058,0.413740927,579.7806287,0.385931398,0.326776137,1.385535658,3241.796958,256.9736472,2169.398725,690.7893885,962.1341915,135.8876494,164.3265337,426.9376505,108.1423958,531.0906382,1343.284212,340.8948851,32.09341355,153.4653471,69.09485428
d7_T009_04.11.23,field,3811,na,R5,S,72364.82481,1122.747068,6037.956334,67.0108622,791.7303329,4175.1539,281049.3303,1123.807832,5207.483421,306809.3514,1044.145625,5094.80039,44248.98651,168.6686556,909.5770882,136283.3523,1142.70792,6182.309074,1007836.249,400.7640577,621.8063538,135048.3036,1161.706048,6235.326555,42711.72765,164.6946503,967.0360173,1158.758962,707.2038105,4421.314872,0.160189941,843.9944307,0.212642989,0.190048722,0.766127597,8627.401399,176.2089684,2948.224085,3987.934595,465.2739988,3.347048276,773.6640904,168.2834746,1.913858377,2418.750077,529.9573552,5.341522283,125.7622552,50.72555991,0.265766418
d37_26_G04_0_2_S,glasshouse_b1,Forrest,T0,R2,S,7396.259682,958.898536,3934.697687,50.04396355,1709.669302,3308.997023,22004.55519,1592.383805,3989.742042,22759.81619,1592.492266,3977.79755,6539.305108,970.6051097,3915.913754,12305.08077,1629.8811,3512.653749,337196.6356,875.0289994,3785.30766,12838.74567,1649.550327,4227.746807,6383.260024,986.1730602,3999.006819,225.4769004,145.334359,785.8957448,0.186458416,296.3703511,0.409420612,0.434893078,0.971906706,1453.851011,114.5572565,1017.405452,142.2446793,644.5526207,14.75890306,29.09429845,284.7769797,11.87733421,79.21493442,906.5073396,36.12329245,5.071856407,96.68818138,6.708892901
d19_43_G06_0_3_S,glasshouse_b2,3811,T0,R3,S,7484.784448,1807.45057,2934.55103,62.07184528,1627.223215,2053.371626,29257.1461,1245.825944,2777.185939,29512.56979,1309.460048,2607.246934,7678.448211,1768.600914,2948.075648,14481.79115,1686.312733,2156.014472,380888.83,1507.410734,2580.318407,12379.89872,1531.325459,2132.262338,7561.435852,1762.460426,2990.462771,128.1372597,67.42553898,698.9464146,0.100703485,281.0654429,0.404418951,0.435921764,0.726827279,1418.3292,96.8067727,919.1836922,78.36717217,621.9705269,-0.480693642,21.12524448,277.7689177,0.975283677,47.90353029,836.7913332,-1.644932797,4.362783164,93.87679937,-0.012310486
d45_34_G05_0_2_S,glasshouse_b1,Hartog,T0,R2,S,13985.31282,1047.918756,4360.28425,95.87817855,1607.331615,853.5796628,58191.74989,1347.992922,3522.288415,84242.75615,1551.60146,3097.445518,11909.66995,1068.838648,4322.8429,32162.38767,1634.878198,1318.568652,433840.1686,1391.359048,3713.918559,61719.29227,1666.559296,844.7741838,12306.56896,1068.473654,4322.153331,942.6018373,739.94939,2180.153923,0.338792547,782.8890012,0.428040634,0.436099249,1.601567331,3994.310656,382.8212412,2944.166877,624.2459465,1317.536298,256.2962458,126.8211408,615.3324675,200.9103791,416.7348383,1896.855899,636.7500208,26.80736765,225.2476738,130.0161887
d27_38_G05_1_2_S,glasshouse_b2,Hartog,T1,R2,S,2718.758495,1086.330854,2492.231383,58.53327339,937.6743774,3063.486003,24927.30129,1042.885302,1917.394222,25305.15158,1072.194038,2093.403291,4191.110074,1089.786143,2524.750147,9972.328788,868.8583276,2140.95426,380508.8908,876.5427955,2417.812847,12073.1193,886.569157,2299.407075,2727.930195,1072.910775,2495.761785,174.2057721,80.90833982,631.2881966,0.136274786,190.9016476,0.377102142,0.410528822,0.786196235,1170.030987,69.5413954,697.2353562,116.0068328,440.1971877,3.363810769,39.04559665,185.9681417,1.396084835,101.6722375,592.8847918,0.025993726,7.450631506,62.66453987,1.123483022
d7_T021_04.11.23,field,Gladius,na,R9,T,63864.36692,168.0776327,2665.264697,80.16961443,1423.535071,2688.630714,184880.2117,1067.0932,2206.684634,207367.8181,881.6593422,2388.156961,56637.05763,149.6047572,2603.172065,107804.0325,1224.056416,5316.368234,423796.2289,249.1601232,2577.135786,112233.1609,1179.370216,5278.717764,55251.42815,141.8598746,2574.306725,1139.45317,393.8861471,3467.656087,0.115047565,625.8495154,0.202258866,0.190628535,0.68117001,6742.351326,116.2504426,2138.387861,3119.409575,222.3035412,-1.208832416,604.6767508,81.47380506,0.544904225,1913.62176,247.3776666,-2.106437396,93.95817702,23.41927723,0.836895163
d31_07_G01_1_3_T,glasshouse_b2,Gladius,T1,R3,T,15340.07749,1328.420129,2053.402869,60.43592975,1709.677969,703.7702387,27324.64957,1598.47589,1157.505323,29367.39134,1498.739989,2225.325611,13793.19279,1347.594393,2099.560515,13158.56442,1720.33851,1445.440817,667270.3313,1759.884901,2030.779422,9188.885793,1834.683019,1230.148224,9326.90139,1448.614772,2743.070381,144.9119451,108.8357555,749.1799444,0.142225888,271.0682001,0.389841333,0.411469759,0.787978977,1460.211052,96.80350338,975.6461311,218.810605,560.8676278,6.513895735,44.78368612,248.2893059,5.640165658,159.5280906,737.6435939,10.95296405,11.27200918,83.713951,1.291147186
d33_12_G02_0_4_T,glasshouse_b1,5489,T0,R4,T,13920.22347,2055.166023,2802.565472,76.08270683,1590.271227,666.9372186,35085.43987,1752.123652,2053.553459,40675.20556,1733.968977,2085.871705,13311.14634,1972.001207,2806.399215,18609.48541,1387.099034,1871.879403,596959.0671,2101.427169,2512.577982,22272.88467,1612.83734,867.1065647,13122.45958,1975.589342,2827.604719,271.633581,209.3598065,1170.910072,0.182716916,464.6807597,0.422722491,0.434296766,0.922059677,2296.519414,175.0932179,1544.591312,108.1422852,1019.238867,19.59328821,30.86530635,457.8766433,14.20717191,101.2755887,1407.646601,46.04025461,6.923418007,161.7507502,7.706420879
d13_24_G03_1_4_T,glasshouse_b1,CALINGIRI,T1,R4,T,8211.463604,2210.444383,1518.566409,49.71365185,1271.772362,932.8976662,14306.05195,1297.832008,1792.350206,17153.75905,1291.276991,1723.397182,8321.756253,2203.03357,1540.964526,5798.210688,1221.911622,1190.209037,337021.6778,2050.548635,1484.068361,6072.477574,1581.892539,512.1617278,5673.416382,2250.0572,1689.963664,73.09235309,43.72525345,451.7049993,0.109682572,176.8359262,0.411992838,0.437434005,0.785428086,898.7118827,60.11008631,566.7646916,56.18463971,403.6761004,0.491902294,7.145201766,176.0294203,-0.530420962,72.14476888,549.7306286,-1.722400244,1.829376668,62.61287377,-0.732572961
d27_43_G06_0_3_S,glasshouse_b2,3811,T0,R3,S,15192.46849,1765.706868,3629.250599,46.9891294,2066.91491,3593.783808,41527.6734,1723.090708,3677.963691,44582.60818,1395.49651,2077.850157,15085.99661,1811.376279,3613.814444,21304.61278,1715.052661,2330.319764,422929.2337,340.4796562,3336.424372,19538.75598,712.1624387,3889.512652,15009.0439,1786.516945,3591.872523,278.6771057,176.6792839,1210.839074,0.146973403,440.135429,0.405737089,0.435989436,0.827265077,2395.144709,165.5160624,1541.841012,153.6271292,1038.095012,3.653744363,38.36747561,450.3612363,2.04291931,108.1812613,1412.097066,2.696617556,6.765541145,158.1723188,1.123905162
d29_10_G02_0_1_T,glasshouse_b1,5489,T0,R2,T,14029.3225,2496.800682,2857.267039,52.92853389,1764.005333,575.2164333,34714.36649,2058.611904,2223.413671,32816.07235,2046.989529,2166.811544,15022.79444,2487.93184,2823.494999,14475.629,2318.320465,2514.867332,432855.0832,2579.979668,2336.556052,16396.19876,1745.73947,702.973501,15375.00705,2508.248848,2830.340936,239.9640253,188.6024555,1130.733929,0.167314345,431.0161276,0.413016923,0.437408262,0.97111924,2193.254177,154.8749936,1469.917695,135.2455589,1009.670029,11.39571228,26.26636527,429.9452852,8.970686827,63.73732209,1349.430793,24.47768228,5.71963116,150.4883023,4.474022758
d13_40_G05_1_4_S,glasshouse_b1,Hartog,T1,R4,S,2443.588229,1624.977492,1463.475204,72.00200664,1110.569436,1128.176933,6497.4754,1647.001284,1607.343916,8099.266854,1634.896425,1573.874609,3633.360423,1611.927242,1457.482067,1561.664164,1636.984147,1821.592296,383943.3468,1912.08202,1440.819381,853.0179264,1641.526511,1862.462795,3746.270534,1133.149225,1118.893488,31.80953248,9.776957168,88.06609494,0.107499721,47.12113787,0.414087504,0.437548907,0.585684217,243.6860146,21.14407125,167.614825,-20.25192558,117.4836356,0.179119429,-1.418224997,45.94268188,-0.482347359,32.41809145,141.7627633,-0.397551652,0.226823561,16.83617305,-0.412726939
d05_39_G05_1_3_S,glasshouse_b1,Hartog,T1,R3,S,33.68919927,1701.18798,616.9995761,66.19375364,1710.302076,338.9188952,2309.038806,1687.595044,703.4203686,1915.558717,1701.932054,690.7339069,1116.794066,1679.348535,655.1537777,505.5053184,1779.645279,406.6090131,330246.5395,1446.431066,327.3358065,-302.2579164,1707.810896,388.2237518,768.873445,1741.217312,415.4773617,15.08421956,7.255465729,39.73461276,0.146727663,22.55996039,0.38728622,0.412295502,0.726026568,60.55270876,0.676034166,65.26372294,24.84568483,43.99919865,0.963411104,0.281408789,15.51353257,-0.248212121,-1.866333956,56.56689527,2.369787076,0.180393784,4.966397881,-0.4324202
d45_09_G02_0_1_T,glasshouse_b1,5489,T0,R1,T,14594.25091,780.8062382,4478.948116,57.33705379,1199.968414,3830.20789,50025.32114,2435.928094,3249.351429,46653.28319,2148.332048,2983.792393,13642.85096,805.7016182,4481.589797,23104.95976,930.418613,4505.993364,533701.9851,857.3991766,3913.754047,24642.02945,2489.404288,4155.095078,12613.71092,830.593201,4281.498428,585.7046665,483.8706298,1672.925657,0.283879891,596.3202384,0.402647664,0.411059838,1.549402439,3159.638457,247.2417768,2151.980605,448.5851795,1145.553586,88.03582456,92.39343971,519.6664511,66.75423932,327.1925392,1633.689774,212.0009376,17.2627305,191.4275959,41.91953027
d19_22_G03_1_2_T,glasshouse_b2,CALINGIRI,T1,R2,T,12300.73577,2110.684621,2271.57113,57.39047387,1857.40222,2181.288514,15080.39061,1691.928169,1433.427365,18667.09262,1786.499024,2468.623137,11378.43127,2136.695038,2279.309526,7608.661888,1943.809042,2215.158415,684273.2105,2000.721339,1456.286387,10682.79993,2059.113145,2661.545961,6699.19673,1798.144194,2167.137498,57.40884903,35.12940861,495.8835947,0.082378082,180.3198687,0.406715185,0.435135792,0.597676243,917.1425276,61.29408118,631.6969581,20.68813852,421.9436983,-0.424195988,16.87659165,186.6934028,-0.233003582,40.59124623,580.9808286,2.714165098,0.487706245,60.84938041,-0.588874256
d09_04_G01_0_4_T,glasshouse_b1,Gladius,T0,R4,T,4882.628311,1647.079428,793.2839803,57.94866035,1578.288765,724.2333768,13891.79264,1647.695929,760.698934,14524.29574,1917.586359,1201.685839,4240.782435,1632.786732,839.6323493,6950.595915,1709.595445,1224.453103,382642.4537,1434.829788,359.6863064,10698.83404,1615.26538,420.5041989,7115.784096,1412.94213,607.5363455,52.66929264,40.89419881,341.8016003,0.118031326,140.3020945,0.433040982,0.43486275,0.72351084,742.9504406,52.23941062,488.1492889,34.84015568,328.9281981,-0.163749805,6.634296893,140.9507501,0.763195409,15.70551773,456.8063369,0.255921035,1.875417164,52.79443057,-0.650790306
d41_29_G04_1_1_S,glasshouse_b1,Forrest,T1,R1,S,4261.219613,2208.686859,3694.865864,47.15571403,942.5384958,3461.924683,11858.2106,828.5143548,3866.553447,10387.2412,829.2535854,3719.84768,3732.600002,2208.80085,3614.796279,4268.211401,856.0919709,3692.105416,382649.9516,870.6459634,3319.836556,5826.233755,879.7975926,3679.416019,3665.438176,969.389122,3304.628546,132.2206514,66.10587309,420.3511217,0.172171122,146.755225,0.378989873,0.409353706,0.73171973,934.228209,54.18415038,516.0024307,129.4014798,328.029859,1.117452568,20.90645429,141.9468862,3.768552267,70.90440709,433.5858345,3.254131389,5.534555068,46.10738953,0.715635244
d41_08_G01_1_4_T,glasshouse_b1,Gladius,T1,R4,T,11530.58707,1917.476454,2099.567848,59.59668208,1776.856071,1266.524345,26852.64469,1884.812911,1922.449323,30889.10442,1898.645882,2008.011021,10739.5162,1979.797459,2074.05906,16719.40414,1864.545835,1702.122628,780381.4355,1912.984453,1537.541538,30909.14152,1913.172558,2547.722746,11712.22763,1939.88166,1921.053068,342.8850006,220.4534108,1034.85074,0.215175723,366.6417072,0.383707299,0.411055756,0.926736465,2036.95883,135.8484303,1284.646871,372.3589825,642.1930235,19.53691655,103.9419355,294.5992961,12.31165078,315.4324407,920.2788479,35.10880605,19.75866345,110.255519,6.781315263
d4_T012_14.10.23,field,Gladius,na,R5,T,49084.9838,1100.965964,5413.81054,77.11650258,1210.366466,4371.032263,207107.4925,1166.675545,5622.034057,212657.341,1127.38617,5577.343362,25002.27877,1116.107035,4968.097739,111261.983,1164.669107,6104.595152,842888.8611,587.7973976,6184.844387,75907.65043,1030.664277,6403.93078,22104.4397,1103.242052,4911.713629,1070.63624,432.8190547,3490.420329,0.128641535,618.4802388,0.198928082,0.19045812,0.714037831,6840.943119,119.8075802,2177.510378,3223.808483,222.1072132,1.410689107,611.2877296,81.61963528,0.975830253,1918.29877,244.9272562,0.603308504,96.48356497,20.14694577,0.404146099
d13_01_G01_0_1_T,glasshouse_b1,Gladius,T0,R1,T,5387.056109,1986.272183,1798.474248,66.02038567,1697.988299,457.2216955,15140.94474,1975.408119,1767.067976,16385.04361,2100.629369,1602.986976,5353.308335,1982.476959,1865.378262,6844.81044,2213.863173,2116.093251,370143.1797,1606.156854,1472.221391,6848.417593,1621.229258,398.8179001,4939.849958,1994.108545,1794.424102,94.22251339,54.83601769,415.7908896,0.137541645,161.5955841,0.433669639,0.437085559,0.723655892,755.6155098,63.95078521,581.203305,11.66989151,365.9608696,2.726557074,9.107801953,163.8245489,-0.408173522,39.01414955,498.6032955,1.130272228,2.511447907,60.54255875,0.524358803
d21_46_G06_1_2_S,glasshouse_b1,3811,T1,R2,S,7986.525711,1076.254214,2458.62459,70.45806034,1097.795474,2273.037003,10026.51361,1091.865703,2376.752273,15312.34812,1801.127006,2549.34712,8443.281426,1057.537997,2509.492253,7710.165982,1088.608136,2181.274,414346.7823,1292.279613,2133.566383,8320.620311,1099.181302,2103.874461,8867.313069,1058.704963,2508.704093,94.54934518,62.78904996,462.2729253,0.097421813,155.2962257,0.396468766,0.43465108,0.577342043,897.7666581,60.59747964,573.9423681,55.63067522,402.6284692,-0.625084793,8.456181095,166.5349006,-0.898460756,33.19205281,521.4523199,1.008722747,3.514301043,54.08768197,-0.692931436
d27_04_G01_0_4_T,glasshouse_b2,Gladius,T0,R4,T,19045.23941,2103.050604,3373.293904,47.86711684,1994.352715,4411.304772,39049.44764,1632.848586,1370.037308,44015.149,2075.458447,3282.909413,18829.64422,2032.796006,3345.802703,19861.6828,1630.70891,799.9202416,414432.1501,1964.710047,3390.823274,26719.32658,1633.95621,960.1706017,18350.07314,2038.342184,3383.226467,264.108511,195.1748545,1136.839525,0.18044345,406.418055,0.407928733,0.433855056,1.10948129,2112.745614,146.5340425,1377.717102,158.2903684,907.948973,19.28935722,34.30204119,387.6415442,13.23529091,123.2703704,1240.137308,44.55760296,7.790955684,136.6870416,7.762221787
d13_46_G06_1_2_S,glasshouse_b1,3811,T1,R2,S,5339.684032,1641.063847,1444.352005,61.09784699,1595.256181,611.5820314,6239.016078,1632.372865,1773.013297,7706.314089,1641.570976,1305.771629,3581.801364,1650.580808,1508.740772,4582.193465,1644.023284,1375.517778,363765.3027,1455.206057,1036.634703,1649.241899,1157.71701,1825.215116,4983.756211,1642.609308,1485.381168,65.38796651,32.84063113,262.9381385,0.158050692,88.58785327,0.40829779,0.437437827,0.929466232,491.3787956,30.44817237,305.0354778,10.68120503,214.2997439,0.96745638,7.608575695,85.41699066,2.819266945,33.28992598,276.2130952,11.02892498,1.306746814,32.53479912,1.704831461
d17_29_G04_1_1_S,glasshouse_b1,Forrest,T1,R1,S,1888.00251,258.1586209,1716.774937,49.3684501,1250.960573,2476.805482,6387.861114,1284.326987,1969.624346,1659.665872,1267.559276,2040.568077,3537.971186,245.4819624,1699.981929,2848.439022,1184.042376,1388.037245,325145.8587,274.0697579,1460.469672,3902.409454,203.7578885,1807.945336,3342.745936,240.6290761,1699.099727,66.11370845,25.54039487,207.0216212,0.157981403,62.92691301,0.363501756,0.410973233,0.572723657,417.0928542,19.95179653,239.2637424,40.16306758,150.4358576,-1.131007034,17.19611329,58.03371995,-1.6201926,33.87898336,182.921316,-0.962569915,1.303055582,21.09348486,0.312812992
d33_41_G06_0_1_S,glasshouse_b1,3811,T0,R1,S,5722.748676,1438.364687,3361.995387,53.66377144,1397.304028,2126.584221,28323.18891,1531.518452,2113.986505,36257.1978,1367.468849,2811.454114,5273.93464,1453.653148,3305.685645,15608.74323,1417.071823,3575.512835,373440.8738,1455.363804,2652.432598,17893.78718,1433.820817,3503.916012,5162.575593,1439.572909,3275.236737,304.6765068,195.2244952,995.8756253,0.199840286,342.2029006,0.384140197,0.409416896,1.256237935,2029.231889,127.4133756,1221.373138,263.1304007,716.1459388,26.69304004,71.62365717,302.34571,18.23613235,212.7247139,968.5298351,54.60218835,14.41591146,102.845992,12.17843232
d05_06_G01_1_2_T,glasshouse_b1,Gladius,T1,R2,T,3327.829,1648.327589,886.5880013,65.61200569,1756.998047,310.1619588,3332.478785,1681.006298,646.302196,5271.827832,1662.998471,616.1854538,3340.329569,1658.053569,854.7667836,1687.321449,1718.67918,753.5546814,332504.0803,1896.41135,879.2833614,-401.405097,1833.74132,669.8821248,3516.93071,1641.670156,832.6745619,30.43214243,12.20625764,165.5196752,0.083709801,44.84270133,0.411542528,0.434676624,0.585357499,334.6475447,21.88874811,217.475884,16.75172983,140.2879732,0.075474685,4.175435307,60.83261176,-0.009448818,12.63315614,178.7540315,-4.41505598,1.084640579,21.31035784,0.03361581
d21_15_G02_1_3_T,glasshouse_b1,5489,T1,R3,T,11434.22707,945.8449074,2424.971547,61.56878592,929.3152585,2353.784095,12689.09793,930.3354999,2302.682429,12113.53864,948.1175546,2314.73897,10011.75484,946.9966922,2431.153241,7117.86409,935.3303736,2024.520465,486339.6968,1238.921995,2145.569991,4238.35031,959.5478908,2729.79306,9897.329594,940.6266074,2402.510557,68.75393072,40.5629806,381.1280034,0.110178497,151.1126707,0.412264972,0.433762296,0.837242672,800.488314,58.939242,537.4642573,36.63238439,360.482434,5.407910123,12.33339488,152.2721855,4.53880724,32.72218799,475.7603574,18.27874717,1.175324795,51.82124818,1.916193438
d11_37_G05_1_1_S,glasshouse_b2,Hartog,T1,R1,S,2042.163044,1082.907753,1819.231133,64.03078735,1101.117026,1438.550359,6381.264122,1079.042712,1773.66339,10891.61287,1190.71242,1171.517686,2022.933731,1089.522088,1837.747532,3524.306471,1343.670928,881.5106629,347658.9754,879.2908508,1485.242537,1494.256171,1074.052877,1844.670321,1439.895332,1069.110208,1858.671961,27.31463511,-8.33571136,116.013791,0.073911327,59.05458355,0.400689442,0.438038873,0.587198675,261.3726296,21.34746185,193.6042476,32.79070911,125.5503022,-0.496386884,4.239886051,63.99163791,-0.572637307,21.58352069,171.9350439,2.082842014,1.031215113,19.83728278,0.216357935
d45_29_G04_1_1_S,glasshouse_b1,Forrest,T1,R1,S,3823.451916,881.3545822,4608.230035,46.27656103,1368.151997,1200.588347,13241.25744,2515.495542,2907.719581,14881.53848,2509.337561,2907.690473,4098.699842,879.4409343,4583.221168,5894.347368,910.0304209,3546.468214,375370.9109,880.7304849,3900.403304,5836.190932,1565.126187,683.5935157,3884.787503,876.9854783,4595.319359,174.9199117,99.58079198,518.9803858,0.182973242,165.8897564,0.370524467,0.411262536,0.850165259,1024.968865,58.4609154,610.0429513,140.4955823,383.4958102,0.579367716,28.20608285,156.2756428,-0.865562846,95.73115719,508.1133569,1.024922935,5.903195835,51.32486364,0.396073745
d09_27_G04_0_3_S,glasshouse_b1,Forrest,T0,R3,S,3818.465019,1467.441868,561.0938443,62.685057,1378.219785,600.9284051,6835.582779,1468.634745,551.3889611,8067.319455,1466.623533,515.9774395,4068.261639,1450.789696,572.2747418,3558.38104,1375.19722,414.8064204,387539.0131,1807.344428,302.3356147,4273.038337,1377.271062,289.794633,4751.407027,1438.743335,514.3544655,63.74038305,44.02689049,221.4006688,0.191570285,79.31141255,0.395760748,0.410514126,0.586430813,409.6620041,24.81321941,259.5883665,45.29091821,185.1731331,-0.147695966,5.117062595,75.64336968,0.558975765,36.92408949,235.6253786,2.079586438,1.180584377,26.08172924,-1.086849878
d19_14_G02_1_2_T,glasshouse_b2,5489,T1,R2,T,14324.51237,2170.976662,2103.473555,70.88778502,2200.207398,2516.715979,13702.34728,2195.345717,2476.817143,24598.16361,2155.027847,1991.560529,11939.28935,2110.768864,2129.646508,7982.721498,2103.530677,2424.215995,462688.6525,2059.673956,1198.78523,5773.268048,1999.243458,1287.691581,12855.03274,2127.317904,2063.697513,50.24419571,28.65845374,470.633482,0.067739817,165.2120994,0.392943801,0.435268623,0.643527181,919.5706857,56.31464356,563.2354705,90.38165158,399.1377165,-0.860399728,18.09879387,168.2635201,-1.435280716,48.68119609,525.9420903,-3.693545167,2.618691996,55.01182679,-1.001102728
d07_08_G01_1_4_T,glasshouse_b2,Gladius,T1,R4,T,11843.94857,1737.273542,774.5115362,68.79125911,1865.039386,1099.056545,8826.772465,1832.68062,979.6299222,8154.164843,1819.263562,984.4642871,12688.71433,1773.454728,748.1220266,4051.34462,1552.746384,377.1289779,479034.889,1829.469228,389.0320436,4406.298483,1869.660014,1075.063125,12498.49075,1773.760193,752.5003394,37.21376183,26.69404132,233.8671765,0.108656984,96.27421367,0.417527894,0.436411256,0.772587108,477.9046274,35.17970148,331.7383672,4.984395867,219.962996,8.231476406,2.261459676,94.93776765,5.425743696,14.08735512,276.8505951,14.03997255,-0.47888991,30.99257069,3.354504378
d1_T010_27.09.23,field,Gladius,na,R3,T,16958.53301,1346.154416,5959.394407,52.91421566,1331.656095,6031.704496,145150.1791,1231.764837,5293.195442,155921.7188,1242.571711,5246.766875,13872.04144,1396.445415,5926.863957,60705.50549,1592.804645,6015.686626,423172.4127,1081.522007,5931.2502,98472.00007,1381.482019,5723.747862,7980.030395,907.949242,5479.480398,1136.482816,690.5388223,4216.937314,0.16169701,823.0497461,0.220165264,0.191724159,0.840506493,8328.6433,181.2980331,2960.040907,3676.324295,551.6231175,5.164964885,724.5599091,205.0776557,2.905406911,2301.950254,645.4765996,17.0282232,119.895092,60.3629217,1.502123885
d31_20_G03_0_4_T,glasshouse_b2,CALINGIRI,T0,R4,T,18701.22593,1811.626994,2345.591315,72.09880958,1477.295947,4473.052508,46229.41887,1164.402293,3822.489294,47930.07378,1155.003564,3709.809481,18124.49452,1864.679962,2342.005299,19557.10844,1527.299116,4431.935521,610260.3871,1968.093775,1853.566,19011.05551,1666.317822,1035.766419,18547.51572,1880.779719,2367.501046,227.56145,162.5789475,1255.961805,0.137135536,457.3202052,0.395519284,0.412208924,0.913266409,2494.7895,161.3896398,1566.511571,186.212938,1038.156444,13.67787498,51.04477106,442.5552789,7.616583197,132.0867843,1380.347263,23.09156681,12.34233124,149.1713445,4.295067159
d33_41_G06_0_1_S,glasshouse_b1,3811,T0,R1,S,4800.020691,1423.056991,3342.689406,54.07291839,1401.225776,2152.663339,27613.38453,1548.338709,2106.636193,37798.70892,1370.123267,2846.950204,4989.245732,1428.859449,3339.05888,15417.2096,1422.655221,3542.604637,367909.0018,1468.07786,2716.561972,17122.51275,1437.657854,3515.890158,5160.43473,1425.949865,3336.063736,318.4689525,199.4291032,997.9286492,0.197766963,347.8121504,0.385364772,0.410747803,1.246506326,1998.523758,127.6860266,1212.855795,266.1588112,729.2685663,25.42062828,66.69186905,303.5689874,20.26785703,200.5843332,949.2510777,60.56094612,14.10148102,100.7949404,11.62344472
d07_41_G06_0_1_S,glasshouse_b2,3811,T0,R1,S,4454.869911,1564.467855,952.2541819,68.709982,1672.875932,689.5941997,7620.879737,1610.4451,369.1630341,10462.9733,1594.572322,620.2452702,3900.604658,1567.532353,867.7267817,4262.333482,1647.677343,292.753423,383803.4833,1451.115424,332.7070114,2904.719787,1649.445925,228.8411348,3387.014811,1555.928905,917.7038711,49.87029861,28.78682616,168.7828172,0.147080131,70.58571011,0.404582473,0.433783117,0.584449081,400.5564935,21.98295554,252.5884955,44.26140703,168.3660427,0.669817688,7.987482838,68.43402972,-0.233719062,16.97818403,208.8408564,-2.631991926,0.670374102,24.24494486,0.609655093
d41_02_G01_0_2_T,glasshouse_b1,Gladius,T0,R2,T,12570.63447,1718.203369,3854.560305,54.26849397,1801.819937,4370.091514,36314.21861,1549.531534,4043.690607,37062.72338,1624.277119,4103.571012,9290.005522,1790.747651,3678.592399,15636.92025,1781.206341,4316.047355,341388.7113,1857.898669,3033.796077,24258.11008,1562.593163,3105.157879,8732.783313,1786.17445,3627.790963,409.7468601,276.3360231,1303.936922,0.204860642,473.5945386,0.40795697,0.434120246,1.113921452,2554.506077,181.3441661,1699.244777,251.9616,1041.203644,24.23203027,54.42084737,458.4238817,18.65117808,184.8409059,1443.10225,54.34893159,10.54464615,162.1285617,10.8526259
d49_25_G04_0_1_S,glasshouse_b2,Forrest,T0,R1,S,7707.019407,1586.954369,648.9971413,73.00374653,1396.043968,939.8958372,48759.14554,833.8890313,3592.566622,65318.76783,950.5504066,3231.46299,7768.569367,720.3668257,3128.952796,31574.94325,1399.404269,893.188302,382894.6709,1460.684829,347.8903286,21982.49736,1479.856918,663.7968246,7246.360517,716.3998859,3105.481362,633.4154061,418.3479175,1465.472864,0.288225549,477.7196067,0.386949312,0.41072198,1.59759259,2821.942623,210.9111774,1795.159718,476.4766492,897.2052283,92.36032014,105.9415473,394.7762082,71.49675451,328.249837,1237.407613,231.4882975,20.2870009,140.2765215,48.26223838
d45_25_G04_0_1_S,glasshouse_b1,Forrest,T0,R1,S,6943.066398,721.2545572,3095.966789,88.48281783,1445.759735,769.7222659,31494.62254,881.8728931,4058.637888,32106.17183,1323.783485,2324.60774,6502.27665,716.9106296,3106.505572,17355.72866,787.4700198,4292.942049,410985.8373,860.729567,2850.264814,18700.54525,1398.870656,826.5881264,4595.341753,966.9824299,2970.007345,529.9851745,338.0816549,1268.681697,0.268187405,425.3456796,0.383146108,0.411605919,1.330911383,2483.825003,168.3362787,1516.384324,350.0614944,826.2991134,55.4062672,77.21161651,361.1651098,44.23086811,252.0915258,1113.600656,136.0944916,15.62090596,124.2557729,28.72844855
d33_41_G06_0_1_S,glasshouse_b1,3811,T0,R1,S,6311.724097,1427.361027,3334.549503,53.84177409,1409.549383,2137.670253,26844.31322,1535.56047,2054.03112,36415.15762,1367.547117,2820.282854,4267.395332,1434.103442,3362.273311,14541.98573,1433.819181,3515.753733,378477.0534,1450.963955,2612.315455,16903.00662,1434.973903,3510.051491,5325.922806,1420.211588,3295.719704,299.9488051,202.0204706,997.7734479,0.198662305,336.7622826,0.385437895,0.411070077,1.249895275,1994.877206,130.6741496,1249.797726,293.9730991,703.9095046,27.04847887,63.61388767,306.4207965,18.91795032,171.3358005,947.3135263,63.30105712,12.94990218,103.7502226,10.4326913
d07_46_G06_1_2_S,glasshouse_b2,3811,T1,R2,S,1876.942847,1381.138512,692.0177209,81.11174511,1633.16297,448.9542982,5981.357377,1595.406558,458.4739562,5551.470958,1584.718349,540.7661309,2792.712574,1333.094497,652.3570576,3539.070177,1585.419934,406.8687534,404897.349,1450.31025,350.1736114,2165.185689,1582.08775,392.640678,2649.048136,1355.578811,700.305819,42.15051889,26.89998842,120.9098638,0.162287026,48.84786909,0.384463759,0.408901491,0.909759681,351.5950629,23.06663884,173.8004577,47.40688285,113.0724354,4.115351203,1.255615005,44.77077845,3.358330318,27.54436521,156.8907095,17.96283313,1.368011989,15.2243013,1.34978843
d2_T006_02.10.23,field,3811,na,R3,S,39025.38938,1804.84276,6089.871407,59.02160803,1229.022709,5346.670953,217971.8301,1262.631965,5324.778386,267066.2627,1146.260027,2580.935714,35277.00664,1782.518349,6053.217384,118880.4434,1400.208343,5874.910279,767176.938,1942.108544,5721.909735,176007.9507,1330.49773,5575.956941,33769.57101,1787.66036,6020.343392,1291.372947,531.4722146,4523.617458,0.116840494,791.7859357,0.194174264,0.187444004,0.67388289,8837.799061,149.1158923,2743.574511,4228.481675,234.7429602,-0.449457359,797.4708346,84.01114661,-1.710506711,2474.129667,257.9721094,0.907872602,124.3447655,22.64880358,-0.251905454
d35_46_G06_1_2_S,glasshouse_b2,3811,T1,R2,S,11194.94711,1453.128643,3889.149966,64.90368268,1753.175272,2978.170232,24243.90507,1731.989062,2169.398775,26950.93359,1779.511492,2308.7556,11155.80874,1541.79596,3934.857401,14551.38142,1342.068268,2340.947244,397403.867,1435.014713,2132.296135,14078.7236,1284.275649,4139.611841,11062.4755,1536.744658,3891.284646,189.4658496,111.1884225,727.8503866,0.143649435,249.934907,0.374047772,0.410560548,0.726592021,1468.066638,82.51891808,840.0325269,150.2642685,542.1592414,2.386192324,34.42955593,222.9562609,0.995711531,122.3503295,709.4067919,5.190442179,8.265671167,77.90061229,0.675297836
d37_16_G02_1_4_T,glasshouse_b1,5489,T1,R4,T,11690.87289,1917.744579,3350.133544,68.69115761,1527.936483,834.4928066,26471.71007,2024.228976,3533.642787,32619.00768,2147.546,2995.924576,12764.41289,2042.346592,3316.169763,11433.19481,2053.104956,3019.217691,587935.7329,2009.962403,2565.741149,18621.74,2216.340362,3504.745234,10850.7289,2013.741593,3241.763449,252.3386013,172.6029555,872.9692179,0.198930701,299.1716583,0.388968225,0.411636485,1.106884608,1629.53471,112.2585332,1075.711937,187.8322107,671.4752158,13.3543571,49.38026215,284.5737036,12.0894504,146.4955717,898.5573157,33.74297587,9.055516753,95.23774615,6.560090488
d13_20_G03_0_4_T,glasshouse_b1,CALINGIRI,T0,R4,T,11050.37598,1943.888648,1898.669467,66.2994994,1409.710772,348.7605408,19326.97182,1940.823565,1838.616296,17838.83633,1929.284439,1771.656032,10414.33908,1893.451128,1919.623845,8029.263723,1823.878031,1671.591255,388172.5073,2005.384446,1825.783908,9736.930235,1323.525364,431.5473527,9556.708224,1895.243497,1961.658324,125.9253133,60.231597,537.0812391,0.120567697,207.3025971,0.40589279,0.435792058,1.065472183,1002.619011,72.55958607,681.5732903,52.70952529,479.4564581,3.002879163,12.93964751,198.2671276,1.15167061,38.17805993,645.7345974,9.235112351,2.830073676,69.310692,1.312858384
d49_04_G01_0_4_T,glasshouse_b2,Gladius,T0,R4,T,24121.37553,2069.453117,3659.990674,115.8342902,1115.804722,4932.780431,85732.06623,1621.398675,1553.558056,92464.77918,1638.444254,1587.487899,25523.51009,2092.168508,3679.754785,44540.84412,1659.434015,4407.014442,402812.7057,1451.393848,350.5173435,40467.09158,1585.178397,911.0301421,17249.88324,2095.362509,3590.266892,991.2774939,709.1307133,2545.105701,0.281185585,876.4493373,0.398819199,0.410837512,1.835652074,4860.523757,384.1716473,3222.933568,850.2653536,1530.046099,209.7708484,196.9522694,666.9087881,164.6349375,592.9859627,2103.204519,518.8589517,37.64090825,238.3545768,107.8217514
d05_39_G05_1_3_S,glasshouse_b1,Hartog,T1,R3,S,693.2273939,1692.744298,644.2399727,66.51302034,1702.434631,342.4598045,1792.02634,1696.032628,657.8906422,707.3646096,1697.065236,632.6249965,884.0752343,1691.539376,618.1150037,265.9372584,1778.686941,475.9109163,337513.3968,1444.2508,298.6884466,2719.667759,1711.209098,378.2867092,1347.223456,1736.759045,416.9182451,2.122865945,9.644160805,35.43002931,0.145687964,22.24934196,0.38606896,0.410467102,0.722633463,56.0369947,2.394643547,43.8547633,-23.90802373,23.84574114,0.384928816,5.87957751,16.94760906,-0.323329332,18.6306742,37.21919865,1.602232585,0.190507442,4.74701827,0.954034892
d29_09_G02_0_1_T,glasshouse_b1,5489,T0,R1,T,10176.73184,794.6753234,4305.481512,64.3204022,1749.82199,910.3410228,36435.9311,2248.457595,3159.92166,35081.6002,2425.256065,3434.328043,9664.234033,823.9329955,4357.968614,12223.52395,2443.758252,4315.034222,377716.8382,896.1349203,3881.167554,14401.95031,2266.821488,2056.147065,10247.62715,833.1484057,4335.756944,231.5853427,137.6997656,948.8079197,0.142619941,381.6025431,0.433386963,0.434772304,1.337343666,1876.937372,155.3699755,1353.980027,133.4502597,851.7014287,30.99684675,23.7677106,373.5680541,24.73186916,48.35540635,1185.356424,68.84541383,3.965696164,135.5515055,13.87507432
d5_T019_21.10.23,field,Gladius,na,R7,T,269305.0481,841.5806523,5012.650367,63.8631417,1139.378777,3631.143896,352994.5693,992.5690789,5434.425419,377481.8751,1307.804536,2969.43799,197707.0714,895.4370941,5082.56267,168109.6539,1458.46675,3873.609585,1226195.513,1878.532179,3562.500289,293559.0868,953.8099626,5653.550966,193317.6702,905.8544568,5112.242726,1591.457064,1152.029376,6407.181158,0.180721623,1214.386548,0.21326682,0.18801391,0.771522461,12495.70288,251.1216737,4305.420628,5744.867358,655.8611621,5.21081179,1145.241576,230.764932,1.474565935,3581.27901,693.1438456,10.0319928,188.7551582,62.23026141,1.211633592
d49_45_G06_1_1_S,glasshouse_b2,3811,T1,R1,S,9590.991891,1874.645569,4066.942709,55.97026578,1637.302671,3060.390618,67244.26863,1596.952705,4018.494365,69047.03926,1678.711286,4110.835494,9498.756795,1969.452761,4082.16697,30786.52509,1854.020167,4492.644029,512715.15,1549.233094,3473.821486,48500.04886,1843.722191,4031.66874,9942.918466,1960.838266,4008.183461,793.9177493,480.4531787,1830.285349,0.259092692,586.1739785,0.357560709,0.324958809,1.051552336,3519.090995,214.2686819,2065.899792,705.2410711,1063.704113,44.32239175,164.1844593,465.6169684,30.75526297,520.9170041,1460.839508,97.18199177,30.81561811,162.2495339,17.76384637
d37_09_G02_0_1_T,glasshouse_b1,5489,T0,R1,T,14735.76847,749.1727897,4382.182835,47.60046147,802.677956,4534.553818,36801.25186,2202.342041,3208.697277,30948.00332,2187.9695,4551.602032,11888.76252,816.8068482,4346.863346,14715.40238,790.2973909,4523.393812,495701.5839,853.7914178,4035.788955,22703.23594,2434.394717,4053.782508,11729.15102,822.5319766,4397.14343,357.1588854,214.1170641,1190.406047,0.176968134,444.4258318,0.408468372,0.436104776,1.008230772,2378.462225,176.3192611,1532.247978,241.4196381,939.3924629,29.19311207,49.34584547,424.5285935,22.70219489,175.2728141,1300.300933,70.64420339,11.03982144,150.5708161,12.1773863
d37_18_G03_0_2_T,glasshouse_b1,CALINGIRI,T0,R2,T,18029.99372,1140.341324,2451.514108,45.28072049,935.2914366,2785.061312,40116.70942,1352.283479,2144.153204,38180.69454,1337.713521,2166.963441,17629.41751,1199.010485,2504.24209,15648.21721,1093.669209,1996.793453,583963.243,1398.528114,1825.395589,18662.4541,1458.02885,937.4796322,18249.10899,1215.395492,2310.923714,291.7570618,215.3662508,1269.530071,0.166715072,439.9872192,0.395794668,0.435886089,1.044214874,2374.963581,167.4640824,1532.9069,277.8593861,918.6859549,24.14581377,68.44722831,400.3387328,16.52675041,252.593846,1252.08502,51.85067378,15.43577965,140.1179276,10.46440524
d09_04_G01_0_4_T,glasshouse_b1,Gladius,T0,R4,T,4713.61239,1637.807541,889.2318073,57.96239453,1580.949851,718.9659023,11619.28631,1632.162562,788.3344187,14814.17619,1922.253323,1171.625175,5218.964511,1643.625882,851.7077663,5682.222427,1730.342469,1224.810801,387600.8369,1435.730667,338.8740354,9242.776354,1622.423448,387.1834954,6249.274992,1398.488232,652.7910591,56.14374519,43.16709131,322.9794922,0.11879648,142.4351226,0.433616498,0.434911726,0.725658728,667.2822353,52.61296094,479.671676,70.85560812,331.3650876,0.023466024,2.734523526,149.1748833,-0.398780718,4.44810591,467.9275565,4.878515479,0.311738431,55.11410564,-0.517451755
d41_11_G02_0_3_T,glasshouse_b1,5489,T0,R3,T,11127.48663,1482.898531,4117.518582,50.77702095,1553.136342,2809.499572,29168.81966,1921.401612,2653.906901,32401.87366,1909.584501,2728.926089,9308.334159,1426.144714,4205.860406,12124.38803,1469.012481,2439.641935,356984.3719,1463.065227,2172.403485,11917.70741,1402.960398,4267.373337,8759.092605,1436.41342,4249.504278,321.2389265,219.4915326,1157.641126,0.199827079,403.779593,0.387758043,0.411799761,0.886823814,2150.839038,144.6923318,1340.754668,249.8279862,840.2840974,24.83261144,52.01714987,361.5800851,16.58970769,185.3271348,1147.125086,51.72293084,10.87417647,125.3509324,10.0520749
d13_01_G01_0_1_T,glasshouse_b1,Gladius,T0,R1,T,5185.021426,2013.616396,1837.193823,66.04350992,1692.880244,445.3568129,16456.565,1977.951276,1778.12234,15595.13217,2095.266431,1574.456819,6180.689927,1990.231188,1861.92132,5544.848444,2228.548309,2136.193874,370775.4743,1594.884146,1460.384749,8170.478781,1620.265671,396.4989452,4558.243083,1981.964811,1838.159278,89.20610078,67.46927991,402.5122287,0.135191222,164.9125007,0.431254716,0.43479286,0.730200126,769.3782979,65.70873887,582.1288913,54.93995911,356.0973011,1.107216208,20.94225404,164.0934037,1.456873863,38.69050954,513.2627817,0.359161163,2.954293601,62.85175494,-0.715902289
d31_07_G01_1_3_T,glasshouse_b2,Gladius,T1,R3,T,14703.23493,1326.339769,2027.639549,61.08880224,1725.336345,682.8759526,25764.58988,1597.602057,1187.355113,35779.59437,1478.984284,2263.149415,13072.54444,1382.383125,2084.387922,14441.91235,1718.109034,1454.137668,658542.0446,1779.056088,2006.546988,9619.490936,1833.912234,1303.43436,8000.678769,1424.175666,2731.509614,151.8784705,104.4751172,790.9649487,0.141673946,275.7232423,0.38760438,0.410858386,0.783830503,1482.087279,96.85083942,939.7396297,179.0988611,571.4131505,6.564696569,49.19891175,242.7242537,4.722429326,184.8288836,762.9465613,10.93166332,11.54841684,83.45065409,2.053630816
d15_45_G06_1_1_S,glasshouse_b2,3811,T1,R1,S,4720.957121,772.0460957,1737.83541,66.98188813,961.1081191,961.5008186,12951.68794,1238.843083,1736.183441,15828.9135,1274.387293,1711.35834,3269.175998,757.8563395,1684.553515,5917.528712,1443.661661,1438.049632,381171.8553,1001.298932,1429.880417,5528.99988,1458.367447,1408.192066,3295.913507,763.8503079,1716.922442,82.18602081,47.57315242,273.9109161,0.131645501,121.0094454,0.385278247,0.438775942,0.583305163,711.1579996,37.87279258,447.9002211,56.96819224,271.1654942,-0.535708524,19.92321758,111.6116987,-0.310458628,43.20371833,335.5659465,1.16654796,2.160554005,37.57302976,0.439611122
d09_21_G03_1_1_T,glasshouse_b1,CALINGIRI,T1,R1,T,1630.918039,1832.318531,1472.354329,51.87077327,1744.107349,1246.601382,6420.993608,1615.747037,928.2482808,7186.851357,1630.215651,896.9307057,3156.487402,1663.817414,1059.498814,3528.878927,1741.294142,939.5820363,346035.7143,2036.666287,1486.111529,5839.068609,1818.340264,1474.536687,3134.375851,1646.38775,980.6056892,81.6981124,56.24308306,234.0533127,0.179764654,94.4740596,0.408401035,0.434575846,0.917767352,547.7160371,35.20888279,314.7602511,36.20404014,208.9580489,-0.07434777,8.557035023,97.14859459,0.001810107,29.44434015,297.338617,6.647893079,2.478926544,33.70764921,-0.529935535
d1_T004_27.09.23,field,3811,na,R1,S,31778.97469,1509.554107,5243.460283,64.67709455,1551.992534,5542.284865,203045.029,1152.385549,5165.239108,230856.3183,1194.945205,4975.841505,19224.50769,1427.325336,5356.434287,94073.52076,1234.256397,3104.160667,421210.148,1429.60055,4945.293039,170002.1143,1290.481933,5311.401958,19059.44903,1432.11712,5289.674321,935.0178469,375.6528453,3607.373232,0.102163143,718.1571776,0.218196639,0.189232543,0.917194057,7203.852785,149.7086459,2481.589679,3156.260272,439.5462256,2.74690168,640.720382,153.4848149,0.353952117,2006.508707,482.1846053,1.551567147,106.086711,42.62418594,0.986024786
d13_07_G01_1_3_T,glasshouse_b1,Gladius,T1,R3,T,10279.5346,1421.309588,1480.019414,53.70559714,1647.151981,474.3165477,11453.95449,1472.058169,1278.655661,14433.67245,1373.798796,1938.170212,11608.18434,1406.346305,1456.106881,7156.624348,1477.317902,1251.034518,407894.1345,1445.698296,1139.279145,8868.823968,1329.000872,1799.461255,11291.03977,1413.576734,1424.799814,83.18033734,62.19188726,463.3831375,0.137058779,180.2421555,0.413524843,0.436598249,0.721558812,802.6223894,63.80097872,647.5894121,6.942701821,445.7840887,1.844865828,14.31490986,179.7029323,-0.022770526,28.91124062,599.4204167,-5.44877311,1.740229149,61.74531267,0.196897688
d4_T011_14.10.23,field,Gladius,na,R4,T,54331.054,743.5776463,6312.153888,86.22595271,918.1664499,5596.29318,217856.7161,1054.054051,5724.219661,216924.9298,1052.14414,5718.833308,46844.67899,773.8118499,6308.027305,110193.1087,1072.289875,6250.783049,584524.8437,496.2262511,6049.706858,142441.434,905.1703596,6109.76352,38685.71366,802.4983802,6341.181214,1194.215223,486.9225009,3823.589931,0.128967383,674.0428532,0.198761994,0.190197736,0.845657434,7573.650661,127.7088698,2361.512663,3568.797301,232.1649132,1.387242274,667.0833587,82.32135513,1.982138299,2116.416646,257.4204243,1.131446799,104.5182193,23.07260646,0.124949734
d09_28_G04_0_4_S,glasshouse_b1,Forrest,T0,R4,S,2884.94999,1679.136105,986.316852,77.60686748,1587.723265,295.6062906,6888.438693,1605.510673,620.5667183,7360.519756,1234.126484,609.1803666,2376.650276,1687.339428,977.006562,3217.00978,1678.966632,964.6789667,364963.0912,861.544336,843.4819301,7174.831679,1538.528595,327.2058037,3342.545453,1708.94168,995.6047649,81.38823326,49.20389896,179.8518315,0.261675605,72.38834173,0.401268402,0.410984501,0.641941922,480.2134107,28.17270455,266.2091543,2.881423591,183.6340078,2.209759632,2.195376433,72.2709597,-0.154700813,28.61977324,254.4114903,-0.362319325,2.068430792,27.93556464,1.101876819
d21_47_G06_1_3_S,glasshouse_b1,3811,T1,R3,S,6728.746374,1474.078952,2069.768271,61.22463363,1560.951245,2496.574465,11441.2734,1427.988236,2427.362834,11711.51306,1471.090648,1716.153449,6456.661325,1465.19182,2104.134353,5749.196973,1538.680175,2462.879843,441252.432,1546.8738,1786.810646,7237.121034,1538.953243,2433.473349,7042.061436,1486.133479,2140.7223,59.39368455,48.47049535,397.5069251,0.110757503,142.9926911,0.389589206,0.41226815,0.718706624,826.1352244,53.77442141,461.3969953,63.68819567,367.8238683,1.243877001,17.88360851,148.1945075,-0.248384865,36.50275934,474.4547428,1.564055751,2.666861472,48.52018311,0.326616591
d29_26_G04_0_2_S,glasshouse_b1,Forrest,T0,R2,S,6808.426762,1358.996269,3121.769247,57.94237559,1092.657987,2562.782799,17726.76989,1398.300797,2615.590879,16109.49475,1385.948211,2582.251356,6827.790965,1400.270543,3070.110245,10796.63032,1153.550826,2529.936764,381668.5676,1448.291832,2737.62591,7240.804915,1521.923991,810.6000396,7419.139569,1402.789765,3134.54441,144.8800497,99.26060138,563.2433861,0.178856068,223.0567553,0.411842498,0.434135276,0.598294457,1124.991577,79.29817136,764.4342238,78.88094074,511.1749683,-0.776868235,16.55121918,222.7857336,0.831398417,49.34903266,691.2179364,0.377856864,3.426799631,75.75463149,-0.1759931
d45_05_G01_1_1_T,glasshouse_b1,Gladius,T1,R1,T,11323.74039,1408.705691,4099.533823,47.01170117,1168.479278,3493.614406,45556.73152,1649.602238,2446.048549,45999.64624,1357.29966,3979.759479,8132.023609,1432.688382,4309.128265,22654.30449,1130.287134,4170.879454,393541.6592,1085.142604,2628.745656,49464.70583,1156.974725,3206.945407,6780.430915,1419.127333,4088.362573,742.9511457,433.6454546,1856.549428,0.230491302,629.938807,0.371790339,0.409249231,1.044598843,3520.362123,231.5652479,2239.182134,638.7584075,1173.84164,44.49381661,149.9174213,509.8612944,31.17985189,495.3026167,1605.471775,106.3881931,29.5961784,182.0634925,18.33649131
d41_10_G02_0_1_T,glasshouse_b1,5489,T0,R2,T,15633.57721,2194.40904,3883.884674,74.98579543,1824.765035,675.2385869,45063.53725,2753.291432,3992.746304,44557.11943,2749.989077,3988.826969,16905.44324,2102.512895,3848.418649,23760.03248,2410.660897,3565.145329,519137.9105,2604.33478,2818.67266,22078.30279,1754.575615,695.6932722,16174.43478,2519.229743,2853.190777,537.6249906,431.2452777,1732.651643,0.250144756,634.9546269,0.41222063,0.435781364,1.181627362,3345.146057,258.7931583,2213.17486,301.1904309,1345.85823,79.58627501,65.59975547,579.9361573,64.55389713,208.6200635,1833.367892,200.7165336,13.8987177,201.7719928,40.74114449
d17_45_G06_1_1_S,glasshouse_b1,3811,T1,R1,S,4924.12772,742.0594834,2015.169514,70.93085953,1046.455465,2121.373248,11022.7071,1649.488963,2058.118497,14500.09703,1217.696731,1878.971116,4892.577604,752.4563858,2060.684347,5138.717505,1441.727208,2103.491563,363948.2677,879.7939524,1469.687981,5776.305699,764.8249074,2084.922397,5603.087328,766.4136989,2044.799529,99.08148341,48.71756731,338.0105583,0.125281341,123.1018057,0.395493399,0.436121918,0.587148417,623.7448695,47.47882139,486.2143377,80.76698688,309.7924221,0.175767905,8.522286987,140.586471,-0.973912515,43.74092885,413.0151504,1.345029463,2.204079352,46.18569903,0.958828239
d15_31_G04_1_3_S,glasshouse_b2,Forrest,T1,R3,S,2666.474996,657.2081217,1503.502535,53.0960636,567.749908,1753.258682,7901.661415,1107.848975,1778.838925,9375.530485,1144.062741,1724.607941,2643.53574,643.3459872,1512.743003,3697.257328,589.3422439,1693.116873,381983.9265,1323.567586,1470.458966,3553.173816,1367.16609,1407.475154,1182.676594,653.7390153,1508.441297,68.2259948,45.33468548,195.3644952,0.193266346,64.65342761,0.36187908,0.410561711,0.589274697,392.220285,23.20114029,229.1866947,57.38916924,147.411332,1.486387852,10.69553444,63.65620151,-0.147503042,27.9164149,201.0131462,1.729574537,2.166398354,19.92420434,0.515608311
d19_10_G02_0_1_T,glasshouse_b2,5489,T0,R2,T,11875.11398,1875.357317,1133.168153,58.431831,2490.790317,2833.549875,20201.80506,2320.482586,2347.20804,23910.01189,2325.721581,2325.350257,8861.675489,2400.835902,2341.782137,9301.592683,2279.742707,2177.551988,371085.9812,2038.019002,1064.035201,13914.63069,2315.684291,2426.50792,10021.87206,2390.601378,2436.389816,84.11307826,66.96663809,671.2987386,0.090167257,225.9995458,0.394086883,0.409221021,0.874658345,1249.206863,80.63340575,748.4814735,81.04186273,560.9897901,4.08509117,22.01132361,225.3292437,2.32820642,30.24136937,713.2533938,10.86302077,2.353698559,72.10583402,1.1602061
d4_T002_14.10.23,field,Gladius,na,R2,T,205571.4541,1046.43353,5520.741287,74.57132127,247.3347429,3342.56421,358579.3045,1126.471114,5475.532905,381936.632,1367.717877,5293.695074,85087.42207,872.0177574,5366.611678,174918.0511,1116.226331,5237.184821,944242.9195,540.6069915,3262.142673,289955.3268,1033.237686,5677.103818,82111.61239,835.0493567,5400.051781,1537.14691,1198.024565,5935.363938,0.201777854,1127.008395,0.214236469,0.188361812,0.930572823,11415.7848,238.5518041,3951.103562,5200.906133,685.1953364,5.539353757,1022.057758,239.1837368,5.366199302,3210.247685,730.4482805,7.041989535,165.721524,67.08927731,1.898328628
d27_10_G02_0_1_T,glasshouse_b2,5489,T0,R2,T,16412.38603,2521.166508,2823.495735,64.1179519,2179.174025,1793.109252,38288.58989,2538.964675,3099.288511,56482.98603,2259.629078,1851.009589,15412.08372,2503.690768,2819.041867,17031.52992,2315.484265,2634.812966,422997.6378,2573.94546,2321.86942,16623.2585,2292.994217,2499.968439,16213.16653,2520.245458,2818.193008,219.9924955,174.1204514,1024.745387,0.162028707,375.6269339,0.403028004,0.435026133,1.022466548,2005.068505,141.0431798,1320.039697,151.7176562,906.4314048,12.44419112,25.03956356,383.2411457,11.09384039,107.7591021,1182.515604,32.81751581,6.695531025,129.9481724,6.126382751
d31_15_G02_1_3_T,glasshouse_b2,5489,T1,R3,T,15629.55917,981.0826317,2936.465676,60.13451386,1559.864258,3570.397764,30792.70105,1207.595592,3305.298913,31963.47337,1224.916078,3322.045088,15324.98454,1088.694994,2910.75914,13866.37115,1533.404659,3739.292775,632745.6595,1225.844986,2354.583897,11925.66055,921.6575782,2976.913627,10994.54084,1142.618362,3237.531532,201.6817134,128.0305748,749.8194017,0.165360766,274.9546174,0.392280221,0.436770677,0.725313216,1531.81237,98.99838364,975.6755932,175.4791522,630.4744058,0.625201312,33.06949533,271.5193372,0.776242473,127.2263172,840.5680115,3.095772773,7.5827066,92.33992111,1.093810617
d45_02_G01_0_2_T,glasshouse_b1,Gladius,T0,R2,T,8650.573335,1889.024622,3632.667931,47.75802983,1278.978493,2921.437773,38289.79457,1651.975313,4088.804971,41537.74662,1686.058948,3996.326484,7780.93539,1807.953816,3569.844328,16555.22535,1708.162128,2263.322592,616429.6675,2074.475681,2508.787945,19328.79021,1559.224998,4416.299658,8749.124108,1822.793374,3613.453118,513.517719,349.3102758,1457.409374,0.244845813,511.7516653,0.402296998,0.435283411,1.055267301,2766.395097,195.7198427,1802.828772,272.3404681,1099.622685,28.75804665,64.76696034,491.9513507,23.034437,198.0978734,1536.949524,71.83352132,12.24477019,174.2329067,11.27341396
d09_10_G02_0_1_T,glasshouse_b1,5489,T0,R2,T,7589.66976,1754.937084,852.3222596,54.19507279,1629.408011,258.0473864,10143.05043,1792.521817,622.7599198,7050.647585,1780.100997,632.9157174,6201.970077,1770.492858,792.4179264,3405.79955,1934.03983,1101.609922,431318.619,1532.183159,408.2703847,5337.428619,1933.977964,1029.682404,5313.889729,1894.641163,1328.033801,44.71048578,23.33486418,316.4760568,0.118488305,117.8843195,0.417357102,0.434309513,0.604144446,667.3843316,39.16648621,424.1423518,-14.50507431,290.8172034,0.01534913,2.908313809,122.6360253,-1.020934137,-3.537470281,399.681216,0.990463997,1.143931906,41.96345769,0.240720388
d41_38_G05_1_2_S,glasshouse_b1,Hartog,T1,R2,S,4684.281781,2178.755056,1837.603763,65.82075883,1000.523191,2351.21338,23746.4783,944.137501,2333.616328,19175.8006,910.5570365,2359.782322,4742.777145,2150.733929,1833.697389,11363.86431,843.2681966,1933.390582,394992.6848,910.92614,1678.496427,11773.20076,770.290093,2769.421023,4443.032899,885.9803555,1682.732741,310.5890215,166.3506887,750.6157623,0.21435023,252.034523,0.362847536,0.407591985,0.639780424,1489.89483,86.37294823,842.7636418,230.0320079,505.6110217,2.167830538,57.06386039,218.8553707,-1.05030333,161.6437374,664.7196285,0.980093146,13.46888485,75.85425319,0.917827214
d25_15_G02_1_3_T,glasshouse_b1,5489,T1,R3,T,12520.14631,972.4200803,2584.347366,75.64017894,923.0820381,2063.067889,17402.19075,927.1645241,2417.327508,17316.85082,967.1668534,2651.278611,12194.69455,1028.271108,2644.653678,9322.642859,938.2688066,2808.781386,598341.5261,964.765456,1931.524073,7918.574393,898.7326333,2821.671614,13116.21275,1019.749986,2644.51847,129.9611296,100.8387487,563.6688206,0.178685679,205.2387242,0.411025765,0.432793279,0.866002647,982.7747743,79.33721163,726.4995965,48.23540761,474.7001891,8.286500124,21.33441616,205.409234,5.102459836,51.70726263,655.899345,19.43906277,3.27598732,74.82861729,3.19327427
d45_11_G02_0_3_T,glasshouse_b1,5489,T0,R3,T,22291.90378,1570.659898,3921.74602,56.57921373,2807.960544,3400.132518,41141.52294,1621.143173,3360.925099,40697.07635,1696.64124,3698.306133,14004.91084,1473.385962,4217.009028,19679.88892,1499.549956,4227.709809,506893.6419,1907.697224,3422.84744,25653.18151,2944.553055,3603.526309,13825.11154,1472.628395,4199.566045,481.7562095,335.2785208,1447.711975,0.235777763,508.3346676,0.404403981,0.4337802,1.105206561,2759.719519,202.2937936,1829.057448,317.2101621,1028.200784,55.06406571,72.14132948,466.8861368,38.17781196,232.4557492,1467.828304,116.3628956,14.08680049,166.1876426,22.69343125
d17_42_G06_0_2_S,glasshouse_b1,3811,T0,R2,S,7245.169903,1906.742025,2571.929203,50.5803269,672.7853627,2548.274294,19955.15311,960.2321856,1926.173219,19458.71043,878.1788109,1938.956027,6110.625743,1906.095292,2687.638289,7337.523972,893.663816,1941.433635,357104.9569,1951.448807,2099.590044,7485.43565,1433.864616,745.5962407,6843.145764,1891.274063,2694.736208,169.1090691,99.36134218,633.644296,0.166014814,219.0367609,0.408168177,0.438095563,0.605413154,1166.282024,83.15941661,775.4161006,70.62452351,520.8602117,-2.176929101,22.87049952,232.1356077,1.153926787,64.79132957,705.9375757,-2.395511634,3.726051955,79.54179599,0.917557131
d13_36_G05_0_4_S,glasshouse_b1,Hartog,T0,R4,S,5735.052383,1153.756746,1671.100478,62.1090119,1261.601898,645.1237584,17234.01166,1196.784412,1573.241804,14812.10414,1195.100865,1604.109966,4750.109791,1174.300852,1687.715331,5651.248435,1198.81767,971.4103815,393180.0965,863.59251,1619.575027,7101.190688,1511.941935,452.0571124,4228.476182,1142.735981,1721.943589,112.9335678,64.34251353,483.3228916,0.150456889,168.2509176,0.398189325,0.435609111,0.727033436,888.0170267,56.17560122,521.6711611,43.08999002,366.651717,1.564535414,9.811634091,155.6206997,1.343370576,63.56866507,483.6799472,1.79684012,3.161443436,53.02623106,0.498827797
d49_41_G06_0_1_S,glasshouse_b2,3811,T0,R1,S,74429.67165,1172.019305,4140.004192,85.80284634,1794.571494,587.7487413,155795.8244,1512.338843,3830.115137,159422.4369,1697.826524,3765.158795,54128.03132,1118.898588,4330.11384,69590.81162,1706.147734,3743.603992,542181.4319,1318.745931,3554.934419,91537.73307,1145.168444,4164.804876,47613.14524,1118.298627,4252.617551,2050.619815,1742.862651,4344.238734,0.402162003,1513.088126,0.430524654,0.408908322,2.474255428,7799.064319,821.068397,5919.12885,1311.739587,2495.250037,519.0279717,305.1897078,1113.103902,457.0545238,950.5719964,3490.123491,1431.522886,59.77798641,404.5704817,355.6155288
d31_04_G01_0_4_T,glasshouse_b2,Gladius,T0,R4,T,22265.92851,2064.086205,3431.210296,64.81404357,1572.784157,953.6169105,42617.44673,1604.310127,1364.729633,44634.12975,2019.414282,3555.614739,19834.10246,2035.44259,3474.269664,24707.09701,1617.843655,918.2961483,370707.5481,1875.888188,880.2630804,26745.77377,1626.115482,989.3493315,17899.79721,2079.4392,3649.997761,278.23266,189.3707836,1151.207346,0.154243989,433.3515173,0.402684727,0.43512692,1.016127917,2320.724299,159.3664534,1487.737794,195.7641716,971.3068501,7.948137683,51.06562553,417.6801451,5.932899952,138.2782803,1318.448259,17.92633553,9.398575526,145.0701433,5.624601787
d5_T010_21.10.23,field,Gladius,na,R3,T,10947.13432,826.6148618,5393.941865,82.10271392,967.4804517,4879.871796,141550.8034,1253.298219,5340.242237,144109.0036,1230.157593,5290.38595,10890.51392,791.3130875,5449.257797,56960.80194,1496.76662,6076.557386,399740.7857,1426.63947,5266.861539,121677.5698,1293.174996,5526.001797,9192.279851,852.4131816,5407.417525,655.7412635,220.1933817,1787.029254,0.126169611,318.4611075,0.195067434,0.188735155,0.675506439,3625.435015,59.07683907,1104.280294,1660.557064,114.9220082,1.449205843,309.8719627,39.50640496,-0.683220121,977.2383,129.1059514,-0.85916958,49.30087042,11.40553278,-1.411862031
d31_22_G03_1_2_T,glasshouse_b2,CALINGIRI,T1,R2,T,11488.92455,1163.764665,2704.173489,57.92465748,1883.977946,1956.02085,27773.46155,1750.501966,1810.747674,23780.12426,1771.758153,1877.425815,9607.18286,1141.882901,2571.456929,11316.61428,1739.941011,3357.483994,344173.5042,2007.130437,1603.651751,8420.96838,2208.839077,4083.240101,9602.494553,1146.122297,2649.438018,148.3032092,107.4014621,782.7388001,0.131760814,279.0858338,0.402756719,0.436681742,0.582970443,1549.248469,100.8151667,966.7506264,94.65207451,705.3522381,0.733283164,21.47052519,292.5209606,0.187361939,80.6901874,907.2149541,0.604104414,5.205229876,97.58473884,-0.443539589
d5_T019_21.10.23,field,Gladius,na,R7,T,269324.6591,824.1367482,5097.104822,63.90429946,1163.576313,3652.413463,354153.6123,998.4822179,5393.789719,376901.6847,1326.814254,2956.796661,197361.7525,907.6856337,5089.125142,168120.8125,1443.403578,3846.127152,1229973.957,1911.48597,3593.65882,294335.0427,948.1261891,5601.399932,193163.1232,889.0625218,5094.515344,1594.915964,1152.631822,6455.244764,0.180581641,1214.725783,0.21230155,0.188814314,0.775648882,12447.9071,250.6237886,4315.682588,5786.756652,651.2154992,2.603996515,1143.55808,234.2918756,1.985151458,3604.972323,694.8579465,8.320461321,189.5345363,62.95120781,1.085477309
d31_36_G05_0_4_S,glasshouse_b2,Hartog,T0,R4,S,10066.77381,704.0765831,4525.382672,101.9999223,644.9605853,4971.961783,33956.61283,1340.803913,1394.357302,41634.59943,765.077667,2931.685572,9511.613907,733.7730954,4539.772314,17373.33981,721.7289679,2854.026993,482027.7785,846.8788748,3903.150721,12643.16457,720.6445265,2785.69457,8906.269792,704.4238651,4525.080725,325.3789387,210.0334494,913.8282324,0.22321087,343.1522406,0.404029623,0.43579947,1.047480148,1732.572627,131.6104771,1193.656118,235.15543,738.3561383,28.17441249,46.3835284,325.8512438,18.93871683,144.4628745,1025.13252,57.25516839,9.406793063,114.0740398,10.13299861
d27_10_G02_0_1_T,glasshouse_b2,5489,T0,R2,T,14298.91866,2512.715067,2848.882464,63.89053879,2191.870117,1823.152593,37235.85672,2554.567597,3065.368714,57400.89502,2247.755266,1793.102055,15592.92987,2515.531853,2871.913536,16548.77111,2308.769044,2669.736765,431264.7201,2569.539993,2251.577993,17704.39204,2297.596456,2475.09958,15393.11203,2524.624618,2877.020267,228.7338995,163.772943,1024.443626,0.159739682,389.8042562,0.402056736,0.432240446,1.025972615,2020.300604,140.7456759,1327.777765,132.9356336,911.5526522,14.19209253,32.1631415,381.223432,11.69510978,85.94053552,1178.894451,29.7463683,4.737634138,127.8406714,6.038275292
d45_41_G06_0_1_S,glasshouse_b1,3811,T0,R1,S,41913.24429,1191.746905,3812.576173,59.24324545,1261.252117,3584.86534,76440.58556,1189.555745,3929.010123,76306.37349,1178.735828,3938.426392,24081.18931,1041.698018,4027.169811,45145.95492,1346.361118,3635.505329,638087.3928,1203.997089,3665.460077,72987.4369,1250.678809,3921.559185,23698.87136,1033.717687,4021.535162,1198.218619,942.3684016,2824.239556,0.329112401,969.9268795,0.393531244,0.411755088,1.748660924,5277.916109,416.9239401,3576.597498,918.8811802,1746.761128,212.8124906,208.9267225,760.2668922,162.1706004,645.4441979,2399.769997,511.7162585,41.65276008,270.788385,102.1179336
d21_30_G04_1_2_S,glasshouse_b1,Forrest,T1,R2,S,3216.451343,776.6931898,2238.887422,79.99240194,739.0591373,2260.238861,8526.624411,823.005162,2138.690872,4668.142385,836.8842835,2161.675638,3091.91866,799.6455682,2249.595351,3541.278447,731.0787286,2195.420268,372893.0589,859.9411481,2504.076277,2857.276445,745.3922468,2233.98332,2434.761598,818.5345094,2246.367927,54.70088668,19.2244171,191.4362291,0.081094472,67.86479824,0.36726049,0.410351742,0.586067538,433.4654509,25.49253594,236.3937655,14.66066704,162.3714324,-0.325934004,20.66078552,67.73813797,-0.584893857,61.39899135,205.9064854,-1.681812566,2.39230566,20.4240217,-0.262005621
d29_43_G06_0_3_S,glasshouse_b1,3811,T0,R3,S,17387.62659,1760.794051,3664.747457,61.07629767,688.0973926,2698.323833,38248.37694,1288.263533,2675.055122,34141.35742,1743.961685,4012.91865,18167.32048,1806.108049,3631.833547,18139.52532,1836.473013,2618.280198,470272.2844,829.6226107,3534.090334,19652.95227,704.9495118,4001.84953,16235.41993,1822.93837,3680.086463,292.4334328,214.7389643,1300.251751,0.1668536,473.4838692,0.415501388,0.433350286,1.177468407,2438.473373,182.2749718,1646.226735,154.0837157,1108.703746,12.10067465,30.95292711,481.638781,9.53663203,102.2048114,1565.477158,31.94032737,6.051594581,169.7732145,7.086085419
d07_36_G05_0_4_S,glasshouse_b2,Hartog,T0,R4,S,3225.094062,1437.299375,680.3472053,63.74759489,1423.721461,791.3054089,10142.59291,1496.348888,438.0094582,9315.826077,1512.509943,374.345559,2889.54587,1439.785652,708.161424,6459.566197,1419.940892,382.1691756,347769.6397,1457.36097,762.5732324,2777.818789,1273.542273,334.1590825,1919.4514,1436.958707,741.8570358,78.64215034,57.35303241,259.9902578,0.185024268,89.64349457,0.371999069,0.414074396,0.591968413,479.0246652,33.52327695,312.1473008,57.85389668,207.7331747,1.33687801,11.82825169,83.22619179,-0.284529748,40.576441,256.6201331,-2.13743795,1.871628464,26.99995948,0.145937811
d43_47_G06_1_3_S,glasshouse_b2,3811,T1,R3,S,4905.585544,1008.927402,3239.759697,58.98181813,2040.4947,2377.449131,31094.96016,1305.842322,3838.890594,32859.15043,868.2717568,3628.893784,5919.90995,992.8879562,3223.539503,18317.32738,1196.774433,3350.21396,400100.6658,1462.080281,2081.861986,12807.86272,1305.754665,3218.148297,5053.334386,697.6344389,4673.101999,383.3526637,239.8278801,1022.752777,0.229815555,325.2827233,0.3632953,0.41136961,1.025085609,1986.275021,118.9238492,1160.529148,396.7473049,625.4780441,24.42872843,87.11673815,267.7902549,15.60026462,268.2258911,846.4722711,48.00857672,16.1751765,94.21965873,8.662035266
d17_07_G01_1_3_T,glasshouse_b1,Gladius,T1,R3,T,10388.64481,1292.035485,2011.849863,56.27852155,1274.03461,2188.983971,15071.76054,1382.598549,1786.32907,13985.5294,1321.472422,2634.152976,10671.4203,1303.748619,2007.166101,6464.047471,1240.978224,2347.327178,521737.3962,1400.758382,1391.102758,5783.344115,1478.590304,1435.494844,13540.96695,1357.576886,1852.302919,85.56376341,52.14557528,544.9602656,0.096452671,209.0889173,0.40591105,0.434342826,0.724752782,1101.692437,72.24859916,721.4100745,6.75016127,509.1916558,-0.80666139,9.869701395,206.9229433,0.049345175,34.66976456,672.6427498,-2.52874024,3.459192191,70.54184,1.166338598
d19_45_G06_1_1_S,glasshouse_b2,3811,T1,R1,S,8764.699371,767.5785268,2120.404356,78.68491711,959.9613335,1163.689194,14932.19612,1312.623139,1443.216573,14584.9201,1356.412834,1482.386471,6759.745048,770.7603246,2106.508722,9751.795328,1454.049424,1938.7869,364606.5058,866.1948007,1486.373913,6827.866366,1481.43485,1482.82614,6913.49214,758.4484767,2094.502211,117.6745165,58.47090761,400.6845697,0.132738278,164.0131399,0.395839204,0.436024513,0.587032894,744.2998467,54.84779322,525.5453693,75.259912,363.3899588,0.213574005,8.449860496,153.9295711,-0.757584134,45.492139,462.0273656,-0.021946531,2.697581869,54.13132685,1.505663672
d31_41_G06_0_1_S,glasshouse_b2,3811,T0,R1,S,8562.877942,1433.728688,3510.405634,66.76697433,1638.175826,923.8958971,29552.6633,1389.208136,2942.85866,29743.43307,1396.126101,2749.271659,8911.377184,1423.739233,3606.683853,11200.20684,1504.013358,3483.028515,531859.2029,1214.743713,3339.373381,10738.20826,1469.729892,3309.374949,8071.641815,1434.800157,3596.910424,276.3979543,195.6974449,841.5203378,0.230898175,295.8498436,0.379811113,0.411837207,1.124240322,1546.950419,108.8196542,1073.07163,196.0767386,642.2575894,22.80624848,54.99167762,260.3607071,16.4232382,157.1331458,813.1611622,58.5847999,11.87186725,86.51633172,9.69847456
d5_T011_21.10.23,field,Gladius,na,R4,T,94186.27295,1502.748641,5874.41162,59.80973732,660.8752401,6442.819266,269993.8128,1232.209857,5611.004206,249777.1412,1193.17099,5769.810561,72000.98794,1474.074454,5857.553999,110449.2458,1251.534692,4832.682816,641811.7976,1190.559682,5672.456252,196812.8916,1255.349194,6005.805979,63706.88115,1482.676996,5763.60399,1297.790413,619.382007,4408.430954,0.138614279,796.7219194,0.199736125,0.191442763,0.872590888,8778.177298,152.3811884,2709.68961,4128.84492,291.9388244,-0.142299336,769.0536971,101.6217558,1.421675812,2444.784827,330.2076164,7.817183355,122.3639693,28.89644581,1.159630343
d15_11_G02_0_3_T,glasshouse_b2,5489,T0,R3,T,6217.810257,2262.079445,1427.74319,54.72151483,2304.544503,1563.136838,22323.09317,1506.422699,2433.995985,25061.60071,1403.478687,1855.837385,6117.295941,2240.68133,1455.216006,7932.424926,1529.485793,2715.296936,359648.1124,1462.143676,2168.260681,11033.02491,1408.732442,2408.909297,6986.369698,2239.949067,1397.51665,105.2482883,69.86278793,503.1789277,0.14306489,202.3771683,0.418466875,0.436800357,0.725579321,949.5231524,65.93189861,637.4661429,56.59202516,424.2565045,0.258867551,7.304612067,193.294351,0.645584784,35.82331576,602.5388235,3.735065487,1.885795513,64.7783685,1.025194581
d05_22_G03_1_2_T,glasshouse_b1,CALINGIRI,T1,R2,T,1372.494993,1786.690146,818.4141287,92.63284784,1612.757207,378.9690865,1924.927153,1552.321274,576.174758,3138.677492,1556.337728,488.8874181,1615.770265,1781.479616,765.7204614,-184.4680231,1567.323592,511.2703929,318750.9964,1453.922149,283.5683389,1818.181868,1604.821562,404.8847466,1134.271381,1799.359974,777.3379096,42.43542911,26.58511547,39.08289352,0.245748771,22.42132354,0.372252342,0.408017318,0.522133661,143.3637786,5.690550366,80.11308446,62.97845603,43.59762771,0.066364781,-0.664262646,28.3335488,-0.523251148,28.14047032,67.07196836,5.639009816,1.389756345,8.213728296,-0.296339149
d13_28_G04_0_4_S,glasshouse_b1,Forrest,T0,R4,S,4188.520102,1507.1894,1911.010277,70.12862935,1519.318431,388.2114859,10399.95503,1147.896195,745.851006,8756.804651,1129.271359,749.2223791,3579.038171,1506.613265,1915.881495,4659.770454,1504.033316,1949.518136,361633.2887,864.6731028,884.8663945,6457.272901,1530.245828,412.0013902,3771.350027,1488.14044,1968.902774,80.80171014,42.64170895,286.8790777,0.153196584,90.5669342,0.400127657,0.43784919,0.567956873,492.0345613,34.68169496,301.9423919,6.399094448,220.7415093,-1.021998898,10.69718233,99.92565299,-1.060964356,29.50360136,318.1618555,-0.480517967,1.328040127,32.24400048,0.441341973
d13_45_G06_1_1_S,glasshouse_b1,3811,T1,R1,S,3454.802888,1529.345707,1234.936225,63.67291404,1442.120491,1349.88928,10526.219,1552.52281,1538.866522,10261.38803,1549.301101,1511.842039,3369.417151,1520.808742,1277.559594,4735.498791,1504.179011,1224.596257,374787.9874,1007.595268,1496.998647,4445.097427,909.0627865,826.6242517,3330.071541,1522.135069,1277.618382,111.4311934,64.22671499,308.1714132,0.231087853,111.0419165,0.399101492,0.434553065,0.737236299,642.2755743,43.38958882,361.497415,69.96656777,256.1968405,2.187395565,4.679831377,109.0520208,-0.262968242,42.15425237,325.8764261,-2.154576345,2.797981975,37.60786021,-0.387049569
d21_02_G01_0_2_T,glasshouse_b1,Gladius,T0,R2,T,8566.322595,2089.587539,2831.201582,64.23082947,2007.530055,2691.966742,20875.50193,1739.582693,2179.290637,20266.96985,1891.780087,3210.637988,7852.721189,2088.234169,2824.975519,10497.95616,1985.234449,2722.837036,515924.0065,2064.229375,2275.541044,17353.13502,1945.602369,3208.64547,8375.586288,2077.413235,2815.311398,123.8479787,93.98900992,737.1763522,0.122187847,280.7022931,0.434244639,0.434958462,0.652161698,1389.285916,107.5491744,968.6509624,50.10832528,673.0217198,0.340659307,11.56259844,295.6551594,0.655714276,18.12980395,953.1020287,-1.949201968,2.003957713,104.8831036,1.103716243
d21_08_G01_1_4_T,glasshouse_b1,Gladius,T1,R4,T,15242.01928,1943.463549,2163.010333,49.04910185,1915.454079,2499.021522,12145.77347,1887.969907,1775.177868,13985.26061,1866.137958,1734.048361,16661.87844,1975.761524,2222.425787,5969.712027,1827.169755,1570.848482,980449.298,1656.438576,1553.970369,8088.153418,1768.407538,1022.308851,19111.08407,1935.496674,1980.848077,70.98587366,57.93492779,583.2881829,0.122845294,185.7216349,0.393572345,0.410259912,0.785433745,903.4470551,69.68722126,583.9243853,101.4169935,422.7680262,13.85355953,25.05076426,161.2761106,9.688348606,90.55637329,533.0027489,35.89960935,4.868967964,56.68172011,5.878582674
d37_07_G01_1_3_T,glasshouse_b1,Gladius,T1,R3,T,14739.10819,1469.786947,2608.647253,54.20894691,1332.489909,2647.455409,25241.33009,1399.755949,2925.152705,25460.69029,1383.587251,2865.159665,11046.61556,1446.625903,2361.897601,12775.77292,1529.283013,2250.357107,415877.5717,1592.487126,2083.884028,14962.02336,1320.018387,2719.926856,6582.128998,1519.161072,2423.556372,259.4650097,158.5844414,987.4861168,0.155448136,326.6246289,0.379346273,0.409479968,0.778647542,1882.170492,118.0301605,1198.673326,282.2652324,645.2188396,6.537223561,87.1326662,284.0321956,5.596069867,234.4438786,878.6144108,16.21093452,18.15033835,99.3831779,2.414825894
d05_04_G01_0_4_T,glasshouse_b1,Gladius,T0,R4,T,4939.653428,1630.244133,734.1543497,83.81750275,1610.795843,357.2201873,5151.981453,1620.274103,498.6519343,5349.665056,1623.266069,459.5700402,5122.791223,1589.887359,699.3262737,3632.398729,1665.728762,447.5415841,382059.4565,1824.257957,324.9903153,2366.368479,1602.867358,252.4418803,6034.359761,1632.737404,673.6490289,50.1425824,25.8212536,195.289588,0.124034805,84.01744718,0.406943504,0.43331262,0.730704125,440.8608473,30.95589338,284.6786064,45.19850403,179.8798032,-1.88868997,1.045497389,79.96277411,1.565160236,-2.834510154,253.3365423,3.243829036,2.522420553,25.67920655,-1.158944932
d31_22_G03_1_2_T,glasshouse_b2,CALINGIRI,T1,R2,T,11855.57727,1152.479852,2658.870009,57.89732512,1876.705839,1973.524828,27518.45015,1759.260094,1851.322674,26785.60946,1779.409551,1889.882327,10102.2074,1142.397497,2580.73144,12992.09375,1750.847692,3369.623724,352625.3502,2016.824956,1554.392755,11492.15729,2225.555416,4079.265329,9404.935568,1136.484848,2573.608973,148.1493162,102.8185742,795.0580398,0.132562223,286.1299242,0.4022218,0.433984733,0.57871431,1538.882013,98.97623323,981.895668,119.2870791,703.8945761,-0.764754815,15.0500018,293.0754649,0.736544837,51.17905497,901.4424347,-2.303046439,4.235279285,98.02432397,-0.32038026
d45_02_G01_0_2_T,glasshouse_b1,Gladius,T0,R2,T,9653.752715,1867.009336,3624.548079,47.76166716,1270.367543,2821.612192,38081.75432,1649.040423,4040.471087,39643.91765,1686.337429,3981.815433,8741.655929,1834.71434,3599.740471,18299.49333,1705.818223,2224.384331,611516.5518,2066.061144,2547.733342,19395.77501,1536.97295,4434.499096,7726.892684,1833.246788,3560.41051,521.9234997,351.3732616,1417.56162,0.244215667,504.8006469,0.403172416,0.435323201,1.058402696,2788.358904,199.0833916,1806.06773,302.8011953,1108.171385,31.03241005,60.06911366,497.1817459,22.08835711,207.7834334,1551.330401,67.55421646,11.4282023,174.4652803,13.15862041
d31_36_G05_0_4_S,glasshouse_b2,Hartog,T0,R4,S,9229.19331,736.5989561,4504.399282,101.9944657,643.5119899,4966.435344,30546.85143,1339.701989,1431.096445,40715.71219,750.519452,2936.044148,8307.751026,748.9791706,4494.527156,17309.28985,738.7107852,2922.22159,479575.9671,845.8761442,3895.689455,14999.99293,728.9208848,2809.611986,9405.900475,733.5355204,4493.107756,322.4648975,209.1030649,959.111647,0.223434642,346.0879611,0.405045513,0.436046864,1.04016203,1775.702605,134.2686732,1213.733278,174.8052312,734.2910138,25.63274276,34.15520377,322.2119462,19.28360426,122.7652327,1007.93599,52.97297132,7.788094191,115.3641261,10.90033537
d3_T020_08.10.23,field,Gladius,na,R8,T,286246.0759,1321.709455,4509.515563,90.0352879,928.6229523,2670.173169,318732.3219,1010.539547,2815.197867,324407.3478,1009.874105,2847.490853,257570.2607,1259.105489,4476.069965,156226.3416,1113.929913,5859.56214,1045508.564,1086.156013,3123.788366,342103.0039,1123.54927,3301.356306,165711.6506,1239.814415,4838.422392,1257.802656,1035.407989,5520.649225,0.185642938,1099.594784,0.223985505,0.240195898,1.090954089,10714.64774,246.5567431,3943.059196,4821.997657,706.4246888,17.78876367,963.8483056,258.2995691,14.24219597,3074.824968,811.5700922,41.17361036,163.7189356,75.25708895,7.795450811
d07_24_G03_1_4_T,glasshouse_b2,CALINGIRI,T1,R4,T,3863.157131,1152.06563,887.3014899,57.91334164,1413.817913,561.4839386,10194.25702,1723.439318,434.2824288,6959.205744,1530.587888,663.5996707,1642.163536,1142.145731,926.2004632,3098.847853,1438.233326,652.1581623,351728.1214,1440.458445,847.9161097,2618.245586,1599.585883,335.8376733,2635.264739,1143.738858,902.0157189,51.9939113,34.4562998,222.5994622,0.17428267,69.07901743,0.374863872,0.410808154,0.580404851,391.50656,23.66314302,270.169855,27.36931559,176.9892026,1.847340089,14.00010135,73.82778274,0.769732949,4.096325236,218.2637908,-1.324516114,2.807345959,24.33275792,0.027600717
d07_46_G06_1_2_S,glasshouse_b2,3811,T1,R2,S,1866.002977,1353.858592,697.8545743,80.87323318,1641.933191,419.0954022,4905.507696,1590.106893,445.8425768,8549.254903,1595.137893,493.0714525,1786.327061,1363.43842,683.6679911,3897.118501,1583.341396,344.9468735,409939.0416,1432.873036,401.6625611,2875.891474,1575.288901,407.8711882,2389.110739,1370.670056,744.930209,42.18068672,24.59525171,101.1885401,0.163598493,54.78593303,0.386491448,0.407240663,0.915682391,283.2839223,14.85791553,169.3277848,-13.96880113,109.7773083,6.51591496,7.426265463,48.47439621,2.241414843,20.41570585,151.9534779,7.764170121,0.362902205,13.68938602,2.095963647
d6_T017_28.10.23,field,Gladius,na,R6,T,18778.26776,1098.566551,5072.253302,81.23854507,1002.437247,5281.879385,192669.5512,1089.453301,5046.051344,199476.372,1105.477399,4989.113791,18332.48212,1093.564132,5042.007189,90405.01338,943.1886986,4527.269902,530518.631,1088.450131,4756.983635,92284.4782,984.5059515,4708.446142,14240.40622,1116.698923,5037.795761,1088.633533,376.6723146,3679.855789,0.106468387,655.2259718,0.198560159,0.188628481,0.542235595,7209.667236,118.3226863,2254.107651,3455.086303,210.3147373,-2.118514482,646.2665967,70.97740017,1.10917747,2036.655596,252.0636969,-1.623882749,102.4984354,21.37348688,-0.722439719
d27_18_G03_0_2_T,glasshouse_b2,CALINGIRI,T0,R2,T,18411.93126,1207.493196,2295.761303,57.32024344,1129.854207,2448.878919,45183.71482,1389.898122,1483.522854,46025.01432,1359.30171,1765.203691,18702.51087,1231.161488,2290.572324,21927.82428,1465.827015,1066.920563,404802.3404,1430.96684,1084.449305,21552.07915,1188.105709,2184.684908,19349.4306,1230.202255,2297.444244,174.4229627,136.907751,971.4739225,0.131658268,365.1230428,0.401402846,0.435977205,0.788228083,1935.158712,129.9791681,1233.924026,130.0183571,809.2977787,11.23149667,38.33408183,353.0093728,6.155242239,120.5880512,1104.591895,26.81706499,8.068976792,119.5441542,3.398441328
d11_03_G01_0_3_T,glasshouse_b2,Gladius,T0,R3,T,10087.54767,1410.008105,1479.102082,75.84427104,1689.219045,557.4545211,13370.68548,1321.306865,1610.645406,21932.622,1447.199103,1151.899155,9101.304957,1403.391034,1487.912463,10112.08097,1489.64576,1145.965102,387866.729,1452.009649,1068.645419,7627.301634,1276.499663,1787.51483,9200.434381,1373.156424,1481.075889,78.73517797,57.07783389,444.3515367,0.13558462,165.1261455,0.43190049,0.43720407,0.744450906,833.311443,65.00032328,558.5431023,38.99007087,411.2569318,5.49022567,5.299224052,165.7756773,3.038193117,9.935746841,534.8400374,14.26523022,1.696446625,61.39434846,2.46402211
d41_46_G06_1_2_S,glasshouse_b1,3811,T1,R2,S,10612.37395,1430.639815,3983.444474,57.58578836,1268.146737,4221.001244,27956.39569,1810.282059,2850.09943,27545.00805,1802.499076,2866.335632,11614.03129,1507.181219,3943.401109,12392.5881,1233.595848,3990.679255,352163.1529,1438.078913,3300.578802,20304.00314,1234.516759,4284.459952,10028.22023,1066.0191,2562.217614,385.637847,229.163488,1101.025787,0.218246732,346.1867746,0.371183992,0.410159505,1.23049462,2039.292405,130.6137328,1275.893164,311.157566,743.4095193,22.17471921,81.00819741,311.0585278,16.27418894,241.6209333,983.1807661,54.99306925,15.80734194,108.1771977,10.26340933
d11_24_G03_1_4_T,glasshouse_b2,CALINGIRI,T1,R4,T,6165.469721,2166.07089,1343.001986,66.24259036,1683.999827,350.8126696,13885.70881,1514.059831,849.1027023,16808.91816,1392.614135,1243.628199,6909.386715,2172.405816,1422.944323,7435.395257,1153.397862,1859.915122,455060.096,1937.226635,964.0640901,6026.561398,1602.842003,548.6963773,4121.61758,2213.455976,1593.533018,69.16623229,32.49623165,342.1237529,0.111240121,145.2477235,0.414291683,0.435724477,0.589245586,654.628618,53.12288976,470.1468707,51.76928095,325.324108,-0.284199713,14.99838699,142.894993,-2.481024729,26.66358266,430.4022931,4.086414425,1.447700645,47.81508057,1.000800859
d25_43_G06_0_3_S,glasshouse_b1,3811,T0,R3,S,13362.49634,1762.910689,3339.68364,46.2198548,641.5682149,1745.26373,27983.08133,1768.577045,2664.843444,33089.94298,1808.695434,3035.730001,15005.05423,1777.993149,3327.167885,14957.54094,1794.397606,2429.343343,424150.5476,864.077509,2778.064754,17790.33307,744.0888602,3617.497099,13220.00314,1783.071539,3298.548579,216.3098276,149.7176592,1035.05253,0.142578848,395.6565076,0.423051229,0.437812913,0.74456863,1957.733566,145.6004734,1340.396096,132.36925,895.2643756,4.028340887,13.60889172,402.0751504,2.164385872,65.40889798,1253.579931,2.285155419,4.1169991,143.8070747,1.58420202
d5_T009_21.10.23,field,3811,na,R5,S,116066.7352,907.96746,5798.536944,48.11906796,1003.746743,5960.523868,281419.8488,991.534681,5232.098334,312071.576,946.5089211,5138.675041,74543.26423,984.4685652,5958.824231,135657.0352,1112.068053,6194.597443,759122.3512,1151.991158,6164.358771,137310.4185,1122.161581,6159.32278,70484.15856,978.8740568,6044.523912,1204.910098,730.1186953,4465.738375,0.160919404,846.8216365,0.213534709,0.188787906,0.778291749,8806.297098,178.2293907,2999.734578,4077.208859,453.9782223,2.869305829,784.0927013,165.3578899,0.713997371,2476.355923,536.549249,9.257241707,127.08089,48.15222523,1.368226104
d13_46_G06_1_2_S,glasshouse_b1,3811,T1,R2,S,3715.691357,1629.291637,1441.637441,61.07858598,1605.49001,507.4010733,8056.310642,1631.562255,1765.110282,7393.644464,1645.135579,1272.92685,4802.994059,1651.859818,1437.554312,3860.733132,1642.961418,1452.706888,360544.0703,1465.80812,1051.672957,2980.368281,1149.946398,1788.524185,4886.675466,1655.432155,1499.645541,75.4776313,33.49582287,221.0555017,0.158707101,95.30676066,0.409427588,0.434973496,0.926093782,482.5542983,34.825538,298.1665549,71.31320865,211.1355314,2.777232537,9.774827897,87.96186246,1.263753882,28.7935578,278.3566505,3.406836753,1.336417841,29.07879296,2.365437396
d41_48_G06_1_4_S,glasshouse_b1,3811,T1,R4,S,18910.9188,1455.648456,3275.4529,63.12649088,1689.359482,4386.407283,27846.83617,1244.62894,2809.803088,26389.64311,1626.36929,4022.94711,19267.42558,1456.18481,3260.381241,13035.21976,1735.236466,4435.191915,508045.1481,1699.001036,2702.546331,13765.4954,1729.300777,4447.094337,11759.19115,1485.937066,3282.230386,301.6450398,209.4585881,1026.199992,0.204780263,351.7734147,0.376134226,0.410818205,0.976624231,2028.159841,124.3426579,1222.260879,273.1517356,752.3602788,12.38458362,60.5288156,315.4168513,8.043157188,169.765875,1002.075253,31.61800652,12.84142189,109.534488,4.730205653
d35_42_G06_0_1_S,glasshouse_b2,3811,T0,R2,S,13888.37634,912.8973538,3167.036768,68.050529,1915.350785,2520.879746,49783.96246,1169.023989,3798.555728,58133.12803,1492.950484,3603.411913,14444.38823,835.1356061,3137.605245,21182.17118,1375.496832,858.9499335,346019.2589,1472.101849,759.0291622,20034.69321,733.4249043,2333.93028,14891.53253,865.067835,3146.958321,497.0088678,337.7419589,1396.582614,0.237901736,514.0567442,0.400503884,0.434001594,1.331030464,2745.719262,206.6862416,1816.567614,377.8123584,1078.821268,56.89621769,72.62469924,462.6387937,42.91044495,201.4697907,1477.287625,139.5658856,10.93025099,164.3043367,26.33523637
d5_T005_21.10.23,field,3811,na,R2,S,25224.78617,1918.397531,4910.826763,64.84909879,1398.582883,2180.108632,180367.9614,1338.073623,5380.306605,133875.1478,1789.039704,5019.051741,18516.97858,1959.445935,4905.199519,79701.68591,1791.610021,4961.917726,532300.483,1954.833776,4462.71642,76222.70264,1796.084614,4973.118623,13129.964,2007.542863,4850.249483,951.828644,297.3420899,2721.441292,0.107612581,469.2335399,0.192400238,0.191129716,0.567012552,5486.614386,87.51929907,1650.991213,2558.195473,135.7756748,-0.637848377,480.7674156,42.95090184,-0.344055036,1544.120508,121.071263,0.470584035,74.26817146,9.820064088,-0.10020594
d43_26_G04_0_2_S,glasshouse_b2,Forrest,T0,R2,S,7294.07848,978.4216595,3978.024557,72.44248439,1395.517954,3684.113405,40323.05864,1543.267145,3740.13363,41783.44943,1520.457087,3681.657333,5859.685307,972.2137066,3967.570578,16461.97716,1457.958198,3625.886699,378041.7099,1854.830909,885.666996,10042.42746,1252.834286,2597.798392,6759.174363,983.9357082,3968.170013,265.9087442,164.4274368,901.8256309,0.190137928,312.8838483,0.402151269,0.435021601,1.172431082,1755.161066,119.5719615,1101.001566,140.5909553,719.1817498,12.53340307,32.95008933,313.6523067,9.959050288,85.43332982,971.6381839,28.1925351,5.52511453,108.5416298,6.327904879
d27_20_G03_0_4_T,glasshouse_b2,CALINGIRI,T0,R4,T,17454.33641,1792.263152,2319.849857,51.21763329,1572.393148,1333.07436,41886.90428,1141.976012,3684.382641,45306.78842,1075.688219,3388.711986,17544.7057,1867.513199,2381.47622,19882.10155,1523.247345,4220.497397,603704.914,1553.996081,3530.99732,11530.93324,1854.220098,2565.29484,17961.69649,1857.291967,2388.630687,203.0431726,129.28105,1078.678417,0.12318618,388.4017502,0.394179043,0.436682715,0.911619262,2131.397952,140.3161599,1365.110783,151.6072236,904.5619303,7.043773399,43.95765949,377.4140431,4.295326708,142.0650512,1202.972456,12.25233307,9.349507564,128.8182314,3.259141233
d19_15_G02_1_3_T,glasshouse_b2,5489,T1,R3,T,7833.808872,934.1557986,2243.343388,56.81268859,985.962052,1996.980986,15190.26325,1051.9162,1809.232197,16741.39919,1005.808385,1887.662631,9346.288453,930.512788,2245.790464,8453.599056,918.9435898,1838.180951,512001.2223,914.7542001,1892.185109,3758.051675,939.9160974,2178.173767,7961.090903,930.4617566,2327.947211,58.79673757,52.02455857,368.9493113,0.14285985,131.1005594,0.407689758,0.437066311,0.736130401,717.5710555,52.89480599,457.9164548,72.69167567,303.2263386,7.341478635,4.582655744,137.7762651,3.515984578,18.49674812,409.9600269,15.73302767,1.523516505,46.54714534,2.319224752
d25_22_G03_1_2_T,glasshouse_b1,CALINGIRI,T1,R2,T,9773.557927,2177.838146,2608.519794,65.85685745,1937.980797,2288.766912,17540.11554,1783.589514,2164.57449,22511.85295,2180.775767,2763.553423,10372.69883,2167.574506,2573.906229,7877.155624,1898.45899,1996.92419,726349.3846,2012.295303,1513.930562,9261.772416,1922.302667,1724.863605,9620.491398,1141.337923,2424.004465,117.4739171,80.49867153,675.0943289,0.124686324,229.8403543,0.403278973,0.435556355,0.573052301,1242.45625,83.452393,791.5691939,66.86704008,584.0871129,-0.39337674,27.00558433,242.5264139,-0.36661261,66.2129695,740.2969167,1.497196623,4.124008084,78.69378592,1.045055604
d35_41_G06_0_1_S,glasshouse_b2,3811,T0,R1,S,5086.470429,1402.307867,3364.426988,55.87001243,1326.995494,3618.177841,47737.46187,1500.834242,3172.841028,62738.51455,1419.645171,2414.078078,4925.219167,1415.757292,3367.904463,24116.29829,1333.602029,3622.540719,379986.2609,1446.959678,2625.626836,25669.96389,1317.950714,3575.206602,4912.880961,1423.300308,3309.294641,375.1551309,237.7128866,1197.816387,0.200373044,416.3894645,0.386148988,0.409779553,1.132753801,2327.534137,153.8061048,1466.268687,316.6969684,883.2054228,22.56447993,80.34890379,369.3857918,17.47893659,232.004045,1172.168104,50.58390587,16.48857773,128.0404824,9.76815411
d37_27_G04_0_3_S,glasshouse_b1,Forrest,T0,R3,S,11827.58821,772.6572527,3269.784706,65.06861833,747.5454778,3194.995629,28001.7937,732.0959458,3069.159445,25833.97489,738.2238304,3058.819582,11085.46586,823.8511393,3281.313837,11113.82879,730.9260375,3078.304258,489585.69,834.4345106,2325.79158,15829.57355,751.860728,2685.173479,5892.506366,915.1711949,3664.649212,228.1055609,159.5085038,767.1041297,0.20699439,275.1681243,0.407449649,0.434941791,1.2357485,1521.656526,113.2485054,987.547782,155.7125627,633.566106,19.56563962,26.91297875,271.2978583,16.45986477,88.17041086,857.1246974,55.32138934,5.47304183,94.69728673,9.748098642
d4_T001_14.10.23,field,Gladius,na,R1,T,163083.2057,1282.794998,5725.209333,63.79723882,1777.494908,5631.609567,347823.3348,1258.982607,5591.132781,351789.8772,1290.568202,5593.017923,115753.0972,1109.874495,5743.473733,135738.3234,1400.449082,4943.477109,1172840.235,1159.571251,5445.511772,340833.1699,1273.895888,5607.510243,114529.4315,1113.277578,5742.663493,1147.689329,611.7975328,4129.212514,0.14800046,806.2949521,0.218300679,0.187460311,0.90556957,8126.940616,168.1936944,2841.459892,3619.399988,494.0252524,3.317663023,721.4111883,176.0550461,2.389305952,2278.601526,543.8932465,0.337339692,119.4184171,52.50831608,1.718443151
d19_43_G06_0_3_S,glasshouse_b2,3811,T0,R3,S,7381.101517,1822.890198,2969.64211,62.19286309,1639.590838,2049.153187,26073.34204,1248.953775,2779.325401,31395.49209,1288.063907,2630.022772,8652.290756,1764.743813,3000.022353,13375.91571,1700.168948,2091.828635,384255.0192,1473.397463,2544.50917,13415.59607,1537.510946,2060.634131,8370.040594,1765.748021,2910.562396,137.3488965,74.92742729,738.5941501,0.101321456,264.7802735,0.403447264,0.438307384,0.718236462,1418.482868,99.08025486,946.6361302,98.17534799,610.0996765,0.370575959,31.10373084,269.431203,-0.077684725,84.71525829,855.0800569,3.589360895,3.249578822,95.57984328,-0.225277602
d25_30_G04_1_2_S,glasshouse_b1,Forrest,T1,R2,S,3719.410263,681.9694895,2249.478488,63.30589731,719.8599187,2423.476784,7185.686711,764.4589255,2290.14317,8067.778311,763.0226107,2307.78873,3041.10946,693.3393298,2192.885371,3839.622072,729.9712212,2225.688864,359551.8495,1964.531437,2014.631876,5634.684201,733.3771654,2240.560121,2182.365418,705.4569194,2211.024593,80.38340169,36.09183877,279.8190501,0.12818011,88.69492149,0.359239087,0.410101176,0.604012864,501.3464353,27.3930346,295.3182226,67.99302417,197.6301604,1.312404309,10.57141041,79.16256744,-0.468952931,46.42309144,258.7368094,-8.693131623,2.869035352,28.51366137,-0.099640957
d41_02_G01_0_2_T,glasshouse_b1,Gladius,T0,R2,T,12716.01707,1724.122515,3936.265525,54.36911176,1790.613023,4373.630871,36205.32569,1548.128209,4055.177231,37883.91994,1644.293302,4069.696875,10161.29777,1797.443827,3669.406189,17260.48302,1774.466086,4355.105677,331924.2482,1847.499316,3021.087438,22549.65977,1574.149569,3131.334066,9142.107878,1798.88155,3642.434723,391.9288029,268.4595171,1218.974978,0.204529969,480.7218429,0.407967836,0.435186333,1.11225651,2508.283909,186.6710785,1701.676454,256.003395,1036.660061,23.65958911,50.33677953,457.3380881,17.34669818,193.0359743,1445.264001,53.877684,10.03663355,160.8991365,10.27116425
d45_01_G01_0_2_T,glasshouse_b1,Gladius,T0,R1,T,8881.015765,469.6611712,3118.937978,61.67101847,732.4027002,3084.978218,48264.41375,2177.604109,3541.435507,49702.12692,2172.69858,3524.521375,8197.034083,517.2010265,3145.735395,24934.81396,756.5417024,2957.351772,778154.9358,893.1325508,2536.607768,31370.08539,753.049706,3162.083743,7661.01883,980.7635958,2692.237125,482.7838455,317.622788,1671.542309,0.195924877,626.2760829,0.411427619,0.436421316,1.044172849,3198.755543,243.5198873,2170.447656,296.754836,1367.052342,16.90870629,70.26439078,613.6198091,11.50259269,217.1694236,1927.573889,41.95335021,11.92173631,221.2051145,7.416098699
d41_27_G04_0_3_S,glasshouse_b1,Forrest,T0,R3,S,10528.82775,775.6310005,3197.945045,58.894408,896.6005251,1938.213773,28327.29592,745.0094322,3058.84658,29691.76839,741.7181889,3088.727572,10997.25686,826.9478023,3176.939754,11069.06028,2773.161954,2385.093184,497129.7882,916.2009613,3253.058287,14816.02346,1412.029862,833.4560872,7294.859208,873.9804184,3534.279965,248.407196,180.3463752,834.1255649,0.209500102,321.5464666,0.409675605,0.433370663,1.508052603,1692.029136,128.3043014,1112.412145,123.1033447,689.5869514,29.37512335,42.51096671,296.9408384,23.91304319,125.8816739,931.9161698,76.15276356,8.382848386,103.1987994,16.14763923
d45_31_G04_1_3_S,glasshouse_b1,Forrest,T1,R3,S,3143.57398,2100.066769,3666.957214,62.07869781,2365.480858,3111.340232,16609.49136,779.8873478,2512.424515,16907.01809,772.6139379,2516.603803,3458.806117,2104.046331,3666.041074,11632.27287,628.5182661,2121.120148,415534.8446,322.6395653,3135.334722,9466.382493,1599.363438,578.9398721,4974.1486,2107.271534,3650.517566,271.4765687,159.7568645,696.4177201,0.214985555,224.5193172,0.361560156,0.409677305,1.145311244,1393.45078,86.32269051,814.4445556,205.5090997,456.3393393,23.3384184,54.69791874,187.8003466,15.38852172,165.582736,594.2856041,50.20754976,11.54157696,64.66705602,7.717120788
d07_10_G02_0_1_T,glasshouse_b2,5489,T0,R2,T,2797.399156,1903.374634,1171.799172,53.22820233,1883.61191,1155.566705,10486.00409,1746.99673,364.9871922,10713.6972,1737.851816,389.0262229,3159.146459,1900.184243,1218.15203,4531.762284,1754.492228,241.2757052,378185.9017,1833.704593,283.7276162,2679.620714,1540.700332,266.9167007,3994.052407,1892.464777,1155.040139,70.91084341,38.12777814,271.3807616,0.160182545,85.46699341,0.378222275,0.409627111,0.581089175,549.7061987,31.11920878,264.2235542,60.70543333,197.3153406,-0.554745764,7.453452419,83.19233791,1.542152161,25.4045502,265.6917172,-1.408055274,2.195143615,30.25624221,0.133462113
d27_18_G03_0_2_T,glasshouse_b2,CALINGIRI,T0,R2,T,19313.23669,1197.20821,2291.249863,56.98941354,1113.524771,2480.862047,40060.72935,1406.379934,1507.787697,48575.93317,1365.0331,1705.374398,18725.73823,1231.855986,2348.837714,23048.87208,1455.426314,1123.073806,397876.3596,1450.17272,1035.068523,22801.69339,1166.651344,2199.685199,19267.73269,1226.035159,2329.852065,175.1845057,135.2598772,1016.488762,0.128630724,350.2008938,0.403493685,0.435142075,0.781167319,1969.193441,128.7066389,1248.637479,143.1796638,816.3642692,10.01546214,43.35594554,339.9187276,6.615300224,106.9957773,1083.199012,22.98611549,7.833964159,118.3663165,3.927091872
d21_37_G05_1_1_S,glasshouse_b1,Hartog,T1,R1,S,4847.489961,2359.529515,2527.00804,61.5530769,1060.708719,1996.479033,9114.596039,2342.613857,2504.863944,8800.476524,2357.634101,2544.627434,5061.950799,2379.210469,2518.100016,4757.417164,1011.058736,2154.767836,366208.6879,2574.444744,2123.122998,3604.953148,985.6542266,2147.762396,5273.28943,2381.910429,2527.476858,71.93334555,32.22081514,278.3033868,0.14435887,99.84804243,0.394091951,0.436165621,0.582633885,563.3388533,35.80821229,366.7265233,32.83047651,229.7929805,1.734695128,10.04240849,100.4080833,0.064864561,31.49834088,310.4827718,-1.33717739,0.358932452,36.4428249,1.623715977
d45_18_G03_0_2_T,glasshouse_b1,CALINGIRI,T0,R2,T,22718.48938,1101.719921,2549.360311,70.88534484,1074.963109,3066.387191,53202.7619,1626.17576,2221.33235,54243.24166,1347.673037,2180.728136,21148.41678,1203.313656,2584.270693,24462.91639,1080.643682,2057.609945,425273.3436,1408.797318,2206.908793,34081.49109,1016.963272,2665.344906,15274.49418,1172.661114,2213.212663,473.4289969,362.4080817,1839.579836,0.200586235,656.7572082,0.405818663,0.435885623,1.227233137,3517.377718,268.0120556,2321.489963,546.4093711,1205.999194,76.46607212,133.4707447,554.561279,55.60600069,427.6606088,1767.444505,170.7084211,23.9848471,207.5053729,33.17557683
d19_14_G02_1_2_T,glasshouse_b2,5489,T1,R2,T,13258.1591,2147.072296,2155.51247,71.08738763,2217.259147,2552.839817,17088.70666,2197.612123,2503.750162,23680.3355,2153.796414,2016.158537,14138.31535,2095.423564,2136.998266,7807.49211,2097.876476,2326.700752,462962.5508,2058.863154,1188.530596,4854.486559,2002.379597,1287.34414,12254.69055,2105.125776,2157.402414,50.3187646,37.25527233,419.4631892,0.069036371,150.8859276,0.39420428,0.437549157,0.641177316,915.2062116,55.60734865,559.9910664,55.62152812,396.9253826,0.26855972,15.29745986,164.8347071,-1.248836949,23.97204395,522.2044048,0.272804757,3.24268211,53.85014065,1.010321617
d13_28_G04_0_4_S,glasshouse_b1,Forrest,T0,R4,S,2974.151263,1501.048489,1910.289313,70.10693639,1515.073576,436.4398361,9319.96864,1119.623323,766.3195303,9413.515704,1125.152731,782.2315123,3699.931215,1507.539338,1912.691396,3376.062508,1506.857204,1906.721846,358039.4406,862.5052352,879.1667571,5983.502359,1515.353467,359.3287583,4245.524963,1522.863024,1943.216789,61.44560318,42.62774429,270.1503501,0.154036922,111.3138254,0.401293041,0.434898278,0.592791886,488.7087919,34.87485934,293.197226,62.19294433,237.1997988,-0.034581449,2.17492895,96.87404742,0.379823855,25.35802768,306.911633,0.773849128,1.409469464,34.95300839,-0.790585375
d41_48_G06_1_4_S,glasshouse_b1,3811,T1,R4,S,17788.04275,1445.699012,3263.237178,62.86139219,1674.264671,4358.817838,26950.90424,1243.159534,2852.417175,24197.25235,1651.020664,4015.837283,19461.72899,1458.018746,3247.12771,13418.24623,1770.101186,4464.386007,499695.3454,1691.084452,2758.918608,13320.78372,1744.529565,4465.372356,11037.99339,1468.366838,3268.537107,314.8258782,220.1262606,1019.792236,0.203752274,343.6216654,0.37584626,0.412837203,0.975675543,2055.047994,123.6400558,1230.182269,189.5059029,744.2036278,11.04347985,64.73618005,316.8579781,8.652734382,213.7451154,977.757616,25.87612195,11.36667803,107.564714,3.580025804
d35_08_G01_1_4_T,glasshouse_b2,Gladius,T1,R4,T,18838.06951,1879.057183,2160.215116,47.80644316,2025.659284,1580.371915,32118.84027,1819.789601,1275.587603,31298.91422,1791.469314,1262.765527,17590.30515,1930.676331,2071.181353,14576.96211,1751.000051,1476.391171,478989.1151,1978.050272,1215.238875,11806.26813,1803.339045,972.0324532,8091.93374,1576.005713,2031.300961,248.4818448,169.9081269,854.5124305,0.210824994,293.3491573,0.378752718,0.407952749,0.747273682,1641.992493,109.0833427,1000.132104,276.7121708,543.2848142,11.18287104,76.83064986,241.7392662,8.200781725,282.1433593,741.2428545,28.191273,16.8923805,86.56926115,2.971433021
d37_12_G02_0_3_T,glasshouse_b1,5489,T0,R4,T,12341.1527,2053.696837,2847.753206,82.87208886,1664.650059,852.2825705,38192.76858,1793.107113,2233.449257,35396.98206,1785.843704,2208.451602,12322.39543,1966.469006,2865.528776,16300.78734,2385.206055,3031.412961,464066.638,2575.374343,1787.905933,21658.91516,1616.006217,835.8650124,13570.64329,1992.321028,2903.360867,333.4088582,228.5742797,1346.401619,0.174344371,503.8960191,0.418166258,0.43479123,0.937164094,2582.802504,195.7420205,1786.091793,167.4245881,1118.760317,24.95136408,45.24489418,496.7518301,18.94098039,147.4888734,1548.602416,59.76536929,9.201296591,177.5422477,8.862676319
d5_T011_21.10.23,field,Gladius,na,R4,T,93908.70335,1508.683316,5922.995812,60.06632234,688.0595683,6428.829874,268853.051,1205.611734,5610.509662,248821.007,1201.764534,5775.969771,72165.37277,1443.210355,5844.330548,109261.2553,1249.248554,4797.547764,647261.5614,1193.081657,5634.42634,197321.2065,1255.795598,6022.936225,63412.77421,1481.166064,5813.123212,1284.835079,627.0591602,4431.632593,0.14123125,789.7849531,0.200597636,0.189853727,0.870902413,8784.228337,152.0916551,2748.401549,4172.0561,300.0343246,2.87083726,769.9560807,104.9841613,1.160763723,2460.50795,334.3631439,3.020452232,121.4871724,30.12390879,1.225480195
d37_03_G01_0_3_T,glasshouse_b1,Gladius,T0,R3,T,12934.21491,1531.687238,3300.853643,63.3026393,1884.005142,1032.307682,34913.52623,1561.310612,4055.421877,37014.14288,1548.584925,3932.319176,14235.00728,1487.493636,3340.801288,19450.97405,1672.35442,1915.900758,529517.9005,1445.148924,2715.248173,22358.34912,1797.896251,1067.033966,13928.99937,1375.714376,1678.129395,314.5996768,229.8948246,1295.534447,0.17111303,476.8817363,0.40485413,0.435331076,0.847398746,2546.364975,175.6264904,1643.942458,183.8025862,1059.488194,9.253804141,48.88860469,467.1437811,6.576682091,165.5480695,1449.003229,16.46032655,9.576899599,162.7028725,3.149808826
d13_10_G02_0_1_T,glasshouse_b1,5489,T0,R2,T,12496.54804,2014.551895,1141.343675,57.89252477,1945.004159,974.701312,13077.77316,1819.269446,928.3133809,21465.21344,2109.162531,1367.695797,10137.85593,1991.783374,1188.538459,6042.366972,1962.368988,1018.085425,422947.7729,1548.894003,958.2813709,7011.229273,1647.066305,323.4485936,8882.807664,1965.218345,1656.519672,97.32045744,66.71380262,486.8073196,0.147821773,172.8834577,0.407530302,0.432853018,0.974268412,894.8553036,61.93627838,575.927054,18.77218081,390.0682917,2.544869016,12.41909933,174.4068171,2.720758643,29.83085116,543.9253209,5.031226106,2.457901168,58.13921284,1.688099985
d15_47_G06_1_3_S,glasshouse_b2,3811,T1,R3,S,6810.845039,1408.107293,1841.80629,75.96506437,1517.573269,742.9846917,14364.65372,1402.644082,1740.632434,13227.14879,1410.336872,1677.121417,7122.839523,1394.615772,1867.333781,6782.060298,1282.066195,1443.579207,605232.6095,1384.071771,1299.736756,5512.665804,1325.794662,1453.729621,6618.505838,1410.749379,1822.390912,68.29547119,49.68841807,387.4265583,0.13676846,119.8521786,0.403003285,0.438365679,0.88452496,661.1520253,45.50303462,436.2590849,31.17392743,290.3850468,2.90079599,5.317086118,122.8964539,2.653244814,15.34535201,405.7382249,9.810450269,0.919367515,40.6512978,0.667169369
d07_12_G02_0_4_T,glasshouse_b2,5489,T0,R4,T,5444.169976,1828.984545,416.6268217,75.86667256,1556.977206,265.2665532,11192.50432,1564.300471,413.565846,8139.956486,1566.425108,822.4894989,4520.529468,1816.694435,431.4253719,5219.156567,1560.024845,214.5133104,347726.7082,2026.717647,291.9846356,6427.974566,1545.016298,311.3459162,4802.483937,1816.480829,412.2727994,50.85838526,40.81866818,248.8434512,0.184449988,98.40991298,0.421530889,0.43359479,0.732272637,500.4206637,34.77704305,331.2410891,-22.87636936,207.1645362,-1.056565188,-1.576049882,102.3095783,-1.643610774,27.71188007,288.2936189,5.220891074,1.465285974,35.069533,1.274435022
d25_18_G03_0_2_T,glasshouse_b1,CALINGIRI,T0,R2,T,15351.43133,1127.831224,2418.250137,86.00996795,1458.802856,1414.704513,31809.5157,1335.902118,1825.922792,34055.27815,1626.212389,1952.905968,15633.40508,1199.740955,2372.669519,12882.78593,1122.614468,1627.307722,460746.9431,1396.91431,1284.064884,14208.01507,1212.00013,2068.247494,17980.08179,1214.322852,2213.086946,170.9262692,124.6260336,856.8607694,0.137932134,317.7299728,0.405619814,0.437349749,0.743563775,1763.155756,119.3706105,1139.028324,109.7697549,728.0850634,13.15472247,33.74702402,312.9486767,7.860886231,80.07862314,979.6330444,22.24587064,7.833582341,108.8250959,5.344960286
d09_33_G05_0_1_S,glasshouse_b1,Hartog,T0,R1,S,3526.375396,1228.835709,696.0776199,52.14659917,1393.040022,248.8756853,7920.572353,1243.155998,631.9582111,7324.76134,1256.79865,602.5956993,2667.93102,1230.653035,761.3329121,3771.523165,1118.788264,740.7763596,353912.8898,1446.924462,785.2222519,3958.296463,1106.338377,784.6417675,3011.624872,1259.473867,670.0011998,44.20718876,23.39598384,167.0970472,0.127224031,67.60029179,0.390110514,0.410446998,0.587800543,398.6946286,27.61610171,213.5563047,-5.577247885,165.8491865,-1.216568214,3.933482546,67.26033646,-0.435117853,11.64625211,233.185098,1.329315636,1.158780389,22.58938004,-0.477212231
d7_T010_04.11.23,field,Gladius,na,R3,T,15146.07745,722.6913289,5175.470971,90.7383415,513.0147279,5040.6594,146945.0684,1119.417929,5352.981526,151486.9204,1045.919533,5286.716075,15524.2421,713.347752,5160.614222,65793.02385,846.4062181,5086.773308,384274.683,863.8753032,4949.984044,128608.9487,1165.052254,5512.606656,15318.55781,688.5617231,5125.933902,658.0312545,255.0746851,1868.162925,0.135483755,339.5084538,0.198700089,0.1884402,0.52126262,3744.741498,64.92731583,1154.563436,1749.321664,136.7236523,-1.368182065,336.0288649,37.54004297,0.421845794,1056.415867,130.1889433,-1.550500337,52.28953513,9.898695335,0.067072485
d27_31_G04_1_3_S,glasshouse_b2,Forrest,T1,R3,S,2989.598541,678.146647,3077.285816,70.06366518,626.6554682,1976.556698,13197.61797,783.1189443,2525.09867,16531.44542,984.7379212,2049.539437,3575.000374,685.9359986,3052.618886,5100.594501,702.3758596,2160.547506,364875.0164,1338.703755,2040.336711,3321.284174,860.8005293,2224.454169,3122.572254,678.9912684,3063.51783,115.5383903,72.05315029,337.9191269,0.192145317,112.7245862,0.359314768,0.40801335,0.577427368,590.5521762,37.90630091,389.3986328,63.63619614,268.4113915,-0.541043226,20.57739059,103.0719414,-0.521448456,56.69849646,352.7540435,-0.204630659,3.022317611,34.92114008,0.314369912
d19_27_G04_0_3_S,glasshouse_b2,Forrest,T0,R3,S,6598.299925,741.486912,2756.934759,64.98551633,702.3213176,2673.56737,14526.00021,759.5206782,2410.3584,16443.05093,788.3970397,2318.064293,5041.717029,2725.127332,1960.936919,8346.097489,1477.892065,687.0293757,383637.2215,888.8076123,2436.563967,7255.62497,735.4942293,2440.77301,4061.897632,2722.281942,1989.333903,92.27111191,70.73666394,441.5964339,0.151802539,160.5609927,0.396157582,0.437249228,0.578730854,813.4417112,55.94927992,531.3966229,52.37484381,358.3946653,-0.854465841,19.37058926,157.4443833,-0.486105186,41.72792374,500.2274215,3.117495575,3.572940481,51.30703722,0.851377472
d07_06_G01_1_2_T,glasshouse_b2,Gladius,T1,R2,T,5534.47998,1421.629736,701.130821,65.02535698,1307.335891,963.8894115,9920.197532,1556.119322,1097.525918,8475.030213,1532.389617,1026.819897,6080.988305,1570.295797,1020.440402,5257.203854,1653.007476,579.8242118,454015.9663,1457.747108,426.0672646,3658.066045,1737.089141,662.0503511,6756.27127,1405.089143,714.3151181,33.17386738,21.91243199,248.4957542,0.07831499,100.3164266,0.418178554,0.435403093,0.604902644,448.3260827,33.8938274,333.6949959,24.21533536,227.5059643,-1.288882124,-2.332016871,96.04678743,-0.691624905,14.86419808,301.9659577,-1.871600692,1.201891665,36.933535,-0.03903333
d5_T005_21.10.23,field,3811,na,R2,S,26227.20583,1902.976746,4831.711584,65.13459412,1396.768155,2152.1283,176939.2436,1347.046081,5378.23981,137341.1103,1773.185108,5071.955701,18951.44688,1951.644674,4935.959047,79742.6799,1800.931385,4997.595759,528084.0886,1964.877042,4472.908229,76811.30546,1814.216806,4993.900053,12690.59929,2011.126857,4833.553245,949.9380095,295.7485047,2770.713652,0.106208158,468.6387555,0.192853973,0.191457659,0.572305623,5434.609987,86.70987392,1670.694958,2615.435564,133.0600267,1.584751519,486.1039772,46.25151778,-0.224337667,1501.913911,160.9432514,-0.881754342,75.4006421,12.43551289,-0.44399073
d43_08_G01_1_4_T,glasshouse_b2,Gladius,T1,R4,T,12661.68208,1886.058091,1953.59532,60.0242113,1655.300498,1884.961466,45593.64908,1693.8961,1517.928597,46450.7851,1934.814185,1541.364007,12878.08254,1956.968169,1917.866407,23021.33228,1844.340744,1723.839554,484119.1321,1973.448277,1231.186564,14909.59518,1893.203632,1508.339452,8561.749426,3018.960377,3670.701349,420.2680654,231.6177303,1311.606197,0.178877507,426.8833352,0.370287312,0.324306585,1.187194436,2511.381843,162.9670387,1509.729848,568.524188,708.3862747,25.89981672,137.0175454,320.3065937,19.50195445,405.3214242,1023.663777,62.7477815,29.43955224,120.1238069,10.84323827
d49_21_G03_1_1_T,glasshouse_b2,CALINGIRI,T1,R1,T,14884.32594,1405.823752,2950.634084,64.96649723,1617.608313,3244.579511,53356.31528,1829.560111,4072.253651,53594.11026,1465.562976,1767.94075,16780.43326,1399.144529,2987.495692,32141.38139,1767.677307,4546.483803,559268.8939,1569.5545,3863.697525,34412.27108,1555.540043,2746.165973,16143.8725,1405.646299,2958.503158,578.5340197,454.3435647,1674.758962,0.276339714,564.1222431,0.371536136,0.412338332,0.977954748,3210.961992,204.9793541,1984.436728,455.1806305,1159.016712,29.7890859,125.3699938,488.6545965,19.85744116,377.0590815,1558.110703,60.03160469,24.31524835,165.6678737,10.59701486
d27_09_G02_0_1_T,glasshouse_b2,5489,T0,R1,T,10304.26663,761.7883889,4266.156059,93.78396441,2347.324463,2481.346421,38652.47812,2302.12709,3980.517116,49692.27327,2067.999455,2677.399835,10464.39368,777.0790601,4239.613975,19808.75272,2401.73687,3952.776901,377292.2317,898.5805824,3891.067556,14418.88624,2333.022296,3263.866276,8979.734344,781.8833258,4304.763692,223.262895,130.3259584,904.3974182,0.14639332,373.1978758,0.434847188,0.435969298,1.006626914,1881.051835,146.9459295,1243.71218,55.2940917,809.6769372,28.60182399,10.19718948,362.6311721,18.75095613,61.26374149,1173.874361,55.29726896,2.107155065,133.8139342,10.04006173
d7_T011_04.11.23,field,Gladius,na,R4,T,86635.06598,1542.179748,5859.563941,67.41606899,1468.600537,3895.060121,265328.7401,1281.812104,5665.261916,241532.148,1206.720136,5792.459478,71756.93302,1552.788616,5823.179751,109228.7031,1642.041337,5846.435532,849205.5532,718.22182,5554.873049,114452.7331,1643.775133,5745.175353,69708.48636,1527.733278,5829.240568,1294.654708,594.3742275,4408.536162,0.137917041,783.2639462,0.200939925,0.192513186,0.677468802,8692.431466,147.9068213,2737.302295,4137.600025,271.7062656,0.437876466,775.2964278,92.34880855,-0.079045113,2453.409967,299.7231625,-2.554930648,122.3507903,26.47535819,0.943559362
d29_26_G04_0_2_S,glasshouse_b1,Forrest,T0,R2,S,7528.421862,1374.321011,3142.858198,57.93122338,1080.807042,2591.948549,15787.02062,1402.280648,2566.137152,14103.2912,1390.58962,2568.146768,6550.41687,1407.281372,3105.683275,10269.86033,1156.762811,2496.186074,373941.1711,1458.064724,2775.870105,7147.549278,1510.751237,792.0076191,6674.954526,1397.484083,3138.340081,159.8846668,101.0373573,539.2741607,0.176122869,213.0584313,0.411883458,0.437529692,0.595488804,1082.391708,79.36741813,709.6553859,92.77865881,503.4987923,0.368793557,18.53741409,216.8976423,-1.084403559,62.47826135,687.3954207,1.963842985,5.291520429,77.53691011,0.489661917
d19_45_G06_1_1_S,glasshouse_b2,3811,T1,R1,S,7157.710842,755.4469802,2155.821418,78.9490819,966.7452772,1151.507577,18449.15488,1313.846498,1403.399632,15760.07973,1368.662624,1510.307232,6579.632901,781.5506649,2132.206662,10365.3132,1451.93632,1928.769391,369320.5525,869.0689008,1463.705935,5867.964366,1472.112287,1452.208071,7073.252306,772.5686645,2158.526729,114.9184334,58.1498489,453.7671365,0.135201604,153.2800029,0.399930202,0.434942855,0.580209216,833.9150544,55.76218966,515.7662566,67.24537543,354.1987657,-1.755389552,18.73643121,152.1168868,-0.786688013,35.35148593,492.2282273,-0.726071168,2.776751696,50.82800333,-0.849038857
d35_22_G03_1_2_T,glasshouse_b2,CALINGIRI,T1,R2,T,10893.12945,1171.123962,2658.233105,69.62868644,2073.388793,4361.178208,33891.38528,1969.114592,3903.149025,30625.95542,1965.661405,3943.463803,11175.52471,1914.133145,3860.813899,17185.64946,1875.742378,3505.308769,355491.4717,2016.335779,1620.051431,13673.88694,2158.147174,4443.287015,10037.83902,1134.631587,2597.357295,186.5308972,124.4814274,946.212431,0.145508351,345.0682065,0.401266956,0.435360088,0.583094084,1933.227371,124.8544376,1186.397979,135.1948711,816.463374,-2.233912389,30.95360557,352.0473107,0.337418131,99.16988486,1108.329654,4.620667229,6.892205731,117.1996524,-0.388803433
d17_26_G04_0_2_S,glasshouse_b1,Forrest,T0,R2,S,4160.472585,1335.957837,2189.439919,53.0508741,1529.456134,739.5674908,12970.04817,1366.797941,2557.374562,9091.002303,1356.363776,2491.6582,3341.051032,1335.861587,2187.158096,2961.130196,889.8361944,2389.387804,368386.6748,1471.389888,1536.141801,4996.506309,901.7107584,2411.867978,3933.935841,1367.024611,2137.15231,40.77277523,24.69563556,253.9735287,0.104655817,107.7059399,0.430216661,0.43498044,0.597287996,526.376528,39.63363729,363.8743614,14.87600526,247.6712859,-0.648028109,5.87020393,109.9825935,-0.183250702,4.930553348,338.7391823,0.456833078,0.970570186,40.65198456,-1.413776005
d41_30_G04_1_2_S,glasshouse_b1,Forrest,T1,R2,S,1008.305217,1021.767398,3164.683719,67.83628699,763.9152456,2267.224093,7558.987919,1020.411737,3045.184945,9076.510492,976.4255371,2075.819805,1375.703573,991.4968089,3179.868404,4464.907694,886.2345215,3183.244232,376316.9938,887.7541558,2482.731488,4221.34223,897.5455946,3148.877096,2517.291224,993.1020329,3128.580377,178.1847896,69.65642505,401.614953,0.178801327,126.0301096,0.330407482,0.323802367,0.643936271,811.8883093,39.34959572,450.4461321,259.9924704,242.4141802,-0.512720396,42.27528563,102.4646398,1.07068449,108.3074415,312.825258,0.273276724,7.827097179,32.60592743,0.332997467
d33_21_G03_1_1_T,glasshouse_b1,CALINGIRI,T1,R1,T,26260.41827,1913.516979,3494.898367,60.77640746,1593.249842,2063.072341,29106.635,1853.003759,2869.802997,25729.35467,1869.282608,2857.89674,21155.82961,1839.556799,3397.552796,12852.62915,1596.605636,2502.107228,532661.1419,1979.682436,2506.301818,15284.68071,1580.686253,1639.172097,23794.74965,1858.944162,3301.14491,235.4182753,174.6220669,1016.28041,0.171212795,366.2025617,0.388660157,0.412567392,0.873407404,2111.694255,130.4690009,1278.471386,206.3662725,856.1514709,9.910066731,48.00792269,352.9438648,5.089733022,178.9805963,1096.673031,20.72117165,13.13801347,116.3217344,1.850331461
d29_11_G02_0_3_T,glasshouse_b1,5489,T0,R3,T,19727.64935,1555.787644,3811.265977,47.78597042,2773.813113,3234.287005,24688.97706,1599.877709,2770.570275,27826.66492,1541.457787,2661.691347,11800.31182,1440.67328,4142.780873,11508.34821,1393.057741,2405.283607,510443.9854,1673.223629,3857.770453,8706.280362,1396.512849,2486.019536,8105.117715,1396.418901,4207.908137,190.2068659,124.3265824,823.2802687,0.146899486,323.2921274,0.421672774,0.438092318,0.893131482,1597.955433,126.299639,1091.668372,171.2251258,740.8375698,15.27905102,19.85855827,327.3147783,12.26179223,24.8195037,1015.465917,43.31453606,3.227774857,111.88819,8.123063668
d37_11_G02_0_3_T,glasshouse_b1,5489,T0,R3,T,10271.51268,1430.973049,4106.184644,50.64180914,1830.138246,952.5864521,27737.64179,1545.269064,3901.050845,28505.82405,1537.62068,3828.156975,11637.7512,1440.565894,4101.8802,12131.68633,1588.421004,3282.22561,541780.2953,1768.931737,3803.799474,13049.37451,1404.714444,4258.854453,6930.489991,1616.759738,3337.947904,311.2438128,207.8138213,1010.321191,0.205057238,371.643431,0.399718342,0.434651877,1.021187758,2031.387162,142.3440917,1295.218583,157.960049,826.3560738,25.78505605,36.00263992,354.4417419,17.38434181,131.7935911,1111.201484,57.88020428,8.622805958,121.0079404,10.19735747
d4_T015_14.10.23,field,3811,na,R6,S,13257.42618,415.8127606,826.957912,61.37968645,670.1218218,5609.42569,188573.1325,1028.663539,5043.921525,186713.3895,1059.65208,5113.354994,12409.61774,405.2110375,863.5323792,103140.9846,789.8892899,5826.29566,431611.6981,225.7270852,473.3020388,78074.12233,512.66915,5322.640705,12354.48082,409.6567904,6585.584431,1126.127249,473.2209283,3601.882546,0.134818624,644.8983915,0.200743951,0.188898666,0.825993981,7120.884567,127.2813688,2282.272181,3353.925008,245.0484884,0.459438149,641.1679305,88.76069793,-1.790808066,1983.727468,285.9720581,3.350084226,102.4855877,24.44675587,0.16814103
d5_T020_21.10.23,field,Gladius,na,R8,T,298047.1718,984.2876745,4596.964199,115.8126186,668.7943626,3836.046102,308774.0007,1081.698753,2940.181249,328378.9551,1098.759608,3055.842799,227399.2889,1017.283163,4870.352063,171914.9752,900.7751745,5861.615643,1626214.756,1165.162469,5279.560745,221102.7148,962.3499874,5679.952451,208733.703,1042.970675,4831.932442,1262.217088,975.2259567,5352.011704,0.189367574,1081.797005,0.226127124,0.23949999,1.386298667,10371.54824,246.2738363,3830.22576,4611.364875,742.7516219,27.61572253,927.1633875,264.1719717,19.8383922,2924.617288,832.2134928,67.02516372,157.0790029,79.76982332,12.06752521
d33_29_G04_1_1_S,glasshouse_b1,Forrest,T1,R1,S,4047.899275,996.2427603,3314.377025,60.4524368,1070.508106,3085.336191,6788.202625,980.9523105,3317.974989,9962.224798,1007.659664,3340.100051,3508.879145,982.7288406,3238.07918,3209.340802,980.5346125,3318.285467,226947.0559,2582.806844,2604.984042,5924.091016,2495.616778,2847.270245,3755.771031,975.663715,3272.725758,95.74747568,40.29887866,314.9207757,0.116662062,105.2970434,0.351026344,0.410453273,0.588433189,621.6639134,33.22490697,369.8345978,87.36534018,217.0726338,0.540984302,17.49441488,90.47080599,0.522015318,103.1278412,286.9557381,-7.102990917,5.137858205,31.33255416,-0.003704139
d1_T008_27.09.23,field,3811,na,R4,S,29504.55625,1393.478548,6401.56357,67.7794205,1466.594196,6189.271033,171505.203,1027.848886,3075.426598,222269.4289,1040.683686,3481.314088,18440.94978,1321.521097,6359.512106,83560.29534,722.177235,3303.930509,400509.8846,1422.008601,5986.032529,102843.8385,911.9845365,2971.212223,19513.97033,1316.823508,6285.430146,1342.923506,561.1074679,4507.351309,0.124781339,802.6229271,0.198647312,0.189084594,0.603474035,8850.686517,150.4512995,2838.536119,4279.16223,247.7307028,1.310066579,799.7870246,92.79155161,-1.470247506,2525.637701,280.4885564,-4.312800215,127.3300484,23.20658283,-0.244937481
d15_10_G02_0_1_T,glasshouse_b2,5489,T0,R2,T,14855.20842,2131.761775,1438.580746,58.316268,1946.402607,978.4339067,21205.9996,2261.855487,1803.35444,27586.01368,2182.105387,1600.524823,14038.34375,2108.185934,1449.960106,9567.048994,1681.604311,488.7637073,667245.3303,1675.909107,1275.347724,7581.907503,1680.403524,440.3282996,13812.76069,2149.663472,1456.729447,81.55841676,74.42157069,547.700205,0.125178666,189.707971,0.398276124,0.410312423,1.00380498,1058.221686,70.21202463,646.053497,51.02660999,469.4564439,3.261818216,10.21477032,202.4170196,2.397138483,62.84449114,618.8865696,6.676948585,2.634264528,67.2689775,1.928717354
d19_13_G02_1_1_T,glasshouse_b2,5489,T1,R1,T,11410.46308,1703.177745,1652.650591,53.24471939,2530.674838,2212.425819,15979.90314,1833.197952,2205.033211,19704.63043,1807.570332,2170.505349,10702.80048,1699.846887,1713.705841,8415.521179,1997.806074,1718.643615,539990.5619,1529.083134,1300.136173,6933.279229,1642.934172,991.4347828,11095.19871,1704.484044,1786.693453,68.79529727,48.27268585,502.8648436,0.090635059,182.8428601,0.40636605,0.435116961,0.591573765,965.9781899,61.04398541,626.9696216,60.71500781,428.8816677,0.650028824,8.947731853,183.4247422,-0.761059477,22.42059716,605.2414715,0.918948227,2.003061571,62.74779978,-0.251313145
d35_39_G05_1_3_S,glasshouse_b2,Hartog,T1,R3,S,5844.174392,1505.817676,2572.808186,98.01356139,1631.358747,2314.035081,21234.50721,1457.43171,2710.065446,24479.11366,1491.091672,2586.645219,7367.525907,1504.403297,2625.899256,9662.416345,1654.875035,2330.694559,358861.7724,1441.311361,2215.256391,11420.52113,1587.880064,2440.389857,6379.287155,1491.493181,2636.480323,163.8433699,91.4938602,536.5573117,0.184509253,178.1319328,0.375318434,0.410702405,0.728191472,1006.894374,57.15305906,599.5900405,141.8800358,399.090591,0.146872847,30.8625916,167.6591581,0.209623711,70.05256088,512.1756723,1.326611059,5.565283854,53.91670497,1.157855304
d41_43_G06_0_3_S,glasshouse_b1,3811,T0,R3,S,25501.54252,656.7794596,3818.166996,49.10510968,1954.064254,3730.024583,53875.80024,1332.460378,2599.407863,55159.44861,1267.916898,3888.702434,25086.9009,731.7845782,3857.143741,25309.32042,692.8677318,4185.255006,596711.7685,523.7150854,3367.327732,26511.37783,704.2713125,4175.576459,25550.67368,730.1714698,3838.090034,677.5529807,504.4630555,2072.103894,0.246659959,747.5510091,0.422019376,0.435894022,1.448892528,3722.645257,319.0801835,2719.582052,417.6683896,1494.147767,112.0853806,98.80215424,670.817438,87.53486239,314.5257804,2110.184156,273.7222992,18.6505476,246.8767645,58.46290972
d7_T009_04.11.23,field,3811,na,R5,S,71498.76127,1109.992304,6037.050297,67.14688093,786.4301438,4190.407514,282237.5257,1131.696442,5249.298534,307974.9342,1031.517277,5124.815915,44880.24198,173.9600383,960.1125936,136405.0225,1148.069849,6255.232728,1005920.47,413.7469095,595.2381761,136935.6512,1180.669086,6150.956847,43527.66973,167.742058,981.4624517,1176.292727,714.1787327,4468.856967,0.15874848,834.8405254,0.213851399,0.189262394,0.771838911,8730.976661,176.2489988,2981.885373,4008.902174,456.4229239,2.171579188,775.3907405,170.537999,2.83808369,2420.250603,520.3214566,5.345816732,125.9041619,49.45831393,1.739273826
d43_43_G06_0_3_S,glasshouse_b2,3811,T0,R3,S,25614.50459,684.4899215,3754.466882,85.97338066,1572.325464,766.7058183,90465.55107,1284.063121,3885.679157,110797.33,1751.934701,3412.101252,25418.93325,707.7127863,3863.467242,36770.5916,2012.764974,4024.57579,608239.7563,851.9111379,3186.879183,41840.23735,2037.986019,3867.688049,24482.92117,697.7949113,3845.683576,850.524983,660.9513835,2292.750148,0.291450885,838.1144918,0.423616314,0.43430189,1.747370246,4245.648358,372.487098,3009.193002,538.7339365,1575.9561,162.9864211,120.9052546,722.7639069,129.1635402,369.4545789,2273.832296,408.4187673,21.80759408,263.8053499,84.82893899
d29_29_G04_1_1_S,glasshouse_b1,Forrest,T1,R1,S,3038.076258,965.7124509,3310.805065,54.88061722,2497.344334,2314.748145,8264.32745,1097.194048,3045.515362,11903.24316,1101.926536,3018.372084,3747.275604,979.0892189,3300.412242,5686.714363,918.7160518,3435.22793,270314.8922,2601.374853,2659.22608,5338.729517,2489.371927,2720.713379,3278.085291,995.2746195,3322.367344,84.00165055,40.90370159,315.5656372,0.107027539,105.5544509,0.36075889,0.412047092,0.611924313,547.5275043,31.33489815,340.8766268,102.613746,213.5828443,-1.929847763,22.44898877,88.95933832,0.562710131,65.85339271,275.7574706,-4.591218029,4.100737859,30.75071739,1.101349922
d07_06_G01_1_2_T,glasshouse_b2,Gladius,T1,R2,T,5779.618112,1403.320465,696.9439143,65.03906354,1328.066812,943.6612228,9921.784177,1543.867077,1109.767793,10053.23185,1562.019898,1071.627665,4898.011637,1602.613489,1026.681804,4742.923844,1627.921542,586.9064018,456583.544,1466.515445,438.3861959,2468.321661,1740.856782,722.3849356,6563.133756,1411.989806,664.8069694,39.41448361,17.44221501,230.6903166,0.07809652,95.2596565,0.417663031,0.435205068,0.604647263,518.9614657,36.55342791,334.3677732,-0.075632473,231.5613676,-0.637100706,0.727178377,98.76569776,0.486093386,1.909976638,310.9811729,1.698526978,0.674217095,37.13098781,-0.628658088
d17_48_G06_1_4_S,glasshouse_b1,3811,T1,R4,S,9789.192071,1223.351594,2115.468477,66.22566098,1511.168439,778.4526869,13906.27045,1220.313754,1824.096586,13777.91464,1215.622244,1789.785732,9494.969513,1215.869075,2157.368078,7301.409112,1353.932505,2587.579868,368991.2734,869.067844,1506.950262,5862.600225,1521.13014,758.9008709,6916.751443,656.245959,1990.740817,97.19304578,53.22319433,450.0923264,0.143447451,152.9288217,0.397213876,0.434643948,0.571142354,899.6124473,61.08245939,515.7005774,92.99391193,372.6336154,-0.539689041,17.31512135,160.8990947,1.226889986,17.93643136,497.8880358,1.3059985,2.756570051,56.04556426,-0.512385745
d09_10_G02_0_1_T,glasshouse_b1,5489,T0,R2,T,6773.311417,1761.86327,758.2068407,54.02817341,1634.248298,259.2343322,9582.301308,1785.905237,624.0411756,8984.453992,1762.828835,654.8158403,7522.663991,1777.181346,791.5344132,4494.805447,1936.612607,1091.491787,427974.5133,1545.216572,370.6139977,4901.840916,1928.680867,1085.997347,5480.523278,1899.993777,1276.571626,63.50107734,35.10662,286.2500796,0.117651619,117.4684029,0.417286024,0.434017327,0.590405667,634.1517489,40.75615866,391.6437491,12.08096652,284.2578618,-0.536559384,1.890929959,122.8678326,0.375315362,12.20608971,383.3140529,1.269389313,0.229895182,40.94155017,-0.398367194
d11_20_G03_0_4_T,glasshouse_b2,CALINGIRI,T0,R4,T,7873.567031,1969.569955,1851.584899,73.137816,1394.91713,459.1820708,14654.47615,1735.125684,1931.390565,19513.56997,1768.722697,1718.331041,7935.957907,1943.549285,1836.050946,9573.206291,1897.042773,1952.231501,543420.542,1658.122085,1525.153739,6937.900888,1443.782882,484.4119964,7891.265693,1954.354397,1841.497249,107.3347439,61.27225841,429.6850678,0.132675472,161.8218038,0.409659217,0.434732114,0.653992186,928.6846508,61.00176918,539.6564255,16.2187156,399.3411223,-0.859000774,1.627521514,174.0959259,1.250363237,35.64423178,531.9075091,7.385920427,2.273195252,56.71054118,0.543653321
d29_44_G06_0_4_S,glasshouse_b1,3811,T0,R4,S,13210.68438,1217.042254,3543.599308,50.81399366,2110.07967,2595.507588,33325.22244,1036.408456,2398.998717,40008.82751,715.8298978,2998.484484,13063.16084,1179.594496,3545.052365,14821.31512,861.8166951,2997.531389,450582.9177,1242.101686,2757.338449,13644.57877,838.0401487,2725.90766,7761.491415,1216.380931,4007.412188,264.3409038,194.0636258,1182.774647,0.165854265,412.1683833,0.392565776,0.434430714,0.781151869,2255.170669,148.6800104,1418.085746,225.565917,925.8554383,5.822283038,60.90954687,399.1179498,5.214199726,180.975372,1241.774315,16.11156014,10.25158896,135.2894429,3.375049859
d41_46_G06_1_2_S,glasshouse_b1,3811,T1,R2,S,13121.39109,1430.594924,3948.965718,58.2188092,1272.41454,4184.201012,25935.2726,1782.283421,2865.295899,28693.74269,1803.962974,2819.431192,12335.45478,1507.143407,3943.178145,11239.79818,1254.881317,3966.627088,352160.2294,1431.91847,3348.269765,21811.60254,1236.074549,4314.94371,10758.41787,1068.056255,2508.506904,392.4282223,235.0772948,1033.389364,0.217994649,357.51484,0.373213221,0.410235988,1.244830692,2054.528783,131.5818805,1260.770769,376.1733132,727.8433026,22.61786191,74.85649843,310.9783048,15.27035048,232.434575,980.0703925,48.55244875,14.82884567,105.8045739,9.641958586
d21_25_G04_0_1_S,glasshouse_b1,Forrest,T0,R1,S,6020.056058,1531.39173,1814.477408,58.28643042,837.5353748,3021.964014,13960.26852,675.6040614,2785.089329,17790.00557,1125.469006,2527.181842,5762.856115,1480.324703,1836.857511,5568.078988,790.5969601,3045.539395,507316.7872,1409.675861,1588.905166,6767.260724,841.8275575,2932.679662,6562.841385,1477.410136,1851.139415,102.8719402,75.60599851,358.8849079,0.169216561,143.9653923,0.402875101,0.435707249,0.926921709,727.3703442,54.17283269,493.5450406,26.14696524,328.931913,3.403676513,14.00615425,143.0221346,1.567315401,39.90465564,441.7484265,9.068705251,3.763617081,51.94150564,0.544310299
d5_T005_21.10.23,field,3811,na,R2,S,26908.92997,1905.122571,4933.358508,65.02001118,1379.173833,2164.382011,182121.3939,1336.387762,5360.271721,131820.0213,1777.606449,5077.190668,18000.11473,1949.731918,4906.377983,79569.83499,1805.595508,4905.76633,528991.7928,1952.234522,4414.800135,77090.13938,1806.66499,4947.962932,14093.61057,2012.978511,4856.559653,953.4979107,292.2722665,2720.880626,0.109936648,475.4780238,0.191624843,0.190991268,0.562292781,5358.370936,84.79186325,1625.78617,2588.47442,127.2114873,-1.047679557,486.8600043,48.0202444,-0.724167999,1494.388415,117.4335027,0.756303106,73.32350815,12.3266576,1.725455437
d35_42_G06_0_1_S,glasshouse_b2,3811,T0,R2,S,15351.9763,896.9662206,3069.171571,68.37609424,1913.446735,2518.041934,52856.73778,1156.827792,3807.752152,58756.47152,1492.102331,3544.098947,14158.88523,843.0063041,3085.759106,20572.13524,1392.459164,880.6752732,337155.122,1450.72566,743.6517144,21134.88313,749.1466983,2364.658449,13845.74502,845.1323487,3050.43707,520.7627183,339.2484625,1435.535684,0.238175758,515.8799819,0.398345294,0.435411458,1.342288019,2678.678894,205.4829651,1834.385042,318.8401663,1059.101751,57.80580248,71.95502183,468.0292969,44.01276765,240.8543008,1473.80115,132.9220716,12.98185851,162.3315576,26.35275183
d21_40_G05_1_4_S,glasshouse_b1,Hartog,T1,R4,S,2378.440711,1646.800703,2189.320907,49.52465997,1151.90574,1268.835244,11866.02737,1637.787147,2390.335389,12186.09884,2434.532796,2500.925867,2467.869844,1648.796606,2200.644507,4985.871239,1655.432031,2022.885802,313461.4319,2525.001454,2059.698158,7531.657714,2493.822697,2227.022564,4209.388789,1663.777251,2205.238412,89.61893314,45.16001551,316.8343008,0.109389816,131.9344322,0.41973888,0.433451937,0.61384206,645.4255474,50.62942927,464.5532041,20.37258998,308.8190111,-0.760738593,12.67515407,146.0164202,0.142262548,12.23632999,421.5618608,-2.703892423,1.146127879,46.21775501,0.295994689
d11_16_G02_1_4_T,glasshouse_b2,5489,T1,R4,T,4760.496523,1705.903612,1536.810588,60.36761422,1685.210764,1421.122826,6883.223645,1726.569806,1611.813183,9847.099915,1559.096734,1099.31717,4653.265252,1726.384346,1545.795419,4748.0597,1665.419784,606.884453,343156.5478,2008.683294,1489.055112,3416.508748,2241.333921,1456.90651,5490.449058,1735.320971,1554.493676,38.14831187,16.35265575,166.7780602,0.106577337,67.46032561,0.427719578,0.435258191,0.571824712,354.5329694,24.72774823,234.7171339,3.376640659,161.9259519,-1.311866542,6.066985773,67.64971853,-0.804797473,9.240405233,215.8164781,-2.166540068,0.206284156,27.2350532,0.254487769
d07_27_G04_0_3_S,glasshouse_b2,Forrest,T0,R3,S,3683.049274,1432.796834,509.3812044,59.85418521,1404.820475,320.1010118,9363.800107,1466.626867,435.00412,7987.528053,1461.952822,325.6403351,4215.030223,1399.084444,544.55734,1963.44291,1387.649918,253.7965948,388381.9728,1828.934581,260.5907416,4019.144875,1375.021295,750.789366,3731.692442,1413.07686,487.3778338,59.89427322,32.02326364,211.6009364,0.222877257,57.47336415,0.384341403,0.410301479,0.603064967,296.1025858,21.1826069,227.4563427,19.31149452,145.8925342,-0.274720264,12.26303893,69.82618544,0.317788977,8.381824853,207.5864503,1.859801997,1.988078613,21.09507003,-0.626239806
d43_39_G05_1_3_S,glasshouse_b2,Hartog,T1,R3,S,6077.039327,1516.58939,2642.137216,63.05972649,2351.755942,1947.079646,29059.51374,1817.68284,1809.089865,23246.92851,1034.38656,3086.187975,6453.953245,1504.244265,2643.950529,12497.87865,1512.448124,2672.845413,363338.1755,1442.127466,2166.924407,9734.119421,1579.44539,877.2640398,6910.667621,1503.799415,2640.10409,316.5487183,198.3251838,774.0103634,0.246361033,267.1538802,0.381437282,0.412590466,0.861164615,1456.712513,99.98992327,952.0918863,209.0485979,574.9809525,19.553137,47.17478817,248.0152323,12.25058655,152.5602631,753.4026313,40.2346033,8.358710967,84.77173147,7.954058557
d33_40_G05_1_4_S,glasshouse_b1,Hartog,T1,R4,S,11738.82566,2362.808822,3383.452088,67.85253811,2140.79868,2982.863094,26687.8287,1699.499621,2717.541542,32001.31172,2302.685459,3435.981604,13455.63418,2377.807823,3352.706649,13387.91808,2111.193524,3629.759889,206919.9486,888.3428884,2615.668372,14259.94367,2467.340078,2699.644937,13580.98635,2344.849119,3372.81406,164.4556097,106.5184133,843.0270443,0.120387029,318.5750499,0.415963103,0.437132635,0.86279871,1697.059002,120.8302265,1117.281179,105.2970734,728.6168566,7.040917556,26.66462275,322.566549,4.754206018,98.43394484,1020.726784,16.23681,4.987986579,113.0925391,3.150529785
d17_13_G02_1_1_T,glasshouse_b1,5489,T1,R1,T,7948.926457,1832.287108,1947.700811,59.30719277,2682.649095,2382.749901,14862.9393,1275.292112,2046.091209,16105.21582,1306.299019,2172.155297,8948.263713,1747.7646,2021.752998,5876.314616,1661.841821,2508.435719,542393.2085,1536.887091,1277.635566,5522.142975,1636.612715,955.4450357,11570.96012,1720.362954,1781.969348,59.384002,34.69533683,416.9762006,0.080504044,180.0088679,0.412534094,0.436263569,0.596150092,887.6783153,61.46197919,579.5102181,12.26795396,427.7874752,-0.277452849,14.47484156,181.6183662,1.764010074,33.48326101,551.6691771,-1.026235616,0.65013032,62.84229159,0.040671353
d17_09_G02_0_1_T,glasshouse_b1,5489,T0,R1,T,8850.602101,1916.816901,2001.647702,62.32104445,2109.125708,1814.700637,16059.97388,2070.63558,2774.384642,18192.08899,2046.201637,2687.205893,6788.960216,1965.573877,2184.286609,8221.407068,1202.036894,2722.429635,389984.2418,2135.527362,2549.628697,6010.920048,2237.186116,3005.276417,5945.185075,1972.419652,2182.996673,133.5269808,72.58924615,555.38939,0.126714125,224.6600922,0.427817497,0.43598006,0.617772955,1084.160508,79.91887766,772.3516867,44.4893538,511.5088545,-0.328349182,10.82940741,229.7265903,-0.30419995,41.53330427,703.1108151,5.399298948,0.987956337,81.88309014,-1.527059711
d35_46_G06_1_2_S,glasshouse_b2,3811,T1,R2,S,12541.38317,1449.113355,3865.474398,64.75491772,1732.996007,2999.947928,27911.54898,1750.328822,2129.967267,28483.60505,1763.201681,2274.395157,11346.3962,1514.293283,3948.810283,13797.24412,1313.670005,2321.732584,396617.9106,1426.53281,2133.432083,15156.72691,1307.6829,4126.917939,10472.95625,1553.239955,3864.803563,199.3966694,104.4845175,700.9091343,0.142963454,240.1558072,0.374827647,0.411289234,0.737023205,1436.420612,87.21364768,852.110332,216.0054774,552.411006,0.378916999,40.74532794,232.3571688,1.099774407,137.4196043,717.4203295,1.390635711,7.24495694,78.22123402,-0.388077074
d7_T012_04.11.23,field,Gladius,na,R5,T,85105.36954,768.3372661,5693.763562,81.37272676,548.1040276,6289.264939,200387.4518,964.9052653,5702.886214,200783.1945,858.8639523,5672.927602,77396.40073,758.3258882,5756.460431,92034.65998,677.5183093,6205.834278,716676.2653,493.7708115,5774.823521,115795.9107,850.3520575,6115.112391,74688.29891,733.359162,5716.385324,1013.558014,426.6614732,3353.940009,0.13070511,602.2568886,0.202470384,0.18711231,0.624254219,6472.003903,113.2116964,2073.863708,3077.169502,227.5794978,-0.111337844,587.5405663,79.01754069,-0.51725299,1831.922507,226.6285857,-2.372451945,94.58718081,23.37531492,0.145504269
d49_44_G06_0_4_S,glasshouse_b2,3811,T0,R4,S,34923.80411,2133.809839,2625.961575,70.10579158,2158.29684,2956.62204,149549.6845,1447.551408,1723.991104,149652.9876,1738.433398,3436.827394,28694.35741,2148.91381,2743.47656,74435.562,1622.055584,906.9518439,451558.7945,1999.224444,2184.605071,54660.58179,2147.571817,2498.026237,28030.8032,2111.552017,2762.340166,2156.329952,1853.084988,4266.983712,0.42737505,1473.143606,0.40527546,0.409253169,1.49869283,7885.829532,676.822327,5528.884047,1476.795315,2403.97953,484.8095242,334.5876971,1084.018335,361.2939125,1037.634243,3389.124794,1135.280013,65.39197447,392.6195288,217.1501323
d37_32_G04_1_4_S,glasshouse_b1,Forrest,T1,R4,S,6333.548268,588.8159871,2484.789129,50.80077828,1427.694122,703.6104657,14226.04427,510.5440733,2789.957681,13199.17982,522.6437058,2773.470613,4375.993767,591.1647191,2500.104278,4523.158406,2440.342326,2587.454905,319061.2086,861.8187551,2005.647925,8973.094308,661.4957319,2358.242978,5594.131386,565.1389115,2482.900415,132.8575155,63.03457929,487.4287467,0.148525485,151.2919899,0.371256704,0.409723087,0.827834317,979.8414901,51.98307561,539.2054593,88.59068668,336.3724737,2.322013767,23.05800858,133.3293411,0.888011498,81.75284589,419.304881,3.509872229,5.163849498,49.01823305,0.502129056
d31_31_G04_1_3_S,glasshouse_b2,Forrest,T1,R3,S,4978.304055,676.5429547,3097.26653,52.56979317,371.9933445,2910.057899,15083.17404,976.5231154,1897.320253,14694.39316,977.5287984,1921.833595,3468.756562,664.0369283,3140.2919,6281.724493,2196.003652,2987.060737,361500.7761,1327.767078,2041.687817,4615.645547,625.5909374,3151.844974,3438.57935,643.0287775,3163.175273,125.4945167,63.78162768,368.2603994,0.148672663,140.9809044,0.362103852,0.410278321,0.60023287,792.9996996,44.62548227,463.0287115,94.15980448,302.5967308,0.977485111,23.29026279,119.4674494,1.12205106,88.04505458,377.1621885,1.897244643,4.798043039,39.45911049,-0.243033904
d33_15_G02_1_3_T,glasshouse_b1,5489,T1,R3,T,15228.38393,1010.273589,2878.855116,61.61764864,1641.095191,3597.911811,22415.34724,954.3785665,2634.042409,24683.51931,961.2292969,2690.558851,14684.87595,1093.738008,2881.31398,9507.326717,959.4322432,3168.956704,376109.417,1472.102066,3335.572331,11772.73078,1549.886095,4021.363452,14419.45739,1090.890133,2926.196623,218.0947493,143.6150378,805.1203858,0.181124721,291.7249869,0.4026747,0.437826846,0.810223882,1529.052446,106.3389033,985.3827189,139.5969869,655.6645131,9.248646684,27.44707722,285.601387,4.070713001,95.07991297,913.1255273,16.4817569,6.601111597,99.18744579,4.333330973
d41_48_G06_1_4_S,glasshouse_b1,3811,T1,R4,S,19922.84976,1425.904139,3214.447165,62.81537691,1693.345192,4345.793541,28032.63338,1251.574801,2813.250801,24380.13625,1617.802125,4074.038345,19439.55215,1453.687413,3252.74575,11902.31081,1755.441209,4439.217756,505485.0982,1707.559564,2781.969051,11912.32663,1738.913121,4402.487557,11614.81587,1468.975217,3277.396075,325.3486398,204.6837232,1018.385785,0.205680261,348.5537515,0.375863936,0.408572514,0.971135652,2115.665299,120.8179859,1218.480426,217.1156046,744.6027824,10.95139223,63.38306618,315.1830244,7.678196372,203.7357371,998.7736412,22.72031507,13.09677435,107.5474325,4.106943927
d45_34_G05_0_2_S,glasshouse_b1,Hartog,T0,R2,S,12501.89249,1058.775786,4328.928362,95.91208966,1609.37775,836.041154,58404.76638,1351.397685,3551.40289,84507.91418,1551.035682,3080.164711,12460.5124,1067.214098,4346.725461,32203.16522,1636.351616,1326.60109,435182.4349,1382.917034,3739.609896,62318.64661,1653.67497,888.0332525,11863.90646,1043.929126,4378.131903,953.8175424,732.5590055,2147.922683,0.339190385,791.0119834,0.427750396,0.435917869,1.600926947,4009.452469,381.1566278,2978.896961,593.3376855,1325.154257,256.799433,136.1970363,604.9319759,201.2731132,428.1284917,1885.714268,635.5011172,25.66139432,225.0954301,131.5184033
d11_24_G03_1_4_T,glasshouse_b2,CALINGIRI,T1,R4,T,6550.432895,2155.093826,1414.629954,66.99931409,1674.027026,401.0536827,16830.74413,1514.896381,903.7149158,18992.62305,1400.316984,1263.286804,6249.07127,2187.22791,1440.123351,7703.68878,1147.495048,1796.603608,447941.7724,1943.195608,933.8256473,6362.756268,1587.235109,504.3632069,3378.256819,2229.580499,1644.002395,56.02731693,43.71644413,374.6215032,0.1076928,136.3238096,0.414007405,0.433882758,0.604332111,735.490295,51.88371671,496.4543297,56.26274153,324.8174188,-0.775682388,6.525432178,138.7568953,0.515745805,47.06228912,460.28755,0.32058055,2.659415516,50.6992399,0.903711027
d17_45_G06_1_1_S,glasshouse_b1,3811,T1,R1,S,6550.889525,761.2925756,2056.264069,70.97415932,1033.907154,2050.816755,8949.777682,1664.02302,2036.333706,14508.88971,1215.968723,1919.577095,5168.432422,764.1192091,2086.056016,5128.417782,1454.80157,2097.030337,364011.3208,884.9498024,1460.564019,4959.513606,748.3709787,2067.455541,5691.537276,746.5478898,2011.436096,99.31863757,40.73383385,405.8323027,0.125101614,132.0223021,0.39451754,0.435492662,0.57068722,688.7839342,46.43349965,487.9978693,95.93131293,321.4225983,1.820607159,10.73618913,134.2127935,-0.694205048,17.05772862,428.8217823,-2.130472757,1.796755669,49.04152623,0.567948811
d49_41_G06_0_1_S,glasshouse_b2,3811,T0,R1,S,73898.57295,1189.319228,4091.866072,86.15211994,1790.735391,534.4886141,155020.1921,1519.752241,3831.874841,160622.4665,1701.150024,3741.92024,53826.29578,1132.618525,4230.324528,69698.32255,1689.620006,3721.820971,547549.0836,1321.847813,3596.885976,92424.9256,1126.552267,4052.660918,46703.63741,1129.081603,4248.277856,2030.599283,1737.381214,4364.221618,0.404340537,1509.441117,0.431232169,0.412587189,2.475834715,7794.578978,818.3863827,5879.395451,1337.697755,2489.566485,518.4486234,299.5390969,1113.677013,456.5220305,977.19031,3511.821039,1433.039862,60.12491739,404.0262701,356.1265351
d21_15_G02_1_3_T,glasshouse_b1,5489,T1,R3,T,9193.380843,946.0742974,2389.082318,62.06390738,944.7189103,2333.395255,11034.52529,932.7902903,2339.517378,13499.48298,935.775129,2330.168981,9783.206675,961.3666171,2447.069023,7023.105114,955.3899497,1981.541462,486506.9844,1239.755155,2181.64569,4886.564737,966.5487552,2743.47387,9513.463995,947.3301367,2395.995927,67.11801117,44.89126101,396.6882545,0.11012888,157.6912412,0.410202207,0.438441707,0.849141722,828.2830922,56.04346893,558.0740636,96.19985091,365.9232414,6.829700964,8.483953928,151.1918414,4.655829933,39.00195455,465.782597,14.67583966,3.028720744,51.47644001,2.91082697
d33_38_G05_1_2_S,glasshouse_b1,Hartog,T1,R2,S,3014.859934,1073.413374,2506.274278,53.78768042,800.597865,2817.596867,16852.69084,1079.966648,2491.528552,16460.4914,591.4056666,2482.139633,3024.657804,1068.909578,2508.462406,8669.013577,863.642038,2107.122286,380718.39,880.7361069,2432.156219,6885.379277,793.2021634,2992.412013,2987.702674,2253.129415,4258.297955,197.6037364,93.43661912,595.6794125,0.165466515,211.9521827,0.382916978,0.40984186,0.846566564,1181.99993,72.82801894,722.4718663,167.8221301,434.600306,7.701466174,39.35959419,185.4652505,5.216701249,95.36189677,588.56393,21.91874724,7.144105741,63.80404152,2.721642844
d3_T005_08.10.23,field,3811,na,R2,S,16106.68376,1644.21415,4883.326169,64.09100557,1832.747973,3492.002088,174097.0591,1278.936308,5374.598089,173323.7508,1278.80156,5354.561976,15404.37758,1687.853529,4911.131593,83680.6055,1656.071047,4767.050511,502672.9369,1854.975415,4804.092394,87527.66528,1557.773277,4960.508931,12860.08575,416.6599785,6206.232318,888.9861674,271.5080869,2663.938456,0.103437161,461.8767085,0.196047498,0.18725494,0.621039651,5219.338334,87.59029884,1620.645026,2511.433181,146.1961541,-0.934937579,472.819582,48.99798966,0.94883243,1468.922571,150.0017566,-0.630994864,74.50136467,11.69288487,0.247236746
d29_28_G04_0_4_S,glasshouse_b1,Forrest,T0,R4,S,7116.76238,1263.545846,3744.221235,59.01744911,1382.008332,814.0687861,17085.01372,1548.424023,1967.380835,15577.53466,1466.919627,3268.66166,4163.189234,2550.3811,3011.35284,7497.316138,1426.467055,2472.27811,381251.8562,1471.945646,2610.211047,12860.65407,1445.826233,795.2707255,4048.398513,2532.459962,2984.936045,202.6593302,112.7581389,612.760835,0.186509402,217.6127823,0.393260753,0.433964442,0.714287605,1222.539814,82.33613869,758.5706382,115.1730719,522.2280576,8.395822116,28.147066,214.3818237,5.670354285,108.9359408,663.0735807,12.7820613,4.166742032,73.53862547,2.176560759
d41_48_G06_1_4_S,glasshouse_b1,3811,T1,R4,S,18889.42341,1435.394939,3223.946428,62.7428578,1676.644746,4314.233749,29815.93979,1226.992011,2839.765572,24920.96061,1626.014006,4032.804421,19249.66625,1445.447933,3248.214589,13564.50132,1753.590709,4479.230698,504110.472,1712.228658,2710.349679,13382.18687,1722.304,4474.085821,11213.17273,1456.516997,3315.191069,336.8364961,208.7866944,998.7047845,0.201836341,346.9130983,0.376533779,0.412185084,0.968651549,1961.38086,123.8297215,1178.981989,256.3031238,732.2956961,10.76108806,61.31591104,320.6041289,7.810003916,210.0460799,1008.9948,22.70626172,12.24727208,106.8700549,4.176688899
d43_29_G04_1_1_S,glasshouse_b2,Forrest,T1,R1,S,3511.976791,2216.510024,3623.255922,54.00915012,848.9796406,3983.20585,19984.49416,992.6636794,3287.928969,23455.38914,1054.297677,3200.959987,3505.286689,2205.29839,3687.928279,7667.205231,864.9737432,4295.39689,391965.0473,867.8057532,3334.967076,4865.451426,2254.291962,3621.66343,3448.950422,882.2802837,4590.204466,169.2481695,85.8490716,452.1384769,0.177328568,168.2429092,0.372452689,0.411555848,0.646578799,1002.241887,54.8429095,554.9316229,124.5718121,349.0354341,1.595125335,34.08254609,143.1090242,-0.280913467,93.37487966,474.7126188,0.553459365,5.358325246,50.44546521,1.276174973
d11_09_G02_0_1_T,glasshouse_b2,5489,T0,R1,T,5130.233803,1993.79009,1900.244992,62.32505669,1975.284664,1980.724369,14671.15914,1961.547163,1725.144615,14682.33344,1573.686,661.7831057,5912.785561,1983.310394,1883.670312,4465.967329,2464.812616,1520.575879,448899.7882,2019.957798,1622.790206,7966.563704,1576.221411,311.8958646,6032.334994,1990.372996,1880.774065,92.1695674,46.26761637,286.5829513,0.14453069,129.9241818,0.416372332,0.435115784,0.624243153,584.2102374,43.4738953,388.2505359,7.857212987,264.8649207,1.837606694,3.170638319,126.0614491,-0.020280271,2.857901435,386.6579142,-0.792104448,2.42921123,42.09429366,-0.399170959
d07_05_G01_1_1_T,glasshouse_b2,Gladius,T1,R1,T,2889.608922,1612.188125,922.468563,58.17189439,1654.328517,149.8844157,6013.406577,1865.78021,375.4966585,8463.41001,1600.227647,708.9754371,3474.803365,1600.041122,917.3894987,2889.673434,1528.638882,1018.4291,344101.1645,2038.439055,303.9915124,3179.83681,1530.497312,734.7114899,3608.118478,1582.7881,944.9003823,53.83869677,18.14810922,190.7121542,0.11587382,65.03295373,0.390138004,0.43488168,0.613020379,309.6704522,22.77587223,244.9504396,0.835223982,170.4338135,1.465718641,12.97004871,64.91638466,0.674704388,-3.969185898,218.1247622,1.49212967,1.49169062,24.34355599,0.170461297
d07_43_G06_0_3_S,glasshouse_b2,3811,T0,R3,S,4320.696538,1731.000566,379.2932046,65.75189837,1747.113408,337.4816549,4056.560823,1704.298293,444.8510164,7987.862606,1713.583509,499.0766058,3561.330958,1736.653682,415.1716539,5805.806054,1680.454367,325.5837112,413056.3935,1882.234292,275.118552,5580.017373,1682.892439,342.0459205,3571.290052,1738.59629,396.1806889,66.93900127,42.51451946,172.7931382,0.220412551,62.37636243,0.360011199,0.412569178,0.59890752,430.8388234,20.84234361,251.9603057,51.02544742,144.8453309,-0.02419172,18.59287819,55.462417,-0.488203863,52.72014721,168.2788967,0.843007601,1.267122298,19.48542197,-0.464461819
d09_33_G05_0_1_S,glasshouse_b1,Hartog,T0,R1,S,3223.15902,1202.400591,686.0256604,51.69721336,1379.980826,263.0710017,5477.107447,1235.177042,638.4182214,10037.77325,1239.886031,697.9121082,3597.376266,1246.652258,716.9700811,5145.872032,1139.07285,813.890847,358123.7604,1459.950613,774.0390076,4661.82985,1121.867901,807.3654868,3141.237291,1246.98975,715.112927,55.21972608,17.61984383,222.5880627,0.12946801,71.07015768,0.389597748,0.411730223,0.572549321,463.513709,26.85179337,240.2414935,24.39849097,156.1501172,0.758250246,9.360146084,63.94338257,-2.749890227,35.23920705,231.553644,3.874436373,2.172591371,23.03409158,0.973390416
d07_45_G06_1_1_S,glasshouse_b2,3811,T1,R1,S,2353.130758,1556.039721,1161.499816,63.63537448,1528.817575,1089.011213,4629.3449,1497.033084,974.2719912,2453.682912,1499.594629,1022.347072,1882.484715,1535.770627,1182.376598,2351.769904,1699.338002,404.5448588,255896.1381,1457.102456,289.7987981,1765.125807,1706.116043,412.5015202,2310.723259,1536.580417,1189.929911,34.64305497,20.97851695,126.9813434,0.179221648,49.68453497,0.380785012,0.411859283,0.599911492,165.8233573,17.92575101,125.9128041,42.89026344,96.93199443,0.024868944,9.350020965,47.20453984,0.658703438,23.26864735,124.2358163,0.851106408,2.143355795,14.39776513,0.228111681
d31_29_G04_1_1_S,glasshouse_b2,Forrest,T1,R1,S,4578.437951,972.4445913,3312.789679,75.83062274,2498.044129,2561.823811,13320.49657,1067.142033,3071.32247,9949.561053,1189.648462,2716.144275,3686.941765,971.1445918,3372.67266,6981.46133,2495.053624,2609.520388,445225.9399,892.1352679,2799.442589,3726.218786,2483.315007,2748.617279,4757.519105,972.8256355,3420.185014,115.8741163,55.75754413,303.3182622,0.173614206,108.9547134,0.34920167,0.408903961,0.578922884,652.33055,32.12890903,332.169474,107.7798408,193.5797255,-0.669606029,27.23336677,91.42781615,-1.078379421,77.73090382,285.6185972,3.399402054,4.38279902,28.41478702,-0.154751846
d1_T006_27.09.23,field,3811,na,R3,S,43408.01452,1825.707001,6129.192398,97.75254527,1265.467974,6172.591766,227688.1537,1293.537063,5410.280981,299276.1431,1186.934141,2730.407223,35913.45228,1834.605863,6041.311129,143341.7314,1395.948322,5864.505429,799290.7538,1921.152987,5697.236254,190957.163,1120.196466,3192.726432,34045.70468,1824.966288,6074.612411,978.5971632,294.7452071,2763.517058,0.104902712,489.2826216,0.197726064,0.188577408,1.12305256,5475.771691,94.18368782,1697.954431,2585.148875,136.0742312,4.492950199,497.33506,50.03746148,3.428370536,1553.950754,157.0644732,11.20274209,77.36349517,11.6670459,1.577455655
d19_33_G05_0_1_S,glasshouse_b2,Hartog,T0,R1,S,3003.450821,1247.724036,966.3535957,74.99469501,1147.224241,2243.344015,17079.86568,1243.055629,2661.161087,23194.36109,1261.552611,2486.556199,3220.591114,1248.094114,931.5007716,9246.546676,1174.765425,2273.608755,398047.9909,1032.113711,842.1461703,11356.0483,1281.024771,742.6548726,3777.425015,1273.818954,950.0078396,109.579747,64.95276181,509.2978108,0.122913569,170.9420612,0.399828835,0.43333086,0.593381734,925.241872,57.63731487,566.8313934,81.63995946,388.6492593,1.739298651,12.56361101,166.9327232,0.023658351,57.7322928,532.372798,1.618857864,5.184683114,58.34152071,0.688265567
d6_T015_28.10.23,field,3811,na,R6,S,17859.11732,400.7821478,6355.852908,56.6402098,660.6107921,2386.621359,199351.3961,955.3613569,5080.707754,204310.8235,932.4871941,4998.643766,14796.63918,439.1112834,6477.950713,114451.3897,821.9992598,5792.352933,507529.0692,312.1565902,468.5901981,86887.05589,589.2028479,5215.528633,11387.59181,463.8362416,314.6066987,1184.811675,432.4347188,3681.714878,0.118424219,665.1629501,0.200000593,0.189440852,0.67590796,7309.026257,125.0772043,2345.403067,3456.708562,232.8611646,0.875014681,657.0549567,77.07890749,-0.087409668,2055.966531,266.1471969,-1.706236367,104.8497579,23.38307223,0.460182045
d4_T019_14.10.23,field,Gladius,na,R7,T,166033.3554,512.9936538,5013.732047,67.06741806,678.414266,3468.089347,345092.2696,1013.777749,5289.181682,328185.3537,1023.802944,5470.018202,108833.7233,484.0178906,4942.094075,171001.2192,892.6414987,4096.56556,740492.3711,1335.752647,3604.709194,167528.3787,1032.216649,3998.2423,101379.91,482.8352936,5022.483181,1575.924737,922.270157,6028.478279,0.153829135,1138.127679,0.212370529,0.193752765,0.847470962,11735.67137,234.2323418,3982.794243,5442.320765,577.8685709,2.12146093,1082.61507,198.4817674,3.573743599,3384.842724,603.0590294,9.444680195,177.8403111,52.58329383,1.702018244
d37_16_G02_1_4_T,glasshouse_b1,5489,T1,R4,T,12992.11758,1959.429358,3353.608201,68.94891712,1541.448716,841.1230729,27436.77004,2012.775209,3555.019523,33318.25196,2135.157343,2987.572646,12294.05151,2049.369152,3308.120289,11580.39327,2045.094111,3081.944177,588982.3849,2018.028815,2507.516413,19534.20796,2228.223164,3522.105323,10880.69685,2033.833386,3311.859447,242.9751868,178.5936971,831.6288809,0.201292435,304.898045,0.390930682,0.411138524,1.110402887,1748.344625,111.6544322,1062.183068,173.4042004,655.4705669,12.2866763,40.32240913,284.0177391,11.24428931,101.1000275,904.7813775,37.47304161,6.620916023,95.55360126,7.446809945
d09_03_G01_0_3_T,glasshouse_b1,Gladius,T0,R3,T,8651.107253,1431.691925,1286.962764,103.6891833,1669.429824,391.7314722,14134.87684,1404.101215,1186.547458,11938.72237,1554.790528,898.8475779,8792.905234,1466.460074,1302.156067,4415.748095,1456.980448,1193.985826,517929.3538,1705.28465,1020.914339,8736.761177,1388.485028,1354.516459,8641.500512,1431.997781,1275.188875,66.75258169,44.39109901,408.8590429,0.140967893,135.7826197,0.442510402,0.435819847,0.924782157,693.6174912,55.88042468,488.5784745,43.83611278,324.0559726,7.902899067,8.058612172,150.1532696,4.524510992,31.10868814,470.6036418,21.71203896,1.023351145,52.15897828,2.434330037
d31_29_G04_1_1_S,glasshouse_b2,Forrest,T1,R1,S,4521.861164,972.6603739,3324.89391,76.08292979,2504.496502,2504.519808,12646.68612,1078.364363,3076.653376,11848.79552,1202.914613,2694.023222,3750.261876,968.227027,3305.454666,5724.576602,2509.556569,2624.422981,442462.1866,882.5560554,2834.122542,4982.814122,2484.472368,2815.190035,3908.280947,961.8630568,3350.00956,106.6884516,57.89936427,355.5848771,0.175327115,107.0151396,0.350274924,0.409863002,0.587733345,637.5672239,37.94998299,353.0058129,101.6994293,205.6989063,1.149765173,21.11721379,92.60106759,-0.6814977,72.60495399,276.4315142,3.089269486,6.714879858,29.88179958,-0.646635286
d13_44_G06_0_4_S,glasshouse_b1,3811,T0,R4,S,7859.485735,1030.707962,1556.663834,67.98496458,1212.550597,624.1214148,16107.98046,1152.602854,1276.330639,19172.85378,1148.728882,1272.472089,8133.479413,1080.637346,1583.515808,8450.895982,1112.115079,913.7081016,412626.5899,831.2205597,870.6416824,12666.28969,1633.814762,468.5769163,8212.426517,1063.246459,1555.928418,140.9696849,120.4916682,581.2335305,0.181793083,219.2747304,0.411605826,0.434583021,1.098419594,1031.517629,81.65231387,746.7307158,39.91898919,495.3969128,12.00610342,12.8906504,208.2058284,9.997020924,38.98859417,678.346852,26.10248483,1.643219469,71.45513966,4.306872118
d41_20_G03_0_4_T,glasshouse_b1,CALINGIRI,T0,R4,T,17548.24637,1835.342881,2403.665738,53.11162808,2228.959532,1533.100046,54037.16156,1771.727708,2245.71074,55283.09755,1779.476439,2224.900065,17303.36429,1890.811419,2395.35797,27608.14435,1279.96496,4294.573245,608309.2119,1567.731086,3544.961955,45482.70438,1528.399539,1056.563141,17638.90117,1879.206862,2326.990766,472.2468828,357.9890843,1966.645298,0.182347203,733.4509314,0.413660786,0.436786942,1.029509575,3910.964371,285.4581138,2589.288642,336.8200635,1577.852002,52.88233435,83.03752705,698.9005041,36.42134592,288.4000261,2190.679919,117.9300365,17.84835172,248.5028462,20.79662744
d2_T022_02.10.23,field,3811,na,R7,S,38257.83372,815.641509,5227.718031,58.80701722,1288.020744,4523.2645,175553.5624,1224.49224,5319.950411,176798.9549,1227.516315,5294.536257,35233.38664,784.133298,5256.049559,82193.83975,774.8452927,5671.595157,543848.5872,470.8484536,4888.323648,156800.764,1177.008207,5418.890823,30312.0066,827.7626538,5284.659787,1024.313811,383.7985149,2899.014347,0.136976664,526.1061063,0.206177891,0.187518885,0.652610371,5618.241515,104.3511225,1845.765656,2628.981783,259.0129942,-0.155228616,497.0277848,78.64959126,1.699594919,1536.695106,268.1338869,4.83707854,79.11314817,21.70321499,0.518096623
d27_41_G06_0_1_S,glasshouse_b2,3811,T0,R1,S,7405.647052,1448.646841,3550.964743,55.71195658,1347.227881,2541.960575,25363.00798,1607.195129,1498.845762,26306.22706,1345.614819,2749.527002,7897.516542,1432.496299,3577.273125,12430.72092,1430.582448,1852.392564,363065.4746,1475.909186,2531.926173,11671.17431,1348.374405,2830.537178,8942.770309,1433.089834,3551.306879,171.5048019,96.48276373,732.8468596,0.12693695,260.2610822,0.381254901,0.409979074,0.728277347,1337.039555,86.03441438,889.4664626,176.6868826,565.6752035,6.717319628,37.34227196,228.4332095,3.571179681,138.9329359,745.954468,7.618815664,9.642109006,78.56125339,2.608224303
d17_08_G01_1_4_T,glasshouse_b1,Gladius,T1,R4,T,15930.29534,1898.568242,2093.853809,62.31757862,1709.866123,1287.415621,14087.82842,1882.066761,1672.220483,14926.01582,1879.761741,1709.67994,17386.00635,1958.506407,2047.924714,6614.921838,1863.581409,2102.342452,845643.5616,1622.435074,1461.593855,7755.507217,1736.440294,986.5019989,19899.52727,1902.263902,1802.16217,64.6697647,59.71332974,521.7447929,0.1110438,176.6499339,0.399507137,0.433304667,0.855231793,1019.860759,64.46850048,620.1220818,71.62780768,412.5031512,11.41325999,11.20780068,173.8654812,7.722545432,57.88152545,542.7922909,26.53461942,4.092454685,59.21945274,4.473216809
d25_10_G02_0_1_T,glasshouse_b1,5489,T0,R2,T,15805.66069,2468.327876,2635.530837,82.93112351,2383.773346,2632.993927,24912.61661,1958.611829,1894.15615,41254.24468,2265.593204,2445.292319,13933.67871,2463.301617,2631.404826,9625.826438,2342.656248,2741.873707,537626.914,2517.960573,2346.433621,13660.06763,2307.334549,2392.027029,14021.67465,2462.640935,2635.533207,150.7041137,118.4914305,860.8131436,0.133311715,311.1212902,0.399646537,0.409578512,0.924669217,1685.78943,111.842169,1081.97215,83.93337193,769.0501925,7.339693232,16.19614614,316.8127221,6.40019868,69.54117445,988.0202568,19.97605636,5.132385067,106.4429791,2.797193636
d15_37_G05_1_1_S,glasshouse_b2,Hartog,T1,R1,S,1900.764663,2368.356959,2359.284721,53.96384763,1004.920573,2034.403664,12794.72602,1091.243659,1572.943446,11105.15903,1107.586421,1610.021518,4029.438094,2394.860349,2365.106836,6089.011787,1033.449113,2101.928845,294545.0667,2560.817684,2052.295436,2437.753174,1058.722733,2045.049122,3489.94916,2384.470381,2351.945165,46.86990794,13.95922496,228.1888618,0.097428624,84.926406,0.399535366,0.43704123,0.579009939,438.3363022,29.2331567,277.1957685,37.75835222,182.4926756,0.404633651,13.02676647,89.32483281,-0.912661462,15.00369917,274.0899191,2.991856263,1.688631479,29.35972539,-0.016935342
d15_46_G06_1_2_S,glasshouse_b2,3811,T1,R2,S,3138.144705,1668.534401,1516.693494,70.22732844,1633.59751,637.3311676,14667.91942,1718.676489,1916.990167,18012.95462,1679.246433,1820.295796,5240.780541,1680.827518,1527.213556,5581.359702,1569.727233,1374.700913,364558.2897,1463.748058,998.1847154,3238.301726,1702.287358,1558.762585,3756.825813,1671.884196,1519.829943,67.76915161,30.98933721,279.6484995,0.104734816,102.6272858,0.407068474,0.436887006,0.592445949,553.9260268,41.55640162,348.6679597,56.22396099,270.3809032,1.000931804,12.17857059,109.9379443,0.728710543,19.29571432,364.7193845,6.476150519,2.585862968,38.92462304,-1.226832011
d25_33_G05_0_1_S,glasshouse_b1,Hartog,T0,R1,S,4586.220306,1322.770162,3637.922607,56.09326663,1161.316468,2106.65947,14191.17402,1192.183873,2813.314777,21795.53231,1239.456796,2685.688142,4932.170539,1340.715691,3554.808756,8508.637999,1173.974181,2399.070646,343856.7103,1458.70401,3054.992557,9823.973161,1165.220259,2322.329575,6323.898023,1354.107507,3599.28691,158.5502857,74.49148957,553.9529935,0.124765684,205.3011907,0.395292187,0.433740533,0.723618404,1173.758177,70.33576153,687.170367,122.1278792,457.8415725,3.956256729,26.30332066,201.4308712,2.209131902,93.31866287,594.6436603,2.472989428,4.726146117,65.32113865,0.354050352
d1_T010_27.09.23,field,Gladius,na,R3,T,17054.39637,1338.996628,5920.924216,53.08838934,1345.561518,6090.765701,144927.8016,1228.398677,5366.355492,155629.742,1254.454803,5264.070466,14054.9192,1383.886573,5918.11479,61330.5442,1584.860046,6006.81817,423639.5695,1095.83649,5901.150922,99920.151,1369.256459,5749.67725,7708.979933,890.9458362,5459.838641,1146.337651,680.471249,4169.659923,0.162428826,835.8528741,0.222531359,0.190741846,0.852909548,8268.237554,183.0019176,2928.817283,3686.156838,565.3725976,6.396503544,728.1851161,203.8800183,5.174140894,2312.06426,662.5427746,14.15521796,121.0828316,61.35277579,1.362660675
d11_11_G02_0_3_T,glasshouse_b2,5489,T0,R3,T,6063.965383,2238.534532,1252.397793,63.05307665,1467.922453,2203.593954,12617.58173,1514.345744,876.6957083,18244.85075,1513.979558,1446.007244,6138.482347,2248.573881,1265.129316,7251.985536,1475.649807,2099.845946,373206.5296,2068.484756,975.7455644,5986.346841,1377.69296,2044.017808,6501.83952,2255.856639,1307.765503,81.60319327,54.00843034,349.3283335,0.172145354,121.7944307,0.41699928,0.434943007,0.718585877,643.3449233,50.17932529,449.5398101,52.02558527,313.8503853,-1.085074674,12.79471003,134.408877,0.300536444,43.42015396,423.2759607,-0.512998764,2.53927363,46.25789848,0.191871573
d45_31_G04_1_3_S,glasshouse_b1,Forrest,T1,R3,S,5437.461382,2080.041697,3748.289335,61.96883124,2370.434062,3158.695163,18231.93721,784.9926178,2545.681748,19834.62418,789.4464588,2505.860043,4446.398258,2094.064568,3710.827032,9773.888156,619.6409697,2055.570809,412743.5476,340.6505078,3086.393238,10309.3738,1596.991193,603.072012,4838.413803,2104.389506,3658.929547,275.3799394,151.8920953,719.2853963,0.21715551,232.2998629,0.358903617,0.410617319,1.125626735,1487.243577,81.06026768,828.7199345,282.5769006,463.2546417,19.8424779,51.48926415,193.1646712,16.0011833,176.8768962,623.8775245,51.98955227,10.59807297,64.33281948,9.20615374
d15_06_G01_1_2_T,glasshouse_b2,Gladius,T1,R2,T,9846.030711,1606.993437,1610.63555,61.99060069,1645.275701,877.0979872,15511.30667,1612.347116,969.1697258,15181.11273,1522.087141,1777.198436,10080.8779,1529.704026,1563.197036,9483.19079,1627.69555,759.4316869,579353.7788,1482.154467,1295.057836,9519.112634,1662.532164,779.2211123,8787.16362,1563.138564,1610.601782,62.20721637,28.38397966,410.2329784,0.083237761,152.9030771,0.39061622,0.411662949,0.574944909,821.0792149,52.04944473,534.2318031,120.0743468,358.756274,0.397543372,18.20911386,151.5890253,0.953952019,66.8572085,452.5180022,-0.226880725,3.443891504,49.97821032,0.544203903
d7_T006_04.11.23,field,3811,na,R3,S,66394.75236,1107.354829,5944.021547,58.19774615,1715.079044,5887.597408,270941.9148,1278.778196,1855.563711,364042.709,1197.324986,2481.572279,60638.97824,1179.597376,5921.537755,117788.7977,1459.336931,6179.282714,1705875.952,1530.495575,5832.7365,165356.1171,1464.186998,5889.901873,32856.89619,1847.281214,6103.558526,1449.850116,722.4433059,5487.888838,0.133485584,965.0272416,0.196328338,0.187566314,0.556802985,10744.94994,177.5200578,3383.9571,5135.871077,282.6432228,0.302167606,975.9643768,96.3176419,-0.044113861,3078.164228,303.1158397,-1.400547761,153.0350411,26.48253206,0.115176517
d49_22_G03_1_2_T,glasshouse_b2,CALINGIRI,T1,R2,T,9375.908384,1173.262049,2552.431203,55.02493415,1745.962691,4399.289647,43450.71513,1945.901387,3823.706184,44999.53747,1931.521165,3839.429485,10162.56981,1167.637127,2567.829198,19136.27248,1962.748509,4517.97455,434498.019,1955.505152,3484.374303,17750.10903,1786.097146,1061.815004,9126.39895,1161.2672,2552.617017,361.6167317,246.568842,1292.909451,0.195139473,421.5477751,0.369917032,0.413867866,0.825133803,2496.884927,150.0396946,1484.587347,385.1704303,920.9366092,4.233570307,88.67429138,383.3113686,6.232956654,285.0752464,1179.644129,14.87446902,17.72114821,128.3920352,1.844447721
d35_43_G06_0_3_S,glasshouse_b2,3811,T0,R3,S,24759.33889,654.6993329,3891.069866,54.87910083,712.4097908,3660.274186,55775.42076,1605.134666,3656.399327,57943.33446,1596.922828,3717.870335,25694.16501,719.6255152,3789.447983,26013.11576,1745.191911,2543.730972,575206.4635,1236.601355,3329.561457,26780.79828,703.5824081,4016.393161,24501.03763,733.6568858,3817.102143,404.7990301,290.7651947,1498.773781,0.192049345,559.7649483,0.411540118,0.435950046,1.563630242,2963.060373,218.4253133,1934.118497,284.1061638,1215.508079,29.53607639,53.95635772,542.3261642,24.5649625,180.7436014,1699.919169,81.66957631,12.43678903,192.7966478,16.72574567
d29_12_G02_0_4_T,glasshouse_b1,5489,T0,R4,T,14389.94118,2033.635854,2782.247722,74.8999328,1536.972011,896.9192406,28182.93383,1712.797047,2070.42371,26277.57123,1722.463996,2075.309293,14422.5421,1945.271562,2858.350551,12444.54487,2134.259236,2843.154014,580834.869,2037.93069,2571.988057,19120.09221,1501.6988,984.2512038,13289.32531,1956.904689,2791.05665,136.3972157,120.3093902,910.7291568,0.127948014,344.6792364,0.418796911,0.435943343,0.891187163,1736.912432,131.1701204,1174.635075,91.82350882,833.8339528,4.043875338,16.78252491,358.6425316,4.942905497,56.26239637,1137.69994,11.43391739,4.446378259,126.0750792,2.137286949
d49_44_G06_0_4_S,glasshouse_b2,3811,T0,R4,S,34567.38662,2117.477711,2633.509806,69.92771062,2152.0173,3005.946548,146458.5213,1445.231425,1698.432759,149430.4035,1741.014102,3468.258145,28859.05165,2139.255521,2721.120759,76175.53595,1625.105054,934.2512469,456202.7424,1988.861685,2174.840564,58288.32657,2142.903523,2508.173404,27827.93933,2149.054097,2714.613192,2169.16163,1855.025584,4290.505375,0.427245863,1459.454265,0.403964,0.409952413,1.495957658,7716.449191,674.3948617,5563.986685,1443.525107,2396.27577,484.4926456,329.3037503,1072.541408,361.7146317,1041.345628,3390.766722,1134.404628,63.7481537,394.3366548,216.9916367
d15_04_G01_0_4_T,glasshouse_b2,Gladius,T0,R4,T,14462.03095,2025.718938,2477.593873,47.89321079,1565.860577,769.1054863,20224.90327,1910.97216,2320.138048,20323.67837,1877.03731,2299.123881,11146.27422,2088.906943,2567.056673,10491.44043,1580.603353,734.7270757,365301.8169,2030.943634,2197.061326,7653.114486,2075.077796,2738.499304,10368.74921,2082.108322,2570.072991,98.40439343,58.33980573,548.4206588,0.099917735,213.2001119,0.413511489,0.433409948,0.870606815,1041.52577,75.00753913,704.9751704,71.26604189,487.031701,-0.211164239,12.20228768,208.8238439,1.554670544,28.86867953,667.9911701,-3.174799799,3.144367951,73.12692327,-0.399340678
d09_24_G03_1_4_T,glasshouse_b1,CALINGIRI,T1,R4,T,4469.551234,2132.639135,1136.992599,61.83713212,1680.378699,343.6694077,10681.76873,1405.013877,1173.736076,9706.002169,1047.658727,1132.962269,4508.693261,2116.636039,1078.326175,5783.720815,1243.347399,1482.829345,356038.9692,2033.040478,914.8930128,5793.202442,1584.165342,363.3092402,4518.57053,2115.463307,1109.574889,110.2822333,61.15389343,319.8667244,0.216285264,120.0126118,0.409922885,0.433920089,0.927755019,620.3932452,44.37242537,371.8524945,43.57337086,255.4481656,3.423489015,10.24888353,117.4576931,0.730676568,24.7791874,372.5401663,10.07564485,1.628711489,39.48272502,0.311905512
d19_21_G03_1_1_T,glasshouse_b2,CALINGIRI,T1,R1,T,14762.35337,1876.160843,2702.257236,58.44745059,1386.158825,2482.813016,22060.40929,1871.827484,2708.235363,21583.72496,1868.05835,2699.272908,14568.0256,1875.703295,2695.933742,9195.142249,1570.431292,1791.852353,444187.314,1902.329539,2224.661727,7834.617853,1899.270104,2998.743094,14713.46517,1881.451666,2746.414551,87.48009536,75.80017464,619.3156225,0.117571407,200.1337145,0.392998834,0.434569176,0.854691289,1155.995404,72.56094002,684.4514918,84.0523435,488.3734255,3.455469359,26.08590705,205.6033097,2.140636877,89.44303571,635.4945015,4.925304976,5.610678202,69.5276688,0.36125023
d15_38_G05_1_2_S,glasshouse_b2,Hartog,T1,R2,S,3865.86095,2231.026183,1847.631545,48.16292476,2161.336846,1672.525639,18709.48464,1027.419489,1523.250484,16421.64239,1018.583504,1543.764297,3334.078777,2232.173858,1811.333018,8105.444688,885.4979927,2196.058853,387026.2355,880.6236151,1591.086183,4709.333192,1317.338692,716.7574767,2964.965823,2207.918945,1854.535822,105.2805882,48.30028938,379.2938054,0.13068259,145.7183058,0.40322324,0.434592587,0.57170624,796.3168776,53.16127024,456.3195083,57.47435499,324.3625682,1.184929582,12.3780971,145.194637,0.985597933,53.99774631,443.4882165,1.681058783,2.423793979,50.32133065,0.548917932
d37_44_G06_0_4_S,glasshouse_b1,3811,T0,R4,S,7958.595459,697.3415224,2960.128192,61.71037197,2142.694904,3235.507122,42688.00287,1004.993175,2240.952585,45425.27483,1056.192545,2473.114614,8735.151019,1240.210657,4020.834426,17391.44152,924.8881205,4244.146645,363516.4707,1999.831159,2166.195703,18349.39578,834.0673243,2248.961407,6708.67337,1262.989281,4043.86821,403.3887555,273.5544448,1436.111592,0.190669439,488.256261,0.376204249,0.409559603,1.025410505,2803.912885,176.6468403,1717.613402,390.0876534,994.6278254,19.13911557,96.43209854,432.7802908,15.13017178,311.2322382,1343.662025,49.59156719,18.34352903,149.7344599,8.114318012
d29_33_G05_0_1_S,glasshouse_b1,Hartog,T0,R1,S,6278.175957,1324.909993,3656.608814,65.83727385,1547.044448,733.3714604,20318.62985,1210.59339,2799.275569,22263.31976,1241.018602,2711.615458,6084.500881,1358.459719,3717.854487,8935.827347,1155.507146,2446.247025,350707.1046,1439.328128,3073.322097,7619.215213,1160.114252,2404.68494,4999.098336,1328.621532,3680.877634,198.1048188,100.8327919,609.7281108,0.165062287,223.8919552,0.382665575,0.40932098,0.721495413,1248.826759,81.35776224,785.4058315,161.6909772,503.7415542,3.870312435,31.37632047,216.1956916,4.21597862,86.14071876,692.4012216,12.46623013,5.905771901,72.45880084,1.189738794
d13_02_G01_0_2_T,glasshouse_b1,Gladius,T0,R2,T,7920.431979,1725.970769,1877.537318,56.16871061,1864.793748,1574.959811,13879.54376,1746.345136,1354.882143,14188.41954,1757.103352,1283.064733,7957.05208,1769.449339,1931.316459,5616.055369,1887.294456,2189.378897,375374.3718,1595.599455,1466.426902,4200.38825,1484.111139,438.8629021,7632.012491,1750.282424,1878.129586,106.1946053,65.55009818,422.2307956,0.144425512,167.4391579,0.439055141,0.434552917,0.855724837,832.320673,69.07261844,593.2969669,44.48094734,398.4043341,2.475981979,12.17979639,181.1028686,2.234337594,20.88871862,572.2110614,4.643383918,1.737707194,68.8532073,1.132045296
d09_17_G03_0_1_T,glasshouse_b1,CALINGIRI,T0,R1,T,5568.150145,2238.370075,923.7985407,66.55311713,1616.776284,252.3530022,12387.2467,1209.1707,1274.059223,17163.5855,1553.510532,1195.038776,7416.55342,2244.178555,926.2568377,6828.118019,1540.537942,784.5349368,441896.9391,1441.441734,451.9998907,7257.036319,1623.256997,254.694208,8651.120407,2170.431664,826.602178,80.49661896,55.03637531,433.7307689,0.136981392,176.8638538,0.435826033,0.437385939,0.655172912,843.169813,62.91183009,563.8112261,62.49272654,375.6013503,0.870264394,6.065608285,173.693297,-0.371612668,36.9044513,528.6646157,1.073652851,0.54883751,64.01052251,0.403066456
d21_12_G02_0_4_T,glasshouse_b1,5489,T0,R4,T,12884.08893,1975.125648,2655.201134,59.59355802,2107.05335,2840.27334,16797.94021,2044.371597,2866.472078,19458.60871,1051.505863,2205.376278,13848.68852,1940.96512,2675.38419,9854.95213,1358.653333,1769.227569,355567.9827,2038.218795,2210.522192,14687.51772,1558.223677,925.1169443,13366.69645,1942.218426,2691.124639,104.643141,79.1158284,682.1785082,0.126849017,252.2632435,0.42063244,0.434973629,0.592080754,1284.743955,96.61274716,851.4340879,53.07014148,586.6943848,0.00319083,11.34157323,260.4120384,0.514651001,48.53638766,804.3045243,5.975993773,1.347240102,91.74252982,0.005896499
d43_36_G05_0_4_S,glasshouse_b2,Hartog,T0,R4,S,13368.38187,1510.182114,683.463851,66.08564591,540.3390751,3029.07344,59900.00077,776.9340591,3612.270978,81907.98954,1035.369944,3166.197891,9953.096265,1906.811572,4406.6501,39935.38611,1617.5733,872.705084,381383.1522,1445.967698,313.2638852,36044.98448,1668.876329,758.5479993,8324.72301,763.5466723,4457.108452,785.7721077,560.9467816,1719.704622,0.319366841,628.2245342,0.430035683,0.43830111,2.156181974,3195.77952,313.3166816,2338.838142,467.8593696,1162.564064,145.1743165,94.0441787,525.1607473,131.0822694,279.1485598,1635.581739,419.8188891,17.17466924,189.869865,104.9330362
d11_19_G03_0_3_T,glasshouse_b2,CALINGIRI,T0,R3,T,6681.976006,1687.085089,1546.554029,68.25941021,1585.932661,1901.549971,15003.78315,1537.781412,834.5058796,15184.89137,1528.981169,827.0386597,5688.89946,1695.034152,1513.154877,7909.645787,1521.059223,602.6171655,334930.4906,1431.080892,1395.078596,7150.970726,1574.434734,1987.097467,6700.71953,1694.468221,1555.517334,77.88600959,43.76275503,436.6080445,0.110561574,163.1334962,0.413177407,0.433173834,1.033732309,875.9947396,59.27714582,559.6361557,15.77718149,384.7040255,3.22701633,5.124518693,163.1918626,2.784385185,19.42761583,507.0995321,8.649111899,2.297719701,56.06878227,2.546341622
d37_19_G03_0_3_T,glasshouse_b1,CALINGIRI,T0,R3,T,10230.74625,1499.536161,3197.162433,60.1081763,1757.284515,864.9019406,38384.89054,1490.98805,2509.115741,38241.27412,1481.145525,2436.015587,9300.902593,1459.52972,3195.920666,21412.61974,1364.314519,3273.138998,554690.941,1499.577225,2298.237329,31592.64468,1599.535879,1163.507492,10061.79144,1458.141284,3168.072198,343.5672096,238.9691009,1326.455222,0.176025108,493.54093,0.403861701,0.436109454,0.873195721,2661.130225,185.2127905,1693.361493,243.5320765,1110.364036,8.390595999,66.88117078,485.4009182,6.892727235,175.2205062,1513.216983,19.2449577,15.12004523,167.8548347,3.612939799
d19_42_G06_0_2_S,glasshouse_b2,3811,T0,R2,S,8552.377095,1935.000717,2591.841938,80.17463739,1012.52361,1596.122156,23966.67404,1042.403353,2663.81007,33769.15318,1037.058086,1657.528417,7849.18396,1901.820097,2583.956921,12219.80931,1267.439236,891.4402144,355400.3128,1942.169804,2063.763575,16196.69928,853.4383171,2206.003343,6344.852495,1904.548502,2690.347949,190.8121052,107.4718967,665.2371299,0.157310488,239.8991452,0.396302047,0.435674763,0.608015677,1145.794131,86.953159,833.5245323,93.89842921,542.4920847,0.346247849,25.12653389,243.6730145,-0.517220299,80.59473446,762.4442077,-2.241608206,4.449228596,84.33729384,-1.260428734
d29_08_G01_1_4_T,glasshouse_b1,Gladius,T1,R4,T,17636.52035,1949.706082,2125.052793,48.69430305,1643.673295,940.4495972,18435.87748,1883.283416,1755.734537,16976.54805,1989.584094,2759.001927,16639.41561,1973.872882,2110.942828,8845.980595,1888.363169,1989.224631,252191.2807,2079.421665,2199.335034,11290.70889,1709.715916,897.209158,9839.031957,1931.363497,1530.147519,188.5150248,116.9965327,714.1449577,0.18361193,235.0462355,0.379696568,0.409768523,0.865631321,1357.344146,86.16990545,814.456705,174.7024784,480.2292901,14.97378633,55.36769775,198.5135747,10.25866592,173.5764618,645.856639,33.01933988,9.091508379,64.61356376,6.115333721
d41_43_G06_0_3_S,glasshouse_b1,3811,T0,R3,S,26807.52885,645.0034019,3874.06927,49.56173134,1950.041748,3779.129088,53414.98695,1347.498901,2612.875329,53174.21542,1261.001408,3960.504436,25341.90453,718.0561899,3843.401409,24291.81072,683.2764474,4239.740109,604256.5011,514.5492737,3447.558395,26111.33573,698.6567566,4184.541571,24561.66885,725.0706947,3897.918362,681.3051085,495.2518206,2023.854906,0.244162582,747.1838443,0.42307325,0.435632458,1.439364551,3862.689679,319.548044,2669.212413,421.0581501,1477.090852,112.9097864,102.4464741,673.1931065,88.31548045,329.5510272,2108.482688,276.6924078,17.87805432,247.6309354,58.2915395
d33_40_G05_1_4_S,glasshouse_b1,Hartog,T1,R4,S,13772.37735,2362.805496,3305.433852,67.96328229,2162.968055,3033.892221,25302.47001,1680.432182,2718.839469,34352.35008,2316.512227,3409.132865,13758.76321,2372.003996,3302.430347,13066.68176,2138.14726,3625.554426,201890.2945,900.6451337,2589.201598,14170.18503,2463.447854,2753.1813,12628.73549,2367.08376,3357.382327,175.7427744,111.3611386,827.4125977,0.119680832,318.7482666,0.41795776,0.435763455,0.871305467,1635.748562,123.3358041,1097.427146,106.6233469,730.2582898,5.851010683,29.43305855,318.0874713,4.839649401,108.5929776,1003.120984,13.47868616,3.89211615,112.3456904,2.726872955
d15_25_G04_0_1_S,glasshouse_b2,Forrest,T0,R1,S,7596.998025,1523.873266,1760.260283,72.18135606,1492.288686,1764.195462,10488.00859,1562.585052,823.2821686,13087.80792,1501.665877,919.1281646,6746.143315,1502.283418,1756.987826,6927.30042,1427.447804,620.8979785,350402.094,1473.811543,1354.709841,3203.123612,1363.965297,545.7550134,6923.398818,1496.41261,1735.373475,54.14954037,24.59516385,271.773864,0.095581394,93.17070757,0.384749334,0.40729175,0.816488708,591.8087539,35.10762963,279.9694358,62.34336048,194.4769571,3.202122128,6.852007014,86.08272351,0.361687131,43.74765395,234.4585949,6.627272935,2.126237019,29.45436823,0.699276841
d11_39_G05_1_3_S,glasshouse_b2,Hartog,T1,R3,S,2008.032928,1813.531356,1033.757544,84.92757426,1055.900317,1736.702098,5731.875074,1771.301709,862.0287511,5015.83813,1775.477558,902.9353342,2532.595009,1806.566488,1112.044551,2543.486896,1820.205775,1049.334947,277932.7445,2033.837935,877.6160675,2740.040441,1813.602504,1031.407243,3191.522782,1772.374267,1080.029295,39.26538888,16.98110018,118.3158196,0.15608166,50.40990298,0.423962386,0.435971186,0.596145539,284.4014643,19.07860834,147.6786484,-36.68390856,97.40351523,-1.005684302,5.528912101,46.30620738,-0.723720856,-9.860838699,150.1118464,-0.008190552,1.431664345,18.67796342,0.352146175
d13_06_G01_1_2_T,glasshouse_b1,Gladius,T1,R2,T,9238.014625,1548.371307,1623.999442,69.20672634,1252.538326,1445.289957,13016.56769,1584.171379,1148.086633,12095.57303,1536.512518,1813.119438,9275.709027,1547.810565,1616.910502,6882.174736,1532.312628,979.4774496,454955.1878,1822.768645,963.9327551,7431.285007,1581.600947,826.8869262,9561.351337,1532.410301,1528.768833,59.06733341,40.79550456,415.0860358,0.078976502,157.9367239,0.402384004,0.432537173,0.724218844,785.8349898,56.43566554,513.223715,59.04716458,364.2256457,-0.756737127,14.63090027,153.1079821,0.063716538,16.71876938,510.9112714,-0.311511148,2.501725867,50.99066611,-0.397593218
d27_26_G04_0_2_S,glasshouse_b2,Forrest,T0,R2,S,6994.068193,1421.648667,3132.747046,52.15154199,1590.302437,2815.220699,26331.94186,1416.494319,3083.510657,27210.24083,1403.190824,3051.59357,5816.021053,981.9340852,2613.640031,9429.1801,1229.45299,2780.354912,397404.6041,1455.193215,364.6675425,9203.098741,2018.387546,2941.537567,5533.910487,971.390403,2534.783118,127.5606471,77.07435968,502.0834402,0.16249646,208.2669771,0.415694218,0.435920917,0.776771109,1073.371783,77.2052225,713.8905281,61.23192767,472.5930007,-0.189143389,8.959062185,209.5653353,0.374103795,39.51185357,660.389775,1.76236978,3.331099681,73.63656639,0.685235989
d27_11_G02_0_3_T,glasshouse_b2,5489,T0,R3,T,10038.1255,1482.362422,4036.644339,60.27044797,1432.483285,2469.182975,37233.2559,1661.680962,3353.5199,42874.02675,1542.729301,2660.532984,11577.59112,1474.095451,4072.673338,16023.06988,1498.949774,2595.107488,352998.1706,1827.693284,3782.120508,11433.40445,1454.511703,2538.406992,10471.90914,1465.68913,4065.733208,199.8337505,139.2122578,864.149065,0.171317197,331.2576391,0.421975383,0.433413825,0.881933667,1655.301034,128.5627389,1144.92963,111.0533716,736.5982197,17.64439359,21.48053462,323.7221382,13.91610224,64.09038735,1015.04045,43.02366044,4.380509489,114.8866637,8.096401102
d41_40_G05_1_4_S,glasshouse_b1,Hartog,T1,R4,S,21472.70722,2349.485293,3437.859496,46.71500224,1374.521689,996.4659767,36036.62919,1441.791439,4192.055671,47691.22763,2272.994035,3466.54185,21099.08212,2355.202769,3447.341433,19313.81466,2143.413814,3389.323119,464933.4209,2494.569858,2978.53995,21097.40429,2339.62733,3559.329414,17024.50001,2323.490944,3516.996947,401.5803302,291.6639059,1309.816085,0.224284778,454.3589424,0.398851854,0.43676967,0.979780478,2467.944498,177.4383151,1616.789556,280.521123,963.7051224,39.62002869,64.4180303,420.1752782,28.30867077,229.3544449,1317.544425,86.96365859,14.31695711,146.0632548,17.20237028
d43_41_G06_0_1_S,glasshouse_b2,3811,T0,R1,S,21517.31104,956.5732972,3992.566503,78.24448033,1313.340473,3547.409554,87903.78601,1481.193489,3659.013322,99012.1976,1634.463942,3483.952364,14101.14777,1170.815017,4536.357379,38172.05555,1331.430074,3605.692897,627631.9514,1210.472542,3637.759354,60805.4326,1228.31468,3990.164925,12670.33791,2363.599999,2926.603192,1047.486604,828.0929675,2383.613431,0.346223824,834.8574565,0.395419988,0.413214798,1.444632946,4428.316866,343.7592858,3041.998934,692.2233395,1556.746702,136.6110085,167.8943179,680.6179195,103.8627678,539.2095189,2141.213522,330.7044094,32.26442247,243.0098916,64.85073968
d33_30_G04_1_2_S,glasshouse_b1,Forrest,T1,R2,S,3185.688291,694.9168569,2275.962968,84.76316927,743.8015068,2296.230507,9329.420063,777.0835061,2458.737968,7934.478437,764.6544174,2439.370736,3389.093577,703.8276305,2195.824037,3654.115694,720.8218733,2386.507348,376077.0376,876.2260587,2487.755502,5815.59157,744.0849785,2327.379928,2421.764815,688.2935907,2301.161449,93.31459072,30.74944867,290.4519506,0.11021735,87.94648105,0.346808216,0.322297682,0.588932265,580.9212222,31.00831742,299.246209,155.969664,203.6866581,-1.440139737,25.71312909,78.50088051,0.236127434,89.60379622,278.8291283,0.358508026,4.700924836,26.56455428,0.520047926
d21_16_G02_1_4_T,glasshouse_b1,5489,T1,R4,T,5403.265043,2350.271811,1975.183785,53.96191579,536.1642658,2692.755646,17850.60087,2027.274731,2388.988762,14868.77401,2034.658249,2382.487527,6151.508398,2322.933178,1997.504772,5244.49284,2009.353066,2867.764217,387249.0033,2021.299628,1566.892535,8136.465663,2042.71051,2757.87631,6222.172441,2304.923447,1979.549322,71.7523822,43.54862102,414.4638231,0.102962322,151.6549819,0.409245498,0.436248412,0.731056634,911.3362779,57.44643533,536.767086,23.56873193,352.2329581,3.711873228,7.817804143,149.9764747,2.37900444,55.30950944,473.8526872,0.626792626,2.0773911,52.57344565,-0.133971094
d17_08_G01_1_4_T,glasshouse_b1,Gladius,T1,R4,T,16162.80385,1924.04516,2044.373681,62.02497123,1720.181091,1314.679888,13602.67267,1885.322754,1735.647094,10520.36827,1862.230486,1683.85585,16984.84917,1952.849438,2009.481641,5048.354815,1896.507826,2120.30461,850399.8284,1647.43078,1456.135607,7768.065606,1747.217105,953.6813175,20648.45579,1918.432626,1748.044697,64.1633186,62.21691954,530.1655305,0.109183435,184.3009825,0.400601192,0.435578742,0.846771619,984.8956185,65.1661956,632.06275,64.0566869,412.2978709,12.65693293,21.71620265,174.835446,10.24885099,51.43983661,538.6415823,22.50505446,3.74955793,58.15227347,3.937029276
d27_40_G05_1_4_S,glasshouse_b2,Hartog,T1,R4,S,8662.023097,1651.912834,3429.680165,64.6799178,1342.332716,1880.317044,19623.16526,1653.824343,1907.447596,27998.44938,2410.260863,2828.161194,9418.185814,1627.969485,3426.961581,10784.48016,1355.952833,1840.434976,403319.5492,2211.238517,2723.709367,12279.9952,2549.353262,2098.869056,8145.419126,2423.75141,2972.80742,113.5922091,73.51425403,555.2146237,0.122726074,220.3512765,0.413596414,0.435937106,0.871161359,1157.263647,81.22796845,766.0146273,108.70127,501.4966284,3.645206532,16.38360685,222.1786089,3.820512148,44.80435463,713.2318464,14.1124662,4.36832842,76.19582086,2.659743217
d25_45_G06_1_1_S,glasshouse_b1,3811,T1,R1,S,9197.231274,766.0693736,2335.516934,55.99636394,1000.348598,1748.399562,16043.56467,1232.228346,2085.53329,16342.53985,1320.519839,3037.753346,8601.820289,781.3741739,2380.147937,8298.777978,1003.499267,1988.381124,502699.3509,823.0404785,1800.901841,9888.610575,1564.336694,3227.654652,6844.917968,761.568272,2194.481281,160.3945658,77.56124796,624.6513949,0.131764821,215.4833024,0.384414656,0.436328826,0.650569456,1139.354473,76.03024307,709.3976765,123.806843,480.6038469,0.713700392,29.49526577,210.9233928,0.210459403,103.2301598,649.0904651,3.183435271,4.969305251,70.09268608,0.571497242
d05_36_G05_0_4_S,glasshouse_b1,Hartog,T0,R4,S,1587.605948,1422.601651,857.7166353,61.14646512,1057.108245,773.4127098,3345.372148,1398.627297,859.5665892,5554.771227,1395.415956,914.2293429,1374.57174,1415.003233,806.7750113,2743.817147,1051.692472,755.4003806,164395.1371,1451.967789,182.2001427,2432.194895,1556.616256,256.6890181,1828.526592,1421.132758,824.5577116,40.0573281,26.06452716,141.2410579,0.163648767,58.46550679,0.367225673,0.412200405,0.574927988,370.6228964,17.38706435,185.2909956,-26.88554913,118.4515234,-1.120673398,11.90060488,46.87511561,0.040060467,17.55322538,150.8696799,-4.484238348,0.972463094,15.0045831,0.694045188
d37_22_G03_1_2_T,glasshouse_b1,CALINGIRI,T1,R2,T,12416.87911,2023.661669,4037.43143,66.78398936,2029.850321,4307.420328,25416.5045,1996.939851,4220.413594,25721.31597,1998.855794,4275.217047,10247.8208,1965.535217,3844.220363,13003.79017,2033.690856,4568.362438,566650.016,1935.205379,3561.776652,18150.79403,2013.447044,2507.776355,10470.31984,1968.148627,3863.242359,175.0266611,123.5206741,950.6000049,0.138180016,351.4690283,0.403039824,0.436358257,0.619394938,1855.799312,125.2786189,1175.435226,92.64500992,829.6337886,1.062296846,31.92194609,348.6103835,-0.56221809,87.8070672,1110.321287,5.935129088,6.094784968,119.7831491,-0.650982351
d25_09_G02_0_1_T,glasshouse_b1,5489,T0,R1,T,6395.857539,1117.605805,2918.633877,69.55537019,2431.101642,3764.273273,30038.34209,2183.901222,3026.764522,31882.7496,2427.978368,3122.416232,6904.896229,1133.068397,2958.526289,11449.29619,2331.153993,3176.784032,344168.3284,2116.542861,3754.958827,14004.59661,2271.054977,2011.83261,7149.924598,812.8630802,4074.272211,142.4452072,92.09788055,825.2447961,0.111487981,326.2495197,0.431264483,0.433731467,0.733329325,1623.5603,121.4302455,1101.228875,18.35953654,771.0137826,3.79613561,9.59081033,341.9214972,0.994156492,22.24882438,1087.347738,7.321450456,2.617474652,121.7106095,1.478367538
d21_43_G06_0_3_S,glasshouse_b1,3811,T0,R3,S,9123.926368,1798.827071,3075.007042,51.96780025,1774.801212,2593.647284,23432.39718,1734.765142,2443.644819,30295.76676,1785.927694,2732.702165,9247.854466,1758.457487,3089.947752,10802.60793,823.0809053,3293.544513,425573.4042,849.9729948,2816.493211,12940.29744,796.6144694,3300.201919,10104.01764,1757.727994,3112.123426,159.9066008,116.8301236,791.8036686,0.134319748,308.8162647,0.41583905,0.436536459,0.716848935,1533.909409,112.704775,1045.211933,104.0457586,713.0902874,0.088776821,9.324419783,312.4798931,0.271137155,88.36050571,996.3770551,-0.623674135,3.983268301,109.2594552,0.025302676
d15_33_G05_0_1_S,glasshouse_b2,Hartog,T0,R1,S,3199.695841,1219.407728,888.3691772,51.3052214,1194.313793,2329.392136,13068.47352,1250.233464,2239.151664,12554.56215,1259.647704,2311.919513,3154.686656,1221.360836,876.6910428,6154.499155,1056.694109,1021.661996,359672.8651,1465.750021,2213.702936,10229.72178,1163.669139,2286.221596,2760.113718,1236.998433,884.7196959,94.57383203,35.64026139,361.8409555,0.095427454,123.8871923,0.397403348,0.435900554,0.584829296,670.5025595,50.35106219,443.6438361,56.22376597,298.4759775,1.33152381,8.316917855,134.8604595,-0.107787606,66.89832649,422.3973943,-1.508413231,2.702880966,45.43280697,0.424435616
d49_08_G01_1_4_T,glasshouse_b2,Gladius,T1,R4,T,12642.89392,1916.034367,2042.172244,89.98195449,1560.058954,700.9166053,66281.66632,1644.197935,1448.080964,64153.20978,2074.605357,3151.697188,14063.96177,3086.311083,3942.419653,30811.40561,1673.981964,912.7948863,495606.6887,1999.393357,1697.081493,21022.30944,1590.622227,741.0959133,13554.97083,3114.068551,4020.432043,645.5284149,422.3148673,1728.582726,0.234157913,598.3690056,0.384226198,0.326740484,1.495984241,3351.052178,248.1620607,2154.357473,749.5649097,925.6530415,96.4089487,180.1143972,422.7382851,81.62793343,530.2338604,1339.846799,260.2124244,34.03872539,159.4622342,56.80746422
d09_03_G01_0_3_T,glasshouse_b1,Gladius,T0,R3,T,8239.298097,1446.579952,1259.892137,103.8653273,1675.857857,373.6866502,13965.89211,1419.817171,1140.752615,11854.09754,1593.442202,857.9623663,8360.301803,1425.611159,1275.905496,4516.509075,1448.243831,1199.261715,523113.8075,1672.741021,990.6169565,7554.677415,1380.081891,1362.566356,8047.93256,1438.385254,1268.440002,88.32097091,57.88598925,367.8100672,0.143304935,138.3237173,0.44385128,0.436792328,0.92040114,705.2426568,58.16683351,448.2090617,12.27397306,325.0349408,9.314759829,13.51833565,147.3543377,4.650472166,20.49070587,448.1184597,15.30120793,2.234049934,52.22312719,3.305189041
d35_27_G04_0_3_S,glasshouse_b2,Forrest,T0,R3,S,10516.71135,777.9299359,3246.885858,54.96395941,705.8443398,2903.534872,26063.70126,779.1718407,3170.786694,26184.3946,744.0846135,2932.060929,11307.05713,839.2676428,3170.712446,11570.85772,1463.951015,677.2775491,486146.3709,839.6817872,2368.299339,14520.15246,1428.943269,757.4592381,7499.674648,854.448535,3502.266733,209.3410284,148.481193,723.4658369,0.214710942,266.4142759,0.398570927,0.435596522,0.984993177,1352.326937,95.82909768,910.7193721,108.6474843,581.9093722,20.25183756,29.00774667,249.974967,14.52868993,79.77618299,776.9402776,42.19755825,5.539506631,82.92357923,8.797731642
d4_T021_14.10.23,field,Gladius,na,R9,T,47877.5486,174.628435,3198.444009,57.21380538,225.9506835,2404.76466,195370.3192,848.9389924,2019.139974,220102.6462,962.1338942,2381.283198,30050.83027,172.2958281,2848.36082,90990.60096,405.9763315,3263.769159,413903.4932,270.6839661,2428.089795,85430.62006,1208.502886,4841.166626,30203.51361,149.1276034,2927.922589,1155.554449,405.5460607,3512.403098,0.118727206,634.3655996,0.201243093,0.190736246,0.962258421,6928.042094,126.2723291,2234.846055,3197.33254,251.2059051,3.235534102,618.6999926,89.0286579,3.351572436,1937.250938,267.0436715,4.002986063,98.81253975,24.58706073,2.445708746
d17_29_G04_1_1_S,glasshouse_b1,Forrest,T1,R1,S,1142.144664,238.9087911,1774.423199,49.01650482,1230.610281,2420.843963,3955.717335,1289.01337,2001.39217,7648.48443,1283.706271,2030.431182,4015.918025,237.3044436,1742.095189,2850.038786,1176.871194,1305.862289,328675.7398,280.1446251,1463.728863,2208.276484,197.018886,1729.191974,3059.067008,243.4117544,1767.258317,73.34903777,28.6779588,176.0602918,0.160066736,67.66521302,0.364078948,0.411201156,0.58037497,344.398134,21.34788897,212.0554625,18.55270747,151.7846145,0.712807461,8.04793698,62.64271902,0.793584587,25.07685341,173.5398564,1.098443948,2.266019373,18.74601309,-0.019601823
d15_04_G01_0_4_T,glasshouse_b2,Gladius,T0,R4,T,13810.45453,2009.562821,2518.719696,47.79279129,1577.458723,753.7459709,22147.50481,1902.062595,2324.562135,18531.61819,1880.584043,2323.102494,12018.15108,2083.219854,2556.354952,10063.51035,1588.218919,701.9778279,364683.255,2020.249312,2215.613597,7430.799625,2071.404013,2719.145968,11808.65438,2093.255161,2510.288288,88.60154024,54.78719168,490.1469457,0.100895646,213.0210628,0.411578659,0.436437215,0.87885362,1097.679765,78.19426066,736.7864131,63.41821702,503.8667636,-1.846965356,7.294604397,218.2200592,2.251229515,49.72234862,662.3058944,3.422849364,3.590053684,74.17402545,0.327091985
d09_20_G03_0_4_T,glasshouse_b1,CALINGIRI,T0,R4,T,4506.371878,1980.424008,1509.138087,49.04772296,1851.743586,988.7051034,10087.09504,1753.3483,1560.863047,12418.27015,1881.641371,1252.719403,5845.734106,1930.359389,1568.720024,4546.157226,1753.050332,818.2899385,490687.3191,2011.947368,1062.89681,7001.577913,1490.371519,386.7294241,6482.314134,1946.247098,1551.600062,90.96289991,60.82349196,317.7105895,0.170528693,133.6043291,0.418111646,0.434630567,0.725018837,743.6187839,52.78966992,478.3014007,3.678285145,308.7017509,0.523328911,4.227196261,133.5118602,0.452539262,7.187340484,437.5588753,-0.510729873,1.975817724,46.50798451,0.66786323
d15_36_G05_0_4_S,glasshouse_b2,Hartog,T0,R4,S,4689.200639,1154.657056,1759.463648,58.01712674,2438.619687,1398.524446,20630.89811,1408.434159,1186.881655,22591.40225,1213.83855,1616.162328,5740.685101,1182.206288,1762.925767,8693.490867,1127.551426,1571.833469,371927.14,875.3488835,1533.303539,5991.520137,1255.073123,927.1138623,5079.95145,1185.882961,1787.884563,146.3812131,72.13290175,478.3055752,0.152721082,176.217033,0.384164512,0.432968682,0.734669121,953.6531346,64.51339868,576.5588993,111.7544924,368.315893,2.386077902,23.56237532,155.4844924,-0.453323659,88.37526582,503.7522958,4.618023467,3.677468824,56.54416417,0.996327352
d35_41_G06_0_1_S,glasshouse_b2,3811,T0,R1,S,5334.904736,1411.069938,3350.067296,56.0887825,1327.380459,3613.751734,45381.40783,1497.842813,3226.565345,63612.67524,1422.703611,2373.761427,5258.356786,1405.754562,3273.267162,24481.01881,1329.555674,3653.079996,375838.3648,1460.311428,2676.387267,26081.73494,1318.573,3609.735983,4788.787754,1423.714089,3391.887079,367.5071271,242.1163896,1200.281262,0.196586522,418.4449587,0.383249906,0.409069976,1.132366272,2349.953247,152.4492845,1463.450453,302.9358699,876.7518602,22.90054696,86.81847022,376.3310379,13.61086027,239.4880839,1195.660412,45.05296628,18.17227173,128.2512361,8.929400541
d31_01_G01_0_1_T,glasshouse_b2,Gladius,T0,R1,T,10206.84208,926.2474795,2687.623035,105.7294466,2387.856981,2600.23159,32729.73592,2181.896234,3254.740834,38205.02594,2329.932556,2965.863041,9265.487845,917.2047865,2532.831485,19502.38121,2383.46594,2285.617242,331486.9164,979.3907543,2071.241857,11355.05136,2335.860259,3442.200724,8973.76169,917.8223702,2541.426693,258.9781876,162.0086609,931.3284879,0.183861644,331.6959384,0.400751123,0.435989544,0.812720756,1829.32981,121.5538354,1151.301756,119.1989782,730.3069431,8.262566842,34.89831045,317.1219142,4.98837949,118.4557741,999.0046629,18.6809271,7.068596588,109.3176208,4.259967965
d07_41_G06_0_1_S,glasshouse_b2,3811,T0,R1,S,5297.294743,1555.329106,957.2772749,69.07227898,1652.92547,646.424704,7676.045268,1634.587367,401.2122794,11734.39519,1580.189146,559.0661966,3589.476059,1558.894572,930.5713546,2979.745309,1650.024184,215.9956854,379605.901,1442.853778,375.0821883,1275.646272,1650.883948,238.938613,4193.018865,1558.856952,949.0070031,50.55947914,33.46750627,223.4875936,0.145742188,73.37436918,0.405565985,0.435805979,0.580701688,329.3124896,24.56942418,227.4592732,30.16839339,171.3845393,-0.379905712,5.421942927,72.63282682,-0.200841392,31.83465466,210.1164991,-0.58658871,0.500323454,23.81176976,-0.328860876
d41_28_G04_0_4_S,glasshouse_b1,Forrest,T0,R4,S,4632.105588,1199.070478,3930.429755,95.20788244,1371.782011,686.037884,22964.06477,2003.77029,3855.816859,25859.1905,2048.774803,3819.098502,4769.907242,1198.671839,3944.007231,14588.37378,1346.23529,4162.689105,310514.7828,2570.200569,2561.662989,21687.44737,1351.308858,707.7737034,5496.973476,1199.593629,3926.902846,333.573629,215.6971103,934.8368816,0.227628048,334.8792907,0.392535695,0.432702045,1.105218815,1897.12959,129.5307953,1176.751649,207.3194159,730.2314522,18.91435886,42.48331466,313.3267178,15.44998103,156.0586357,982.1895635,46.81803654,9.071731813,111.5847158,9.184866773
d37_18_G03_0_2_T,glasshouse_b1,CALINGIRI,T0,R2,T,17331.06457,1133.664315,2473.322318,44.47825338,930.5413023,2796.351711,39437.13492,1328.759737,2175.84156,37394.52578,1317.056903,2141.387745,18166.20327,1197.059858,2512.862425,16749.12641,1092.421485,2068.334606,583512.6783,1421.394304,1803.954849,18658.24496,1433.288284,878.0454532,18472.57116,1219.687277,2306.277725,293.3314432,198.8466064,1234.434288,0.166196849,446.3382592,0.394315033,0.435122643,1.043367396,2393.743529,169.3164268,1552.297503,256.9627121,924.5450722,24.97871567,78.04073259,391.5098175,16.19583448,255.3108494,1281.116846,58.58800392,15.08620836,140.3612836,9.581330665
d07_24_G03_1_4_T,glasshouse_b2,CALINGIRI,T1,R4,T,2102.760931,1130.511492,877.1605466,57.85076406,1402.129266,562.1746827,8514.082891,1722.06955,502.4392162,10967.2593,1527.816673,605.7736088,2720.914167,1125.927885,852.8190136,3581.37039,1442.687541,694.6012441,353462.5141,1463.074964,789.3097123,1596.847104,1603.701203,361.5515885,2866.812357,1139.549228,861.1060571,78.31284997,40.3934933,209.9118955,0.175692435,74.65821962,0.375612095,0.413176026,0.584711235,398.6193035,22.31449362,273.8073567,46.39380478,151.7903703,1.388004805,11.60339656,71.34679644,0.030430134,34.49504758,213.4275445,1.463499082,1.71504985,21.28183799,0.381140272
d13_33_G05_0_1_S,glasshouse_b1,Hartog,T0,R1,S,4152.802928,1232.203005,837.5667694,58.70270653,1163.513535,742.9886089,9511.011216,1272.445206,2114.644046,11118.72835,1285.654131,2127.967844,4237.760622,1229.016023,796.9501408,5736.361277,1149.300307,772.0482652,383370.9495,1013.979673,2053.018388,4831.197782,1161.011451,1936.491456,2708.036628,1226.176536,751.5470951,83.84574916,47.63409662,320.3103363,0.135992393,123.481491,0.411329485,0.43818133,0.566915719,634.3222519,41.93514224,401.2727816,44.86884979,291.6337251,-1.101150677,11.25846861,121.2233039,0.36293777,22.21659803,367.787428,0.57189865,1.75237495,41.36620246,-0.590127531
d33_34_G05_0_2_S,glasshouse_b1,Hartog,T0,R2,S,6701.92757,2156.137267,1334.831057,85.02587647,1653.412176,629.7848633,28829.15276,1571.20777,1541.422472,30711.21337,2122.72576,3049.092805,6879.012302,2132.879895,1308.270348,16867.2143,1712.401001,1157.297555,446932.0933,1908.78097,972.7179326,25035.80309,1625.316694,755.8934934,6647.103829,2127.043313,1306.691966,346.7511886,267.4996602,1057.360994,0.250629407,393.6305164,0.413920166,0.437202997,1.108123096,2146.111109,157.5220694,1388.889768,146.97346,834.1655324,56.10814843,34.3348962,366.1260371,39.92834102,129.5332418,1123.022165,126.3013385,7.957411863,124.4438069,23.84400319
d5_T023_21.10.23,field,3811,na,R8,S,75753.30687,565.2896929,3963.338624,76.96390749,902.3917513,6106.249671,267978.3198,979.6771445,4804.144097,323492.8871,826.5865395,4487.853147,55984.76488,530.7935915,3791.937069,140877.7058,980.7516645,4279.51003,500125.2488,355.7335409,3503.775443,246644.6128,949.7568226,3676.189454,55627.77038,549.3197344,3831.538895,1494.008145,768.195296,4630.14139,0.164574447,835.8123301,0.202157455,0.189226268,0.682341485,9127.477144,165.2560691,2934.424052,4279.242331,329.8223809,1.332478691,811.674816,119.6129371,-0.422416505,2568.631434,381.3911766,-2.201183503,130.3347715,31.71551457,-0.095768432
d35_18_G03_0_2_T,glasshouse_b2,CALINGIRI,T0,R2,T,20378.23282,1184.511676,2284.130502,81.99353031,1427.733316,1171.450133,46224.27284,1366.125552,1489.982194,43754.20862,1325.524351,1822.388042,18476.42014,1201.398032,2321.590943,22604.37781,1528.093635,997.7957195,589132.9026,1422.349717,1790.280645,24777.92229,1031.83879,2408.438888,19003.62473,1205.801463,2279.04481,224.6494799,155.9963453,1131.672008,0.137011672,394.1094779,0.385619856,0.434941203,0.773821204,2242.612323,142.4508036,1382.006783,268.1362125,821.5880463,9.723422291,64.9048659,359.2827451,4.426630797,224.3026782,1116.404814,13.29888383,16.15482586,123.8720755,3.272698232
d6_T011_28.10.23,field,Gladius,na,R4,T,101872.1924,1343.650347,5828.374052,76.17777463,1415.621343,5733.528949,280326.3153,1107.02622,5665.836703,267766.1905,1090.127108,5724.074631,84087.86491,1331.810091,5885.970904,115644.9847,1144.737664,4860.619712,572003.3625,1423.485855,5100.418327,209509.0399,1197.52677,5872.951431,81594.28053,1328.582548,5896.156709,1311.816368,646.0096535,4602.854499,0.136647585,813.6741367,0.19698735,0.19211138,0.757587499,9030.450653,157.8018689,2840.2509,4286.678664,306.4392434,3.049543341,809.9721616,113.7543493,1.703716964,2558.775518,337.6721416,3.86974204,126.5143692,29.01153425,-1.390784719
d11_35_G05_0_3_S,glasshouse_b2,Hartog,T0,R3,S,3319.63981,1468.999947,489.2153699,63.17666394,1491.888868,350.8619788,11384.14775,1463.306056,473.8153146,10557.59495,1497.31456,493.2748445,3083.48623,1454.44501,535.0597357,4634.223819,1470.540779,350.9584227,388448.994,1817.180497,261.0376844,5862.731066,1477.411608,327.196667,3596.999605,1459.312705,576.4695621,76.55204414,68.56232996,286.7989014,0.247629142,87.88593613,0.385690823,0.411956446,0.726203927,533.9838628,33.05728113,324.9111202,62.87826068,203.7664056,0.704357104,15.60598095,87.83692979,-1.271634219,31.96265365,278.0169341,5.188924353,1.029982219,31.84582689,1.174990842
d31_05_G01_1_1_T,glasshouse_b2,Gladius,T1,R1,T,16182.049,1318.473819,3794.394738,54.06784935,1762.015711,2175.280543,30471.74848,1357.677549,3468.424577,39985.17909,1380.402029,2680.775663,16426.33339,1433.235681,3790.716383,17564.68426,1478.470628,2458.420166,348759.3041,1488.151476,3677.498863,13844.82984,1375.132288,4112.813617,16343.20231,1432.553635,3832.161263,236.1971793,150.0002965,903.4053462,0.166801352,323.617705,0.397586455,0.436405057,0.869558535,1780.603095,114.087536,1105.150221,149.1441436,744.5151808,9.028494506,38.4555799,308.4406197,6.107307158,119.0768057,970.1316262,21.02964112,8.801830973,105.7022694,3.554159897
d15_38_G05_1_2_S,glasshouse_b2,Hartog,T1,R2,S,3349.949866,2230.254927,1832.060611,48.11773149,2161.952956,1662.486209,19093.66253,1024.813021,1592.005531,19317.633,1038.70463,1566.246316,3491.33547,2243.116692,1855.146158,8006.143214,876.4364328,2231.574174,386599.2865,859.1268378,1660.817631,4764.504903,1312.964282,698.395534,3138.914158,2215.510995,1845.906118,112.4700281,50.10217151,383.5997814,0.128682307,142.4218101,0.404082728,0.43456788,0.579134131,782.0701756,51.87093066,504.3441549,38.83699693,323.5045323,-0.005496836,19.7722209,140.6745473,-1.250016016,52.16114216,439.271353,0.712506494,3.062121371,51.05558578,-0.250316277
d05_31_G04_1_3_S,glasshouse_b1,Forrest,T1,R3,S,1498.555742,1622.62834,555.2853511,64.03272989,1467.52232,231.8415845,2861.519731,1645.168822,649.8006769,1876.837225,1639.749836,612.0552138,1577.253073,1599.374709,507.1239486,1263.609024,1618.408979,581.3795226,303024.6934,1450.35265,245.7590854,2424.401706,1468.567348,173.8185984,893.5587799,1540.052411,279.3123152,56.98598497,24.73795005,122.3371686,0.402150574,32.20584273,0.38762848,0.410031729,0.583074258,115.8848708,13.44792621,138.3722788,-4.510160343,70.03017491,0.211822605,9.961378607,32.20443933,0.588042226,28.195848,91.4338925,-0.157643323,1.079456971,10.79051741,-1.178258001
d43_47_G06_1_3_S,glasshouse_b2,3811,T1,R3,S,5661.923452,1018.748376,3239.210164,58.97713764,2031.312265,2357.050611,32134.66739,1299.083447,3854.132521,31814.45776,868.4526264,3656.545053,4548.005543,981.4101491,3284.076704,19099.1356,1190.958513,3348.93447,401717.9728,1455.991625,2054.449343,11141.34581,1316.981292,3236.32186,4962.67649,701.7588073,4662.198305,384.0512185,239.5452896,1003.803518,0.232212268,329.0373673,0.363250421,0.411334065,1.02617614,2025.944153,119.6256533,1181.486321,403.7724356,633.2140665,20.69332921,91.85066124,277.7561197,13.98914322,262.5422993,846.8540369,52.48421947,17.43755258,97.9047786,7.878092462
d07_18_G03_0_2_T,glasshouse_b2,CALINGIRI,T0,R2,T,8818.070402,1614.000032,423.8539574,78.64085806,1488.857935,204.1599234,11230.09044,1460.615959,368.027628,13277.45439,1475.45289,420.8608249,7519.92396,1551.170906,386.0915105,6965.541832,1484.334247,230.8026773,384619.0414,1823.299425,263.1536575,7402.99666,1491.52123,326.9885042,4958.709674,1280.021433,1002.86078,57.24722565,43.9038248,255.7644752,0.180875723,82.29579515,0.425945151,0.434450554,0.884150487,498.3626972,35.59445192,333.2348859,42.11916398,190.3936231,9.243206323,7.731201013,86.36057339,5.855171675,29.65353213,270.2272196,20.45977022,1.435156301,28.23116547,2.555959276
d3_T001_08.10.23,field,Gladius,na,R1,T,162827.3369,861.1704232,5776.453175,83.47688899,459.3495367,5671.84651,342818.1046,991.4133607,5592.478838,338543.6427,982.4429514,5598.339396,143021.5792,889.597502,5737.759664,135742.4488,910.8936023,4862.928319,843199.1798,594.4503203,5407.722361,337825.6379,1016.704877,5667.414833,130338.9915,838.0599315,5775.293313,1169.379232,714.4951385,4200.20187,0.170249361,807.8143222,0.217601576,0.189219511,0.803306813,8193.590899,173.6980776,2861.597204,3670.057484,491.2099112,5.753865514,739.4667549,185.1265018,2.271075504,2292.65363,561.1988198,6.716910825,121.7977263,52.5812448,2.342203499
d27_06_G01_1_2_T,glasshouse_b2,Gladius,T1,R2,T,8683.349045,1519.913747,2002.369299,92.91299933,1758.050727,664.9753166,22005.1094,1661.290919,833.0863358,22540.74042,1560.511456,1835.991516,9125.558194,1487.066662,1974.106093,14702.4278,1710.334226,711.1634107,431873.6894,1461.138876,409.5616212,15313.04944,1712.702631,695.0823102,6464.323512,1635.388061,760.49525,188.1712646,137.2608191,626.7973311,0.232955292,201.2754635,0.385382579,0.411646869,1.025904849,1222.023993,76.71932011,735.0816246,205.8255869,388.4728188,31.01888767,41.04689856,158.8694877,20.42038776,146.7205463,509.5201611,68.68768995,9.871247928,55.01879325,13.63820612
d41_22_G03_1_2_T,glasshouse_b1,CALINGIRI,T1,R2,T,14129.16911,2002.413555,4020.797385,59.46332694,1877.761496,4671.053347,25451.72982,1941.848306,4396.418652,28977.48147,1945.880417,4372.562923,12316.94772,1933.273485,4072.114989,15012.52869,1928.038804,4708.977444,553139.5195,1944.202656,3573.872913,22444.38118,1937.442078,4539.394097,12606.76785,1934.044857,4076.901109,204.3987545,156.2049993,1024.578778,0.158858288,364.6934483,0.396164415,0.436284823,0.93309316,1922.295269,130.4927568,1252.021683,135.7736617,847.6095264,2.134912495,38.77437734,360.3881688,2.152930999,122.9664845,1127.603212,10.14889872,6.944176208,121.0932674,2.527962915
d09_16_G02_1_4_T,glasshouse_b1,5489,T1,R4,T,5697.284221,1610.280373,1253.868202,79.17993588,1527.817335,486.2933171,6080.164333,1661.13827,1298.839277,4882.970745,1539.793119,1029.335512,4602.097563,1619.136012,1202.572608,2460.033514,1678.722178,1407.947242,370492.3195,1426.980673,1326.730658,3552.544249,1700.558799,1468.606342,3583.459681,1657.245544,1357.371416,30.69178868,11.15371037,104.9899107,0.108282368,65.53614754,0.41814232,0.436230922,0.589742941,256.7935357,22.13411802,163.926149,39.95408978,130.0157307,0.410258817,0.513289951,56.64992431,0.231991712,8.378336796,163.5187487,1.625356263,-0.120942606,19.73960046,-0.093574105
d5_T020_21.10.23,field,Gladius,na,R8,T,297579.3247,990.4584301,4601.920176,115.9695824,667.5704978,3861.184894,308816.1997,1076.271628,2912.445003,327123.3211,1112.762895,3008.502098,228176.9581,1016.289139,4858.489106,171973.5628,905.0317828,5887.083976,1628565.933,1154.798795,5291.821642,221045.7779,944.0558594,5657.524995,208534.4376,1031.608786,4810.818268,1241.702243,999.3695975,5354.645201,0.186680539,1069.556713,0.22803023,0.237752684,1.388601254,10301.11451,246.2843503,3808.043699,4561.661719,744.6882301,26.49270292,921.292158,271.7307955,18.58161939,2922.635893,844.9943309,61.82049075,156.3676682,79.3769151,11.52198923
d35_42_G06_0_1_S,glasshouse_b2,3811,T0,R2,S,13053.81945,903.896776,3179.514797,67.70955713,1914.075413,2489.704676,51441.27172,1160.967588,3796.910868,56886.76488,1484.451983,3573.754259,12713.90372,859.8651571,3159.900472,21297.98677,1385.819709,889.1236463,348809.8333,1476.568841,806.7650376,19579.82835,724.1283752,2367.483033,14016.97129,861.6525879,3110.893206,514.1356207,337.9837511,1440.39318,0.236841094,512.0873394,0.397709498,0.43478344,1.339072609,2765.793076,199.9279675,1837.732903,318.6963846,1069.86375,56.11183428,77.950291,468.5311227,44.05869541,229.2313966,1470.421126,131.9300059,11.90317638,161.5461119,27.50873467
d17_05_G01_1_1_T,glasshouse_b1,Gladius,T1,R1,T,5664.382268,2383.975967,1904.13866,67.84192423,1513.122892,2477.358408,14682.96696,1538.9217,1857.948061,14548.04023,1372.6575,2350.770451,5811.851486,2383.759832,1836.691489,7814.070621,1499.233204,2328.389755,406747.9201,1447.424427,2079.09005,7628.737982,1462.141006,1279.206421,6236.344348,1499.784769,2957.135451,94.74827164,48.28242159,512.6165995,0.091457957,189.2595559,0.415181853,0.433461128,0.581969633,910.7238278,67.59264995,619.8884831,42.93917065,439.600371,-0.938435416,8.90300977,185.1230553,-0.696738174,45.58362238,587.2473544,-0.462154941,1.738011351,64.72556866,-0.327817001
d37_27_G04_0_3_S,glasshouse_b1,Forrest,T0,R3,S,10936.66428,753.8512258,3209.848045,64.84971539,743.0258955,3203.371899,26682.37302,741.2248492,3037.958941,24568.62822,738.9594976,3093.708664,11763.42401,837.3532372,3225.508964,11462.06826,735.7690159,3057.741073,485603.6583,827.641872,2343.005521,16577.67879,750.7746473,2684.774153,5909.759133,934.1939758,3762.157566,234.7920763,164.3057954,765.9175836,0.207334076,279.6227585,0.408358819,0.4376036,1.238287357,1462.431013,111.2165294,980.9123842,156.6174359,628.0251219,22.89807149,33.25372571,267.2992115,16.33636683,97.99256194,849.7383798,52.76237173,5.389888707,94.11141268,10.67922899
d1_T021_27.09.23,field,Gladius,na,R9,T,34171.71673,485.10941,2974.27967,52.0520292,1461.44123,1445.405399,186103.0062,923.2944213,2076.274973,203544.4227,950.7912821,2047.750971,35139.70055,466.3964928,3024.088421,106562.8895,754.133305,3196.177781,529844.3763,700.1021238,2603.623082,108292.0527,536.3620118,3058.926339,32099.47742,506.3153642,3027.159827,1118.758967,365.6872524,3211.029115,0.111265708,604.6659655,0.203656518,0.18779382,0.870992518,6437.415788,117.7683348,2095.419402,2973.776482,254.0352967,3.312652941,579.514824,91.25800929,3.918963613,1786.017189,266.0513081,12.00208182,93.54856403,25.02943109,1.794687572
d37_48_G06_1_4_S,glasshouse_b1,3811,T1,R4,S,19517.65159,1471.294754,3218.514649,60.11187446,1781.070318,4517.69277,26959.26383,1281.339601,2957.820521,21480.12701,1660.629785,4018.564347,18850.12686,1478.372868,3228.623383,8830.374914,1448.843723,2687.02936,525708.6822,1416.77049,2582.189023,6416.248916,1423.058671,3295.494334,15639.67044,1433.652842,3054.373565,253.1248539,186.8329587,881.47502,0.210377958,299.7749976,0.381660162,0.410084405,0.917730585,1711.293014,111.278569,1065.607528,150.5848662,703.8110263,7.09562459,39.8819356,296.6577603,6.13062806,127.1008298,931.5781279,12.51385537,9.763390933,100.2728662,2.422822389
d11_06_G01_1_2_T,glasshouse_b2,Gladius,T1,R2,T,10104.56825,1655.729966,1489.416212,78.98925882,1775.490424,1011.836333,14944.83049,1681.909943,771.8912446,14187.97408,1621.166426,1638.509286,10096.84475,1614.260374,1474.981589,7326.665538,1656.824264,987.0208443,540401.8964,1893.943675,1202.820986,7815.47868,1617.193259,892.7588763,9075.571517,1628.930221,1501.419669,68.07688406,34.27688268,391.441806,0.084898028,150.7691426,0.403671653,0.432877126,0.606310367,748.1613649,51.94913896,494.6183567,31.60165782,371.1343285,1.661998892,8.554750136,154.5621397,1.280741622,34.02635485,465.4175153,-1.448176317,3.771065246,51.60008558,0.046950771
d45_46_G06_1_2_S,glasshouse_b1,3811,T1,R2,S,11806.6175,1453.224618,3880.873777,69.73098478,1223.244971,4061.456642,36809.55548,1816.251151,2805.784041,40659.32699,1813.880833,2975.03579,9791.707469,1543.228827,3865.506029,23484.99449,1239.490031,4465.8697,366031.1749,1465.739081,3364.781118,25092.7019,1242.784854,4268.558007,10461.74393,1551.081852,3852.655301,608.5633537,368.836687,1524.387011,0.253146264,468.2452555,0.369131122,0.41021212,1.53319451,2882.659094,189.7269383,1695.34007,499.2353244,878.3770255,57.5210223,123.4065276,385.2244854,46.55626021,414.4076706,1219.474389,154.891176,23.88444133,131.3448093,32.72424835
d31_36_G05_0_4_S,glasshouse_b2,Hartog,T0,R4,S,9446.448975,736.9959221,4542.119735,102.0546493,635.8507996,4992.909816,33508.78859,1335.783468,1405.932245,39732.8233,744.1246146,2930.717405,9076.662115,728.1491981,4532.366649,16459.0208,722.2232911,2860.369608,475690.1638,835.3965114,3862.887341,13876.07181,726.4043667,2842.454427,7967.30056,730.6100777,4497.381687,308.1913329,210.9405925,907.8461338,0.222796604,339.6178585,0.403834761,0.438307873,1.047830008,1825.908803,134.8505408,1206.882036,221.0410803,731.5532626,24.45279865,48.60591018,328.6260782,17.58978322,132.370944,1016.498386,56.69337175,7.501225393,116.7308539,10.6865572
d09_45_G06_1_1_S,glasshouse_b1,3811,T1,R1,S,3347.477606,1541.252776,1238.741263,48.00954035,1642.573932,430.6243987,2432.708653,1555.661195,1248.560599,2419.305948,1540.618185,1158.345815,2722.665852,1551.103942,1195.579651,2134.921765,1012.833964,743.1553257,313070.6857,1473.579987,1458.247727,2828.745103,1004.144062,761.3424328,3400.299076,1524.570414,1213.723652,46.66767433,40.30451518,176.8485255,0.150301335,72.20766202,0.388233577,0.411351863,0.588752491,350.1042152,21.87757733,183.9592871,8.691927227,153.7348052,-1.286043787,7.264181765,65.82664144,0.17885785,18.667165,225.4326528,-2.891629568,1.636858455,23.40913006,0.222881048
d33_01_G01_0_1_T,glasshouse_b1,Gladius,T0,R1,T,8304.212242,2199.286107,2487.285339,65.23281371,2436.02508,2731.774254,25853.5637,2107.101463,2358.645886,27321.96938,2364.971147,3390.113988,7987.859209,947.0943561,2709.667736,16552.45513,2387.009874,2228.384753,368746.8437,2395.841449,3168.743601,17092.84005,2406.531041,2320.31094,8007.009677,963.6917646,2720.655796,314.1837569,179.4075546,1016.750533,0.18839855,348.4417468,0.396907767,0.434701815,0.912262355,1974.952278,129.9948236,1223.460164,180.56763,781.8509043,8.458381358,48.04230951,334.9625551,5.745161103,156.6612639,1054.108646,18.99644383,8.546010601,121.6265446,3.722468869
d11_21_G03_1_1_T,glasshouse_b2,CALINGIRI,T1,R1,T,4886.047573,1280.048272,1334.194616,49.97755623,1818.982915,1511.959397,13747.59304,1797.004622,1698.82428,15361.34621,1461.718495,1646.799301,4967.748157,1267.501608,1283.293221,5852.576807,1715.925031,1523.1107,364642.4963,1448.708589,1019.474587,5871.550294,1786.450444,1582.561348,3647.069916,1281.635507,1340.980473,94.01967206,54.57125188,354.9164191,0.140121587,120.8214005,0.401725203,0.435300807,0.932731842,642.7401403,45.96019131,445.9126235,59.26189624,282.2249687,1.18696175,3.285963504,126.4173749,1.906592184,29.20899831,371.4652969,2.834481215,2.02122432,42.86044079,0.877335457
d05_06_G01_1_2_T,glasshouse_b1,Gladius,T1,R2,T,3812.56101,1646.108591,842.6175115,64.8319728,1746.991743,260.0794913,2339.558958,1691.99511,601.8957786,8293.918142,1665.53197,637.9826498,3841.775902,1644.123583,839.4344497,2602.64502,1725.322778,790.5537506,325706.7046,1931.113086,905.5311315,904.3175145,1833.696408,646.4627879,4574.802731,1642.747184,851.9209754,18.59584518,13.16645106,189.162433,0.086023698,64.51327335,0.408983957,0.434583842,0.588909315,294.7593726,21.51556273,185.276802,31.8417979,148.8946245,2.330059046,-2.841024246,54.98234587,-1.20721926,19.59895508,206.3064054,2.661920408,0.710478976,21.462145,0.026897501
d05_10_G02_0_1_T,glasshouse_b1,5489,T0,R2,T,2481.276712,1770.014057,469.9845961,59.03404831,1849.306915,370.1365602,6579.864118,1784.405759,393.3765732,5917.77117,1776.278322,462.0316103,2578.19573,1769.531004,427.2117039,4428.924483,1832.171081,456.8783037,397684.085,1637.602557,259.5760668,4949.306606,1806.330694,296.4153412,3652.513906,1767.255143,388.5467211,52.63539837,48.50666095,190.442741,0.203681314,74.46297464,0.386748021,0.412114157,0.596828997,360.1519633,23.98236113,200.3531464,43.59398192,138.0453273,-0.67503317,7.898798099,65.83833905,-0.127757532,43.23312292,198.7755905,-2.356797638,0.60339799,22.71629372,0.139255443
d37_06_G01_1_2_T,glasshouse_b1,Gladius,T1,R2,T,6732.452325,1515.917394,1593.966242,75.0407785,1954.338842,1302.021165,22323.5399,1848.537957,1301.904488,19819.33247,1611.397109,1296.682427,6043.93564,1538.297597,1661.24979,10498.45222,1687.25593,1522.8501,362792.9248,1881.700132,1484.960287,12619.79243,1723.002094,1501.30384,5382.554396,1523.073917,1606.128235,267.2352554,143.440026,867.2719056,0.177242956,258.0678663,0.351350064,0.321072065,1.33343126,1624.373822,89.5279476,911.0113565,361.9255638,457.9409428,3.721414861,93.22268935,194.4626398,3.751398122,268.0878174,618.6980156,11.11690132,19.673129,67.14237054,2.878281065
d15_06_G01_1_2_T,glasshouse_b2,Gladius,T1,R2,T,8856.171486,1610.473485,1539.99155,61.7596509,1646.218805,833.4929284,16416.41804,1633.510682,921.0514315,17085.84451,1543.111564,1861.921227,10189.70228,1540.533813,1623.362871,8100.494701,1641.440209,764.1712786,571163.5362,1483.699709,1283.443061,9982.417032,1646.307824,746.4917142,10055.1184,1544.436535,1527.50623,46.5946375,38.48910421,434.3082438,0.085830353,148.1079791,0.3877588,0.410596072,0.58411152,834.3017419,51.46944464,523.1966809,79.44636391,357.3769335,-1.224735651,14.73602121,152.475834,-0.309462905,58.89653026,471.6184461,-1.084216855,3.194177882,50.12578924,0.743739396
d15_11_G02_0_3_T,glasshouse_b2,5489,T0,R3,T,5955.617325,2253.615123,1393.696362,55.30794284,2303.362544,1467.525219,19632.6814,1509.594586,2420.59514,23411.71211,1415.086875,1920.962,6029.443928,2220.853095,1482.877308,9062.461704,1535.574587,2669.113829,363923.754,1466.146251,2239.250732,11913.85702,1416.773667,2423.077919,6812.588534,2252.944048,1452.568788,110.1652322,74.21503379,475.3681476,0.142310808,185.6696841,0.420019244,0.434966439,0.725639388,968.4966189,67.31219049,630.5283976,67.17051653,428.570749,-0.283677171,14.46087346,190.6212825,1.515613359,49.20167011,611.938412,-1.522777043,3.220198324,67.1624192,0.275717379
d45_46_G06_1_2_S,glasshouse_b1,3811,T1,R2,S,11044.66799,1450.302167,3891.838774,70.03343436,1239.143399,4054.946682,39184.51459,1807.38234,2852.85449,41584.4888,1810.339543,2994.190894,10782.63099,1540.521007,3861.26984,21855.65388,1229.103352,4442.033939,366693.1471,1462.63673,3286.852541,27613.85036,1245.083385,4323.887013,10458.46398,1548.788449,3838.603775,621.1532437,373.0729469,1509.944547,0.251977469,467.0959925,0.369359213,0.410899382,1.535499636,2851.480692,190.4607618,1755.399233,521.0420343,890.8262716,58.22642948,112.1194019,380.6355296,45.72337667,385.4999179,1179.908766,152.344186,23.64833063,130.4388819,32.74535987
d21_06_G01_1_2_T,glasshouse_b1,Gladius,T1,R2,T,8506.078197,1507.43546,1916.974087,58.04151359,1642.47721,1949.116892,11969.42997,1536.674354,1409.059815,12117.45747,1465.983902,2136.075063,9349.212029,1463.496895,1914.962417,5735.115073,1686.141515,1396.397303,509886.2703,1483.563171,1137.232425,7519.744489,1613.942629,863.4010096,11216.26172,1476.351903,1811.314318,68.35213363,44.59626986,464.5603635,0.099718277,146.0193936,0.37875732,0.411707022,0.776908328,880.1123134,53.37603692,490.484987,117.4566531,356.6737667,2.4588501,19.13836342,141.0160168,3.439631675,72.81836635,435.7704201,6.664490794,5.531809743,46.35590774,0.274030032
d37_42_G06_0_2_S,glasshouse_b1,3811,T0,R2,S,14456.77788,901.517428,3157.60512,79.73334474,684.4322751,2491.656725,39712.86803,1122.77864,2651.4626,37464.93199,1166.796606,4185.267404,14964.74998,860.1712671,3146.006232,19641.56561,783.9204768,2504.042527,553330.068,918.2103649,2546.839088,16129.2195,546.8700094,3508.035827,14253.38306,877.1023215,3128.093519,426.5418225,297.3183985,1421.338078,0.200713931,540.9149496,0.398695534,0.4361739,1.011406929,2818.604303,200.8750417,1864.381834,274.5447951,1134.232907,37.83776418,66.61958986,491.9949348,25.62210393,190.6984732,1559.089332,87.95706426,14.19168531,174.7389977,15.55054483
d07_38_G05_1_2_S,glasshouse_b2,Hartog,T1,R2,S,3414.554394,1429.878161,460.062961,71.3992922,1422.357562,370.8865971,4245.061354,1368.016806,509.2507343,4406.441262,1301.999156,639.6636846,3158.137603,1401.976202,466.7912137,1785.734859,1450.661444,326.1471165,304649.3891,1433.901548,232.5551502,3782.923904,1444.709458,372.3289999,3524.183723,1393.339757,499.2251996,12.79414232,18.06585548,102.4302094,0.1252688,40.67504057,0.387581685,0.411807676,0.580867621,119.4329236,11.54408109,151.3876679,22.10078496,78.45428757,-0.634548113,-2.248267537,28.92909204,-0.292302733,9.676821917,113.9154106,0.359012471,0.806487854,11.07243884,0.637125353
d25_29_G04_1_1_S,glasshouse_b1,Forrest,T1,R1,S,3161.736472,221.5327632,1718.276043,55.51516665,1218.432489,2499.51086,11664.71165,1238.582751,2485.80302,9989.421744,1331.280976,2442.367452,2608.994942,222.2942605,1808.302411,3740.821385,2497.099506,2486.811172,318195.6708,2571.221994,2659.549787,2775.352807,309.8432036,1683.702865,2708.709408,257.9239801,1793.19193,75.68327705,39.81561782,293.7730623,0.125596148,89.44360522,0.348985953,0.410583596,0.583679549,564.8503867,30.9822592,339.6689432,100.902644,197.2150764,0.966379745,17.59901343,81.86412044,0.101005762,41.10984108,231.2635632,-1.337060571,4.09721765,24.908876,0.658824698
d11_18_G03_0_2_T,glasshouse_b2,CALINGIRI,T0,R2,T,11542.32601,1640.802112,637.4633538,62.38629159,1427.42097,400.7611018,16826.86605,1650.122779,681.6617392,24502.28462,1474.894325,924.0938019,11840.29329,1541.064963,672.4854382,8177.990017,1447.427975,425.7278806,467541.6604,1482.125072,405.6248594,9019.123783,1435.21954,454.6319163,10241.21402,1542.851977,709.9576546,71.45746907,48.59807608,436.3002953,0.102676313,164.9116088,0.405938724,0.434213082,1.024249807,841.6099469,61.49768453,559.5280858,32.50219058,371.8399389,8.852533041,13.43950906,156.3300781,7.457165851,16.40850898,501.740991,17.13986174,2.808240724,55.45527349,3.96445929
d49_45_G06_1_1_S,glasshouse_b2,3811,T1,R1,S,10887.01093,1877.342963,4068.019208,56.04027161,1634.553145,3037.738244,72391.52537,1594.511766,4042.007747,67785.87795,1682.219039,4044.85929,9283.814678,1952.28459,4049.955961,29973.60418,1834.344119,4451.63542,520903.0135,1550.284439,3498.638486,47459.7572,1837.077092,4117.190881,9129.483937,1969.854277,4085.513569,776.5973182,481.170713,1847.261164,0.260590855,562.9028654,0.358397278,0.323273286,1.042773346,3473.051619,213.8602255,2065.154776,763.1842767,1070.786215,45.45791193,162.3015177,466.4089249,31.99481516,530.4936857,1444.047996,101.5384178,30.07273452,160.167326,17.65100934
d07_02_G01_0_2_T,glasshouse_b2,Gladius,T0,R2,T,4456.111498,1211.612982,996.6590059,55.08884951,1184.915971,1119.349706,9911.560829,1375.374847,425.0049361,9883.499073,1321.696237,591.8194282,4519.028611,1218.369638,1061.992862,4287.176301,1549.986961,314.0420602,355703.388,2014.34273,867.1321946,2152.979137,1606.327988,292.3752986,4730.667749,1216.46294,1031.635914,50.00810011,24.48230791,221.0987778,0.149691089,82.8612782,0.445614752,0.434514294,0.589523558,491.2181742,31.71488704,307.1274805,15.46182306,181.854466,-0.699149933,4.351659343,80.83744292,-0.230632999,-7.93280665,267.8048382,-3.835014165,1.24986324,31.31880799,-1.101786196
d25_36_G05_0_4_S,glasshouse_b1,Hartog,T0,R4,S,3792.033936,738.8199832,2763.318382,60.91727059,1267.178878,1036.659591,17723.31846,707.0605756,3211.892715,26266.28378,1009.966847,2751.718305,5248.521099,744.1368723,2718.890242,5287.831914,2682.654322,2031.401007,320615.5329,875.0344356,3683.454203,7139.973358,805.0105401,2871.004019,4520.474754,742.0204842,2758.203755,233.0452634,120.1734702,714.7638205,0.180141319,234.2353139,0.383637905,0.434598073,0.649358597,1275.437953,84.78036567,789.8889027,133.4916031,532.8192597,2.034494134,24.26528252,230.5583718,0.093022603,92.72398435,718.3222749,-0.097011716,5.441449177,80.84090678,1.156262977
d25_20_G03_0_4_T,glasshouse_b1,CALINGIRI,T0,R4,T,15565.80724,1829.298727,2465.919677,48.43487596,1577.29087,4184.504704,28276.83928,1804.402238,2349.976729,28948.02675,948.404737,2636.770401,13966.96907,1856.282643,2467.23043,16379.17024,1552.931443,4100.073983,486586.0888,1964.451535,3300.887552,12260.36827,1852.107268,2594.060842,18056.28495,1857.96396,2327.907111,146.9866473,111.5533009,976.3906327,0.110085438,365.4890692,0.402476547,0.435520236,1.021767693,1905.657482,131.3044639,1289.571567,152.3836374,867.1515598,14.1438172,40.27919712,365.9462553,8.021437971,108.906889,1133.478725,30.02240029,7.746584626,122.9268214,4.806234618
d31_40_G05_1_4_S,glasshouse_b2,Hartog,T1,R4,S,11154.81681,2383.379994,3193.424068,65.38973274,1560.933141,4273.309241,26545.78356,1661.850981,3482.027117,32802.05851,2379.775695,3156.489691,11033.15126,2386.744403,3196.458531,14398.93528,2130.837064,3090.205529,398954.3673,2179.133631,2715.054278,16490.24526,2437.626396,2669.49224,11112.10311,2367.03685,3180.35908,173.163258,102.3151958,735.1154018,0.132394588,271.2125679,0.408023191,0.436738909,0.884053863,1499.711573,102.435856,929.0523698,60.44815457,631.1350628,4.472216461,25.93687816,276.7920247,5.095316645,81.38182278,889.296073,13.65972135,6.265758129,96.38375153,3.470279991
d7_T022_04.11.23,field,3811,na,R7,S,45090.14602,915.0479155,5262.333591,67.06085045,1725.203658,5762.654833,177035.6512,1201.093997,5299.25215,182352.8747,1222.742927,5278.283853,43275.32893,896.5175947,5261.871568,83247.21639,907.307687,4817.473508,437921.6873,946.633695,4928.939495,127287.0764,1299.68031,5212.220197,39583.03411,911.1943991,5300.743057,998.0824888,438.2323656,2931.111134,0.150525496,525.5459888,0.202108089,0.187199352,0.671210692,5816.866996,107.2222998,1888.109639,2710.955396,252.7605887,1.421675265,519.4727754,82.23948236,-0.753420933,1634.14409,261.0913899,3.530151101,82.31058144,22.47113476,-0.860499452
d43_06_G01_1_2_T,glasshouse_b2,Gladius,T1,R2,T,12903.60736,1631.695214,778.0166816,48.85872135,1635.097777,1455.154207,47444.50114,1748.210262,869.6533082,45793.24938,1811.516268,927.1841295,11826.97923,1602.870265,810.8172632,23274.9976,1703.047866,700.6773757,359976.56,1470.308389,1488.530432,20428.22139,1734.44726,623.401819,9523.457877,1880.657972,624.2384854,564.165918,430.0740453,1261.692745,0.333318656,388.0796566,0.359392259,0.321791858,1.362651045,2294.497214,149.6246836,1424.309397,520.8770955,666.8132771,55.90574421,129.1958585,280.3620279,44.97668748,426.3941782,876.2428366,140.5926284,26.57347682,97.19339248,29.32369904
d05_01_G01_0_1_T,glasshouse_b1,Gladius,T0,R1,T,5100.431898,1709.165063,839.7263117,63.54458995,1566.062627,283.9012269,2367.902926,1638.743111,449.5394852,5305.438242,1693.922956,915.361747,4446.604109,1711.083215,870.1317553,1818.145423,1664.174915,756.4879224,369151.2043,1462.169456,845.9546903,1851.602247,1607.770984,337.4992451,4437.804222,1710.03025,892.2771535,57.08582456,43.67912056,143.2246259,0.293868788,61.39978954,0.427893874,0.435924987,0.724701589,247.3948863,18.8137352,170.1061339,15.01512175,110.4508622,1.990427518,-0.099642163,51.6572673,2.330407017,21.30891017,160.1074593,0.204322433,0.589252894,21.22415653,0.333206821
d35_45_G06_1_1_S,glasshouse_b2,3811,T1,R1,S,8546.921752,776.0318806,2410.552719,76.87883615,1229.776946,2166.816281,33608.34508,1233.947118,2115.56744,36992.82544,1225.980454,2194.584826,6437.997785,1709.040145,4536.422654,18978.82126,1185.487623,1878.288535,393000.841,858.6508747,1495.475807,19164.74035,1192.81622,1855.385953,7383.647048,1716.736097,4579.508601,346.9576808,188.470209,1017.806293,0.179016388,352.9472931,0.381401006,0.435825604,0.875655274,2023.443837,127.1224228,1186.516823,253.0050062,773.7556685,4.549335869,48.7487962,336.820601,2.327003634,176.0890886,1055.773341,9.135651496,9.9807707,115.3496897,1.309710571
d21_11_G02_0_3_T,glasshouse_b1,5489,T0,R3,T,6559.088105,1620.081305,3266.434616,66.20755115,1618.932038,3460.225474,23638.27393,1445.582611,2827.812378,21620.86458,1425.204066,2809.730242,7636.826399,1621.993086,3256.784491,9341.625832,1637.828081,3455.356237,386915.3088,1469.03825,2191.92501,10265.55726,1427.736943,2475.175948,7086.496797,2678.468681,2508.699559,144.9654121,87.47955193,615.1544873,0.133850091,248.2992074,0.419921525,0.437255258,0.872635445,1297.664612,89.5053423,861.209522,112.2312643,572.9019303,6.048794704,13.09516428,239.4309583,5.56179163,34.48603673,770.3746807,17.96204116,2.69314897,85.32341373,2.295033228
d4_T010_14.10.23,field,Gladius,na,R3,T,17670.5014,806.5462854,5322.558614,101.2231186,1072.615147,5171.199274,143247.6414,1142.866696,5349.827952,148844.0052,1163.152058,5282.138988,17331.85392,797.8522479,5242.291929,57473.47171,1476.195814,5988.22609,595952.3652,1241.796395,5352.706005,127805.9673,1243.070999,5443.614303,11355.11945,808.4589321,5333.784771,653.8901847,224.8795701,1888.90405,0.120355152,337.7122306,0.194875275,0.188598954,0.757732493,3724.5324,62.39859562,1156.608639,1752.903847,122.5984846,0.953758067,331.8162516,42.71735813,0.446286943,1056.247104,141.3864658,-4.654029652,52.71592426,11.60637526,-0.07541647
d09_48_G06_1_4_S,glasshouse_b1,3811,T1,R4,S,4820.678858,1327.999023,1138.770274,50.85590807,1585.965693,286.9365857,6334.19565,1383.93956,1067.14146,8085.030151,1489.677595,652.3096858,2868.52899,1373.512211,1112.826686,3576.436956,1434.114876,523.4891196,353843.0008,1455.944175,718.2058757,6496.187699,1660.734878,271.8736626,3991.421957,1367.929766,1100.409527,86.41691378,51.99469057,217.289021,0.256456711,84.59721562,0.40569483,0.410951331,0.732510065,451.8528739,29.53103734,275.4752824,51.59582713,188.6868279,1.119702844,12.70454633,78.47066902,0.444289924,24.04702035,237.0367437,2.387798825,1.514271921,28.85825468,1.029004263
d37_12_G02_0_3_T,glasshouse_b1,5489,T0,R4,T,13861.78648,2066.133995,2796.344237,83.08392531,1665.604317,867.6401965,39552.9765,1771.429415,2182.665165,39441.11814,1787.685096,2174.094886,13901.65946,1995.011423,2866.585542,18631.04102,2376.512077,3052.368385,467717.1088,2571.963159,1751.386359,21756.7651,1589.636715,878.2266468,13187.2408,1989.653908,2839.533488,321.8321324,232.3823247,1306.666071,0.173847007,501.5627347,0.420485275,0.436610633,0.939955833,2551.539669,196.3296511,1743.042491,183.7118925,1108.561423,26.26964658,47.15538945,498.6509726,15.45557714,138.7397213,1552.205174,55.08766305,9.903015487,177.3786204,9.605472666
d09_21_G03_1_1_T,glasshouse_b1,CALINGIRI,T1,R1,T,2085.194455,1861.177248,1489.543497,52.06594317,1768.667695,1215.061047,7051.4287,1616.425508,915.1870245,5441.56849,1614.85861,919.4072638,2792.939838,1655.447015,1016.119385,3542.252333,1747.147746,892.3196866,350293.7564,2027.889535,1457.69462,5439.12692,1811.594618,1557.222639,2708.793852,1642.345999,1041.82693,82.43056053,41.27698965,218.2270797,0.180574366,98.00430401,0.405291844,0.436420598,0.910574982,493.6288207,36.21313041,306.669043,41.72685173,212.9057296,0.421727862,6.238807931,94.50522271,2.396784683,28.14991497,300.8216538,2.099174813,1.333840757,33.27920546,0.350422625
d17_19_G03_0_3_T,glasshouse_b1,CALINGIRI,T0,R3,T,10452.88795,1696.570013,2318.175985,62.10861368,1384.45708,1539.415722,20068.72246,1452.63219,2848.030331,16302.52162,1444.07756,2803.100228,9543.109883,1685.213965,2292.691806,8261.639746,1534.505755,3032.635838,383717.3376,1074.483213,2641.505319,12491.02586,1569.263182,2851.862208,7852.942653,1465.918166,2884.260881,137.2964329,97.31498363,672.1587177,0.151355168,240.8833931,0.406838743,0.435974657,0.725169563,1295.50131,87.70688305,844.1857483,89.91508882,574.8225431,-1.50611226,15.7052353,238.0301351,0.559578473,76.76399488,799.7269748,1.680910579,4.755511315,83.47957111,0.264982922
d05_41_G06_0_1_S,glasshouse_b1,3811,T0,R1,S,3640.876951,1586.445859,828.8333492,61.21638803,1734.642044,494.1794161,3856.85132,1481.103877,449.1629584,4914.155724,1572.363244,705.8297149,1238.648957,1560.482883,776.4757109,986.0655133,1410.394292,493.8708981,218669.931,1466.346671,244.850956,2552.709153,1642.439527,202.8751606,1868.826171,1546.307396,834.8993672,31.26893375,14.39858023,115.0820157,0.116182421,48.87610053,0.377081729,0.410156063,0.56997224,308.3332492,17.24427415,157.6325562,52.36772034,114.9793321,0.819177698,5.261211788,40.16225605,-2.109387624,30.93598185,141.7020166,-2.290119547,1.776308112,14.84368622,-0.16848228
d07_18_G03_0_2_T,glasshouse_b2,CALINGIRI,T0,R2,T,8403.918965,1613.766497,410.2050424,78.81686659,1484.456485,259.7720576,12144.14268,1468.530731,378.0005556,9619.993445,1473.21338,404.300547,8355.289557,1542.859828,387.0197283,7153.93219,1487.773733,348.8898069,385136.846,1800.431767,269.135414,6216.038903,1478.693114,328.8805958,7344.934461,1309.85296,1044.56948,60.43299444,39.20816726,224.9076027,0.183537861,81.21456119,0.42456932,0.434569328,0.881310999,377.7387973,31.12123321,301.5015631,28.44002125,183.7327942,10.00114421,8.281309713,90.48832529,6.269175828,11.50257822,254.6533859,22.60202785,1.159743918,28.4880666,2.333946055
d21_44_G06_0_4_S,glasshouse_b1,3811,T0,R4,S,9200.693577,1049.675016,1807.266145,57.99356038,829.3727083,2308.223644,25388.45281,966.6785828,2049.188377,27026.7555,960.8787802,2116.00132,7824.847355,1074.896371,1786.183884,13652.45267,958.2471052,1625.064938,555597.6043,913.5115216,1134.137898,10329.26181,1725.53677,729.1599288,9138.501061,1068.840235,1778.040575,177.2629554,121.4733529,911.930609,0.12758392,329.1492526,0.40491614,0.438315706,0.924391562,1827.443144,122.4778233,1120.310633,102.5044948,781.5290439,12.88773727,28.12595531,330.1250901,10.10698512,80.44522302,1036.028355,28.87634425,4.945317171,114.0216989,4.169429298
d05_24_G03_1_4_T,glasshouse_b1,CALINGIRI,T1,R4,T,2222.542648,1531.745912,728.9248446,42.46096593,1661.850039,281.6044299,4195.241952,1516.374206,655.4944006,4517.410379,1529.711527,668.4859476,3126.384102,1537.23272,721.5277724,1749.532961,1519.468342,822.9216979,287276.1312,1455.826563,284.0002233,1181.799041,1703.317598,293.7957402,2374.85551,1541.531964,685.5116795,45.53477695,21.49716383,75.89806194,0.247088049,41.73848606,0.369701519,0.411239196,0.622161058,217.9814982,14.33005494,141.6681664,17.97495834,83.45036946,0.408054128,15.07780052,39.73754722,-0.444790654,5.176735395,118.487315,-0.142783091,2.470400097,10.79005552,0.961656595
d33_16_G02_1_4_T,glasshouse_b1,5489,T1,R4,T,9517.120397,1917.587934,3147.751655,62.92560725,2234.528505,1878.535753,24125.89626,1969.860791,3390.896968,30171.46987,2175.799495,2853.442987,10433.55941,2001.335617,3200.863726,10104.85143,2044.401806,2938.309574,598146.5194,2015.058209,2553.540236,21335.78125,2182.088928,3255.860559,10590.03243,1995.49165,3190.167795,208.9702767,144.0757642,817.2518838,0.176847524,278.3781942,0.403955627,0.410222469,1.055348094,1446.595851,106.0402382,1026.206232,91.34445893,642.3717246,16.56822299,21.04438452,275.7455877,12.26095522,102.0583839,858.3333084,38.03233371,6.038409463,94.51150925,7.348838111
d2_T009_02.10.23,field,3811,na,R5,S,65657.09807,1088.445717,5833.442052,67.93765738,1110.465252,6357.056821,267025.1007,1054.926823,5232.54814,299019.8538,1050.174516,5080.728798,55691.9673,1076.139615,5806.918871,129200.105,1131.057047,6163.385689,539255.9739,1102.705112,4895.675042,127950.949,1137.294877,6196.204702,51085.35675,1033.40758,5725.698309,1183.431282,643.3200175,4267.123115,0.148072134,809.2636766,0.21015475,0.188579399,0.87560335,8506.931517,172.4917885,2889.300241,3825.184657,412.9436645,7.29870352,747.5136947,158.5794477,5.47078225,2354.202467,475.5381021,15.37271139,121.6804417,44.91751726,2.661915315
d35_46_G06_1_2_S,glasshouse_b2,3811,T1,R2,S,11796.35762,1452.846945,3960.501436,65.24763145,1742.163962,2966.498949,27215.5188,1743.235678,2141.991375,29571.53209,1776.181006,2299.776613,10105.4719,1540.537027,3909.484308,14021.58794,1349.840891,2339.25054,405290.7159,1421.773227,2086.479456,14964.26645,1321.376301,4150.082971,11163.93015,1530.952526,3987.702942,198.7776442,98.79920869,695.6141528,0.143700609,242.4885861,0.372219241,0.411677921,0.723647703,1425.339561,85.1260437,861.1832997,164.4118804,549.1781642,0.538771878,37.64234718,233.0231779,0.650483899,115.5425359,710.6198607,2.000276234,7.09972968,76.96592155,-0.681354221
d41_37_G05_1_1_S,glasshouse_b1,Hartog,T1,R1,S,4143.574547,2351.237218,2567.112368,59.6948756,2386.71786,2847.232897,6696.858264,1090.947806,2579.941961,9998.217013,1112.819232,2595.044953,4430.584803,2374.737578,2601.239727,4825.34666,983.7081325,2203.072359,194966.2282,2569.31567,2649.210066,4111.917721,2373.020532,2513.437559,4559.111128,2381.020702,2563.264791,130.8500792,75.69625696,371.1621955,0.233978704,111.007236,0.366732111,0.410130149,0.60529372,658.9188199,38.11418186,357.0304344,128.2214722,228.8542611,-1.439757837,28.14046068,95.33208808,1.400982021,60.88245074,297.9533522,-2.927100818,3.368894139,34.48870615,-0.14846377
d31_05_G01_1_1_T,glasshouse_b2,Gladius,T1,R1,T,16520.04205,1308.300685,3784.32094,53.74996042,1772.512085,2214.31625,32190.17613,1339.881356,3486.886415,37341.24498,1391.335307,2610.070708,16453.18043,1420.051079,3732.620628,15044.22293,1460.337836,2487.855434,350568.6443,1462.927066,3729.65763,12153.56211,1366.952316,4177.821133,17136.9325,1437.671266,3793.453118,236.596656,150.6050293,874.5071552,0.165714583,319.6257723,0.398485885,0.43376426,0.877017215,1670.697959,116.1092226,1122.911055,114.541217,727.1851298,9.345976495,37.69352078,314.8442962,6.778828,124.9489104,997.6019083,18.86866457,7.242591148,104.80513,3.019719234
d41_12_G02_0_4_T,glasshouse_b1,5489,T0,R4,T,17869.57985,2841.517907,2288.165347,56.25438509,1699.331186,1000.046824,44766.42508,1854.971246,2288.834118,42244.65568,2029.833923,3615.583787,17409.67381,2804.825224,2232.024012,20673.51128,2461.347001,3215.395522,464624.6928,2576.040195,1803.657233,24924.07728,1623.335809,870.0029815,14475.88858,2012.374004,2999.131236,446.4382357,341.3282837,1590.013974,0.214954673,608.102307,0.417638703,0.434872951,1.095859687,3070.204971,236.2606491,2097.739059,292.9048135,1288.281947,50.02801438,65.56974961,568.9868125,36.2996248,194.5295288,1785.363968,120.3425299,13.87018497,204.2482362,21.93220292
d4_T015_14.10.23,field,3811,na,R6,S,13456.36859,433.5778623,823.0248711,61.2774216,673.4895585,5522.68998,189581.8434,1014.914094,5020.908027,186374.0205,1060.296096,5056.928286,13453.56938,415.0666739,841.4922325,104569.4277,765.494487,5773.306602,430125.2328,240.6181453,483.4926277,75420.96272,525.2387255,5262.967177,12012.16718,421.3783761,6611.725853,1146.065462,481.1898131,3573.378794,0.133493419,662.1848849,0.200888274,0.191042062,0.825954496,7109.810079,125.6310356,2313.085678,3347.459884,239.9299183,1.177469835,640.2820838,78.28178824,0.032257721,2031.212625,287.1244801,5.664157284,102.4343735,24.38547481,-0.352839569
d41_46_G06_1_2_S,glasshouse_b1,3811,T1,R2,S,11253.68657,1427.087915,3915.622748,57.78287249,1267.213729,4174.886904,30705.0488,1794.606083,2832.488267,29048.70546,1800.118185,2881.592249,11731.77344,1504.38707,3942.849933,12432.95555,1249.763384,3884.730139,352763.2585,1407.203642,3398.681001,20619.05199,1238.016323,4292.727509,9150.977153,1032.304359,2562.779791,396.9832834,232.7112451,1093.987197,0.219930691,352.9488268,0.371510872,0.410589346,1.237807137,2069.51422,131.6028612,1270.901198,318.8291677,738.9605266,21.46777892,72.26048238,309.1427051,16.65355334,241.9098291,985.951911,47.75619739,14.86778551,108.6415782,9.395298827
d31_21_G03_1_1_T,glasshouse_b2,CALINGIRI,T1,R1,T,21789.22469,1938.728984,3288.134211,67.77575349,1707.213089,2905.550247,33446.42409,1412.806266,2065.024446,31447.65533,1432.167328,2093.048974,22591.49687,1860.317019,3343.543515,14754.00151,1667.933242,2961.934589,537116.9577,1983.30591,2502.111161,15895.35805,1555.916761,1608.610687,20392.5888,1860.739591,3351.212818,193.18543,171.6885423,1050.640495,0.165369125,359.4544404,0.387300683,0.435638799,0.732832106,2017.334647,123.1278103,1234.529237,194.9589268,815.5204474,3.962369333,57.93498487,343.4264391,5.495803674,179.6896249,1060.366164,16.18561226,10.85109663,115.596848,3.230655134
d45_16_G02_1_4_T,glasshouse_b1,5489,T1,R4,T,11834.872,1984.441548,3373.675635,65.68286819,1598.526934,689.976005,37912.44639,2348.376382,3991.563459,50991.61361,2369.444728,3575.522823,11281.96827,2057.200676,3351.743192,18196.47648,2435.719799,4395.164579,568092.7421,2055.765907,3009.517976,32173.54055,2373.701243,4120.086101,8089.61549,2080.683647,3553.136735,556.9966933,411.6616811,1504.987983,0.275815671,509.8495009,0.387616694,0.409987497,1.75219409,2835.139582,206.2740893,1828.928734,453.3190445,996.4548614,59.74060723,99.59503602,431.5267633,51.29692588,294.1660463,1351.355558,159.0491175,19.40243773,149.4819511,36.97303576
d33_01_G01_0_1_T,glasshouse_b1,Gladius,T0,R1,T,9257.804049,2199.041967,2486.133217,65.02359731,2445.271565,2684.517287,26536.67628,2109.162813,2379.649708,28815.26668,2350.086494,3387.21274,7796.100723,936.5759222,2752.117446,16477.06976,2394.699886,2256.086229,362686.7921,2409.282255,3186.507845,18149.72311,2392.911921,2325.259779,8210.674776,960.0469449,2705.870937,307.8067177,190.2407877,980.6995933,0.186816586,356.6143188,0.39657744,0.435155004,0.920189605,1898.169671,132.9409196,1220.584749,166.2866344,782.086789,8.128554272,42.58160224,345.0442939,7.037527849,135.6434084,1067.516085,14.95087348,9.269543978,121.097404,3.4633812
d1_T011_27.09.23,field,Gladius,na,R4,T,70316.14393,1472.768221,5818.607496,69.6445356,343.811849,6511.043502,270018.1219,1226.793473,5701.105779,239025.2481,1160.593452,5895.66785,56363.53747,1402.524971,5803.090837,103486.2308,1609.683759,5692.099707,591995.4268,420.9126028,5180.332053,111262.2715,1606.047702,5676.597113,53031.726,1418.492219,5728.85376,760.0469634,228.1211258,2085.025918,0.110087483,370.9605901,0.198358042,0.190102156,0.655403629,4156.719279,70.97276198,1273.901389,1944.316367,136.4963094,-1.186564828,357.7421845,49.67959886,-0.0073106,1158.966882,141.5403317,-0.164840391,56.91305938,10.94046742,0.074966743
d41_03_G01_0_3_T,glasshouse_b1,Gladius,T0,R3,T,12361.78053,1554.525763,3311.112128,60.96409803,1942.745175,992.4349732,40436.34921,1710.753636,2380.566768,44451.31991,1720.749786,2530.952415,12656.34057,1511.78705,3281.05907,23288.76857,1718.26839,3170.790742,331853.4654,862.0859118,3904.235283,24249.66964,1823.069868,1038.892168,14544.68966,1379.083304,1667.824833,364.8087788,228.6859892,1498.079216,0.154308623,551.9661369,0.39973524,0.435141832,0.912094828,2964.209509,205.4653214,1963.438212,311.0855907,1215.799534,10.75021847,72.57088917,531.6106,6.989529017,211.4422173,1663.862548,23.65416025,13.43500654,186.662611,3.268114485
d31_41_G06_0_1_S,glasshouse_b2,3811,T0,R1,S,8881.474253,1452.412726,3500.482032,67.10355851,1650.578517,920.3948252,28322.09357,1387.08172,3072.544505,31409.41812,1387.64721,2786.949508,8008.519152,1414.228615,3588.597306,12385.01856,1493.925317,3569.800004,542985.7875,1218.5371,3299.380897,12321.92188,1468.876701,3365.670399,7526.04645,1421.056491,3604.060426,280.7827709,195.8492258,830.701533,0.226748278,274.7039787,0.38151139,0.409606315,1.131109048,1528.021915,105.4751421,1043.453699,190.9395974,628.321275,20.66174663,46.89122946,261.5261502,18.3042052,183.7569912,833.9281718,52.77175471,11.5552596,88.27132528,10.10284935
d33_10_G02_0_1_T,glasshouse_b1,5489,T0,R2,T,15556.88392,2511.98151,2825.450928,53.76994111,2108.320033,3648.016261,34736.04638,2058.28864,2166.686066,40224.33082,2058.269707,2112.585721,14887.25098,2519.67706,2821.543825,16348.7251,2452.300027,3421.769387,473043.1734,2560.13182,2282.641147,27616.8652,1848.290725,817.9299411,15781.947,2502.853011,2820.558742,375.0660389,306.9837781,1305.147622,0.229301058,490.5765379,0.414561531,0.434386418,1.247740283,2633.777601,194.2456351,1709.56245,172.5761612,1124.983343,28.17356228,43.36187525,483.7671463,20.77362163,146.7979998,1536.509443,62.62322013,8.662496774,170.7412448,14.06191828
d09_32_G04_1_4_S,glasshouse_b1,Forrest,T1,R4,S,1867.966908,1387.601504,721.9501463,58.30748141,1403.198704,590.4701953,3660.673136,1373.453602,710.0140698,5548.447487,1404.265649,562.8559491,2914.816032,1374.266512,699.9784362,-1127.490488,1558.370747,339.7478733,304964.2238,1440.042319,262.8248247,916.4791276,1571.010052,227.069103,1983.203302,1367.576459,682.7005755,14.46154132,17.4470664,62.60919399,0.192317151,39.91678062,0.392474997,0.410584459,0.580788561,213.2545005,12.83637871,118.2463368,48.91547688,71.04317029,-0.466169862,7.486855146,33.61069417,-1.577364538,22.25306424,101.6691812,3.697517917,1.080374167,9.873934253,-0.032276952
d27_18_G03_0_2_T,glasshouse_b2,CALINGIRI,T0,R2,T,19546.24302,1202.690475,2310.966031,56.87264786,1111.893048,2396.521869,40979.26267,1400.005626,1543.698496,48195.62736,1364.410889,1723.275938,18982.58647,1227.146516,2344.807692,22220.90509,1472.47163,1021.98791,400791.389,1441.248509,1012.171631,21767.65228,1178.472221,2171.712303,19161.12802,1241.388255,2333.606306,187.288228,133.326693,956.6677952,0.132575961,348.5355635,0.40266524,0.436288442,0.786286483,1935.568965,126.3782879,1218.929887,165.8451137,809.3073708,11.16279364,29.438693,353.1297374,6.629662322,118.7697594,1092.621551,19.80294168,7.629822548,119.7007908,3.118226696
d4_T017_14.10.23,field,Gladius,na,R6,T,20896.34035,1316.947735,4887.01304,67.7923197,1448.640053,5233.817008,174311.672,1257.628387,5023.487656,187772.813,1247.159161,4889.390574,12740.73807,1325.48306,5098.952347,88739.39978,1140.153661,4660.051299,394706.8981,1224.341579,2457.925408,76608.45961,1597.942597,3630.700375,12022.82412,1347.155466,5063.304206,1004.726019,301.9704116,3351.454351,0.090523437,604.8717377,0.197701424,0.188627574,0.591465517,6601.718271,111.9673485,2055.718473,3107.14434,208.9796985,4.058793467,592.1237208,70.44214035,0.305955025,1872.02421,213.9728689,-4.809623222,94.9354795,18.46566169,-0.457887767
d07_21_G03_1_1_T,glasshouse_b2,CALINGIRI,T1,R1,T,3442.268404,1644.176342,1041.896988,92.78963635,1726.465595,1130.769632,6638.132601,1652.042092,1080.42422,8369.342763,1648.095228,1061.338975,2450.534699,1625.673905,1020.662999,2445.184751,1525.203193,288.2432658,396543.7933,1467.690997,364.0193284,2892.411316,1539.771161,296.5992668,2611.019318,1628.672653,1049.652825,50.37624959,22.57023625,206.3676894,0.14187618,62.72502533,0.386818178,0.437424714,0.613059829,347.7693625,22.33396722,206.2563747,40.25402084,141.4766496,-0.237705551,9.647129463,61.9043945,-0.24219857,23.80863078,176.2969997,0.206353779,3.209540063,20.60430866,0.5620935
d31_24_G03_1_4_T,glasshouse_b2,CALINGIRI,T1,R4,T,24905.41687,1155.537079,3660.986043,68.03132822,1279.442155,4179.671145,28195.64063,1252.262005,3965.199093,28302.98928,1256.959337,3900.038015,24510.81643,1206.475837,3580.311688,13751.83677,1095.324143,2839.137571,594262.7816,995.7660743,2781.202738,17997.80142,1199.150683,3945.470538,21395.3243,1169.163205,3380.360872,128.2649214,85.57043392,795.8572558,0.104926911,282.1057641,0.385667684,0.407432602,0.726154602,1711.050969,103.464468,1029.80172,121.3616991,680.7652986,1.638613233,43.29960404,286.4838238,0.858751413,131.3513589,867.8641075,4.55686261,9.188264537,90.82754029,0.533405873
d11_25_G04_0_1_S,glasshouse_b2,Forrest,T0,R1,S,3344.288001,1544.434344,1434.972361,89.15990889,1347.84643,407.6814231,5454.564246,1249.900375,606.3086714,11583.75479,1262.057387,616.1864578,2781.288045,1547.825271,1466.27589,4385.386106,1331.84986,460.5876927,339441.4609,1455.315265,1405.558385,3085.669304,1354.856033,431.9973194,4078.379936,1553.115758,1418.09124,53.48863761,3.491831147,153.6077673,0.098169891,61.8641328,0.393272905,0.409707162,0.936167218,340.5425969,20.55662204,187.4967743,-11.98507201,143.6298979,2.826726416,7.877865336,57.39808848,1.837734219,0.917213869,181.9419089,4.254316907,1.009648069,18.43300387,0.777268309
d49_11_G02_0_3_T,glasshouse_b2,5489,T0,R3,T,23876.84803,1545.134751,3917.899057,56.83494301,1843.492773,1041.754539,64828.50066,1640.939675,3782.535199,85848.62821,1691.667771,3528.852407,23318.08463,1514.061293,3938.476156,28741.78156,1117.627793,2879.490466,499244.4376,1429.845086,3586.826725,18113.28931,1428.772636,4535.523712,13806.76539,1443.86132,4209.333765,692.8922736,520.8329049,1748.989326,0.294566448,638.3858027,0.407707879,0.433699197,1.290322683,3199.539517,259.838257,2260.133888,446.2953617,1263.386345,79.60414196,99.00116347,560.6340972,59.94671536,262.3631458,1786.19637,188.4402162,18.31559886,205.9189822,35.92680152
d49_40_G05_1_4_S,glasshouse_b2,Hartog,T1,R4,S,24092.3656,2346.908853,3716.10016,59.94665339,2078.645527,1189.182642,72007.34498,1624.165037,3827.507908,99139.44297,1687.343714,3327.092554,18444.03199,2343.737755,3475.881856,42673.45505,1565.954757,955.1637719,380852.8008,1465.457127,281.7141574,44453.57647,1585.108929,949.8062302,13159.15423,2315.479371,3763.255592,968.2952339,672.5875604,2101.288459,0.326511028,697.0764296,0.397311038,0.409083246,1.736896932,3839.813002,311.3122171,2585.227455,679.8496504,1260.133392,140.7165618,158.4723294,554.7586814,120.757741,480.188335,1739.617179,371.9838377,30.1323592,197.6600859,87.16500763
d15_31_G04_1_3_S,glasshouse_b2,Forrest,T1,R3,S,1061.997707,635.3711237,1488.309863,53.07438978,581.8437401,1820.476406,9523.096291,1096.322029,1777.514805,7303.838445,1139.274453,1769.37835,2646.281316,630.2385618,1468.531842,4055.782176,605.4421813,1647.386209,380382.7641,1336.505196,1455.547806,1014.443986,1361.16083,1389.218573,1623.184926,637.41359,1527.25897,82.7921741,33.20155169,184.4996775,0.190610359,64.19029192,0.363848318,0.410618168,0.588850382,370.34605,19.88040173,240.972848,50.17246448,166.2708711,0.811266189,12.37853769,64.78053417,0.52482419,54.73060825,199.5258295,-0.22083172,2.713599398,19.36720669,-1.008290588
d17_25_G04_0_1_S,glasshouse_b1,Forrest,T0,R1,S,6000.490388,1488.729846,1831.765975,60.72573741,628.1945408,2535.846811,8359.55973,1538.062039,1605.078101,7555.906576,1089.71699,2585.300768,6095.993176,1454.069927,1889.370685,4357.459661,659.0326199,2516.961982,516760.9749,1403.904968,1517.649884,2608.559778,1337.001785,626.0029348,6195.036961,1466.93217,1861.59417,66.33884674,26.95095123,287.4710262,0.118813187,99.04359975,0.395828551,0.436529508,0.814289725,509.5085108,37.55793533,326.1753085,54.89252713,208.3074643,2.301069283,10.51096861,98.8163633,1.626750624,62.03479432,279.5913204,-1.172810166,2.099118269,34.44913784,0.30377172
d25_29_G04_1_1_S,glasshouse_b1,Forrest,T1,R1,S,1835.079662,246.5337526,1800.761063,55.85007497,1234.16996,2471.086877,11366.38616,1221.920695,2524.201683,7936.963273,1313.473242,2408.656735,1780.963495,233.4686425,1772.416806,3352.019291,2508.844927,2464.674066,312298.2404,2588.053451,2633.42946,3623.91068,293.0226644,1698.781163,3394.264698,236.6994439,1748.551552,93.48422068,37.89797075,299.4637024,0.123450201,85.64882303,0.353071439,0.410553004,0.579515254,469.0405551,28.96819741,338.1546403,82.86883673,193.7199306,2.129171788,18.28862821,81.51626173,0.079231413,46.29118721,271.034758,1.708764842,4.134687268,24.32357791,1.147093859
d49_43_G06_0_3_S,glasshouse_b2,3811,T0,R3,S,24725.81867,820.8453125,3869.22978,103.9268383,1649.278049,862.707568,152597.7453,1606.312095,3756.660281,183155.6807,1785.634451,3439.168987,24582.56521,736.6980587,3899.763313,60021.52337,1753.544873,998.3672249,614491.1515,434.7111836,3205.069616,90071.23317,2162.279903,3853.525804,24313.15784,739.6181157,3847.619968,1812.972816,1532.30778,3659.565312,0.414858004,1321.353853,0.43888384,0.435775493,2.348569422,6536.015933,721.0414899,5168.974803,1019.578815,2140.950644,530.9640442,232.6961338,966.49683,441.7850599,704.479338,3048.466342,1386.730997,43.60131343,356.2922307,319.5580309
d17_30_G04_1_2_S,glasshouse_b1,Forrest,T1,R2,S,1815.025593,1024.885267,1830.264472,61.3816387,778.3023267,2249.578893,8182.144907,941.4065207,1957.052065,7385.464514,944.4530884,1996.09404,2561.063824,1042.44635,1789.065719,2183.163829,2006.091244,1976.057352,226888.1781,899.2939269,2070.158167,2004.778989,769.8348478,2323.135456,2943.610122,1034.779435,1793.987762,59.55813441,12.56427035,161.5164854,0.108553761,50.46907084,0.359139734,0.412431347,0.575460001,247.3940552,20.24792269,209.670551,52.7278597,131.7557575,-0.924415611,21.66153684,52.19101059,1.131901339,30.35106657,172.7018685,-5.083585489,3.090145002,16.59915243,0.674289599
d11_25_G04_0_1_S,glasshouse_b2,Forrest,T0,R1,S,3264.300314,1535.184828,1443.608371,88.84271365,1323.312097,393.6851291,10185.94987,1256.629991,613.0476165,7232.246905,1261.352254,608.7638802,3343.192416,1531.70549,1437.141164,3473.418066,1341.435775,458.5755924,340494.6967,1456.243914,1461.554529,1689.805182,1362.663327,471.4299436,4059.182974,1572.432307,1423.228867,31.14153462,10.38743401,145.6633076,0.097335018,60.62560763,0.396301312,0.410499466,0.936891909,370.8005633,22.97469712,193.894685,11.50346045,136.1513696,1.182167051,5.420240089,58.64802823,1.206819995,27.92992934,175.3841336,5.579590282,1.249340724,19.25946627,0.840191776
d35_42_G06_0_1_S,glasshouse_b2,3811,T0,R2,S,14398.82799,891.639801,3158.989511,68.08822036,1914.271402,2486.854872,51748.23164,1165.740859,3772.937227,59716.44133,1488.582242,3595.429984,13486.7606,836.2809552,3154.39593,21086.56947,1386.73595,871.8286407,348955.7146,1449.645779,783.545355,19983.01829,726.8937812,2432.756986,13354.32512,870.0853436,3156.279623,507.3039129,337.4572494,1388.664113,0.237134571,514.5722314,0.397921714,0.43780543,1.342269588,2864.545315,202.8345802,1835.042511,290.6303174,1055.79729,55.26897949,72.40043069,463.4123589,43.55609549,215.1485699,1466.700205,137.9743519,12.56805268,163.0867118,26.12997866
d11_37_G05_1_1_S,glasshouse_b2,Hartog,T1,R1,S,3117.266693,1094.469496,1859.186998,64.06084032,1121.194688,1398.844805,6639.623348,1060.258259,1717.938439,6844.66417,1202.840169,1162.047737,1273.723723,1079.250808,1829.004169,2059.234925,1346.13611,858.41762,340700.9191,887.5164923,1481.798496,2701.724287,1082.525484,1838.661293,1645.87472,1053.110185,1857.081533,37.0680969,15.16623757,157.8635953,0.072912124,61.8555106,0.402141211,0.434111728,0.580921951,186.9449361,16.88890216,211.906711,10.03111968,111.2323799,-0.008968553,4.133574521,58.25094048,0.379430326,25.91478956,184.8634875,-2.702836609,0.838845209,18.84610891,0.287463308
d21_46_G06_1_2_S,glasshouse_b1,3811,T1,R2,S,7116.032272,1055.151705,2467.604743,69.8065887,1095.166453,2259.221422,10911.27239,1093.694209,2345.516718,11590.85048,1806.366253,2613.138275,7770.080999,1063.770483,2480.507294,7132.997992,1092.014633,2128.698845,406985.078,1296.706798,2151.964421,8111.68454,1092.994661,2166.025936,8388.02933,1055.595127,2478.154857,76.59026006,35.60966808,485.2003624,0.098929767,157.8563898,0.396009082,0.43712817,0.582730958,922.1333477,61.29231537,586.065417,54.83465108,387.601555,1.580023238,8.756468471,163.4975307,0.094205704,49.89339133,523.5372113,-2.506253251,3.14439439,54.88909188,0.229349102
d19_48_G06_1_4_S,glasshouse_b2,3811,T1,R4,S,8993.382761,561.558853,1999.825426,46.16078071,1377.36159,1081.700425,19141.03183,1168.154223,2429.370057,23703.85314,1167.559581,2358.516501,9054.988785,625.4526618,2022.207703,7543.276238,1562.656856,960.8734311,399096.6123,1432.297382,1061.962437,5790.50053,1477.596424,850.0182619,8196.076937,631.7282751,2006.556915,101.8042703,52.87972927,453.3499609,0.121003306,176.1260989,0.391945633,0.436109943,0.583533483,1013.547575,62.33381139,626.3072817,84.46678188,437.3083992,-0.829020312,18.1099074,173.6770553,0.995868071,56.73026433,562.2481538,0.227244219,4.199743336,60.36398711,0.209065144
d41_39_G05_1_3_S,glasshouse_b1,Hartog,T1,R3,S,6523.40972,1505.348304,2595.635651,60.84831171,1712.521428,2368.932821,25383.90045,1502.306785,2218.574989,21803.71653,1507.693531,2270.205006,6098.900251,1497.30584,2574.692813,8231.502113,1391.066726,2736.9593,354225.9103,1440.225773,2169.233046,8823.577336,1730.389117,2371.481125,4625.51438,1427.071355,2780.116268,255.9093253,145.7236238,687.0954646,0.201364792,249.8403645,0.379669862,0.410023455,0.868799813,1401.855321,88.19007383,871.9624598,117.3356237,541.1077706,14.90681214,36.78296054,232.8161779,10.0117327,120.1916075,705.2757084,35.08273939,8.595684259,75.57581247,5.105310647
d21_40_G05_1_4_S,glasshouse_b1,Hartog,T1,R4,S,4054.284745,1619.892211,2214.251972,49.80425699,1143.52924,1281.538258,12082.4585,1641.649424,2403.820013,13223.65445,2424.013635,2453.349695,3715.055694,1651.107314,2150.821235,5026.734717,1644.124968,2018.590532,320231.259,2515.88806,2060.1737,6400.869666,2494.575046,2256.643902,3461.632023,1661.952362,2140.994507,80.73192566,40.52707268,365.8871591,0.10869164,129.2784728,0.420632694,0.435795861,0.605750406,700.2036967,47.72108791,461.7805059,2.674526486,299.8022675,1.302971569,4.773566582,139.8537836,0.963435091,34.10419703,426.668695,-5.615001321,1.244040423,47.9062055,-0.509926356
d27_48_G06_1_4_S,glasshouse_b2,3811,T1,R4,S,18172.2088,1420.912892,3150.348866,62.53616405,1497.74212,3610.05963,24113.49172,1309.878536,3101.500177,22523.54754,1306.117467,3106.464195,17295.05661,1393.203239,3157.460878,11544.22581,1447.306029,2525.056392,783135.4789,1451.637951,2605.772615,14007.09343,1462.892726,3357.900174,16748.58484,1410.930875,3112.062425,117.9669165,83.16179587,614.5677607,0.135657661,229.9113475,0.39208734,0.434764199,0.727845383,1296.884469,79.49792849,825.8197113,110.9921798,528.8876688,4.177416082,21.4964069,220.9449797,3.036110472,54.19191562,691.0125025,11.5747957,4.22029896,76.60451982,1.198233373
d41_20_G03_0_4_T,glasshouse_b1,CALINGIRI,T0,R4,T,18170.55375,1808.767976,2434.806574,52.48583842,2235.761487,1525.9951,54040.04686,1772.706954,2250.957616,57863.69752,1778.643351,2219.689932,17562.91,1858.482214,2398.524799,29253.14524,1280.082176,4405.849747,610261.1088,1552.711123,3561.214773,44424.8937,1527.857932,1085.36168,17896.70809,1890.726605,2351.558535,465.1476814,357.0251073,1984.726644,0.18354086,734.3531746,0.41249799,0.434034797,1.029592103,3849.394235,292.4701249,2599.353589,294.1154079,1584.432675,54.18484878,81.74088957,694.7173254,37.26068148,260.2916609,2213.933392,116.1958239,17.65362309,249.2778404,21.56932414
d33_43_G06_0_3_S,glasshouse_b1,3811,T0,R3,S,24738.01181,651.7400454,3859.216391,64.06490211,1474.431198,2780.098756,38362.20763,1779.083414,3097.150114,38933.05732,1795.867556,4166.415722,17996.13227,1843.783009,3739.949479,19270.88605,674.5412401,4245.419975,568666.4383,1242.564939,3319.791866,24487.31063,707.744677,3977.959824,18245.68255,1843.696061,3759.870401,336.4263436,249.8821092,1325.067735,0.183542056,503.4376098,0.413840513,0.433794214,1.104062802,2560.565481,196.681182,1728.539788,242.9537009,1106.833341,20.65250131,46.83125973,495.0976705,15.19377346,154.9607045,1555.955076,48.13989695,8.494974136,174.9397767,8.861327884
d09_24_G03_1_4_T,glasshouse_b1,CALINGIRI,T1,R4,T,3923.903778,2125.2181,1115.865925,61.93686631,1665.856841,370.134376,10984.39352,1399.656185,1173.740568,6847.172468,1069.919652,1157.552478,4695.766724,2134.127793,1108.534605,4319.327575,1258.061981,1464.204838,355127.1045,2027.237251,850.496394,7073.952525,1566.785499,354.6957763,4231.838481,2135.006624,1091.967516,113.7367478,67.15899172,278.3024346,0.215345943,121.8195399,0.412784412,0.437479393,0.930151145,616.6732275,41.8109442,406.9273321,37.61194149,274.3244331,0.989315898,6.904338108,111.8737217,1.937837267,38.76076251,374.7537852,3.882532604,1.900745732,41.15777032,0.119361331
d05_27_G04_0_3_S,glasshouse_b1,Forrest,T0,R3,S,3292.518506,1457.297892,569.579469,64.83220468,1418.394283,289.3944202,3787.58843,1476.114725,414.1202987,3011.185699,1444.783906,596.5499397,3179.60057,1426.844004,569.3474664,1004.747006,1407.680073,420.9921518,241678.4291,1461.930027,255.8643614,2174.070658,1365.889282,727.8497449,3848.084753,1421.296218,542.6113098,51.1202258,27.23081781,134.2573912,0.163440135,43.53258313,0.386680442,0.410887932,0.574695185,332.0250108,16.35303635,136.4926386,42.46404084,116.9927995,1.977989916,9.166552018,43.80273501,0.436781271,-17.92127689,149.591058,2.839666864,0.502106181,12.9759624,0.325350062
d21_15_G02_1_3_T,glasshouse_b1,5489,T1,R3,T,8919.333487,927.8025653,2409.407535,62.06451865,964.698639,2394.264056,12440.13701,933.5262487,2312.071767,14878.05514,935.7115955,2322.979069,9596.315633,974.0545718,2445.797764,7341.16799,944.5682052,2005.637361,489134.7991,1274.666916,2211.358325,5577.727703,963.6884048,2691.866309,9353.069975,968.0159367,2355.771088,68.52695987,41.91257529,404.4083671,0.108607414,148.6683102,0.413233756,0.436830809,0.849719065,830.7118219,56.65387307,536.0684604,82.76128237,363.7185399,6.549617373,4.212157603,151.2462919,3.384799741,29.04893442,473.3454228,19.1081954,1.863160661,53.71820714,2.401322848
d25_43_G06_0_3_S,glasshouse_b1,3811,T0,R3,S,14579.70866,1768.284119,3368.169381,46.5124506,636.7726762,1776.91261,25412.56396,1791.478715,2619.711348,30764.39796,1812.080803,2996.593962,12457.42494,1769.705505,3361.149133,14512.38005,1785.633729,2462.433705,420272.761,862.3932235,2843.98184,17720.97216,756.6916473,3602.500661,13223.11259,1775.554761,3333.234743,225.0361274,132.7508846,1004.889414,0.144215992,393.6245877,0.424443228,0.434067575,0.735697545,1902.523326,148.7330075,1352.901177,119.6718334,902.9279687,4.397698699,18.99094766,402.1992031,3.726377952,85.77653478,1265.480464,11.26960653,3.77497833,144.7887897,1.540756619
d27_22_G03_1_2_T,glasshouse_b2,CALINGIRI,T1,R2,T,12176.97955,2137.119121,2422.804018,63.12360504,2256.88597,3694.754324,22890.51235,1734.727877,1740.846082,26119.13863,1911.700238,2932.403116,12880.21786,2140.172795,2434.887532,9878.03073,2022.785956,2797.130616,447281.452,2000.254951,1675.433354,6022.500221,1895.054774,1834.994066,11362.71002,1148.540148,2569.894613,124.2928202,85.13377111,727.1591685,0.128177482,252.378438,0.399464774,0.434023571,0.56715418,1415.496727,91.52826799,895.2044984,46.89023071,628.8854415,-1.141999434,20.23124204,268.9410223,-0.143620959,28.2937839,823.663728,1.901239157,2.629067109,87.36890099,-0.065597018
d07_10_G02_0_1_T,glasshouse_b2,5489,T0,R2,T,3584.357973,1913.010069,1220.942644,52.9902133,1889.975639,1168.119637,12189.71463,1752.801196,385.3966795,8713.124599,1759.347727,356.982021,3247.327222,1886.510252,1244.562943,3905.28407,1739.973951,191.6493656,384402.083,1837.704483,272.016871,3371.98693,1546.951648,293.7944416,4501.440138,1855.81927,1212.77406,60.22761867,45.6737906,256.0040514,0.159715021,82.43128992,0.380909895,0.4092563,0.589336701,535.3401782,31.33075646,307.3540503,57.08697848,204.0627119,-0.648252633,13.65755365,91.25647343,-0.630946599,40.79214132,277.3147536,-3.223379903,3.278913013,28.35719102,-0.69911579
d41_29_G04_1_1_S,glasshouse_b1,Forrest,T1,R1,S,3454.1712,2209.340657,3668.444285,47.14128943,922.1269561,3436.023443,7709.575291,836.0044476,3926.194544,13732.41286,835.6471743,3719.394043,3393.983423,2219.710097,3660.440547,3850.715116,855.6296552,3713.752195,383444.3989,860.9035624,3321.201124,4631.107595,857.577496,3686.29353,4276.812869,966.1962886,3348.448593,146.9102243,81.94782267,445.7488431,0.171725478,151.4366239,0.37940627,0.411064859,0.721711954,818.3777014,52.1661713,496.1138213,82.82611272,324.4002322,1.497603102,19.41633431,141.1132817,0.930062498,56.86942867,447.3912606,6.301616029,5.978492465,49.55059262,1.334710678
d17_15_G02_1_3_T,glasshouse_b1,5489,T1,R3,T,6116.492803,910.815773,2227.037441,72.04121256,919.3177353,2216.905173,11176.71809,951.0710739,2025.560699,11730.6067,949.2523482,1970.427068,6621.311619,870.4988022,2205.882032,4622.439672,795.8905118,1910.468368,380466.3854,864.9187776,1644.549107,6893.852137,898.7643283,2201.173153,7326.591553,880.2004127,2210.222008,67.8053199,52.29896694,297.7441463,0.131091252,127.0064211,0.405829794,0.437135083,0.743662342,654.4155723,41.92971806,406.4894807,51.27146505,272.7617369,4.450455369,7.456735994,120.0563275,2.696353811,27.06149369,369.2019072,11.62791278,1.083138408,40.08487788,2.549622623
d07_35_G05_0_3_S,glasshouse_b2,Hartog,T0,R3,S,2193.90907,1468.092092,555.8268855,70.17733836,1437.648945,601.367254,3873.442286,1517.612824,324.8773704,6434.672969,1494.021871,377.4079542,1316.704872,1464.49988,558.2596545,2275.125438,1433.328002,313.5778219,251044.0938,1460.575451,276.8083127,1724.547285,1435.691238,247.9842026,1611.599861,1480.180538,554.1840405,13.14150901,7.507120365,127.2722507,0.085135514,34.38025626,0.34637671,0.32079249,0.585957624,334.7123927,15.58527533,152.8009152,73.2289661,100.2219528,1.479185547,11.96635296,34.78891658,0.278470719,39.44536592,117.4052098,1.543151102,2.72225795,9.172583779,-0.526735896
d07_16_G02_1_4_T,glasshouse_b2,5489,T1,R4,T,2472.390934,1622.27702,1007.533011,63.64515389,1545.363881,313.1693827,4220.332993,1587.241911,442.0434772,5031.629421,1589.067838,443.7873072,2747.34358,1619.499015,981.9982828,1430.476065,1575.330592,938.6377738,275390.3959,1471.950808,916.6044948,1247.445841,1652.635284,1083.325423,1694.69984,1636.112566,1109.017042,46.83062161,-0.903473925,103.1313267,0.096912164,36.27937393,0.386510204,0.438920274,0.655865701,222.8770591,14.56287196,143.4285819,-31.56854951,82.34825768,1.620728001,3.815071368,37.08451512,-0.034096186,14.82308608,123.1818039,0.299612151,1.634406501,11.93662193,-0.398389981
d2_T020_02.10.23,field,Gladius,na,R8,T,312458.9766,1125.07303,4364.693473,112.7619651,1496.858716,4724.724847,302250.0106,1055.090439,2836.484956,313287.4183,1032.945258,2878.438353,230004.3592,1151.838568,4214.749029,158865.6999,998.3784622,5892.36434,1106948.745,1114.205954,4893.334621,243228.3492,1053.052681,3014.247149,119665.5922,1140.517159,4581.564092,1279.995328,1035.52758,5362.168231,0.191610672,1061.197217,0.223515646,0.236421819,1.019381368,10418.66294,237.8364452,3751.157196,4677.518564,692.5438247,15.24915339,940.717945,248.1745759,11.40612947,2950.835253,800.9328051,37.39026519,158.2515899,73.3641186,6.728015101
d21_23_G03_1_3_T,glasshouse_b1,CALINGIRI,T1,R3,T,9394.839103,1468.114812,2424.306234,62.97729757,1443.60537,2074.274263,17223.01197,1399.570461,2153.997307,20709.28915,1398.53586,2200.863118,9474.946503,1485.922425,2430.735309,6462.350544,685.7074017,2191.672737,496422.8012,1516.755587,1815.722752,5691.096196,1594.398726,1460.676092,11129.16039,1479.20827,2298.518336,98.52611033,72.7377288,463.2256072,0.143009757,180.8780392,0.402952624,0.438061557,0.574718669,929.1586649,66.88003394,573.4416697,77.05641322,433.3730668,-0.795258331,14.13027838,179.128927,0.041327499,31.53403115,562.7843791,2.245619666,3.325147614,61.85937801,0.853279302
d7_T024_04.11.23,field,3811,na,R9,S,35469.78292,889.1135992,3830.44369,77.45221068,415.2482114,2526.331183,242460.4231,961.1531547,2149.456329,270439.4959,1005.850274,2448.852979,31702.86941,882.5505923,3761.9389,118212.7626,726.3734494,3635.457628,585091.5366,862.3254761,3418.100932,79662.23893,941.0515412,3871.580518,29959.62196,276.8622623,2802.293143,1116.737037,664.4164619,3966.455251,0.167221924,717.2013522,0.202430307,0.188949513,0.680143812,7707.086388,137.0475749,2486.486129,3682.966364,266.3045115,0.543770386,709.4535632,90.5874869,0.95524288,2215.206343,282.8569609,-1.389699399,111.9634874,26.05201276,1.311590363
d07_41_G06_0_1_S,glasshouse_b2,3811,T0,R1,S,4039.059301,1566.908044,958.2417976,68.7113593,1679.983179,734.7107462,6907.033228,1622.32978,359.354142,9002.089354,1586.910179,555.8987025,3880.093108,1571.973776,932.2108229,3179.960294,1649.533559,222.9049312,384191.8974,1464.863789,380.4360583,2890.354839,1633.422015,258.3211246,3765.954051,1563.524997,889.1594241,48.96848138,25.77295247,212.6028007,0.143643662,72.16801575,0.406005348,0.436833888,0.571210291,250.4396491,27.40126332,248.669496,52.04146503,153.5134546,0.58003782,12.19939268,74.40054784,0.045701176,23.05212299,222.0783373,-4.421243995,1.001136642,26.10947349,-0.778169033
d09_27_G04_0_3_S,glasshouse_b1,Forrest,T0,R3,S,3712.061774,1465.092237,563.1896854,63.39647751,1388.532655,625.8591494,9157.996031,1461.534815,525.0324206,6846.487775,1454.640469,494.272705,3498.496694,1440.08954,509.9679115,4044.660068,1379.345132,387.7173308,385989.803,1824.585275,330.9108533,2544.770161,1383.708331,242.5291714,3224.891012,1456.048299,561.3594528,70.83142465,34.4932057,196.1527828,0.192721633,78.69181942,0.396133637,0.413238162,0.593658114,423.8520519,30.55167759,275.3579284,44.31407684,188.540371,0.67787172,0.908116378,81.71321593,-0.861533174,14.52937332,245.2200705,5.154159331,0.644847162,28.15537857,0.770670973
d43_20_G03_0_4_T,glasshouse_b2,CALINGIRI,T0,R4,T,19898.47728,2090.121906,1118.909648,57.1826745,769.3336758,2231.738634,77230.48593,1548.998432,1448.703657,104801.031,1719.95002,3267.300941,18333.13782,2057.646003,1173.842713,42257.09391,1646.992082,987.3209733,613518.1047,1527.909253,3551.076027,40868.06416,1632.563427,954.1846264,16837.25086,1848.178427,2335.260144,553.8311579,495.1567842,2154.881244,0.229433897,820.1241725,0.429123894,0.435244633,1.451596277,4026.005759,350.2535145,2917.454121,371.2852557,1616.612418,136.4345922,94.41054524,728.8365223,106.9656115,305.3784571,2288.517913,336.2787901,19.51189568,262.7168646,68.43049734
d37_20_G03_0_4_T,glasshouse_b1,CALINGIRI,T0,R4,T,17331.699,1813.20008,2451.851344,48.96737313,917.8373951,2627.026001,46834.25339,1741.346504,2144.6659,45878.21527,1170.352861,3887.51858,17045.86877,1903.127614,2384.268971,20371.50705,1496.230679,3022.064371,581353.8548,1984.400629,1840.669918,25196.33745,1658.326597,931.3445323,17901.92732,1885.901031,2349.407718,366.832063,281.6965827,1652.249186,0.171120423,608.3866489,0.406428632,0.433463478,1.149438537,3329.694029,232.7263594,2139.350666,304.6368765,1370.312403,34.73037196,73.58070287,588.5492131,23.7418377,237.8252299,1842.02711,73.34290073,14.13821805,201.6888299,13.8211826
d35_40_G05_1_4_S,glasshouse_b2,Hartog,T1,R4,S,17364.30011,2369.440827,3340.054713,58.32265208,1310.186458,1245.442233,38343.54251,1687.172629,3524.828111,39623.46745,1593.652927,3404.414063,17880.88815,2367.571068,3410.742262,16854.53689,2137.152047,3228.57045,498662.0474,2536.760555,2396.560161,16353.23798,2408.763079,3119.097042,17902.14633,2355.694136,3399.995767,249.6346569,160.3242902,915.4256131,0.165918594,349.4696763,0.403186792,0.436827544,0.976776414,1977.364648,132.6633872,1241.832911,170.2472184,784.1648536,12.47370624,42.18551871,352.6567479,7.779423858,130.0639927,1099.091903,27.85624665,7.86835328,120.3217297,5.905763143
d07_23_G03_1_3_T,glasshouse_b2,CALINGIRI,T1,R3,T,3542.669708,1531.3893,1111.77056,79.39903266,1823.905894,373.9309797,4506.035832,1760.109683,267.2277246,3776.932859,1769.610213,269.161666,3617.929837,1557.042546,1118.111408,1434.886683,1601.221975,307.6255371,329098.7571,1457.480483,866.1572946,2733.328181,1792.510988,346.8048792,1150.499456,1508.006546,1294.877103,42.97091508,20.95596459,162.4316006,0.176839101,42.66068538,0.384057207,0.408901312,0.588752273,205.3207383,16.29387108,166.4136191,-12.80145303,98.89605877,-1.362278029,4.511703922,35.86120482,0.300927761,28.11101561,125.7293061,-0.450227277,1.698271806,13.85212146,-0.1225206
d33_42_G06_0_2_S,glasshouse_b1,3811,T0,R2,S,14163.76216,921.1226616,3146.69776,61.08698005,1924.498316,2356.393759,35651.93108,1044.90109,2567.806084,40825.98071,1448.581403,2735.879882,13225.94447,879.7369029,3088.982953,16935.90629,722.2678734,2414.508737,355347.9102,1935.856533,2051.602715,20353.48408,1841.69796,2756.526533,13754.09466,848.6235564,3076.805728,355.5123207,237.2536164,1273.037968,0.183225006,459.3061827,0.400871826,0.43810874,1.168334259,2419.341921,174.8899162,1622.545692,222.6488902,994.8327855,28.82225023,53.10240444,435.9714938,22.04727033,174.6792339,1379.975817,70.39868784,9.40297211,154.8495643,12.7281873
d33_19_G03_0_3_T,glasshouse_b1,CALINGIRI,T0,R3,T,10105.84854,1476.098136,3196.581637,47.00630273,1510.871538,994.7763065,36008.9446,1482.736096,2537.39119,34459.69836,1482.820343,2503.301106,10015.19391,1470.141096,3220.415778,17161.20739,1397.325801,3328.077199,646806.9199,1503.640618,2400.501286,25412.77386,1540.88956,1125.862337,10132.64788,1468.186496,3130.351134,241.3217744,172.4822397,1211.907762,0.138140534,454.9056622,0.406657467,0.434804454,0.876054297,2403.753632,164.6550211,1571.161387,191.595829,1031.074851,4.556909388,49.68873339,444.1560933,3.699925695,134.6528691,1403.357525,10.68253835,9.373644067,154.2708943,0.758573339
d11_42_G06_0_2_S,glasshouse_b2,3811,T0,R2,S,4240.242444,1923.402423,2113.468539,51.01044468,1093.000188,1021.487673,15619.01292,1314.963327,676.0576781,16401.42962,1320.994164,739.6414421,3270.700216,1937.083794,2074.613339,5801.190056,1093.240014,956.9254427,376644.18,867.8289435,1285.887046,5458.136178,953.0716816,1560.828358,2146.221858,871.2724756,1595.499999,91.89858103,33.97638586,306.3207952,0.141372383,118.0154447,0.392915265,0.41082187,0.592159986,702.7110115,40.78019927,395.1359798,52.94923693,292.6720106,0.566589322,8.395743186,128.5318233,-0.394608867,46.61807444,384.2377198,0.912374528,2.507756042,41.76916604,-0.179038964
d2_T009_02.10.23,field,3811,na,R5,S,64176.25602,1079.473842,5868.557526,67.95254323,1085.563567,6423.035974,270712.7862,1059.408105,5187.76173,295928.5191,1037.388383,5058.550924,55254.82919,1053.033284,5770.303744,129887.9994,1140.923503,6144.32938,542695.0024,1113.585183,4790.846826,126925.5942,1149.678689,6167.854321,50813.2169,1050.88099,5721.991271,1165.826103,636.7033421,4256.643317,0.147380055,813.839498,0.211669618,0.190925705,0.869405499,8396.409461,173.4923585,2857.85952,3846.566022,424.0892279,7.41405661,748.5716013,151.3032318,6.524989328,2328.419035,485.5824566,16.75047692,121.9605165,48.5811714,3.245461633
d15_35_G05_0_3_S,glasshouse_b2,Hartog,T0,R3,S,4067.918272,989.1479975,2101.044633,50.32505435,871.7404945,2326.957908,14611.89337,839.024434,1870.253302,12836.51298,842.7987418,1900.316373,3928.019989,1004.017611,2142.996641,7970.29521,1547.174934,620.6665719,333159.1527,265.7233413,1443.465313,2705.961993,1005.066226,2044.447439,4027.465729,990.6646896,2089.008705,127.2540776,61.8929459,357.487657,0.176341165,115.7440937,0.372485785,0.411669528,0.638209337,731.9394433,41.95451479,404.5104528,101.824181,268.479851,-1.946366993,19.41623141,112.0516484,-1.789027607,80.80952385,358.8778249,5.015025707,3.102894212,39.5676601,-0.182778908
d35_16_G02_1_4_T,glasshouse_b2,5489,T1,R4,T,11489.3481,1935.700651,3254.755101,52.05687908,1975.392475,2145.404909,35092.90687,1914.222681,3350.824382,48177.65637,1938.057877,2261.253575,10174.14316,2015.174927,3235.348195,15394.06452,1526.6395,827.6719531,586816.3885,2026.370483,2555.144625,16851.59136,2233.738703,3633.409414,11016.50346,2021.103876,3268.879581,272.7698792,182.8422339,838.6815436,0.221510774,301.1930322,0.393573296,0.411899393,1.117352648,1605.738126,116.0683288,1058.346533,143.7250045,697.6144614,15.43730347,40.81293234,296.2947577,11.58654829,93.7277851,898.9690364,36.81944029,6.547124028,99.24128918,7.578410823
d29_28_G04_0_4_S,glasshouse_b1,Forrest,T0,R4,S,6265.441538,1258.308902,3780.835378,58.69136737,1372.366433,767.7278028,17426.14012,1527.096743,1924.842109,15929.52395,1470.959236,3281.041705,4480.83174,2533.559686,2994.976696,8376.958601,1437.679621,2404.379569,385507.8697,1508.451672,2662.922279,13480.6258,1448.499318,777.9488274,4760.228805,2545.74124,3014.425086,198.8783039,119.8845001,604.6425802,0.183883632,216.676259,0.393549537,0.43506776,0.72984594,1149.307329,82.90734156,792.7526694,137.8433428,504.8868205,6.493082061,27.83283484,215.0130286,4.594399695,74.95338093,686.3454044,14.4849525,5.383547519,73.36520975,2.433079691
d33_38_G05_1_2_S,glasshouse_b1,Hartog,T1,R2,S,2516.713298,1088.913597,2482.587891,53.88901772,815.330296,2784.339803,17754.62173,1082.591053,2500.400067,16988.18245,600.0146739,2445.606244,3815.307319,1073.45702,2489.992479,9423.543209,865.8223436,2140.304629,378189.7889,872.497169,2443.102032,7222.58429,791.6334099,2983.762793,2859.861789,2263.835616,4274.105746,184.8409947,85.93006824,573.261076,0.166672009,204.6590477,0.379816148,0.411774842,0.839904332,1122.868025,72.80055827,740.3410586,150.1916369,444.1085203,7.552656779,42.62461307,186.2935675,6.399669585,99.97724895,596.4518634,16.36075388,5.832131991,63.17252064,2.846296299
d07_43_G06_0_3_S,glasshouse_b2,3811,T0,R3,S,2847.707027,1737.466366,434.0414767,65.6569534,1764.370738,324.4442611,6778.509928,1708.805241,467.3813979,7940.227559,1702.556786,498.5495983,2334.5877,1730.277893,422.6675565,5586.68479,1678.774172,345.1122608,418835.6585,1859.117815,254.9991532,7897.44332,1677.799014,393.0378584,2077.590885,1725.684038,415.2372869,62.19034876,35.03400521,182.9045898,0.221384653,54.05464448,0.359791847,0.408407991,0.605638877,453.9229005,22.58766973,202.0614526,89.16161353,129.6187036,-0.526772334,14.38831325,55.20155826,-1.295924533,60.26987513,169.1858901,-1.733665742,1.755612137,21.0537293,-0.03558094
d25_03_G01_0_3_T,glasshouse_b1,Gladius,T0,R3,T,11770.86308,1534.681139,3141.281009,57.15403543,1532.7248,1059.116308,24641.41076,1567.188411,3426.052228,22179.45242,1541.501925,3386.846823,12838.81676,1495.883606,3186.233007,11184.37754,1275.486023,2825.875577,745443.5128,1832.276157,2955.826026,11311.40816,1520.167268,1181.464233,14912.70644,1366.339301,1541.163943,129.7344188,80.51150313,832.0540683,0.108310902,305.5744449,0.411803294,0.434950025,0.777415282,1564.936155,110.0449421,1022.079895,91.88898149,716.0446455,5.539754324,25.95081071,301.991781,3.279432267,59.45564159,971.0653922,6.742854929,3.257045655,107.3498439,1.750297819
d27_35_G05_0_3_S,glasshouse_b2,Hartog,T0,R3,S,3692.289989,1284.173225,4141.172854,63.36639692,1072.394849,2137.322661,21244.85506,1164.6329,3161.095423,21820.33356,1184.422208,3253.122978,4096.924038,1341.190329,4129.438663,11451.34149,887.9691751,2935.683995,409512.0121,1042.156416,935.7725906,8078.908368,1513.130333,702.612451,4216.469654,961.0596712,2185.806614,201.8917133,101.3662922,611.1953569,0.159085922,210.7963584,0.369869758,0.410576738,0.73696566,1228.198678,70.95972117,705.3916466,156.8869876,425.823402,4.979661882,36.81570098,182.9941521,3.701420592,108.4209345,580.9330714,13.09968535,7.565689521,65.35442011,1.536566807
d7_T019_04.11.23,field,Gladius,na,R7,T,265223.6643,706.0361353,5003.447528,65.0382532,1365.462153,3826.196182,360731.9425,1008.020496,5368.361764,390206.0891,1210.325341,3008.935669,180181.785,789.1496304,4967.624222,184327.7916,1371.161021,3880.571082,1598192.296,631.5730248,4972.768946,294279.3445,935.5750236,5631.80008,177592.4733,792.9011697,4969.047472,1683.611378,1335.487434,6585.698072,0.201851371,1247.05212,0.215418479,0.190016021,0.764416232,12840.30934,258.4411273,4426.271762,5950.561594,651.6883627,4.66185815,1172.30782,230.8125446,2.266282577,3696.42016,743.6021218,10.53943916,191.6018515,66.39275835,1.846892839
d21_16_G02_1_4_T,glasshouse_b1,5489,T1,R4,T,5266.633789,2362.511488,1997.945668,53.74882106,516.0897923,2720.826228,15642.00028,2036.307401,2360.891531,14769.78029,2030.125062,2410.345788,5351.842486,2330.092033,2080.061792,4816.732959,2007.454581,2852.882248,389041.3353,2052.768461,1574.934877,6713.431596,2030.968606,2780.994869,5831.1519,2319.478243,1997.688081,72.99876333,38.81697881,372.5086619,0.100577479,162.4752743,0.409930788,0.434733822,0.726511082,729.9672213,54.4274955,491.5088346,46.1522816,357.5048736,1.193606571,9.226958905,159.0061506,3.349675373,57.43764714,496.8313844,8.446649519,1.270064661,53.14063594,1.585270594
d11_44_G06_0_4_S,glasshouse_b2,3811,T0,R4,S,5780.153974,1120.317243,1383.545467,49.59036801,1828.273191,609.7043239,17818.67355,1209.580049,1231.108585,15608.63555,1180.561562,976.3032859,4917.794713,1141.535704,1402.826962,8263.313839,1543.778891,380.7145753,372277.4379,1803.933489,280.9819559,12802.30074,1653.302128,472.4628248,6018.252606,1780.210862,596.9666898,104.6194329,67.98661515,497.959098,0.143285143,179.0883203,0.403910265,0.408090752,1.112621844,878.9890681,64.55097375,613.3493816,70.03458792,418.1669997,4.441532736,12.0596143,175.4512945,4.402893541,34.02717999,558.7752161,17.52737661,2.1234093,59.04773297,3.39016446
d21_05_G01_1_1_T,glasshouse_b1,Gladius,T1,R1,T,9052.383983,1420.906364,3246.639968,64.15375269,1523.88875,1936.025305,19026.20026,1626.744514,2123.884424,21799.36583,1361.640943,2635.942366,9682.800022,1439.624949,3274.579679,8969.851144,1421.696491,2808.547154,369531.0944,1440.183447,2151.107297,7698.253721,1498.340813,2152.251804,9138.053778,1430.700677,3223.632681,111.8259519,71.66866237,639.3349664,0.113796929,229.7009085,0.406546731,0.436453669,0.728487896,1196.400514,84.98345403,790.3396219,84.61342667,560.8783077,1.039785668,13.49250641,238.9771765,-0.318207749,50.4173789,741.2088216,1.991041454,3.708131297,79.05946758,-0.478096427
d41_43_G06_0_3_S,glasshouse_b1,3811,T0,R3,S,25362.96274,660.5148443,3842.340358,48.83228095,1954.101638,3729.677396,52769.51194,1334.583656,2585.030986,52264.82105,1271.533237,3944.486403,25095.92027,729.4933432,3789.684781,25340.01482,683.1020015,4243.064259,601723.022,526.8189421,3379.860434,27096.13551,699.8053352,4151.481591,24395.18336,731.7247442,3866.387685,686.534012,511.977369,2028.078278,0.247696191,743.4504875,0.422214224,0.434686316,1.454261355,3845.071797,322.5525725,2700.516658,425.8231024,1472.219342,110.4904561,103.8313733,668.9137552,88.61380757,308.6459567,2108.712654,274.142071,18.38532578,247.6781746,59.01149594
d09_37_G05_1_1_S,glasshouse_b1,Hartog,T1,R1,S,4044.241962,1306.902309,936.5102503,69.84924851,1077.090473,1400.652856,3799.576531,1344.755858,859.2511125,3304.421111,1321.31954,888.0307935,3803.447893,1298.743465,954.0897814,1747.851873,1416.952398,776.4855578,263793.1916,1425.456799,897.059524,1597.664741,1391.641318,751.7059281,3442.81641,1297.685416,889.9065161,3.04513586,24.53092932,96.84988774,0.149042858,37.68854197,0.409413659,0.435942791,0.58408044,188.6937641,13.77805614,134.2365289,9.381437238,92.8546502,-0.908483066,6.478145295,37.91378263,0.149004778,0.433090976,143.1404148,-1.619491222,0.295732501,14.28234834,-0.961535781
d25_14_G02_1_2_T,glasshouse_b1,5489,T1,R2,T,7802.815546,2181.58706,2601.83452,54.09039963,2024.397377,1650.102201,13389.31475,2206.079515,2210.200177,12880.00475,2211.059114,2225.584562,9167.61646,2177.588567,2619.159352,5927.316163,2131.993792,2568.332926,650047.8361,2134.886037,2188.097621,4827.096883,2024.186476,1284.604631,12215.11294,2102.108981,2071.53383,67.30028025,34.97533765,547.4251824,0.065262407,189.0184732,0.393355151,0.437760356,0.600958266,1158.67489,70.00113922,678.9012519,82.80906712,481.9067157,-2.004666595,19.07781189,205.7026467,-1.987989772,66.56395146,618.5733848,-3.809899706,3.923072227,68.76595263,0.269093672
d31_45_G06_1_1_S,glasshouse_b2,3811,T1,R1,S,9748.755042,792.6804122,2391.299397,65.84409768,1044.481123,1771.795715,29941.53543,1251.556736,1869.504897,28232.46097,1262.520417,1876.198189,6979.375304,782.22071,2197.407399,15270.90885,1339.357792,3177.723391,399056.0609,854.4560349,1530.741483,14960.47061,1650.557075,3626.733761,7114.534716,783.103461,2201.518971,250.3504911,127.8694485,800.6510914,0.148754436,280.7577245,0.381562414,0.432474017,0.72983829,1643.727292,101.0381388,935.3554579,216.6710164,642.6436512,1.210642247,27.46192864,276.0837773,0.804103441,137.4791547,846.8738983,4.144057724,7.133097361,92.38463688,0.939215243
d33_35_G05_0_3_S,glasshouse_b1,Hartog,T0,R3,S,5043.616774,1425.091708,4173.139541,65.14754437,1224.7262,3819.280185,20670.01341,1267.320413,3767.716814,21398.42638,862.2297771,1988.625599,5712.66536,1416.025548,4201.133451,9960.636491,1321.330769,3709.008839,348069.5136,1458.235248,3395.767303,11137.66001,1325.918741,3598.98856,3723.789047,992.6042932,2194.656202,321.0699728,200.7949174,836.3272053,0.247904145,272.4200525,0.38220903,0.410551657,0.780791938,1537.252192,106.5666742,953.7747632,176.1397705,601.536952,6.011550856,45.14891916,265.1395626,3.899921894,162.3037943,815.7966983,13.04464599,9.426309509,89.54945384,2.024178867
d1_T020_27.09.23,field,Gladius,na,R8,T,307421.4483,1036.225376,4445.357795,92.65761483,1219.784592,4856.848255,313242.1807,1098.49989,2833.742899,337737.1152,1066.776359,2928.922473,208470.5732,901.9326875,4223.40281,165913.3888,937.9965691,5907.941395,867581.7912,464.2765396,2894.505501,317306.0343,1124.06581,3390.873942,145608.3288,913.0690813,4792.156723,1311.965412,961.8305185,5360.984942,0.180976587,1072.758456,0.227178065,0.239113105,1.072722697,10287.3207,241.3557626,3779.055901,4597.444643,717.7253921,20.61872748,927.7955696,253.4145823,15.55882862,2934.224061,816.5623973,47.72539223,156.8671385,75.1999891,8.904614755
d35_18_G03_0_2_T,glasshouse_b2,CALINGIRI,T0,R2,T,21697.14317,1197.692747,2310.210708,82.00960444,1424.466,1138.06898,42399.80305,1372.127755,1508.237305,46424.25763,1322.902523,1767.577573,18054.50176,1213.839513,2308.124377,22380.01744,1541.247231,1058.286428,599095.1393,1420.850757,1839.133078,22928.61427,1038.265202,2409.976365,18000.81822,1219.313419,2284.743564,247.8444261,156.4181896,1144.793834,0.134804967,398.0884198,0.387913514,0.436346831,0.782881612,2201.530773,142.8512967,1366.131777,274.1203757,827.1675021,9.777475132,83.55190678,356.9815924,5.128364099,246.402008,1134.437033,16.48447992,15.73044866,122.9875266,1.974452109
d37_31_G04_1_3_S,glasshouse_b1,Forrest,T1,R3,S,4202.775696,678.0300619,3195.574319,61.59086901,758.6160921,2008.525377,12465.87352,781.8785936,2492.728318,12142.89504,778.5521835,2539.412269,4210.273682,656.0595435,3206.262379,6490.396819,825.211911,2060.4325,360054.9096,2045.937773,3659.413266,7842.226866,2115.524636,3617.714588,3236.617152,682.6209288,3118.090753,138.5475223,73.30702204,444.965101,0.149019049,157.6551058,0.365258768,0.412311564,0.62350345,984.8670805,53.34308139,539.1954651,116.48169,348.9466702,1.147645891,27.26497633,140.0880158,0.231321187,97.15815823,451.0582015,-0.329526984,4.745748659,48.91119123,0.72712533
d31_12_G02_0_4_T,glasshouse_b2,5489,T0,R4,T,15803.72147,1050.337371,2103.531378,53.244483,1272.896487,1554.389313,38726.29882,2037.355921,3023.905961,41586.31221,2041.721707,2842.717613,13992.46191,1153.8355,2113.404422,19569.47572,1526.201085,890.8232795,410338.6071,1476.827976,1398.312691,16765.45307,1563.239712,761.2102761,14146.85649,1973.700413,2842.253597,201.3841157,145.9474478,1007.365243,0.144652033,389.4901464,0.416109578,0.434913023,0.913738073,2024.182626,146.9296825,1317.28131,135.1056619,889.0730568,11.44507243,35.81205475,383.2254392,5.078811736,78.343501,1234.904662,23.55450257,7.996675797,136.193817,5.096908828
d2_T022_02.10.23,field,3811,na,R7,S,38555.49593,800.8436595,5271.906307,59.20232705,1289.764408,4461.051932,171526.2146,1211.070602,5293.229833,178469.77,1236.95289,5268.666415,36032.64919,800.6548409,5280.636824,82000.99204,777.5983534,5656.316051,540220.8093,465.6280596,4897.704655,157268.0817,1165.106785,5455.0868,30937.83914,837.8396516,5328.579479,1032.353994,383.5590964,2803.491789,0.135714969,526.2045142,0.207444835,0.189795247,0.666831455,5720.133261,106.4300579,1833.647836,2635.914898,235.1158753,3.186242715,498.1315386,82.25365413,-0.343460996,1565.31782,273.4965749,0.860918302,79.30342004,24.41734401,0.937632608
d13_15_G02_1_3_T,glasshouse_b1,5489,T1,R3,T,3464.703454,1239.368901,1288.024872,51.86730553,1845.407677,1672.172771,10573.41517,1166.630685,1432.880603,10039.87502,1185.463747,1470.889808,4448.156626,1256.248448,1320.642949,2882.847006,1297.613869,1183.930714,359518.357,1466.36202,897.743906,3992.808003,779.6524812,1024.564439,4047.108497,1216.0216,1298.033457,66.41815083,18.830319,211.9142544,0.122201638,81.12596243,0.405899448,0.435768236,0.649160497,380.9756813,31.68169815,302.6420436,24.74074851,194.9475006,0.768431177,1.211364693,81.68764593,0.286817472,-2.005385486,248.900579,-0.88703776,0.336684092,28.25523672,-0.036342018
d21_09_G02_0_1_T,glasshouse_b1,5489,T0,R1,T,8327.58417,1104.254102,2949.817619,50.8502219,1029.036055,3154.467159,27845.1344,2492.279235,2870.681269,27167.67482,2492.677904,2839.424969,8181.969577,1126.355194,2964.873944,10747.01306,2379.951971,3515.238997,463448.0314,906.8235898,2823.097346,9255.114731,2355.254645,3464.040869,6855.629299,2238.642512,3201.310053,122.5346162,80.55589196,707.1084178,0.111876546,273.5276771,0.428709637,0.435067135,0.93502991,1359.705052,106.6631606,935.0869601,22.04702163,629.4195934,8.114778088,9.251806541,286.4724677,4.249556882,19.6824338,882.7474359,17.2931535,1.783880786,98.11388968,1.417713391
d29_05_G01_1_1_T,glasshouse_b1,Gladius,T1,R1,T,18051.52854,1306.076579,3832.090063,51.82757809,1638.507569,1163.748351,26027.98424,1628.323144,2379.683322,26742.69256,1627.788436,2426.059681,8025.682402,1443.977026,3208.161804,11172.96975,1490.611896,2244.901462,427102.0182,1763.464189,2755.826324,13429.78372,1480.767495,2590.189763,7810.680567,1427.28334,3185.669048,167.5034153,92.31480464,882.8137114,0.124097863,309.1554117,0.400550913,0.433135297,0.861299175,1607.89505,114.5414904,1089.565956,145.5303289,719.0287548,7.188336376,35.33045089,307.4946347,4.852605937,94.44284274,940.8507901,15.20444598,7.517381265,103.9979084,3.594264381
d19_07_G01_1_3_T,glasshouse_b2,Gladius,T1,R3,T,11519.43098,1311.139489,1775.745693,59.85802092,1363.999601,2988.936967,20896.04237,1327.583662,2549.546657,19109.12876,1343.376326,2518.866334,12672.80444,1339.643249,1846.479372,9741.56823,1607.086328,1500.407184,439533.0786,1409.74357,1164.424711,5638.621365,1248.562573,2588.669631,12931.75659,1329.397605,1827.919557,89.89209838,57.0823669,584.425629,0.100027235,200.1882211,0.39783097,0.436134218,0.781614963,1117.963335,72.77922826,718.7691972,58.36343829,495.0037596,1.378241234,20.68723726,211.0662122,2.630974621,53.88346669,658.6646706,5.636510768,4.07582126,69.00266848,1.300535229
d45_01_G01_0_2_T,glasshouse_b1,Gladius,T0,R1,T,9261.541369,488.6164149,3153.77487,61.99212326,726.0722792,3099.842975,45617.6026,2167.660935,3543.373557,47646.54994,2164.513056,3537.292514,8801.816429,509.0233632,3169.701616,24627.38677,767.6204952,2894.857013,778167.1201,905.8106549,2564.379054,31978.80199,744.4462742,3159.896489,6885.564924,963.0872966,2724.465213,477.585066,317.1547108,1644.365193,0.193684118,626.3458833,0.410970533,0.434609144,1.050013983,3236.817712,240.1302068,2188.108057,253.5989868,1377.409345,18.15859775,61.42786424,614.3572182,11.73098325,214.5942903,1935.153468,43.898324,12.04170699,221.441362,7.323035112
d37_36_G05_0_4_S,glasshouse_b1,Hartog,T0,R4,S,8847.320549,726.6547625,4529.549749,72.65447793,743.5434028,2785.362909,30239.88793,1076.395134,2360.941879,32562.80274,1079.28025,2509.445886,8431.953708,738.9950178,4480.16533,17899.21486,682.4058411,3134.779511,486745.4864,854.1237312,3840.800187,19897.00137,689.2330553,2960.041979,8669.468692,739.8062632,4433.650939,458.6757856,298.8902127,1220.570401,0.24696797,433.4133133,0.384685288,0.411853113,0.842712123,2338.568965,155.9974264,1481.307636,248.1110177,907.8689915,9.072377891,60.70738175,401.1527285,5.88597965,215.7454974,1255.151821,18.66483716,11.35785083,141.0113324,2.70877753
d07_06_G01_1_2_T,glasshouse_b2,Gladius,T1,R2,T,5407.538745,1422.942141,682.006285,64.99432839,1310.320848,984.2578855,9663.760682,1553.702593,1103.007682,10365.31737,1536.568121,1047.146672,6023.323779,1589.439258,981.4523516,6359.173669,1634.160603,658.9632823,451321.6091,1472.145872,459.9931266,1570.933827,1745.484638,597.0687109,5972.393979,1426.50986,669.8657809,18.06489019,16.99457255,226.3885384,0.076446474,91.88852073,0.418942213,0.432018395,0.600502346,451.6011798,36.84284125,353.4055545,7.772120127,222.2216583,0.825431126,7.908100021,101.3624888,1.067858727,16.82822252,321.8359856,-1.405902555,1.210708921,34.46583428,-0.419993166
d41_33_G05_0_1_S,glasshouse_b1,Hartog,T0,R1,S,5194.033997,1364.571227,3658.083104,54.86567262,1209.286822,1210.227438,32942.13761,1983.600499,2878.671851,42877.80972,1703.432864,2678.706622,5845.958258,1978.435549,2704.964623,13984.38325,1422.881238,2418.833886,339084.6733,1441.75374,3233.98294,21717.2811,1465.341983,697.5935808,4418.856605,1351.699063,551.8088179,409.8115263,265.9869592,1143.747692,0.246212673,391.1602931,0.405434254,0.434169872,1.817342912,2056.394083,164.3564158,1385.848456,220.6352177,788.7780078,43.85593699,50.90047584,356.108956,41.00207123,179.6278645,1095.909427,133.4007052,8.722919545,126.483355,32.98565651
d31_30_G04_1_2_S,glasshouse_b2,Forrest,T1,R2,S,3405.53314,694.9582123,2239.462898,81.12118958,764.5270222,2457.472737,14525.54766,776.0101987,2572.696347,9266.533723,1734.283347,2426.662729,2308.727258,681.3807933,2259.261788,6957.29857,721.3187819,2485.386906,381410.5288,868.5296438,2543.541465,6052.194928,749.1194746,2326.622553,2263.622418,679.609668,2373.021923,78.25592537,30.27139154,298.4439365,0.109027933,93.35774284,0.350749498,0.32405796,0.599795361,603.6587584,29.62444032,343.638335,81.77664797,198.2529558,2.217508696,20.31227688,80.69315265,-0.028571289,78.09093502,262.1343152,-0.745762777,5.525640439,29.00337975,-0.71350031
d49_07_G01_1_3_T,glasshouse_b2,Gladius,T1,R3,T,32371.19884,1339.410407,2357.906664,61.44828054,1533.85452,2994.188919,52959.96354,1477.440866,1574.341414,66696.26314,1261.88876,2458.111576,20247.74226,1340.598468,2415.539355,28183.37149,1396.154402,3102.383906,590375.5783,1465.038956,1257.612494,36545.43512,1206.211328,3281.103492,12727.62739,1367.677873,2558.527532,697.9793819,509.3930654,1699.699217,0.301613794,552.66277,0.380241611,0.41074062,1.307062009,3271.805225,219.8032138,2047.253112,576.0622093,1025.775165,66.87379312,146.3942221,444.4607605,53.06025254,443.3863082,1420.47213,169.1308082,29.11783254,159.2579201,32.60085568
d33_07_G01_1_3_T,glasshouse_b1,Gladius,T1,R3,T,12142.67493,1264.137778,2139.99856,43.20478734,1800.715121,2237.217995,25755.57666,1426.119378,1654.837211,25862.18502,1739.309447,1731.344488,12530.90374,1318.559973,2170.310091,10839.48688,1541.705778,2204.562314,649147.1235,1496.360619,2389.357414,9892.154326,1803.637472,1266.297261,11258.57963,1939.450911,2465.038546,209.3417068,142.5530384,855.4879929,0.157902437,299.9190405,0.391237215,0.411361313,0.732312121,1714.265456,112.6036331,1059.748187,222.6127548,620.3553887,5.798112785,56.3164866,272.8788055,4.774122826,182.2697923,865.9680586,12.54487568,13.42692513,97.49844698,2.503327408
d07_27_G04_0_3_S,glasshouse_b2,Forrest,T0,R3,S,2667.262703,1456.013777,559.4932738,59.54298631,1401.646437,349.4707235,9759.371379,1461.372614,411.9480672,9593.322387,1453.037907,332.9574498,3826.284973,1407.280059,536.235608,3465.786984,1395.864305,333.7609204,388126.2302,1818.554645,254.4243918,1435.186961,1354.325396,663.1873899,4975.890675,1404.380575,559.2496857,71.35161534,48.83886198,186.181164,0.222153232,59.69840554,0.384232751,0.408920541,0.603708241,341.4343638,19.79299678,251.2301776,13.06853545,159.6610781,-0.605985231,-2.589893057,60.18937243,0.029708702,10.04506563,183.7973683,6.010290053,-0.14279647,19.18822176,-0.158261783
d07_32_G04_1_4_S,glasshouse_b2,Forrest,T1,R4,S,2521.506597,1481.458978,318.2705855,70.61426167,1497.72656,270.4461488,3684.669309,1485.673045,262.83224,3668.773265,1359.244542,623.5852959,2050.956783,1323.024032,692.7951102,1261.277937,1521.85901,242.9434743,304744.1191,1449.45065,263.7859166,898.9346742,1369.516435,608.6026821,2096.961389,1336.001107,696.4407513,17.39250813,11.05424705,72.17813056,0.107818878,21.50618384,0.382024011,0.414086152,0.584535235,160.05876,7.112861361,94.94663503,28.14223695,47.20159268,0.990990335,8.353610003,22.72975017,0.24605455,6.113223774,91.18613685,2.101371269,0.59750474,7.704857808,1.013742264
d33_36_G05_0_4_S,glasshouse_b1,Hartog,T0,R4,S,8490.261625,730.9408787,4484.424823,60.73588651,939.1745441,2245.22594,29911.5401,730.408308,3435.650425,29054.43235,1060.617803,2395.30911,9235.059938,743.3993456,4532.953059,17450.76507,688.6187467,2935.800293,616730.5082,847.5855815,4080.078962,16021.71105,711.8592504,2829.783176,9173.649565,731.362214,4514.200632,384.8933271,258.1221268,1043.330827,0.249779063,364.6242116,0.394484631,0.43543721,1.053605304,1954.443252,141.447268,1291.622407,191.7157053,789.8370934,21.31481497,45.47427087,346.2111928,15.84330808,169.4604889,1082.14783,51.86984572,8.420770292,123.40393,9.286510762
d41_48_G06_1_4_S,glasshouse_b1,3811,T1,R4,S,20007.69529,1437.641198,3223.885271,63.18904128,1691.311044,4342.685187,27856.1364,1239.536439,2855.194277,25994.80169,1632.345397,4055.790505,19582.24803,1463.371379,3230.259216,12033.63707,1756.737687,4496.987893,503101.2231,1705.543446,2725.183185,13660.23006,1718.100314,4444.545485,11410.79267,1476.921097,3286.488987,316.0576806,205.2010337,1035.660187,0.204480043,343.2909672,0.377050914,0.410968796,0.971244701,2029.477495,126.960376,1212.476239,238.1634295,756.9883847,10.95976575,65.0863416,317.05781,7.652612352,193.0348768,1010.170419,22.6708021,13.35472174,109.0008788,4.024939962
d05_21_G03_1_1_T,glasshouse_b1,CALINGIRI,T1,R1,T,1529.885504,1574.660565,977.0096704,45.98109256,1687.14347,416.7843595,2489.376552,1591.897126,501.4652322,4237.016503,1589.171255,505.6439718,1313.300124,1583.852268,928.499384,732.4193511,1580.558471,948.8714303,290448.8865,1468.747774,280.9313047,1360.713077,1566.773605,340.584469,1527.95806,1586.406077,941.0901236,37.74702874,13.66489445,81.50118664,0.192097134,35.6718655,0.388139019,0.43525702,0.576398771,205.5769275,14.91938977,103.9858626,38.29896774,71.27085943,-0.780599443,2.729559198,31.03378381,-0.62316072,33.6207532,95.76372375,-0.895693606,1.858291856,11.62233431,0.028910528
d11_18_G03_0_2_T,glasshouse_b2,CALINGIRI,T0,R2,T,11112.99644,1649.493181,659.1823301,62.28494169,1431.062642,387.0128995,20821.77714,1651.535284,639.7483422,25386.31396,1470.336218,902.5322581,10786.04347,1547.744401,698.9267455,8694.59884,1430.142283,440.9572613,465351.1032,1488.307749,423.4718695,7569.977139,1456.932993,423.2230364,9559.10789,1572.688075,725.3273458,78.88627621,47.69716601,417.4448918,0.102004799,163.8632207,0.409859192,0.437694324,1.019730572,893.2277748,62.25443419,559.3371618,61.43622905,396.960084,8.942674193,10.76179049,161.2141804,5.838598053,35.63944151,482.344023,22.94028717,3.040323044,53.62840624,2.506061729
d41_29_G04_1_1_S,glasshouse_b1,Forrest,T1,R1,S,4136.200529,2197.869086,3680.382282,46.94330775,915.0376602,3416.060474,11357.50873,833.1775938,3924.640923,13100.94953,825.8662435,3739.869691,2572.897659,2203.106873,3600.786686,5785.736059,853.0961751,3740.921395,379376.2138,855.0498931,3355.505087,4480.097889,884.0270744,3725.933101,4355.674393,960.614296,3350.240126,133.6739053,74.87449618,425.8370069,0.172055435,153.1623737,0.38044571,0.410291508,0.718871838,846.7273248,51.0636344,517.6126276,97.7274294,312.9132891,1.649367949,22.26631384,139.2794466,0.363940548,72.01183067,442.1150704,3.944108696,3.985981261,51.03938208,0.921762634
d25_10_G02_0_1_T,glasshouse_b1,5489,T0,R2,T,15256.25948,2452.830254,2650.411436,83.20792501,2397.077384,2666.396336,25719.21191,1966.693872,1883.735507,43723.20641,2272.28645,2434.604447,13778.92612,2485.670177,2691.766571,11221.12662,2317.864406,2800.415837,534200.2147,2521.265679,2341.030075,13569.78302,2307.995171,2376.835242,13957.03312,2480.785288,2645.464065,162.0258869,107.1936273,836.4823837,0.130535493,311.2941549,0.397128585,0.41073627,0.90899369,1632.611938,113.0145096,1071.856414,79.21196659,764.7932338,9.55163362,20.19160529,312.5689462,4.762922381,62.39838038,998.6279564,16.88767074,4.66186716,105.0647092,2.729935277
d25_09_G02_0_1_T,glasshouse_b1,5489,T0,R1,T,8086.377817,1105.294191,2921.789448,70.25340719,2423.364359,3827.186427,31179.4723,2184.595586,3011.756913,30958.39703,2446.765578,3161.503286,7369.673738,1122.462021,2998.855794,11217.2809,2327.699835,3101.373709,349023.8156,2133.607281,3742.458168,12730.93039,2280.194706,1976.345327,6166.439861,819.5486803,4022.172997,132.7805376,85.86867622,824.219861,0.109281369,330.0542794,0.42930151,0.435549444,0.726146569,1577.361076,127.1991405,1089.076735,24.37085904,775.8462397,1.373824152,8.891337526,340.8550571,0.929138777,42.68829307,1065.837908,6.393270182,3.33284932,121.4104152,1.159888078
d49_04_G01_0_4_T,glasshouse_b2,Gladius,T0,R4,T,25527.10352,2073.746458,3673.854427,115.882047,1127.613426,4994.228085,88087.65638,1604.309697,1563.998857,90661.34732,1645.153838,1612.661551,25155.96312,2115.568765,3653.876666,44435.75961,1654.411357,4396.685464,401871.2207,1456.039264,387.2042391,42261.24373,1587.932432,954.2264847,17671.17135,2107.654577,3572.704023,991.8993216,719.4801413,2544.896696,0.278398649,880.1445287,0.395905504,0.409108775,1.816081961,4776.830772,382.0505658,3196.40862,850.9151461,1534.769247,208.9472281,188.6313921,671.5952031,163.4555772,605.5001937,2097.786045,518.2420744,38.10424296,236.816416,108.9497547
d11_24_G03_1_4_T,glasshouse_b2,CALINGIRI,T1,R4,T,6161.005686,2157.085558,1432.049429,67.11781525,1646.373141,386.8003584,14160.0555,1516.954521,870.0332607,16771.9165,1392.57608,1239.745914,6551.083388,2160.049797,1434.757471,8540.189401,1173.607985,1849.798245,449481.8018,1924.47017,950.1139741,2794.004162,1584.240289,491.9776977,4397.251564,2222.316699,1613.830766,65.14514949,35.71806964,342.234764,0.10692871,141.8931521,0.413590249,0.434965044,0.586228054,712.6118376,52.64694132,479.8111936,62.69653843,338.25408,1.602978988,4.182326467,149.5913119,-1.277943655,57.1143725,473.4971839,0.092682537,2.698886499,50.85997701,0.733910924
d09_36_G05_0_4_S,glasshouse_b1,Hartog,T0,R4,S,4427.256872,1193.741727,1568.738597,64.20036163,2276.688908,1087.760511,10886.56538,1319.338362,1140.548236,13796.4523,1349.983594,1089.206713,3275.750464,1196.687018,1544.818754,5504.455616,1357.994628,690.8968021,354196.0053,883.0105137,1443.678254,7109.700421,1438.171896,341.5408406,3794.627607,1209.187614,1539.450644,108.3341778,92.04475324,354.2879456,0.232784383,131.2236809,0.396724155,0.411677964,0.785475448,718.6104169,45.05379648,454.0839689,40.41899187,302.0499165,2.599700606,16.11540889,128.7580299,1.752752755,23.87118644,398.8598995,5.47631216,1.55716438,43.55555356,1.384226863
d11_41_G06_0_1_S,glasshouse_b2,3811,T0,R1,S,4121.361991,1549.291586,1071.006485,58.77341623,1502.511125,1482.325319,12989.28059,1547.56809,1499.553263,13381.90251,1552.619798,1515.72883,4201.03955,1574.602405,1070.99637,5756.308304,1620.553872,395.5458684,360706.3891,1470.964817,985.9112213,5363.001605,1531.841688,1638.88615,4452.930368,1567.116483,1098.728976,60.90416824,50.88858427,340.3342358,0.128790523,126.6695788,0.423995293,0.434450353,0.589789907,601.0012447,46.63549954,423.8308736,-1.39400473,281.5016384,0.679869986,8.714805774,134.9743367,-0.236860195,33.83804394,387.3401196,5.228681126,1.278981824,45.23205649,1.153042288
d17_47_G06_1_3_S,glasshouse_b1,3811,T1,R3,S,6507.173988,1429.205719,2117.760248,75.09965522,1535.64086,955.4603349,9172.010867,1427.869412,2267.961217,7807.409417,1459.889938,1595.453249,7201.433819,1415.626018,2139.050375,4186.821403,1300.659558,2419.158827,362774.788,1464.151317,1589.657473,7242.454734,1284.33599,1658.489173,6919.410766,1420.047292,2077.487251,58.84986901,31.50491672,358.8674587,0.085443885,140.4429696,0.396627747,0.438599013,0.728000607,693.1000891,45.00548619,475.4542061,46.2630837,312.7216488,2.027578282,4.264921158,137.1340409,-0.063399923,55.30325043,413.3603756,-1.616558878,1.864800523,43.53601389,0.873407976
d13_02_G01_0_2_T,glasshouse_b1,Gladius,T0,R2,T,6675.775691,1718.584396,1930.595423,56.07174348,1877.505232,1536.994957,14074.28443,1749.207587,1332.878601,11688.50451,1762.232876,1345.028226,7226.086593,1753.582588,1922.082731,6615.009717,1873.924506,2200.316168,386384.2153,1601.898544,1472.964154,8272.723537,1472.258714,344.7896734,6853.908684,1764.098611,1895.192849,98.19467269,65.61271864,440.6432532,0.143602147,180.8702987,0.438278322,0.436035835,0.838322953,901.0091666,68.21554739,594.5198064,49.22394471,397.4283015,0.624885162,2.962312674,184.3361342,2.937795735,9.617059977,580.0746787,7.57248517,0.860001697,67.78056879,0.452938887
d29_25_G04_0_1_S,glasshouse_b1,Forrest,T0,R1,S,6297.748819,987.6511225,2862.746825,63.2816931,828.3614777,2910.139303,17668.87959,884.7300424,3296.974426,19576.84823,694.7024483,3128.426885,6985.994173,1013.185719,2905.805964,6031.216924,809.2070844,3152.509073,492246.4398,1262.129311,2717.930007,10692.64008,1424.586072,798.4848697,5754.388821,949.4945806,3003.935214,155.6322499,76.47314466,559.5317854,0.132129303,209.6542589,0.392805177,0.435340707,0.617180681,1164.335845,79.83512744,758.3251653,75.36961132,516.4425024,1.006026047,31.17823946,214.9677129,-0.795005707,87.03169326,673.4546279,1.668883863,5.930878085,73.5447488,-0.299223936
d37_46_G06_1_2_S,glasshouse_b1,3811,T1,R2,S,12008.43844,1463.398517,3837.24062,63.77956554,1227.111108,3862.141991,21051.06074,1817.183165,2821.726828,21517.74665,1798.600885,2820.957966,11066.49996,1521.028984,3934.840321,10240.06904,1272.706529,3773.7616,350707.839,1435.923418,3316.31618,16089.45695,1307.338984,4135.814656,10516.57649,1554.14711,3960.05407,215.9079652,132.6626187,801.8412322,0.159787322,255.5014727,0.36206438,0.411633943,0.719980771,1508.481924,89.32020901,902.8524848,282.7956187,547.5869969,0.430282484,58.26755012,230.2516028,0.772194949,162.4321829,729.4413582,1.846970013,10.0858247,76.59880744,-0.6191142
d15_38_G05_1_2_S,glasshouse_b2,Hartog,T1,R2,S,2960.301622,2240.04369,1787.912285,48.29913177,2156.788246,1672.988845,19330.74779,1030.583735,1559.277031,15800.54908,1038.170667,1514.576897,3164.023239,2224.314352,1853.51641,7199.35516,887.851308,2230.245181,386507.168,878.3628677,1698.025001,4098.800564,1304.637709,711.437741,2922.962922,2225.026603,1809.968091,96.81190713,51.66589047,377.6049499,0.130764928,147.166347,0.403338402,0.437510736,0.578004631,783.6863966,51.28196571,467.188193,86.88562759,329.5892373,-0.62971266,13.07429602,146.2830649,0.011296039,36.3377879,439.5220817,-2.268799368,2.115227259,50.45988762,-0.196383117
d17_48_G06_1_4_S,glasshouse_b1,3811,T1,R4,S,9104.799434,1217.464064,2101.525222,66.18036778,1522.980628,780.8843832,14799.86927,1223.287462,1803.899995,13375.25458,1226.895786,1793.934456,8871.438072,1208.688804,2123.459369,5904.984032,1375.375749,2591.26449,364217.2479,858.6421098,1459.417048,6500.546594,1499.348558,754.7376356,6861.39436,652.1831473,1892.82595,97.75533192,58.23782682,447.9993065,0.144105288,153.988563,0.396369922,0.437617319,0.592512485,821.2992949,59.5891308,531.7170223,93.65140921,385.0986458,-1.144321182,15.42643391,162.1635758,-1.082332103,53.37801608,508.7092521,3.079783873,2.248814998,54.84118659,0.521680672
d7_T004_04.11.23,field,3811,na,R1,S,59494.25379,1205.878661,5099.891005,98.70231534,626.4456473,4689.886235,215049.7057,1151.295029,5131.181554,233746.9388,1144.445846,4995.923652,47335.5472,1129.703475,5164.742806,92058.89815,875.8447224,3111.616872,712470.6253,1700.211615,4991.130468,161759.6274,1405.717156,5190.792953,41436.45284,1153.371779,5150.223436,1051.906916,449.8295955,3629.851517,0.121930229,649.851468,0.195462322,0.188954207,0.618133832,7312.651428,118.7116868,2271.800212,3472.360898,184.7777354,0.87188925,657.2038681,62.11068643,-0.220327411,2094.420624,221.0526773,0.959316839,101.7488498,15.77498553,-0.223133351
d2_T017_02.10.23,field,Gladius,na,R6,T,19608.72028,1449.658833,5094.620127,47.92582072,1209.21002,5566.785992,177045.0557,1216.759672,4955.880489,187043.4729,1323.572769,4907.664412,14503.79741,1385.89356,5067.421766,78843.59437,1182.676068,4776.777682,661160.7884,1703.567254,4819.331355,71802.10867,1586.123958,3583.982403,12162.70671,868.641763,5999.507915,1017.529789,283.3458357,3305.232676,0.090159469,593.0058692,0.195980165,0.188959247,0.589183386,6582.338644,113.77223,2076.080461,3112.192675,212.0498747,-0.723909001,598.8733549,69.03715862,0.802249706,1876.906677,238.9905894,-3.731611867,93.54643967,19.5683494,0.006774391
d15_13_G02_1_1_T,glasshouse_b2,5489,T1,R1,T,11581.63646,1735.380895,1595.149785,64.22547688,1411.340484,1364.335605,14401.69515,1594.496478,1140.684313,19839.10783,1610.694309,1253.122689,11839.14564,1726.221348,1636.570386,8304.935274,1901.630492,1446.524615,466939.149,1517.339281,1233.146505,6837.463915,1176.272252,1548.822609,11434.26808,1704.442267,1629.893569,61.25950838,39.31035086,396.3820148,0.082587553,149.9134198,0.416182847,0.434420921,0.593873916,777.3937709,54.75857234,478.2189422,67.58785976,368.420294,-0.00760293,2.706552362,157.8648814,0.103590873,46.13076062,504.6248378,2.421487174,1.231171322,54.06398075,0.711019408
d37_36_G05_0_4_S,glasshouse_b1,Hartog,T0,R4,S,9690.644639,729.6891353,4540.079339,73.63204757,729.2321798,2791.271216,30858.18579,1077.52063,2321.689687,31997.42613,1076.215784,2558.162546,8005.330351,749.4517529,4448.010784,16974.48717,691.4879339,3101.642732,490721.7403,832.9469308,3860.740726,21241.80572,695.5319634,3040.030125,8295.062094,725.5649393,4489.545273,456.849894,305.3032487,1205.488528,0.247010202,425.062052,0.385773676,0.407348065,0.847364864,2369.030271,153.5462265,1496.116412,271.0505779,916.7391498,9.511938734,60.72478128,407.2703149,7.868823428,205.4415499,1266.593324,19.81819231,10.80689898,143.6390116,3.190701688
d35_27_G04_0_3_S,glasshouse_b2,Forrest,T0,R3,S,11324.07684,752.3742613,3202.960122,54.98632852,691.9332402,2844.444386,24374.83968,754.7432005,3211.662734,26985.7193,749.1700237,2955.540743,10900.12962,857.1766116,3188.350307,11265.11104,1450.703918,649.2307589,487087.1657,843.5516412,2315.80393,10581.40237,1435.008636,755.7257323,8454.951959,859.6212477,3552.211145,223.8005859,158.5606368,729.5549904,0.218246723,250.5655986,0.400745929,0.435787974,0.971596482,1306.238466,96.05912344,922.5670183,117.6689506,567.6381302,18.81286655,31.17180343,245.8684127,15.18076478,66.35410644,764.2045138,50.36856803,5.906733166,83.84107498,8.84431827
d15_35_G05_0_3_S,glasshouse_b2,Hartog,T0,R3,S,2206.02299,993.8671425,2047.913752,50.1230483,881.7022661,2302.205378,13479.60684,822.131853,1873.60472,15157.07349,843.783165,1834.520412,3545.837162,983.1935941,2110.413474,7714.95683,1537.527846,619.2629593,333374.8162,287.0341877,1448.357853,5755.638538,987.1395621,2017.575275,3536.065975,974.511539,2126.350555,99.57558301,67.67709462,317.8968407,0.175604043,114.6553262,0.372047556,0.410567176,0.652665645,738.5472605,42.74445959,409.6094109,103.8828622,258.3919462,-0.596548701,16.90708126,109.4631477,1.147527417,31.79915769,352.8180269,-5.201100142,2.362931811,38.30747804,1.13039865
d45_25_G04_0_1_S,glasshouse_b1,Forrest,T0,R1,S,6279.634018,713.7814544,3131.731419,88.3077978,1437.843088,761.6826953,36072.39126,880.2395457,4079.56151,31341.79156,1303.254411,2279.122838,6896.210605,706.4941509,3150.40975,17561.55394,794.6673315,4338.753132,407552.3526,865.6400289,2860.178168,19996.45196,1401.180842,809.3951291,4190.158606,957.1568413,3019.841308,514.2242703,335.5602063,1214.300835,0.269353838,427.828379,0.380804143,0.408374169,1.346500332,2384.263523,168.0547545,1508.71685,405.8095762,830.0771424,57.55258964,79.49026568,351.6667217,43.36265917,245.2599536,1110.491678,138.8450859,15.7993906,124.6146651,29.2391122
d1_T023_27.09.23,field,3811,na,R8,S,55592.52505,535.1879258,3785.780125,87.07976472,558.2745419,3551.086638,267759.0887,1059.635725,4786.953009,311045.457,866.767218,4473.101248,46546.58748,559.5648523,3849.587577,149297.2195,1014.229943,4253.587902,469501.1489,320.4524182,3475.288556,240786.7154,984.3103018,3661.376171,39660.99037,548.0588501,3841.173808,1480.263084,711.6516943,4503.03508,0.157190032,817.1479199,0.200811949,0.189548109,0.709771516,9001.259819,161.0818811,2882.74825,4235.286468,331.9512014,1.777625548,798.9453847,116.8030528,0.429898286,2507.456231,370.1687614,-4.650371622,126.1044576,33.91377424,-0.85724244
d15_12_G02_0_4_T,glasshouse_b2,5489,T0,R4,T,10259.33774,1088.307569,1599.90863,61.86798683,1601.069801,554.6184186,18068.18021,1728.327967,2091.350103,20359.75556,1720.876374,2082.315277,9957.514876,1097.988275,1537.063702,9288.677807,1552.434608,731.3268566,529299.214,1074.008695,1193.173055,13182.41714,1510.54451,779.0516278,9816.897889,1115.940047,1572.204072,87.44359056,47.82854441,484.1555693,0.108114658,188.3098876,0.427076989,0.43354515,0.616824456,993.4947718,68.72568578,684.6593401,48.17712775,443.9128141,1.169878286,7.294596277,200.8871255,0.603313621,4.808054598,639.2447608,1.711527205,2.913021459,71.03240123,-0.252954372
d33_10_G02_0_1_T,glasshouse_b1,5489,T0,R2,T,15959.12263,2517.211646,2855.596299,54.04775282,2094.230188,3645.855277,32965.0992,2050.061889,2153.948863,37045.1955,2055.18956,2177.656043,17090.41718,2504.10417,2824.818985,18487.55561,2457.691793,3393.924623,468874.2063,2556.947547,2270.35322,28461.42122,1834.00642,804.5920598,14941.547,2515.100959,2846.962648,374.798243,298.4821745,1362.776787,0.229379577,501.5976138,0.415608236,0.436129321,1.229968113,2479.123097,190.3517399,1728.168405,153.6328742,1118.981375,28.90601555,36.89486033,485.1186446,20.42100012,128.111294,1530.982352,68.35999764,7.596352835,169.979883,14.03481157
d11_22_G03_1_2_T,glasshouse_b2,CALINGIRI,T1,R2,T,5407.184787,2001.358226,1597.657624,61.1932496,1949.649352,1789.611408,11633.06526,1563.043391,875.4699804,12496.90157,1703.765162,1411.856342,5402.194299,2008.558169,1521.886467,5986.36971,1892.975375,1663.590297,527458.5778,1866.954064,1017.466278,5255.949424,1907.935797,1729.797701,6156.015951,1989.504427,1574.466936,56.8623873,17.99852261,258.0381552,0.085359325,105.9163777,0.41361523,0.433149474,0.581658268,548.2964214,37.33644613,359.2475043,63.13240965,238.0555752,0.391432478,-0.974158531,105.9801568,-0.860891973,38.58947225,349.382655,-5.357419576,1.025929166,36.73905919,0.005540752
d2_T021_02.10.23,field,Gladius,na,R9,T,125995.5554,380.4269622,2800.41763,56.36328738,224.5890549,3303.609856,199038.5691,710.2808605,1980.302876,194357.0216,693.3774793,1971.410732,98935.48378,337.689833,2719.02489,102695.4762,482.1436193,3242.403032,1225618.836,222.8616406,2149.721504,85168.92784,418.0949394,3286.457827,68275.77269,243.2181364,2496.786708,1113.593337,426.7669002,3590.503295,0.116547608,667.693427,0.205937015,0.18958128,0.832069429,7143.53219,132.91411,2338.710754,3322.221653,272.6466947,4.300914308,644.8755274,93.13186955,2.775406879,2035.368501,307.9429423,12.34802027,103.5092553,27.74916719,2.036213596
d13_46_G06_1_2_S,glasshouse_b1,3811,T1,R2,S,5483.052855,1627.539542,1479.478755,60.57787007,1610.386543,531.5590728,7325.631055,1621.472401,1765.690894,6114.907901,1643.602974,1287.119481,5632.063539,1632.265201,1488.291046,3661.603635,1637.174125,1401.162699,368907.5901,1459.124213,985.965632,1976.009137,1140.846474,1808.879197,5122.180976,1645.453049,1466.398067,72.97321178,44.2436496,208.5150181,0.158545886,88.92756351,0.407109318,0.435359777,0.942298355,464.1442864,32.58331532,310.5869739,-6.265286589,209.9760582,5.338751108,2.563452139,87.2892293,3.522713395,35.84203332,268.8596411,8.590177605,2.106464824,32.3354698,0.584200372
d17_19_G03_0_3_T,glasshouse_b1,CALINGIRI,T0,R3,T,10961.61976,1700.397704,2296.550769,62.59855044,1400.543751,1490.87282,18382.33941,1437.809592,2797.808906,15832.9103,1427.186679,2791.079928,9692.08284,1692.1405,2299.928326,6764.00913,1549.329259,3067.853916,386844.0928,1072.360873,2647.770538,12907.37255,1577.110909,2767.966036,7391.098811,1447.79734,2912.800427,123.0704238,95.59949264,604.22428,0.149831042,235.1497587,0.406673472,0.435369392,0.716072395,1221.670937,84.61644362,820.1157214,50.9565358,574.2327448,1.473217887,15.37205717,242.5774326,0.783129333,36.55060606,797.0283648,2.611304058,3.115446721,83.83628542,1.954497779
d19_03_G01_0_3_T,glasshouse_b2,Gladius,T0,R3,T,15680.70727,1388.291017,1620.054922,51.26825224,1798.618998,3034.077366,22027.75773,1541.233368,1275.710255,24230.25936,1539.320112,1293.394099,15574.93986,1370.872608,1635.846006,11589.23426,1726.76786,925.3803748,377963.9247,1445.74409,988.0885063,9041.298136,1227.46214,2212.783072,15741.07371,1379.910761,1594.94908,119.9103703,81.18422218,640.1150683,0.116250912,247.9776349,0.415023855,0.434234203,0.728989738,1301.615809,91.48214449,849.6583978,67.97534394,591.7556119,5.979664139,16.12339771,256.8666774,4.076991853,43.20291202,804.7448118,14.05986243,2.976931936,86.97875534,1.880948271
d25_41_G06_0_1_S,glasshouse_b1,3811,T0,R1,S,8352.786775,1417.78162,3433.692915,73.96542727,1432.923594,1555.408554,22814.14763,1529.958969,2070.977746,24004.90705,1341.652875,2860.562585,8520.408952,1421.156716,3493.493922,9046.230317,1443.688067,1921.27296,358096.6008,1450.853954,2524.671458,10505.77966,1359.080159,2688.584967,8460.317161,1433.580631,3483.897344,180.3831996,87.33318958,744.8879869,0.135887465,254.827506,0.38671474,0.432859101,0.730427878,1464.756212,90.39771874,880.8775535,139.4353269,568.9552203,8.008169785,35.1042875,240.6970674,6.141036944,108.6571156,754.4912414,19.32768203,8.173933615,78.49596243,2.931014393
d05_35_G05_0_3_S,glasshouse_b1,Hartog,T0,R3,S,2302.79401,1901.159486,618.5109878,58.90259561,1495.377392,673.7525988,2336.232091,1531.836305,502.5283632,2319.236925,1508.520623,505.8467981,2124.877659,1867.029568,635.3505086,1927.373872,1487.22415,394.3216821,274464.0987,1458.385036,209.3238469,4115.03962,1603.897247,186.1058139,1942.646859,1512.039177,576.3682919,34.76741909,12.53883301,74.99013422,0.122616448,39.03840928,0.3679171,0.40858735,0.573045512,185.46588,12.09450393,158.3497426,22.15869848,98.29422348,0.12856802,1.069855922,34.05444917,-1.158300559,23.83065115,103.1757779,2.595758969,1.683864582,12.16138778,0.380587475
d05_44_G06_0_4_S,glasshouse_b1,3811,T0,R4,S,4186.570138,1690.104019,423.0783627,55.25414551,1488.567747,161.3093328,1633.9765,1698.902462,377.4875628,7022.704128,1717.415797,442.7149808,2733.01234,1689.940892,365.3933332,1877.232062,1665.462461,290.4765221,257227.2644,1473.50689,184.306815,3830.844273,1649.819336,295.4731931,2013.565718,1705.382671,449.7283997,34.96868487,28.97770092,138.6936908,0.20270966,46.21483803,0.357452829,0.410492247,0.581749899,289.4605058,14.44954938,154.5245661,27.40981086,100.7658106,-1.120839918,-0.382634513,38.8843795,-1.219204172,24.05220254,122.2129097,-0.730687779,1.172983229,11.95650173,-0.234002857
d4_T019_14.10.23,field,Gladius,na,R7,T,166483.2307,517.7484316,4955.231968,66.57669981,695.7861392,3448.785135,342797.0584,1022.72807,5295.607658,327510.9849,1023.058472,5443.268926,109730.4071,495.3861677,4922.960938,171735.5315,912.0722563,4057.099246,748198.0397,1332.649051,3573.506292,168522.2908,1035.203563,3976.495905,102137.6056,491.7200558,4957.387322,1556.855274,931.3398648,6008.756698,0.155608149,1149.491038,0.212704979,0.187629643,0.846699396,11839.11057,234.3603817,4020.63287,5416.042937,556.6117011,4.948510503,1084.1121,193.0862999,1.248872582,3379.639434,619.5789089,9.810574845,177.4475759,54.07112493,1.246578739
d09_19_G03_0_3_T,glasshouse_b1,CALINGIRI,T0,R3,T,4877.414124,1627.296343,1236.060947,60.10575899,1564.136336,1352.497088,9149.130088,1500.09702,843.6925442,8844.34916,1503.164694,872.1747813,5103.918065,1679.368287,1273.744538,5280.475461,1579.883251,1152.428248,413030.7557,1825.898516,922.0928451,5815.794332,1515.571368,294.3975367,4620.044731,1679.097563,1235.917208,74.63420258,58.12882826,335.759238,0.137234679,131.850393,0.418591158,0.437218604,0.983788615,674.4147301,49.87213478,460.6364802,14.06739186,282.2379089,6.597563121,0.614999512,124.5526456,4.520030895,44.56657087,410.6327984,13.84321395,1.311900837,45.57805639,1.860352852
d45_29_G04_1_1_S,glasshouse_b1,Forrest,T1,R1,S,4793.287328,861.2400626,4616.187007,46.17527464,1354.718891,1145.447392,12108.14842,2507.666809,2931.86059,13872.49773,2511.128377,2971.210246,4069.398217,862.3798985,4590.854707,7280.935219,908.6534558,3526.710679,374388.7928,890.3622585,3899.9782,7974.726693,1549.1867,622.3651447,4784.791787,883.1862582,4640.5229,183.0084598,93.18530148,491.9896845,0.181740408,175.3142594,0.371863095,0.410357682,0.835901481,987.1378107,59.75396859,603.3572405,111.5831504,377.4966511,1.194382154,41.64954235,157.0507477,1.377288284,106.3862594,510.7231329,0.134356852,5.818076532,55.44200086,1.296750041
d15_23_G03_1_3_T,glasshouse_b2,CALINGIRI,T1,R3,T,9769.509346,1416.817946,1981.653105,73.83366824,1579.689686,1440.544989,14124.81313,1407.083006,1976.536548,12681.56964,1527.469017,1077.116489,9106.733954,1475.164712,1959.20781,7701.954724,740.0068275,1442.616654,374108.4929,1863.25108,1457.572006,3910.712557,1505.795231,2441.385679,8944.401613,1484.972108,2006.542967,73.60753035,53.79910681,336.825931,0.152834345,128.0041868,0.40871603,0.438086289,0.573943243,626.871189,42.60256928,397.0217769,44.43706069,293.0582368,0.432504109,17.04019392,120.5576752,-1.087453878,8.742928796,411.8060714,-3.652963601,1.984804511,43.69446766,-0.361823813
d21_12_G02_0_4_T,glasshouse_b1,5489,T0,R4,T,13111.54916,1996.30968,2647.785495,60.42348286,2103.597649,2842.46157,19834.96668,2059.119155,2839.852179,22571.52351,1050.478999,2191.614763,13698.73368,1935.046848,2640.831789,9411.924516,1343.165761,1755.37751,358757.1288,2009.404321,2184.482054,13979.47924,1548.767532,911.2326214,13009.44688,1954.11885,2664.827626,98.26981295,84.68568194,617.3199607,0.129611953,249.1714633,0.422847676,0.434453758,0.603110608,1362.885294,90.76768497,847.7726625,28.96468438,597.2711885,1.617381232,18.65044674,257.6707845,0.255491471,58.07060556,834.569396,-6.988993922,3.005176858,91.19533652,-0.376531042
d11_31_G04_1_3_S,glasshouse_b2,Forrest,T1,R3,S,2597.404783,1322.837467,1334.948823,63.04564267,1478.672027,342.9612899,8242.119262,1611.619179,514.3186654,7338.695385,1625.315778,544.854101,2960.924521,1341.485141,1378.260821,1935.65617,1559.018445,333.9462179,274610.968,1468.647484,273.2705777,4589.609812,1553.430516,322.7546704,1486.086856,1387.511425,1345.63368,56.74340286,56.2152643,170.7443277,0.266834077,55.62474555,0.383920198,0.410215908,0.615603688,290.922813,21.01030844,170.7419961,34.06666205,139.3931403,0.461131744,12.34001313,60.37222192,1.011930669,24.85557723,183.008749,-2.283425608,0.994634581,17.93047007,-0.641547431
d45_02_G01_0_2_T,glasshouse_b1,Gladius,T0,R2,T,8343.844299,1881.839885,3591.154927,47.7060792,1269.862651,2841.92205,37904.35443,1662.98396,4082.695997,38846.90409,1676.877994,3995.615662,8732.062982,1808.615204,3566.727661,17900.39683,1727.329485,2227.279996,606502.6176,2072.63532,2504.453104,19928.42145,1553.042261,4445.197433,8203.864375,1833.390259,3625.516778,511.0016989,341.8953143,1444.366506,0.246023345,499.3057066,0.402873623,0.436433337,1.053853681,2712.6278,201.2902018,1846.617076,291.0118026,1092.413688,29.93706405,64.12765684,491.3271975,20.53057408,198.3480561,1547.312237,67.79193533,12.22292926,174.0743068,12.97613388
d41_37_G05_1_1_S,glasshouse_b1,Hartog,T1,R1,S,3671.193373,2366.51829,2597.663211,60.10018764,2378.408379,2875.061128,6923.967356,1093.015639,2558.941275,10668.91126,1099.087545,2581.214989,4900.08371,2371.478341,2547.764434,5184.593334,977.4674283,2202.506217,194342.7843,2580.723456,2650.130704,5491.030282,2385.568536,2494.659859,4733.026123,2392.154302,2599.042779,141.5676007,75.18706474,325.5329147,0.23393131,112.980884,0.362910684,0.412139835,0.60556012,643.3870691,40.23456593,371.0970726,107.7771064,239.0379428,0.662658983,19.43321644,99.49220182,0.59238879,72.67714877,327.041045,-0.18371376,4.032027632,35.82750555,-0.119314919
d41_48_G06_1_4_S,glasshouse_b1,3811,T1,R4,S,19329.61656,1403.113017,3202.996594,62.7541263,1686.861664,4340.399178,27817.47019,1240.335865,2825.898567,22960.63238,1630.733512,4059.924599,19262.16635,1438.972007,3272.38631,12721.93479,1752.313527,4435.920123,502851.2435,1709.588761,2698.287778,11496.48254,1738.627008,4468.741552,11282.39636,1483.782043,3293.055163,315.1666949,205.1140064,1032.544692,0.201358994,350.3078134,0.374201516,0.412442692,0.97335007,2006.723636,121.2807872,1195.526764,271.5582023,755.6474157,12.01001237,65.88521161,320.8493719,9.405662792,200.3784156,976.2084544,26.18793241,13.37591923,107.4143251,4.253520343
d11_22_G03_1_2_T,glasshouse_b2,CALINGIRI,T1,R2,T,5926.053298,1990.602272,1563.454644,61.41814376,1945.372882,1786.717434,10691.76067,1548.649134,894.2794836,12318.60977,1710.211578,1464.608935,6377.179575,2002.2945,1566.725743,7837.101659,1916.875199,1635.208692,535571.4984,1851.593986,1032.966701,5282.599255,1888.04852,1727.691023,5780.091855,2000.24788,1533.978464,49.47549949,25.2811248,308.0686839,0.08644667,104.2086214,0.413384969,0.434251465,0.578548209,550.7232004,41.21985337,344.8547854,32.76146099,246.1840755,-1.383628493,12.94275171,110.2276045,-0.400113071,38.12848856,312.5698926,2.18944876,1.600541032,39.07844812,-0.194426787
d15_24_G03_1_4_T,glasshouse_b2,CALINGIRI,T1,R4,T,7629.225185,2279.768824,1956.348378,81.56482613,1281.403069,1123.058145,18175.61483,1501.450998,986.8302082,26495.95154,1301.735599,1683.519112,7260.163898,2269.430196,1937.553466,8331.881826,1342.847555,913.5329129,358894.382,2043.643791,1509.682881,7411.999856,1071.82831,2069.379264,8247.026081,2274.406025,1915.353098,72.01884429,56.75422059,487.9719896,0.096592309,179.2300871,0.40291758,0.4322447,0.582158376,994.9259809,67.71678181,638.6682551,82.06102156,436.0540924,0.842561609,14.93748227,183.8959975,0.223385295,79.19294841,591.4440374,-1.302209539,2.799749763,63.32689344,0.996733951
d17_16_G02_1_4_T,glasshouse_b1,5489,T1,R4,T,5991.503432,2315.837359,1980.026011,53.56415608,1698.808769,851.1431788,15544.09759,1828.161414,2046.916911,11629.04175,1823.814826,2010.400392,6312.130204,2300.092349,1946.087048,4365.38592,2199.645659,2414.720986,511682.0274,2043.621548,1760.93309,3196.491573,2356.762424,2201.974242,5942.81162,2287.668872,2028.514669,56.55692444,40.15722999,294.2074263,0.106671238,113.1672791,0.41274574,0.435177262,0.603219686,562.8968144,39.87330535,404.1874273,30.79415278,277.2799294,1.480123462,-1.340826705,119.4270058,1.095585904,18.70788836,364.0470484,0.504096652,0.14171994,40.39317524,-0.337910413
d09_25_G04_0_1_S,glasshouse_b1,Forrest,T0,R1,S,2138.608788,1527.774619,569.7959545,103.2534501,1392.33023,232.2045991,8235.185754,1251.99297,499.1442297,8366.738317,1237.449897,566.5118431,2048.23638,1526.353552,633.795879,2586.115088,1255.183051,489.1192675,359807.7,1456.599932,729.4918393,2605.718367,1392.524494,312.7520683,3532.871074,1336.090089,338.313873,49.35522489,24.17904831,133.7987517,0.158481331,64.38425729,0.41898243,0.409091121,0.932541015,306.2837089,26.87020404,212.9329023,-18.97412166,126.1702526,3.383812208,4.96427361,58.29933375,2.041583466,5.836342464,185.8756398,11.63838585,1.015850203,23.58580492,0.476198256
d31_37_G05_1_1_S,glasshouse_b2,Hartog,T1,R1,S,4899.281001,2362.833911,2598.421306,64.75818946,1038.741637,2886.453844,11221.56587,1097.812538,2160.900029,10636.536,1087.901697,2185.757766,5119.543147,2375.402263,2611.423682,3493.99617,986.5855636,2175.83792,194446.7173,2573.964248,2638.994045,5365.983987,2368.623548,2444.536906,4523.611638,2370.674896,2573.75792,89.58397945,39.21933815,287.6746638,0.136340507,98.75071104,0.387746094,0.438650793,0.585744413,570.8935417,35.15189506,334.1176747,58.0188131,226.9739826,1.425933001,18.33961312,99.33405225,-0.517842095,58.01977,311.6834436,-0.569857786,2.119126207,34.89564105,1.173542216
d13_45_G06_1_1_S,glasshouse_b1,3811,T1,R1,S,1896.052474,1509.143053,1251.988842,62.89225,1451.57122,1400.252542,7327.095018,1555.762999,1535.247479,9836.552585,1554.123557,1479.42642,3745.174765,1523.601836,1186.489457,2591.474489,1497.4358,1278.426492,372944.8164,1017.106664,1460.061339,3900.908088,921.4974893,826.5641491,4182.541314,1537.180902,1184.68986,88.26701443,70.58426297,292.9483692,0.231852225,106.601113,0.394581898,0.436483053,0.720254971,589.3364906,40.68777063,404.0008786,-1.352971231,268.2628319,0.892254469,16.87281439,108.7166728,-1.35531172,17.49217219,343.5428335,-0.191703302,2.208795619,36.0479798,0.736072254
d45_02_G01_0_2_T,glasshouse_b1,Gladius,T0,R2,T,9217.833228,1879.140758,3605.625642,47.89504301,1262.467244,2856.948542,37866.9268,1639.760393,4075.362156,39839.84981,1679.428945,4040.649514,7704.6603,1834.848438,3626.626017,17869.01094,1688.093966,2217.881958,617686.238,2086.418419,2570.537697,20132.11647,1536.168064,4429.171776,8022.004163,1842.339054,3611.945044,507.3592143,348.294541,1402.338205,0.244517898,505.5442418,0.403016,0.433626649,1.056499582,2769.387955,200.7142673,1824.102911,308.8557854,1106.839482,32.04567426,67.09510424,490.1635681,20.67140267,201.821831,1537.056434,73.22603692,12.93608983,176.3906511,12.77566493
d43_21_G03_1_1_T,glasshouse_b2,CALINGIRI,T1,R1,T,31250.61148,1881.133323,3731.029657,55.99266143,1796.596968,4332.327128,45891.43686,1875.536254,3991.576894,45291.45037,1883.636869,4067.272383,32121.77602,1805.801006,3722.933241,17730.86749,1702.762232,3809.590675,548611.1655,1561.647553,3953.399604,16598.32036,1384.553009,1092.226668,29314.88971,1806.533268,3826.107272,417.8911777,339.2818683,1394.479513,0.244880618,465.5627989,0.380721468,0.412300259,0.922126032,2631.04894,173.5576591,1683.770892,390.4425625,970.9806421,30.7720521,102.0635489,417.2001521,22.36767057,292.4366269,1301.845086,63.63121447,18.57169421,143.7544848,11.23321486
d29_12_G02_0_4_T,glasshouse_b1,5489,T0,R4,T,14722.22622,2052.020118,2772.725592,75.11825065,1520.059657,991.7898335,27058.46332,1726.737297,2072.562549,27581.55535,1711.854835,2106.772761,13406.90077,1945.364685,2883.425211,11035.98058,2132.80092,2781.824923,585702.4898,2028.650639,2627.287435,18317.72069,1482.716646,958.2073924,13794.41494,1952.158449,2864.725882,158.9542323,117.5553542,929.5734031,0.131887822,345.7950992,0.417394745,0.435630602,0.881588187,1823.530033,127.057227,1182.581426,65.04269119,829.4091816,5.488952065,16.05474095,357.4537986,3.674962738,79.69317791,1126.570229,11.76854559,4.666797168,125.5465317,1.852930928
d33_25_G04_0_1_S,glasshouse_b1,Forrest,T0,R1,S,5824.030974,2189.088421,3152.986777,59.00914403,767.3613155,3853.939321,20314.60064,874.9416834,3477.881034,27114.27105,1031.782931,2882.633554,4926.340721,2219.763736,3203.708448,11727.10202,862.9477815,2779.97601,378618.2202,877.5756947,2820.919393,14281.18222,825.6562759,2887.127815,4311.956006,1005.069415,2979.71246,169.8814849,107.2930259,676.1044942,0.15842871,248.6417159,0.395119073,0.437039556,0.647353174,1343.885965,84.82852552,851.1175986,113.230394,566.22812,1.244849515,20.98923109,242.4948436,0.612832241,51.24545806,769.4142261,5.297532816,2.689633108,83.29492965,-0.019286007
d43_40_G05_1_4_S,glasshouse_b2,Hartog,T1,R4,S,18964.52095,2343.416655,3488.023545,54.62663427,2212.704545,4309.893854,55256.30399,1605.765521,3823.129573,62184.49468,1623.472153,3650.23098,16957.82644,2333.466004,3528.494665,23824.07734,2004.817107,4424.813307,459800.724,2486.433353,2925.84966,23739.78687,1673.791389,1074.963148,17095.66728,2328.777281,3586.561676,461.935237,323.12123,1416.556077,0.223267103,478.1818695,0.389424878,0.413005008,1.431795165,2649.347551,190.1332473,1730.613182,364.4585381,948.794398,50.79930389,88.96699234,423.5309005,38.31494575,298.1538914,1320.889504,123.4999858,18.10782125,148.8431415,23.43512129
d29_06_G01_1_2_T,glasshouse_b1,Gladius,T1,R2,T,7974.04085,1561.545366,1452.306773,86.8046339,1749.439365,574.3871049,14368.54987,1616.466197,1192.95184,18006.96569,1561.087206,2023.114799,6337.283004,1287.2896,1508.155613,10157.59987,1639.135678,952.685637,464539.207,1080.933809,951.0044879,15772.94745,1730.061195,709.6959514,7642.815798,1291.319052,1538.654761,191.5320065,148.3983095,612.6346974,0.242922781,209.8953528,0.390125597,0.410091799,0.970655537,1145.122467,82.28150042,719.751788,175.0890993,393.3216602,31.16008668,50.67106824,164.6001476,21.66289913,133.1945758,538.63902,65.35353116,9.571135417,58.86134933,11.66967188
d11_48_G06_1_4_S,glasshouse_b2,3811,T1,R4,S,5430.205605,1306.724877,1371.52735,64.91927911,1421.564717,857.6591985,9784.236589,1307.54881,1408.708484,10295.79294,1315.024555,1400.239229,5829.574154,1300.233068,1452.570778,6256.072003,1626.754395,408.4902092,411284.4042,1441.270488,1054.240805,5861.465251,1632.500961,405.1572897,5794.964706,1323.825349,1416.893261,98.97436449,57.09320591,280.2126324,0.226864438,104.5671247,0.406513303,0.435369635,0.609016585,558.9682125,38.61244408,340.4976397,64.56248131,246.1618615,0.642125011,6.043384725,106.1505991,0.127577344,50.4448704,334.351056,2.720535683,1.050847752,36.86163658,-1.304890479
d19_27_G04_0_3_S,glasshouse_b2,Forrest,T0,R3,S,7570.990744,733.8478301,2761.141517,64.80532815,728.0733683,2633.37785,13914.05079,759.1587627,2413.972489,15559.96425,784.4513257,2320.147506,4131.640058,2729.951627,1905.518417,7448.424686,1474.565394,753.5645294,378828.6422,890.1430719,2463.223791,5715.673963,722.0083503,2469.42025,5083.883728,2723.240075,1913.020354,98.60956287,61.79356788,416.4667147,0.151502759,161.2355066,0.394510104,0.435938907,0.5802448,863.2035952,53.63226632,538.7494207,90.26314454,359.026465,2.189704404,19.08658065,151.7356353,0.919463011,48.09412304,470.4842942,-1.948432762,2.433702531,50.45768338,-0.821145129
d17_30_G04_1_2_S,glasshouse_b1,Forrest,T1,R2,S,2578.728855,1054.558482,1776.962317,61.05651989,781.4078508,2319.847942,4333.360895,937.1035947,1991.99222,7190.385662,956.8356046,1986.157994,2008.625793,1044.739089,1877.761882,1206.737828,2014.33397,1997.44569,221077.6617,885.3888197,2020.095817,1733.150831,780.9285687,2319.199326,2890.30269,1048.232601,1808.593764,58.48769471,14.17876819,166.6011645,0.110739172,64.12639269,0.360338672,0.409324143,0.578556108,306.7773726,18.40577416,217.2013017,59.67160141,141.6640847,-1.070494917,14.64647086,56.82885948,0.560044795,23.86615075,173.4722279,-2.495665734,2.819044202,15.1226542,0.672491393
d21_06_G01_1_2_T,glasshouse_b1,Gladius,T1,R2,T,10756.71966,1545.731023,1882.876326,58.04526923,1645.650997,1994.408092,10765.54927,1542.39761,1442.002915,9005.606452,1459.670712,2136.818939,8816.614398,1469.984972,1972.268343,6205.856114,1675.021537,1450.454876,511292.0619,1484.863485,1160.380924,7848.581577,1615.899098,917.2610998,10511.50985,1479.284217,1824.631209,87.7868284,40.3181792,457.1238561,0.099445968,145.8093984,0.376806271,0.410966964,0.78153693,872.6892035,53.16971619,573.0340226,126.3513156,325.4526596,2.786167735,17.31762873,137.5157029,2.660845811,87.5238814,456.8958306,3.348874619,5.820295999,46.00093657,1.288174971
d49_01_G01_0_1_T,glasshouse_b2,Gladius,T0,R1,T,9844.401681,922.2949817,2664.44035,51.24098195,1980.66258,1131.263027,81609.37029,1326.709023,3731.861939,93791.28454,1302.431908,3641.165486,9785.339781,2163.499951,2497.698133,30770.05539,2042.872518,1249.008587,661168.7403,934.3933639,2464.686661,42170.17567,693.2416187,3314.306859,7557.928,954.6813258,2771.38807,588.056331,388.3780455,1931.212212,0.199164984,703.8506285,0.407480934,0.439254621,1.023518735,3689.015156,273.3293555,2477.250072,362.681146,1519.005494,20.15302593,83.71562411,690.2486765,15.00615412,255.6030146,2176.131047,51.67461139,15.04410274,251.3097246,7.514685738
d15_47_G06_1_3_S,glasshouse_b2,3811,T1,R3,S,6943.413343,1428.77712,1803.445067,76.01309943,1524.729908,724.7177628,13258.04944,1416.294297,1723.063547,13989.41883,1398.22571,1692.623524,6283.548424,1424.82365,1806.134032,6723.404214,1274.237265,1423.888668,598367.5879,1379.732412,1353.586941,3515.423776,1316.223355,1342.032871,6221.505465,1410.969292,1807.906349,77.72316833,51.17839002,329.6416884,0.137890623,126.0712272,0.401655323,0.435391596,0.869778282,685.1767479,46.10851895,410.8847444,48.8696793,288.1026057,5.367406562,13.32460093,122.2892086,2.590803551,24.87747088,393.4563529,9.6740686,1.622116517,41.07081385,0.247894672
d45_33_G05_0_1_S,glasshouse_b1,Hartog,T0,R1,S,5450.068931,2004.682536,2756.206586,59.00051535,1175.912339,2223.466149,41055.0615,2063.237509,3061.876892,44210.66965,2057.654918,3015.57638,6663.908499,2028.960444,2769.115987,21210.15803,2201.582446,2410.7236,348364.8057,875.5767678,2112.745356,30529.07534,1497.709604,663.9788866,8401.071853,1373.986056,630.8677575,623.6243767,446.9974993,1376.211076,0.311922856,513.2184245,0.425806491,0.433854435,2.224914667,2685.426312,246.4952555,1876.980757,318.9872519,954.9191399,116.9631902,74.5694169,424.5231273,100.9888743,245.4510888,1353.555574,322.3831302,13.42305465,154.9049948,77.52308348
d49_46_G06_1_2_S,glasshouse_b2,3811,T1,R2,S,12619.55886,1397.468945,4045.170131,58.00200074,1354.139492,4496.184666,70209.35437,1424.574094,3937.169762,78940.81172,1523.052016,3688.225284,11563.35848,1499.872327,3995.452901,33518.60531,1175.630052,4397.26669,370009.5805,1849.043428,877.7656189,33075.12285,1154.666839,4540.194952,7331.122286,1799.846437,684.8549608,716.7369195,486.1238072,1825.858861,0.261446427,596.5024784,0.383594764,0.41016014,1.827964829,3549.362845,259.7721003,2228.485151,659.651576,1090.364698,86.88709423,154.4563548,470.4806284,85.8304357,468.7691794,1464.267723,267.0483382,29.72486221,165.5669107,70.51723576
d15_05_G01_1_1_T,glasshouse_b2,Gladius,T1,R1,T,6328.421217,2401.000219,1818.846724,67.03888532,1903.187867,538.2800088,16807.89082,1655.83416,2172.066506,16980.02562,1667.034926,2197.373717,6751.757849,2423.281825,1780.742878,7566.200893,1518.943204,1943.342387,363501.1719,1464.109624,918.9282061,11773.17065,1519.941765,2228.261948,4694.90508,1422.148529,1448.875316,76.0776986,53.73372237,479.7202382,0.113417093,163.5963297,0.40864281,0.436465054,0.649430518,867.6363443,59.97156011,606.0688776,15.98946208,398.8770965,-1.593180734,5.870812083,172.5791037,1.953411394,32.28506058,544.8480514,3.637880288,2.529141268,58.56967615,0.391140357
d19_24_G03_1_4_T,glasshouse_b2,CALINGIRI,T1,R4,T,10873.21339,2329.009431,2350.333341,49.16142244,1327.853938,1203.172914,16251.63679,1299.935932,2772.206631,22295.06089,1320.53424,2683.203255,9437.361319,2291.591419,2314.230274,10175.84679,1069.448146,2239.613401,359357.624,2053.711585,1531.727148,7197.588394,1088.592538,3130.754286,9640.787336,2285.624723,2305.610856,65.41887621,37.25219107,631.0091382,0.061967376,211.8204955,0.402544422,0.43733677,0.576938906,1091.35267,72.88772755,733.2911889,61.42828178,497.9783712,-0.120028608,9.957839088,214.9266986,2.244184918,46.12841409,700.8400987,-2.858613615,2.447367654,71.68707117,-1.665537907
d15_08_G01_1_4_T,glasshouse_b2,Gladius,T1,R4,T,22334.57064,1915.538105,1540.190578,58.1044501,1766.11511,612.7158513,16917.14039,1777.171993,1075.879426,21381.6769,1808.412073,1056.00488,22318.18077,1906.558514,1525.267235,9635.19451,1810.870483,1356.50039,705234.509,1924.005612,905.2709849,7948.406306,1730.812293,849.9024548,20818.97159,1924.54181,1580.965543,58.96327788,48.91173631,518.5890365,0.099603831,181.3108493,0.406493041,0.436462641,0.865392269,894.5256322,66.50821638,636.3722337,52.12684516,413.6648321,10.26482379,12.05083018,182.0937624,5.0571283,39.17055525,548.5181877,23.95787749,2.541458935,57.55410205,4.731262559
d07_38_G05_1_2_S,glasshouse_b2,Hartog,T1,R2,S,2843.511636,1394.873105,492.4028795,71.71031797,1443.029001,319.6690533,3955.92388,1383.749801,555.1874599,5895.015417,1305.917693,654.0081983,2859.996894,1396.293149,441.8461004,2438.330846,1447.463023,340.9402241,308122.4604,1452.047663,297.3480316,4205.179977,1428.066729,464.5666693,3151.974152,1381.921791,451.8037075,19.36363313,6.497463607,84.00043515,0.123824033,31.50100216,0.389835409,0.410769345,0.581167221,237.3500212,15.17524594,108.7441055,28.74615605,71.75608725,0.534188376,-0.609174415,35.06508159,-0.466074297,10.17251374,109.3999171,3.811951289,0.957750781,12.13112358,0.044128129
d25_46_G06_1_2_S,glasshouse_b1,3811,T1,R2,S,10647.20663,1063.338271,2521.62489,67.83497479,1642.110201,3305.463424,16821.00558,1749.735028,2203.747837,20566.10704,1024.607688,2685.9254,10627.25971,1034.537943,2549.712958,8202.803962,1076.336513,2243.478655,438226.5346,1298.075647,2180.528171,9926.381508,1095.076293,2325.561032,11439.54062,1046.906697,2561.566941,108.8264165,64.94133087,546.4752626,0.112072502,190.4351166,0.393118087,0.433408738,0.717599006,1109.14688,69.01822613,665.6540068,85.70661655,451.0456806,0.204641321,23.87552404,191.7927025,0.338230924,53.24041061,602.3540521,2.269237457,4.30517172,62.70625373,-0.641339918
d5_T009_21.10.23,field,3811,na,R5,S,114598.1841,911.0418863,5795.665295,47.91580622,1002.849908,5975.132576,281179.5783,992.8518707,5256.918658,308730.8397,956.6554345,5103.776536,74314.92284,997.1613324,5987.160889,135395.1259,1140.950953,6146.844083,760446.5141,1161.067207,6179.91677,135371.9982,1111.544524,6171.14627,69705.27086,973.7499047,6050.75021,1194.597119,723.6320477,4543.748966,0.160390438,839.0641646,0.21376046,0.18902216,0.775889462,8790.737286,176.4143311,2985.373496,4050.8092,448.343205,2.505189763,785.6513537,166.4619797,1.816994176,2466.388186,531.881854,9.942680166,126.5576297,50.17649095,-0.121768104
d43_48_G06_1_4_S,glasshouse_b2,3811,T1,R4,S,20311.24749,1417.144839,3246.174667,47.09329426,1537.36983,3151.425693,34490.69265,1199.918552,3646.241201,38370.8903,1256.874686,2125.752787,19052.69384,1433.168724,3188.536866,18144.771,1699.811943,2779.782145,701192.5467,1603.123514,2849.399845,13145.64026,1679.807097,4371.084443,15106.46258,1404.281188,3110.848154,343.0991061,208.3658356,1073.427871,0.190555673,366.6007986,0.372707444,0.411791061,1.109453014,2096.988147,133.7770175,1311.069997,304.6927147,762.9203255,15.74958612,75.65541232,321.3720138,12.49142461,208.4746025,1007.807214,39.17871968,14.1074155,108.7401447,7.082229558
d05_23_G03_1_3_T,glasshouse_b1,CALINGIRI,T1,R3,T,1044.111369,1562.151596,1027.151635,65.97651257,1779.3465,338.3702979,2742.307825,1634.827716,355.326958,600.303396,1636.357261,384.44111,2658.442193,1551.663134,969.3899123,2469.028403,1789.99424,369.4962645,314092.0969,1470.398447,281.9762319,1311.05543,1768.960535,303.5232208,1460.842877,1597.916017,322.0833152,20.09911147,15.510641,94.29036313,0.12926578,24.83473104,0.365834926,0.410609283,0.581783359,96.47393087,8.985236672,92.96012555,-21.3894275,71.70293154,-1.387879989,2.196946059,27.49293253,-1.771932747,36.51960943,90.92075286,0.508655783,-0.110052108,9.203940525,0.619619168
d07_43_G06_0_3_S,glasshouse_b2,3811,T0,R3,S,3071.549114,1740.671303,442.0235369,66.04941521,1751.973621,363.0928216,7582.06519,1694.64416,469.8032147,9087.7584,1699.521377,497.6457615,3123.951734,1736.335942,403.7688092,5536.017821,1689.630296,340.8615714,414590.2903,1881.049044,292.5082967,6468.173891,1685.981105,363.2291928,3297.52745,1727.610693,436.2133955,64.6424474,44.4066057,191.6780443,0.224349765,54.45021023,0.360128135,0.413490341,0.601026774,336.9372665,25.02495628,213.4301979,23.73664318,143.3360772,0.000489806,9.256828159,58.33696386,-0.723671518,25.63459084,158.0874126,-1.927325363,2.656451731,18.40710307,-0.061851967
d1_T008_27.09.23,field,3811,na,R4,S,30807.88908,1396.046282,6413.562695,68.17138818,1477.179504,6219.334574,167329.2745,1009.134775,3037.435423,220521.0189,1055.317988,3445.858276,19019.96015,1317.515891,6299.979626,84170.90362,739.6129102,3318.998145,409013.7488,1406.733877,5972.567463,103006.0507,907.6827588,2978.770688,19062.51225,1331.035211,6299.561521,1350.275645,571.6736791,4496.744416,0.125196064,810.7608774,0.196389125,0.188972194,0.617392907,8969.926252,150.2083175,2804.068877,4265.461107,260.1165969,1.928144746,801.645708,93.53874082,-0.672776388,2523.175215,276.985559,4.775139038,125.2907369,25.1989822,0.648957346
d33_28_G04_0_4_S,glasshouse_b1,Forrest,T0,R4,S,5783.247375,1277.446595,3775.514703,60.36297356,1558.826152,746.14321,15554.11987,1490.149194,3205.261109,19629.0622,1499.267987,3233.067579,6906.405056,1271.144367,3754.203378,7500.694263,1447.379385,2754.62468,392444.4383,1449.52226,3367.977765,14616.8249,1517.522965,686.3998094,4861.831633,1239.802622,3884.452131,207.5678986,142.0807502,693.0678135,0.20660389,235.46963,0.384060861,0.409238737,0.920575794,1368.446026,88.24263105,829.2644018,139.465711,525.4963112,15.39901621,35.64731797,218.8117746,10.48525158,64.7063073,681.8111545,34.10089441,5.113267307,75.03598258,5.791830028
d11_01_G01_0_1_T,glasshouse_b2,Gladius,T0,R1,T,4525.788999,2002.093293,1860.664064,56.56355895,1538.398186,471.2693377,15798.9443,1884.905931,1696.233409,15530.90599,1849.407536,1652.868731,5270.979221,2009.073211,1931.685968,6355.380857,1662.694688,450.3106076,523294.7682,1702.018392,1639.421561,6997.417831,1651.538162,425.6702527,5949.992637,2008.083759,1903.365254,94.03168961,57.97075476,364.6433627,0.168147392,137.5494194,0.42561775,0.437450075,0.716438995,675.0981523,52.55521324,454.8182061,87.96209625,309.6381472,1.08300999,12.55594563,140.3165014,0.720001368,45.63355895,421.6606205,-0.569136322,2.302705428,49.71465792,1.021871819
d05_12_G02_0_4_T,glasshouse_b1,5489,T0,R4,T,2804.546266,1839.033905,484.2633155,66.34076169,1436.342414,279.9715407,6017.426474,1516.316012,846.9675555,9043.745132,1501.96543,784.9383817,1523.755527,1837.284401,554.290265,2532.628067,1847.306539,520.1219934,350510.1679,1458.498937,764.6598914,3909.167803,1455.268409,353.5394383,3303.771679,1774.416502,437.0612884,38.64810497,20.25025847,169.1722324,0.141498631,64.4106086,0.412932156,0.436292327,0.567629761,287.7326276,23.22075851,214.4069652,0.457475504,149.4425917,0.267756883,-5.906781075,67.95568065,-1.387896661,12.89134401,219.9064474,1.298815157,2.219715892,21.64387819,0.248223074
d07_23_G03_1_3_T,glasshouse_b2,CALINGIRI,T1,R3,T,4031.431966,1538.384198,1091.833882,79.02841307,1811.593095,331.8848706,5031.556338,1763.343519,303.1375944,3730.989355,1761.902524,272.1131289,3571.555011,1553.288227,1110.941897,1419.849676,1613.25827,261.9544856,327875.2037,1434.515009,905.8186565,1253.942874,1819.709183,337.6883561,1635.786717,1529.952528,1303.794561,30.16898496,26.31962477,114.7933191,0.177938149,48.81004747,0.380267305,0.412480758,0.574265235,171.473639,15.83343439,116.1893246,0.828032354,111.1934067,-0.893162738,2.411540826,40.38664372,0.30525418,-0.610707576,129.5801235,5.228730089,1.956491208,11.1106445,-0.322813732
d7_T008_04.11.23,field,3811,na,R4,S,34990.36181,1140.435571,6467.402827,56.97830304,746.8653986,3796.330094,181736.746,971.6898236,3029.153768,238992.7281,892.886764,3477.549574,32974.82534,719.3824051,3099.812589,103386.0374,1088.849615,6174.280407,465812.3266,1144.609278,2658.809438,104277.2,869.0617471,2744.814009,31567.25444,729.0429202,3145.5171,976.9398045,500.8967282,3142.100637,0.15964142,590.122017,0.210397743,0.187614678,0.846848281,6161.543877,118.8803834,2060.790482,2889.495611,290.9712761,2.848596176,545.5309164,100.077412,3.150027087,1729.652093,326.1974237,7.220935725,89.73083583,32.10992578,-0.144725962
d15_06_G01_1_2_T,glasshouse_b2,Gladius,T1,R2,T,9962.36395,1601.852987,1614.047916,61.48717252,1635.195509,802.5004576,14905.79625,1624.528067,922.4750543,13429.06888,1537.89837,1803.063064,9817.916177,1541.825062,1645.820078,9019.966589,1626.032432,737.7329401,577790.6892,1482.474713,1329.658599,9903.023993,1644.282213,815.5513542,10060.12009,1529.316756,1577.455458,47.9002544,39.01594724,411.9049697,0.08412109,162.7880016,0.387458586,0.412106443,0.581660227,839.7247482,52.51289956,513.0875688,76.25131719,355.9065267,-1.095404123,14.36028199,150.5203226,0.193525788,68.46299953,470.2666054,-1.947933715,3.760462234,48.39762571,0.744568774
d45_21_G03_1_1_T,glasshouse_b1,CALINGIRI,T1,R1,T,36941.40138,1865.421013,3705.983144,61.27303048,1751.68082,4556.228351,35177.5615,1794.005343,4298.59682,36876.71303,1781.299843,4233.869507,31132.32221,1794.061831,3686.55557,13966.6684,1685.335595,3428.657324,545513.6967,1566.234741,3953.27149,26507.2556,1619.485028,2568.638053,28703.38253,1802.950395,3869.372993,473.9880653,415.4407898,1479.774205,0.278030145,494.9568999,0.376309118,0.410018777,0.971527961,2768.961823,180.5227519,1766.397046,440.5301771,1014.331166,36.42381761,98.9819911,432.4405351,25.12747077,310.6132134,1364.518458,83.06492268,21.39425422,145.6710843,14.42894934
d21_06_G01_1_2_T,glasshouse_b1,Gladius,T1,R2,T,9312.904064,1517.306971,1938.828125,57.97481329,1643.376259,1986.029506,7621.772163,1534.512777,1430.07236,11374.24821,1450.126274,2144.421928,9755.955912,1467.536266,1930.413305,5692.542887,1679.366128,1406.691412,507166.7679,1502.366635,1148.154598,8713.032321,1597.688354,908.8891469,10278.12336,1505.069044,1805.294054,65.04850598,46.04295664,419.8765932,0.102250925,151.7530178,0.377627095,0.412313992,0.769043076,889.7285721,50.45204462,567.1860569,92.92620411,341.4467665,1.659071449,25.91746693,137.6532561,1.462774631,75.91807008,440.4877504,0.465160558,6.373378459,45.46256685,1.171636723
d35_11_G02_0_3_T,glasshouse_b2,5489,T0,R3,T,14705.32061,1416.999266,4242.692183,68.95847651,1540.612895,2400.958197,36931.95716,1646.527581,3702.419194,46821.59828,1461.589406,2952.218076,14367.5366,1428.128739,4234.669089,18625.06251,1506.18314,2699.407586,375469.968,1450.471483,3840.047782,11901.73473,1402.997504,4356.013669,11110.43637,1406.948392,4416.415594,237.8819865,190.8896807,985.9397668,0.193453348,368.1404462,0.412060591,0.437977117,1.248341648,1905.980688,139.2523447,1296.309764,139.6698006,814.909836,27.08398514,28.84596703,356.0397008,20.32893471,102.033466,1112.698364,65.63652292,5.41860234,120.6191702,13.0250653
d29_13_G02_1_1_T,glasshouse_b1,5489,T1,R1,T,7870.33087,1279.678509,2058.46069,64.17237323,1484.496661,2735.302337,15268.8324,1810.133197,1834.372877,15657.94328,1757.600681,2572.052832,8715.342132,1278.122703,2039.1651,7636.249277,1631.211712,2339.222255,395165.0835,1375.595343,1664.77451,6163.678675,1650.151521,855.6801128,9624.729335,1720.182927,1757.938865,105.3560609,76.58618362,608.3425565,0.11532233,207.3684893,0.397659611,0.410880804,0.727260207,1127.652205,72.83999204,712.7958528,59.56687575,485.9131903,5.796866858,22.72364033,206.0685291,3.212636784,83.73507279,622.8900451,14.55169622,5.62264752,68.27916953,1.683590492
d6_T022_28.10.23,field,3811,na,R7,S,43283.13192,749.5370826,5253.84902,67.84878182,943.0794364,4250.938793,187516.9299,1187.781034,5274.465101,195764.2491,1147.599923,5126.843606,40078.68321,757.7944169,5227.745515,85428.43036,1246.730515,4165.440149,512978.8863,437.702212,4886.728608,154172.0104,1118.946614,5499.316145,37878.69798,740.0259551,5246.027663,1039.748437,470.1913283,2953.602741,0.15812941,550.7726393,0.203047091,0.188446923,0.719683101,5851.530466,108.2927859,1916.084211,2708.981448,250.6796339,1.61433877,516.4379496,85.88827327,0.207514237,1618.15113,280.4644617,0.134037733,81.79948243,24.67814615,0.239403248
d43_32_G04_1_4_S,glasshouse_b2,Forrest,T1,R4,S,5815.826827,572.5042041,2488.142941,51.69042073,647.9903622,2238.334589,21737.28089,485.8960459,3203.067971,24047.19336,518.2363465,2999.721451,5248.332732,586.9499105,2557.823217,10159.52288,1496.541837,628.6720246,377521.8839,2591.548417,2766.810572,7914.799169,1407.752954,672.527363,4913.626674,593.340711,2507.934964,246.9893521,141.1093464,583.4136039,0.224391594,189.3536247,0.365396544,0.410829784,0.875024836,1141.94351,68.85933071,681.3988199,183.8845291,396.8355884,5.261683828,38.60143765,172.2577914,5.974111535,138.0224748,539.5484715,16.01251643,7.950836824,59.24921438,2.322548312
d41_27_G04_0_3_S,glasshouse_b1,Forrest,T0,R3,S,9290.674524,766.2690049,3163.343433,59.11828209,908.6767728,1939.533875,29511.4931,730.1963893,3066.040582,29662.72407,740.8873038,3056.340479,10243.7172,860.7754914,3151.309985,10574.09749,2762.000601,2386.096741,502164.0877,911.3786282,3258.267047,16458.14487,1438.479008,736.746719,7866.147411,887.1952309,3474.998389,264.0141715,186.0163548,842.5085176,0.20653798,317.5137449,0.408938833,0.434732959,1.50046703,1677.708929,128.2176941,1118.226422,169.7638619,687.3644835,30.13773758,32.07115263,294.2538115,23.397724,109.8269305,947.856378,76.21277451,7.860412187,105.6231263,15.49318802
d15_16_G02_1_4_T,glasshouse_b2,5489,T1,R4,T,3966.470716,1715.866129,1704.311173,69.2244625,2321.457805,1884.799809,15037.73203,1823.333797,1884.612928,10853.4984,1844.85697,1935.11061,6387.961172,2305.985579,1785.218435,4988.880003,1634.378024,780.9089705,346658.7815,2027.316761,1592.730868,7972.960217,2262.965844,1894.635787,5676.972685,2305.041032,1797.355571,66.17979549,26.24563045,244.6227714,0.10210372,104.925158,0.411774318,0.436487167,0.596749868,542.5990854,36.65320419,381.1298854,12.84943848,242.6855355,0.844365848,14.13565427,103.2582985,-1.127158756,12.10895435,340.0443541,-2.082402343,1.429833832,36.03533942,-0.155455683
d17_35_G05_0_3_S,glasshouse_b1,Hartog,T0,R3,S,2604.960052,957.211848,2194.986179,72.09683529,1567.124997,677.5880257,10439.61865,798.5656875,2539.014496,11064.12611,918.4258317,2351.627116,3495.11501,947.5256104,2209.027915,5550.470825,845.8264348,2804.175381,383093.3405,857.2682601,2189.889803,4578.745592,1478.398797,658.9056617,3523.765673,955.3450285,2175.040534,125.7175465,57.75306191,392.9277121,0.143339687,139.606916,0.381126446,0.409906307,0.648348224,789.1515197,46.24718762,423.2072944,102.1335633,308.0813346,1.297539118,21.41167721,120.8171417,-1.584825672,54.53966568,409.4790057,-3.394375175,2.724730927,43.81781278,1.790007959
d45_08_G01_1_4_T,glasshouse_b1,Gladius,T1,R4,T,10329.15976,3054.921162,3774.2151,93.68154577,1773.313009,2059.744535,44772.22188,1942.347307,2266.498519,46195.62112,1949.134477,2309.537131,10552.67908,3025.933992,3800.540356,18244.38191,1517.543539,1932.777624,327391.4432,1463.47583,2064.071286,17441.64199,1717.388834,2238.380005,9219.044506,3032.387094,3760.027841,500.8865068,265.9112769,1469.841555,0.185855442,489.555708,0.36763007,0.324224934,1.06273369,2844.003912,182.2796007,1732.632835,610.5322269,802.1802955,35.73179513,149.5882373,371.9770639,24.11654385,476.0237851,1136.679632,77.58762317,31.09458033,136.3824221,14.8290703
d15_10_G02_0_1_T,glasshouse_b2,5489,T0,R2,T,14100.39986,2151.271274,1453.534821,58.44856385,1959.797522,944.224431,19619.97032,2268.435912,1765.370869,30717.3965,2169.317767,1611.977533,15326.49298,2131.848001,1459.116818,9330.11804,1686.052038,522.5353054,671639.6687,1675.162493,1235.694051,7029.574467,1678.881276,430.0541208,13725.9772,2137.89642,1498.875878,77.0428009,69.11725586,512.6393918,0.127135894,187.3395873,0.398898886,0.413681261,1.015991432,1130.405342,70.03529745,666.6251209,75.93309937,461.2809916,2.170041684,8.991704461,201.3950215,1.808475779,27.00985961,619.3980537,1.101740327,1.70357659,65.32172642,1.165350195
d41_04_G01_0_4_T,glasshouse_b1,Gladius,T0,R4,T,20931.8582,2055.315921,3494.259633,60.01383817,1639.266728,1028.653589,41773.34058,1712.251867,2154.975517,41501.7893,1743.466284,2182.12842,18530.31322,2064.511046,3484.608679,18866.06609,2089.18942,4404.012439,448697.8016,1993.753986,3517.888165,25843.80509,1623.416099,841.479514,17043.69786,2093.460887,3618.511669,546.1239832,437.5272978,1586.340685,0.276368068,571.7009956,0.401399153,0.435863171,1.018094296,3073.409755,227.2790754,2010.766471,323.6824668,1190.468934,57.59393942,79.99405035,524.5948022,42.60888373,259.8790962,1663.420851,130.5521552,15.0348864,187.2096698,25.32399155
d35_27_G04_0_3_S,glasshouse_b2,Forrest,T0,R3,S,10795.58842,769.4838355,3180.837177,55.43417785,708.0240549,2913.152009,27927.82033,768.9412853,3225.448418,27423.01683,759.8560162,2944.752285,11356.19808,844.8196749,3191.087785,11628.13989,1467.246068,684.4768269,493901.1013,826.6024465,2319.431294,13491.874,1417.560961,792.3904505,7635.710558,876.4824836,3532.190881,220.5740915,160.4667983,683.0889336,0.21516954,259.3509977,0.400043759,0.436904263,0.980642655,1470.520196,96.8006968,910.0083882,107.2139535,588.1273821,18.55908676,28.30310872,246.4463435,15.80078183,75.2793303,770.9544184,44.52859949,5.597190005,79.64035412,9.565097242
d43_45_G06_1_1_S,glasshouse_b2,3811,T1,R1,S,7541.718137,1716.053598,4542.119152,79.16126555,1772.678088,4060.590894,50049.47899,1583.958709,4020.596566,48116.52412,1577.628771,4004.481401,8057.446186,1719.482025,4523.049951,26209.76446,1801.744009,4424.553705,473355.5465,1549.640313,3768.511652,36963.54374,1789.158122,4098.078235,7519.378686,1722.581655,4506.532841,622.3246991,358.0738592,1460.413309,0.24569001,476.3554484,0.3693601,0.408911182,0.912007123,2770.279509,171.5714245,1689.926639,472.738289,1002.862078,11.88242681,101.905561,436.1533482,6.604295096,305.7768864,1356.062184,21.68931896,19.22916732,149.5990126,4.87448159
d17_05_G01_1_1_T,glasshouse_b1,Gladius,T1,R1,T,6651.026067,2408.666693,1861.632289,67.86564686,1501.466754,2470.079669,12832.35793,1526.491906,1811.600596,17195.78238,1377.837585,2328.666394,6650.619365,2395.398968,1870.536395,6855.070371,1506.127799,2346.171899,409236.5002,1463.481601,2114.75393,7794.080185,1480.547192,1326.392552,5286.854788,1521.528715,2909.374491,93.10789943,39.14881562,510.9316732,0.08735367,174.3458938,0.412880214,0.435472649,0.586665316,919.2893987,67.63642756,614.7562671,60.71505666,421.9233859,0.692452504,18.48836092,191.8132716,0.131064067,34.56891301,577.6406199,-0.243514609,1.421721686,64.72495294,0.438192557
d27_10_G02_0_1_T,glasshouse_b2,5489,T0,R2,T,16084.0358,2512.602154,2826.902014,63.96361494,2186.323007,1793.167576,40173.92807,2546.621957,3040.28001,58004.18161,2260.246456,1844.245584,15843.41535,2491.525977,2847.037261,17207.4602,2322.07178,2643.459826,429025.4337,2555.111615,2297.074418,17873.99701,2309.457259,2495.701031,15377.04411,2518.544803,2838.280282,222.2429833,168.9600338,1074.00826,0.160422028,380.412293,0.405089486,0.435206527,1.027444613,2099.366857,142.0705087,1312.264152,155.9852295,891.2259431,15.42676581,29.2635438,372.0586081,12.20139378,79.7474659,1195.758416,35.33838423,6.340847273,131.6383502,4.756852034
d05_17_G03_0_1_T,glasshouse_b1,CALINGIRI,T0,R1,T,3338.171524,1354.22822,723.5716606,58.06606963,1716.248558,506.088802,7000.308765,1349.001322,758.4530025,7086.614932,1371.597591,684.4639845,5009.794892,1375.506776,689.6166289,1786.426423,1631.242813,912.7229816,398724.0275,1050.968891,276.135359,2070.625761,1564.558719,275.304511,5564.680042,1389.236565,579.5810906,33.86046641,22.49979011,192.4148466,0.132355341,64.05391143,0.416709362,0.434585398,0.724965242,359.0318939,29.64544046,264.3691306,5.864156736,182.4073458,-1.558681273,3.99395962,79.75507238,0.178219077,31.16773889,237.8449575,-1.884752632,0.813921398,26.81777608,0.699379154
d37_46_G06_1_2_S,glasshouse_b1,3811,T1,R2,S,10306.77426,1469.20675,3952.872356,63.74241518,1237.226725,3875.741915,21062.62899,1798.996683,2798.184506,21320.55897,1809.040358,2850.813272,10997.59747,1544.811685,3916.530685,9727.712266,1261.10177,3751.591369,352251.4825,1443.198683,3261.945858,16280.26603,1320.209946,4213.508149,10554.12232,1534.219452,3969.156644,226.925716,129.9354609,775.0357173,0.159537898,266.8445377,0.360120826,0.410041153,0.723911384,1576.585445,87.52006833,851.538909,182.0795406,558.6163636,0.179082987,52.22553364,235.1315256,0.558312884,161.1932811,729.6130689,-0.064621114,9.395292126,77.57632508,-0.113809305
d45_42_G06_0_2_S,glasshouse_b1,3811,T0,R2,S,34949.7863,1117.463522,4261.334931,51.85379612,1684.300899,2267.95566,80677.8659,1035.618116,4209.630451,77277.55372,1000.796594,4271.767668,24287.70546,1065.257092,4419.122206,36677.30182,902.8742195,2419.141698,646517.1428,1383.464666,3734.508624,44998.85501,1335.609991,768.3308708,18830.82486,854.7174261,3215.433519,1366.082168,1102.818548,3081.176718,0.359987663,1064.894645,0.403429543,0.408492975,1.48063046,5568.416269,461.9108886,3931.952298,914.8529459,1930.376725,226.4205874,212.2086807,872.1005269,171.7021188,633.3818326,2743.507175,538.3803776,40.27511766,319.5168495,105.0917401
d09_40_G05_1_4_S,glasshouse_b1,Hartog,T1,R4,S,1286.108441,1335.949497,478.1088491,63.75741753,1225.535169,869.9351904,1273.714532,1364.228179,474.5261582,2703.662147,1291.328396,570.8948414,1395.680097,1321.724041,530.4677978,403.2123914,1216.820536,872.34092,313138.3332,1451.882315,282.717097,1519.7317,1570.881504,403.0577142,2197.969527,1574.067159,397.7491901,27.21150201,19.83564057,86.30043293,0.249081562,40.65131529,0.374788032,0.410198042,0.620176382,178.9041052,10.22732348,109.0074974,0.285712952,45.25928375,-0.100482217,5.775526477,31.83929659,1.378138716,29.09176322,84.08973039,-0.180994053,0.770651186,11.11546786,1.285503267
d21_36_G05_0_4_S,glasshouse_b1,Hartog,T0,R4,S,4403.241173,784.1633056,2742.327428,70.56679816,785.040723,3147.012577,22090.84029,849.9373157,2516.042866,24048.39509,1090.129196,2502.267717,4807.043276,809.3134459,2718.234,7676.529177,893.8706414,2794.210687,386804.722,853.0721923,2221.821208,8296.34095,921.0089883,2793.301861,5095.295556,789.5508182,2820.784566,190.950564,101.0872126,611.2866548,0.192656127,206.6724398,0.397265763,0.437395856,0.72625636,1125.591326,77.16579912,722.7352502,83.69191438,474.114338,-0.64707525,19.75075429,203.2916369,0.706659004,58.21501079,633.878553,5.379000324,3.703463008,70.61108918,1.159980397
d27_33_G05_0_1_S,glasshouse_b2,Hartog,T0,R1,S,4746.99679,1348.792457,3653.508329,51.70660825,1303.04286,3671.10824,19944.5688,1234.381692,2804.442345,22433.46507,1243.417486,2658.885575,5250.804839,1350.36143,3645.556182,11845.51102,1485.069213,687.9551381,395892.05,1069.826765,840.485159,7741.107482,1164.5491,2487.95329,5887.501598,1318.788132,3681.101296,180.2831965,95.01276657,635.6034712,0.160961312,209.4317353,0.381902212,0.411800958,0.724705069,1185.128242,72.25291211,722.8063241,168.1577333,474.3238507,6.166521673,27.7012182,203.9105009,3.233538792,95.9067205,628.6892762,10.34224693,6.356182875,67.10357623,1.956890102
d33_20_G03_0_4_T,glasshouse_b1,CALINGIRI,T0,R4,T,18995.54819,1797.313109,2364.298692,48.84309473,1728.329726,4130.131494,35083.47744,1209.741735,3958.144181,38984.57263,1176.168711,3896.613424,17037.19939,1867.127754,2360.976188,16068.17859,1555.754903,4394.774302,662872.6263,1733.936586,1855.251306,19744.84684,1592.739017,4261.449695,17454.4174,1880.114428,2334.229005,227.8124057,163.9154385,1342.333742,0.123687584,465.7909903,0.391518796,0.410335506,0.887912411,2616.314341,172.6506575,1633.896835,218.0321225,1098.539224,11.54574347,64.40032798,464.5313863,6.460020815,185.5327974,1441.389141,17.63310854,13.21164559,152.5085493,4.323852772
d21_02_G01_0_2_T,glasshouse_b1,Gladius,T0,R2,T,8800.32646,2080.568836,2799.831644,64.16138817,2027.658561,2713.524308,20497.32095,1726.456547,2206.417811,21035.7061,1894.057214,3257.384579,8246.900342,2094.770475,2806.745234,9794.179825,1975.63553,2784.858814,511818.4514,2073.972972,2192.139159,17682.99418,1943.510085,3241.08909,8285.362293,2089.241692,2859.278124,132.8625948,85.83181995,695.5733507,0.124651943,288.2167112,0.433658694,0.435602085,0.646244396,1407.769204,105.8387335,975.2935881,44.28174413,675.8957687,-0.789241417,8.284870884,295.5478871,0.794334584,19.41219172,933.2379943,4.742288224,2.213442763,109.015998,0.903261047
d37_48_G06_1_4_S,glasshouse_b1,3811,T1,R4,S,20614.16247,1460.182576,3249.794018,59.96498638,1768.937073,4526.906194,26556.81376,1279.856871,2910.151834,21482.50325,1657.587342,4020.937863,18602.3026,1471.782126,3237.48563,10290.43214,1428.738259,2706.277272,529001.4467,1422.422085,2591.221282,9165.885737,1433.773876,3209.809723,15421.64822,1424.32633,3127.207627,262.5948121,190.5838119,896.0143465,0.20734342,301.3937137,0.380021796,0.411730209,0.916320155,1796.045663,107.7793231,1069.199878,182.8991079,709.4515571,8.025006821,43.53915808,294.6250868,6.354772981,150.8764169,929.6193588,15.01559438,9.019310535,99.74352186,3.489507338
d2_T021_02.10.23,field,Gladius,na,R9,T,124898.8006,380.8461154,2712.144387,57.42590075,247.0984018,3332.909917,196542.4537,702.4835091,1959.930224,196562.7928,691.3941708,1962.081355,98908.56793,359.7715309,2709.354354,102491.7514,471.2827709,3151.1021,1233516.506,231.8738688,2120.182746,88534.06861,432.6079465,3226.913001,68251.24303,222.7904878,2477.307551,1109.086182,422.0916599,3597.572231,0.116571358,659.5186295,0.204222952,0.188099913,0.838806526,7126.320396,134.5004532,2350.617068,3319.057165,260.3521933,5.6828801,645.6443477,92.93616314,1.729217154,2036.973822,262.9390525,3.918802718,104.2665298,25.54658588,1.482159967
d05_32_G04_1_4_S,glasshouse_b1,Forrest,T1,R4,S,1234.81425,1405.096383,685.446597,55.0892885,1541.314831,343.8694092,3236.031226,1400.088033,652.452794,3274.924196,1428.831773,577.1744086,1733.834281,1407.897835,678.5845607,6.597213592,1433.751849,621.7346206,322345.9039,1452.205103,299.385465,74.91250846,1581.23934,258.3308523,2120.185074,1410.947794,692.4858817,26.14444095,4.880290111,46.7442584,0.146900241,31.70383607,0.41850136,0.437651195,0.58964845,130.1899445,10.08665586,80.58224844,0.707391607,61.30588396,0.622012398,-1.56104243,29.44766815,-0.880740604,11.71358124,84.12815131,-1.566675258,-0.3918448,8.171820923,1.202363791
d31_08_G01_1_4_T,glasshouse_b2,Gladius,T1,R4,T,9429.385898,1993.914263,2615.252832,51.27467766,1851.350677,1998.654005,25083.01563,1791.5855,1216.349016,25112.00947,1785.984307,1228.24824,8445.85706,1930.801788,1549.66665,10694.17854,1724.06391,867.6321745,416212.9857,2015.022271,2059.157442,12817.80653,1856.993128,1485.797532,7804.525373,1632.583322,2076.289178,238.9878761,145.8163014,668.9774473,0.198901913,237.6260422,0.374368842,0.409330746,0.868411319,1338.318304,82.33118354,869.932758,254.2069856,468.76054,12.66363084,61.93566243,205.2073753,5.406855137,167.2543565,617.1243489,23.46185299,12.32616812,65.37773976,3.15998012
d43_15_G02_1_3_T,glasshouse_b2,5489,T1,R3,T,12212.28627,994.8270505,2659.706517,94.22081944,1438.2584,4160.654498,59916.33975,1405.38898,3777.488709,57067.8262,1266.490624,3875.364598,11193.06871,1049.124859,2697.037916,36305.44756,1449.668067,4205.982272,534716.4839,935.2300908,1824.689894,34131.09225,1471.856203,4211.140342,10893.21929,1010.355277,2690.654323,563.5468177,379.8553175,1489.059308,0.252862512,500.4252252,0.38397725,0.411507292,1.440009517,2915.856092,197.4794388,1804.557701,425.2777017,1059.03618,49.48928905,88.72083645,450.6745545,37.09226718,309.1413814,1401.347116,110.1376159,16.39861525,157.3162902,22.10186942
d29_14_G02_1_2_T,glasshouse_b1,5489,T1,R2,T,12429.02504,2351.332994,3022.457293,64.90159067,2201.279263,2385.813929,13715.98135,2148.84813,2395.429771,18497.0011,2163.105623,2437.360047,12337.22615,2356.297108,3119.140728,7592.798658,2114.111462,2683.248615,625027.5285,2128.535745,2063.651956,8228.722146,2204.73413,3047.781808,13330.22426,2097.612656,2256.148578,79.86777423,60.97563916,628.4987909,0.099356886,227.8657424,0.399831107,0.435148211,0.599646678,1283.161171,78.10540235,803.2755349,95.10744048,547.8246858,-0.707313311,19.53861608,233.1103685,-1.348912232,50.03018051,744.270692,0.528335076,3.576941615,76.03524414,1.082188588
d37_10_G02_0_1_T,glasshouse_b1,5489,T0,R2,T,20136.14381,2412.854791,2590.494789,53.25086707,2466.438255,3809.910344,41192.3543,2752.888623,3935.083635,42123.77004,2748.150751,3950.043087,15709.53683,2524.300167,2878.248826,22881.26068,2423.003309,3576.012974,440642.3198,2584.328559,2326.723552,20326.33205,1786.198173,660.5264766,14821.65123,2518.450376,2835.969575,404.4009764,344.0853756,1540.255815,0.221363504,568.5322717,0.412033301,0.436356754,1.108759229,3012.968707,217.4078199,2004.361599,173.0433409,1275.268241,35.08742802,46.2053121,554.2521063,25.02972899,144.6388582,1742.672333,83.56907847,8.198579971,196.2640438,16.0264782
d29_36_G05_0_4_S,glasshouse_b1,Hartog,T0,R4,S,9407.637093,724.6103189,4465.51644,73.52675789,884.1958799,2395.727543,26340.40611,1077.479201,2168.424521,27971.77398,1073.634915,2298.513703,7441.838117,756.6278597,4541.947924,12880.32939,776.5630546,2674.363055,410806.6679,867.2079221,3841.253485,13155.52882,755.1678041,2746.568342,8684.651259,741.063368,4504.76653,314.8476696,197.0411555,890.7949002,0.216656885,316.2222628,0.398629973,0.43600525,0.86937307,1675.802044,123.5279153,1138.397637,154.68333,677.3432502,20.72836906,34.50346035,306.8362257,15.3759514,112.4533375,945.4550444,42.73184666,7.456557058,103.8032245,7.6891453
d29_12_G02_0_4_T,glasshouse_b1,5489,T0,R4,T,14915.58127,2040.829571,2767.62113,74.75025781,1526.989028,950.4293767,26723.59928,1727.313546,2050.610147,30806.74793,1723.669135,2071.32482,13006.9136,1965.97221,2796.099123,13460.03884,2133.40606,2829.791332,572448.4297,2035.714685,2543.823132,18750.93565,1496.409466,913.4648485,14263.21428,1948.196624,2830.751618,163.4247687,123.777445,908.0725169,0.12774454,349.1043255,0.415655642,0.435367811,0.877292497,1740.518863,129.8149966,1194.020952,49.98211578,826.580866,3.047298778,11.806619,359.5646952,3.215021087,41.26250571,1117.765471,12.10158769,3.928099201,124.7202911,1.963396059
d43_27_G04_0_3_S,glasshouse_b2,Forrest,T0,R3,S,10386.17143,757.3671098,3260.991336,54.19999548,1455.662508,704.3539595,34177.2981,921.6583412,3755.162671,45964.38021,759.4484504,3018.096681,10431.68025,855.4297489,3195.903542,20181.53547,1447.598328,770.716357,493999.8652,855.1247924,2323.10948,21976.26624,1466.479526,750.2660413,8066.975788,1416.655087,601.5502906,319.3106502,235.2088049,972.5106372,0.247988306,342.7317017,0.414130747,0.436379822,1.562552836,1748.203553,146.089624,1239.231427,123.8147976,699.8177442,54.78299455,43.42114881,301.5343098,46.96924576,130.5289941,958.3447522,147.9412692,10.39496398,105.2134622,33.63921612
d31_43_G06_0_3_S,glasshouse_b2,3811,T0,R3,S,16993.19271,1771.798997,3703.946034,44.71619429,1588.271796,1465.237837,46494.38744,1758.137958,3960.313452,47394.97683,1397.116429,2108.945181,17992.68204,1832.67315,3747.374789,22680.00363,1787.864957,2654.576948,458852.3686,1520.096125,3262.483854,21456.36269,692.6583425,3997.224565,16955.95436,1835.531741,3732.328544,252.660237,178.9353268,1268.128526,0.143926408,484.148064,0.412935042,0.436523837,1.030238048,2540.664815,181.1680361,1670.80785,219.5663334,1088.294384,12.04293201,45.04163538,474.8021902,8.742937787,132.3689913,1497.295133,30.76898315,7.810650864,168.2657406,6.545157445
d15_07_G01_1_3_T,glasshouse_b2,Gladius,T1,R3,T,12245.73492,1409.564851,1655.225302,53.92478428,1424.831056,1696.735395,16774.72492,1605.137137,1113.066897,17642.11451,1379.066062,2176.014927,11780.326,1423.192226,1670.809373,10386.87885,1676.698147,1323.709566,456230.411,1410.600825,1165.604598,5675.64071,1526.771221,1337.836709,12806.87965,1420.339148,1608.649858,86.72703152,51.03900206,488.6355497,0.103444913,191.3896986,0.405149806,0.435030403,0.847025645,985.9414804,68.97297704,657.625465,102.577525,466.9560946,1.761173196,12.59254664,198.4977595,-0.481820559,57.08037276,626.1942778,4.252840327,3.933038595,67.3572916,-0.024768002
d05_12_G02_0_4_T,glasshouse_b1,5489,T0,R4,T,1492.330957,1831.657475,532.1990519,65.88546812,1451.133358,320.6167546,4001.318324,1509.571293,814.4464781,5521.981072,1514.00151,711.4033927,3315.21623,1843.800868,552.8906938,3739.417501,1829.37408,540.9622926,347983.9556,1441.708846,781.3696861,4839.893438,1441.575966,348.2081751,3728.399408,1767.321855,423.2233992,35.93379464,28.98584273,179.707363,0.143840162,50.60785029,0.411038078,0.436270701,0.573653228,297.4304787,22.50051721,191.0004582,46.94633466,160.8718741,-2.434400969,5.611231404,69.71719785,0.553283166,11.22312152,205.3306381,0.953637319,0.741896672,21.58677857,0.073751561
d27_35_G05_0_3_S,glasshouse_b2,Hartog,T0,R3,S,3548.429139,1311.496698,4142.817053,63.07852329,1067.080694,2033.183015,21300.90787,1166.250958,3234.540751,21664.44965,1172.524003,3179.690026,4599.140261,1331.949297,4091.313011,11094.24788,893.4884221,2985.250914,403259.965,1017.465623,870.8478033,7665.785575,1499.356741,618.9378922,4032.961345,960.3635036,2153.810825,216.5112671,88.25120238,622.4123054,0.159765558,202.1005622,0.36987491,0.40923591,0.734049118,1306.241316,76.66345106,708.7251567,177.1066218,432.7458607,4.026258956,34.07472969,177.1575406,2.354929794,90.45009536,588.6285718,6.092783129,5.610023845,65.24497979,2.421883973
d35_46_G06_1_2_S,glasshouse_b2,3811,T1,R2,S,12124.75085,1447.787541,3888.529732,65.12095185,1731.514492,2950.111556,25899.70015,1752.203557,2163.079498,28215.19597,1772.072458,2277.872962,10995.19755,1530.964571,3950.501336,13736.25995,1328.044543,2317.632048,398995.0926,1413.951435,2074.475289,14547.4379,1316.421007,4113.100224,10481.14293,1514.922575,3906.611596,193.9680096,86.10126398,723.5155164,0.141748316,242.0269345,0.371746313,0.411683507,0.714460656,1482.666907,85.10804626,846.6927264,152.650047,563.3310523,1.74227891,35.42742575,235.8925137,1.236970134,141.5178082,708.2309767,9.653791283,8.861707518,76.40089885,1.129836837
d49_45_G06_1_1_S,glasshouse_b2,3811,T1,R1,S,9594.591294,1870.885576,4066.238661,56.14708745,1615.803229,3106.813274,68941.70764,1574.646554,4040.222778,71988.238,1693.232016,4045.72734,9705.228857,1950.253126,4053.023408,31042.46239,1856.306621,4468.301733,524538.8837,1573.039448,3523.209276,46300.25886,1844.13662,4090.201446,9398.473908,1957.418814,4049.383356,790.3910568,480.5522776,1861.268004,0.261613774,577.3604715,0.35820266,0.322798357,1.045856433,3547.037176,209.4212592,2068.826379,746.4347285,1065.483797,46.12844023,156.2858675,460.7519932,29.96239205,510.4734233,1450.916944,98.45500523,31.25914291,159.8059752,17.71878023
d45_46_G06_1_2_S,glasshouse_b1,3811,T1,R2,S,12398.85676,1455.24675,3967.047839,70.2093727,1229.104032,4017.316865,36850.45981,1821.394854,2799.638346,40578.99573,1814.583008,2952.522237,10155.36705,1563.403204,3820.129602,22065.05406,1226.483885,4436.114804,363654.5309,1467.860355,3317.998485,25782.22971,1241.15783,4333.082449,9621.310282,1540.923035,3896.273475,598.0953408,381.7728983,1503.025119,0.252601024,478.8506619,0.370315696,0.412320669,1.548018619,2833.302557,188.0872654,1737.428609,533.0779317,892.58174,56.4886843,124.5888485,378.8798346,47.41037051,388.5288696,1216.311985,148.6768563,24.0161672,132.7669709,32.673474
d5_T010_21.10.23,field,Gladius,na,R3,T,12274.5987,805.5913159,5383.465096,81.76104414,980.2386861,4846.948755,138434.1013,1256.017535,5354.813247,146447.1042,1239.594451,5255.775985,11205.02401,831.0934717,5398.850376,55903.49592,1501.368816,6026.513967,396532.2778,1424.496173,5320.32211,120387.2791,1300.536188,5473.939555,9702.352382,826.4363066,5433.098412,652.957348,231.3637937,1783.107304,0.12591966,321.1008616,0.195767019,0.190250598,0.688079001,3592.897308,62.49204474,1111.533837,1694.990737,123.2253971,-0.172068808,318.5432837,39.16773875,-0.033002104,998.8849318,106.1423991,0.678347412,48.08416715,10.54706101,0.499184754
d45_45_G06_1_1_S,glasshouse_b1,3811,T1,R1,S,8927.351264,1731.901582,4453.829833,55.60184488,1887.508246,4095.822121,37688.08201,1759.807163,4278.882661,36549.47244,1744.82125,4347.16743,9388.087743,1765.175559,4520.760813,21656.88871,1861.776292,4542.794142,388995.565,1889.236079,3454.784614,39742.47646,1851.348225,4185.133514,6553.858414,794.6968136,2203.471855,615.9769365,343.78036,1591.426102,0.218921974,508.0767533,0.363985076,0.410544666,0.924886782,3049.093084,183.6824865,1778.768928,542.1926564,1025.151082,28.85183497,120.743331,434.6551318,19.5588441,390.8772707,1367.994917,61.27039416,22.3056516,154.4572251,9.954364065
d33_12_G02_0_4_T,glasshouse_b1,5489,T0,R4,T,13261.06545,2067.291046,2809.300861,75.96132594,1590.893539,732.3866963,34324.45651,1766.360756,2048.7612,39953.53619,1748.497738,2146.015782,13996.26799,1974.420188,2823.149545,17249.75479,1389.233665,1896.615003,596411.5954,2104.227109,2473.304825,22978.02928,1612.222981,873.8611228,13907.74745,1992.230226,2788.665058,272.943529,212.3654956,1164.850681,0.178544571,450.1439011,0.422503756,0.435727805,0.923605208,2288.824056,173.9739446,1577.823236,144.2208677,1019.628292,18.94127479,28.67259182,447.6381142,14.04554502,76.45006689,1410.022521,39.95974969,6.373604497,160.8315631,6.679556486
d21_25_G04_0_1_S,glasshouse_b1,Forrest,T0,R1,S,5987.936148,1522.961331,1874.163128,57.97078967,853.6053065,3029.853278,11838.80791,673.4856928,2737.511374,18574.85147,1140.932524,2562.300975,6205.851671,1496.458042,1827.766841,5366.173979,793.0799142,3031.713911,508576.9935,1393.212626,1565.885035,5668.836487,841.4051028,2950.652222,5615.12965,1504.659646,1819.769999,100.1890232,66.56211139,367.8323017,0.168002409,147.7821957,0.402460339,0.43430536,0.915405823,721.8822063,54.61595779,449.2470959,88.33591842,332.8515935,4.576789114,14.09555114,141.7955476,2.286742827,63.39374758,464.6289387,8.376032674,0.987585039,47.15794744,1.411800156
d15_27_G04_0_3_S,glasshouse_b2,Forrest,T0,R3,S,4427.956356,1011.640107,1652.123592,89.82288741,1415.766392,609.5453527,11175.76403,1473.633689,709.7515267,16554.42244,1065.064209,1460.219503,4410.993798,1027.380762,1600.742862,9612.520762,1478.040356,598.9238197,383450.9211,872.9332115,1620.40962,9281.737257,1470.607805,469.735684,3484.634998,749.7547023,2352.930072,93.77106565,57.17338906,324.7023406,0.15841372,117.7633817,0.407390692,0.435774132,0.592912451,620.2061357,42.42230403,410.5566525,32.68921432,290.5029211,-1.45466002,6.526202139,120.0298127,-0.998177226,22.8905918,390.3973781,-0.630045651,2.139305094,42.00782761,0.250836314
d35_44_G06_0_4_S,glasshouse_b2,3811,T0,R4,S,8435.562702,1280.213493,4004.380782,73.72172787,1017.069379,4141.183235,47068.72684,1286.805819,1272.857711,54318.4262,1219.677265,3151.182334,8046.730765,1248.104244,4018.916186,23561.75631,1601.472192,885.6612776,501108.6098,864.3513215,2409.610025,16592.81233,843.0732437,2805.215293,8561.224108,1253.370431,3997.829585,394.9046346,278.882043,1335.384494,0.200347381,468.4640975,0.379423189,0.409117711,0.974197479,2657.436991,172.2824735,1636.477214,348.0065839,957.7720244,18.16525127,83.03013779,419.7490547,13.39050821,255.2951302,1329.686051,30.02100999,16.86374038,146.0416249,7.500426869
d31_20_G03_0_4_T,glasshouse_b2,CALINGIRI,T0,R4,T,18367.95195,1807.041082,2383.045552,72.2222043,1480.468317,4453.497449,48348.9915,1162.163777,3822.64152,47839.29534,1164.232746,3751.576996,17704.37599,1857.741195,2327.296167,20232.43142,1515.652807,4402.144919,603856.4528,1959.922492,1884.040423,20015.13473,1662.297312,1021.401166,18442.73853,1870.757688,2354.862354,243.9578458,175.314084,1205.579514,0.134032259,449.0563909,0.396485189,0.409350837,0.918415054,2407.244325,163.37445,1538.411719,192.8969211,1045.456927,13.55074685,50.41753091,440.7387826,5.84505742,162.8764958,1378.009463,23.83780547,11.12839476,146.8481049,4.359953223
d11_38_G05_1_2_S,glasshouse_b2,Hartog,T1,R2,S,4463.208475,2144.887413,1561.367115,53.79427631,1315.746713,518.73645,12059.69701,1123.31198,1032.782311,10730.01399,1124.337359,1059.800257,3958.276035,2156.001672,1514.789849,4594.798408,1329.675957,538.4605323,385053.3149,868.6563065,1309.305767,4574.255706,1314.323501,534.7283937,3199.224759,2142.960253,1586.747351,61.47908767,31.61360668,252.4420212,0.113637014,88.57089213,0.407185934,0.432174023,0.585089276,456.3685259,35.71338895,321.8694851,29.75008086,207.7299029,-0.997366772,7.521230552,94.55830689,0.245014646,30.37448754,298.2286929,3.338377278,3.367943662,32.36886518,1.180465294
d25_09_G02_0_1_T,glasshouse_b1,5489,T0,R1,T,7115.463534,1110.185682,2917.126048,69.66310704,2398.8127,3765.896056,31676.21069,2173.807027,3039.319157,29799.2918,2442.733949,3131.189327,7377.192617,1118.337125,2894.735881,9984.515206,2340.631474,3115.413126,348471.1897,2118.983951,3739.530088,12696.47773,2264.022008,1983.219221,5376.082877,814.7577808,3964.729834,153.4678643,91.58624791,868.3970853,0.107729944,332.6894454,0.429770407,0.436972248,0.718789888,1620.425423,123.3976999,1145.463216,72.23739475,758.8369699,2.233067134,7.846896755,345.8784293,1.547567264,29.69600077,1082.83626,9.689545342,2.297393279,121.4529008,1.913029999
d11_26_G04_0_2_S,glasshouse_b2,Forrest,T0,R2,S,1725.892681,1341.492367,1845.613451,58.07452565,1520.921176,384.6657078,5647.633281,1575.691872,656.1161687,6866.762795,1574.666855,627.8907823,2375.743513,1350.341492,1879.755389,2187.359026,1534.455827,422.4765966,367608.6932,1455.057869,301.7247907,90.23810949,1495.94577,435.1495392,2714.272161,1365.271195,1825.346097,48.27956809,15.94525199,144.6666973,0.147471351,66.76820017,0.417844407,0.436780142,0.613561584,419.5224303,21.75865807,236.1094353,-6.75294064,143.7373213,0.478059771,8.799124269,61.196638,-0.206595786,5.053756393,176.1709221,-2.246633331,-0.163816135,24.08622743,-0.642656634
d07_05_G01_1_1_T,glasshouse_b2,Gladius,T1,R1,T,3038.481735,1610.351298,889.5660592,58.35022831,1661.794611,207.3990542,8236.927579,1859.0968,329.1321615,8362.033801,1591.51704,737.5387396,4405.891374,1579.267515,892.5726403,2907.219016,1512.19098,1016.639426,341260.6444,2052.076541,305.4540324,3025.810316,1543.507857,729.5786587,3572.114318,1599.160768,877.4653303,46.10862863,17.93894972,193.6499416,0.118490949,74.20298538,0.390694653,0.436132309,0.626740786,327.1776983,25.52271823,242.5815653,55.11021398,166.4598208,1.982281905,2.486571585,75.14056132,-0.361043649,29.66489106,223.8774356,-0.344112048,0.923240213,25.79527182,0.355855795
d05_42_G06_0_2_S,glasshouse_b1,3811,T0,R2,S,1984.247149,1596.863344,563.8597492,71.2097662,1607.620275,608.9469212,260.1215556,1592.108469,568.9805671,2885.356088,1585.395434,508.5440883,2228.825022,1593.117893,520.6384158,1268.7394,1574.399545,510.1971513,325597.658,1469.903825,280.3760389,2034.054963,1589.479372,599.008039,2074.503959,1581.970118,576.4408779,15.44139467,15.03370976,70.2210662,0.174941197,21.00741352,0.335286362,0.326408324,0.529206808,99.91989753,7.72612705,59.7148091,37.72012399,57.65686969,0.172135629,2.803530388,14.02619848,-0.117857947,58.78709575,36.28660384,-3.45873189,1.155358593,3.923881988,-0.563011766
d11_41_G06_0_1_S,glasshouse_b2,3811,T0,R1,S,4629.978246,1568.726674,1044.296258,58.33096066,1487.746967,1535.154677,12397.03798,1544.626035,1512.194201,13551.73238,1541.649374,1543.424702,4103.098176,1576.434707,1051.183201,3368.685028,1618.982448,388.5699154,363710.027,1462.492799,1058.519196,8751.620369,1535.076075,1695.349855,4427.543178,1576.015308,1085.907181,62.64476683,37.11202655,273.3171443,0.129635422,121.0768877,0.423958676,0.43452586,0.591617809,587.7096968,46.89008993,416.0468863,37.43216563,285.5254994,1.279946548,-1.823769851,132.4361529,-1.331248984,-2.877651136,381.115038,-1.17341818,0.938159985,44.76320879,-0.687030579
d33_27_G04_0_3_S,glasshouse_b1,Forrest,T0,R3,S,7043.966141,834.6764751,3492.33278,70.91147296,2669.210006,2690.380283,23548.19378,753.0597222,2913.521423,24359.62967,754.150548,2889.020241,8859.997946,896.3305746,3518.494088,9587.771899,736.5047104,3042.037894,381419.2553,877.9309111,2853.769027,12134.3037,797.2280187,2261.299601,7275.756057,892.2402159,3511.370974,142.0291044,95.4812357,668.9461045,0.150015088,237.1420711,0.398727137,0.434029875,1.127864831,1249.98634,85.48438144,825.4292956,69.85431756,556.9058064,3.023205631,17.1868634,231.8522467,1.140043402,69.32018989,736.1845161,12.25222097,4.890229636,79.55994294,2.392385824
d27_19_G03_0_3_T,glasshouse_b2,CALINGIRI,T0,R3,T,9590.090008,1489.756436,3230.949091,56.61556634,1191.514475,3713.809103,38036.57646,1469.732378,1787.554164,37423.64139,1465.069718,1819.854174,10113.54375,1474.902482,3168.838349,18417.44846,1135.329829,2208.430427,732921.7671,1442.547849,2327.137417,12415.02907,926.1852444,2318.807978,9384.398318,1485.279328,3106.766945,194.1125823,130.7297207,1023.265387,0.127498717,379.7155345,0.407513244,0.436318028,0.720085635,2003.65198,141.4119432,1349.16311,120.3416375,900.5534367,-0.819006002,29.15324507,395.6465766,0.002901051,107.4320207,1226.967198,3.58627208,6.966453009,133.8841073,0.395973645
d11_21_G03_1_1_T,glasshouse_b2,CALINGIRI,T1,R1,T,4425.643105,1293.0125,1334.508739,50.0974751,1800.071353,1480.265729,12450.35692,1803.291704,1702.280173,12634.80434,1477.137451,1659.571692,3255.608718,1273.636081,1328.40411,6626.000325,1719.336051,1600.35921,365262.4787,1473.679729,1007.022024,4457.312731,1806.540785,1510.199963,3677.449848,1280.639018,1317.651974,98.55446742,42.81690754,348.8939935,0.139118083,121.2682679,0.401551992,0.432741037,0.927746661,587.707985,42.11592344,422.4220828,-11.93880777,303.8817633,1.977422064,17.3552795,119.3641781,1.598677421,54.63675119,389.6246198,6.972883558,1.29689716,43.82041309,1.85411162
d17_36_G05_0_4_S,glasshouse_b1,Hartog,T0,R4,S,4434.975685,1170.790839,1931.409498,61.04282064,1283.3383,980.1602242,16760.75584,1058.025885,2198.877592,17174.57987,1065.983279,2181.074582,5132.980834,1179.268191,1898.202959,7677.581825,871.9422195,2757.767899,384585.16,871.8370823,2236.680731,7148.467621,1345.449726,961.7509824,4336.45715,791.0741372,2847.418543,159.9828084,84.25977222,528.0171127,0.167842248,186.2509862,0.398996507,0.436545365,0.720139809,987.281849,69.09121688,629.3796163,88.69505254,418.6272499,3.001961254,16.56398362,184.2083935,-0.01387576,43.68919354,565.9128079,5.843769849,4.119470733,62.06694092,0.572593895
d45_46_G06_1_2_S,glasshouse_b1,3811,T1,R2,S,11730.92069,1445.960229,3903.911908,70.14147216,1239.947952,4055.694484,37575.20463,1816.67736,2843.677369,41694.16242,1804.855735,2964.248369,10548.14883,1534.472018,3867.849925,23675.89651,1230.178473,4362.694827,368808.6304,1483.797827,3339.160854,27335.28044,1240.883704,4297.570963,9994.345735,1559.877627,3882.585063,583.2180263,374.72719,1508.582281,0.251312687,467.4744075,0.370610455,0.411415252,1.563781384,2820.074212,188.6959921,1723.227539,483.913477,893.424054,59.88287042,117.9345787,380.9991576,49.24194457,366.0053829,1188.641927,148.9588316,22.61672421,133.4212749,31.45717293
d11_42_G06_0_2_S,glasshouse_b2,3811,T0,R2,S,3732.49146,1942.696287,2138.057652,51.03021109,1083.971416,1054.763579,14052.62803,1307.093726,710.002004,13218.13254,1301.372319,727.5014604,2071.183794,1942.848559,2132.239563,7831.440373,1086.947028,1000.96906,376724.6907,868.5644847,1291.188078,5974.045777,956.272217,1606.190401,3078.396825,869.4656062,1558.812807,82.89200344,51.65147327,348.1356243,0.142242006,114.1570132,0.396451833,0.410354441,0.58374784,630.5723224,46.07169657,429.5023354,35.26184869,282.5749324,0.862333374,6.054933127,119.4994649,-1.105440046,60.85251882,396.6238724,-1.384478693,3.332976275,42.73386919,-0.158280103
d37_19_G03_0_3_T,glasshouse_b1,CALINGIRI,T0,R3,T,9662.050073,1498.39084,3181.638635,60.17750897,1773.567207,906.9243502,38487.15605,1485.491178,2430.739204,37977.06533,1476.16839,2494.778792,9928.752412,1465.893702,3138.770928,21168.68677,1344.078428,3354.803331,561206.6042,1504.30537,2270.178792,31629.97604,1603.867316,1163.574905,9464.895072,1459.848255,3185.695629,356.3831924,244.9462176,1390.201659,0.175371531,504.7530192,0.403939123,0.435647929,0.862086164,2660.734519,183.9381059,1730.157599,267.777361,1099.389779,10.50677907,68.59010701,480.2495587,5.278716308,192.4184055,1517.644345,18.53531984,13.68069182,164.8287512,3.46515075
d13_01_G01_0_1_T,glasshouse_b1,Gladius,T0,R1,T,5960.582567,1978.440032,1846.402617,66.1555887,1723.285512,533.8092919,15131.21117,1975.107206,1831.507844,16074.70251,2105.951177,1593.33639,5808.193631,1983.122052,1853.606052,6247.410657,2224.700917,2060.133529,372687.0542,1602.891299,1472.680928,8161.606848,1637.178268,341.2876406,5265.681345,1984.394625,1829.370455,102.7715035,61.74491487,416.8442469,0.136141812,177.7821466,0.431469268,0.438750902,0.726736435,853.0600824,59.76573651,549.7961372,57.77624737,379.0578378,0.861136407,11.18822285,165.3170206,1.424813744,11.21928998,522.2076071,5.780126927,2.418772454,61.04765881,-0.043219415
d15_07_G01_1_3_T,glasshouse_b2,Gladius,T1,R3,T,12995.94217,1413.61653,1668.69788,53.89850279,1430.634446,1641.097294,18836.5784,1580.413101,1108.780245,20518.29732,1390.797207,2152.521236,13063.54069,1413.028439,1648.967854,11113.39746,1695.018883,1370.445934,457829.5525,1406.654863,1176.802292,5676.886284,1532.543397,1281.366257,12379.77468,1425.003569,1660.595835,78.25896066,51.8968303,463.8264298,0.106599854,199.1707415,0.405561141,0.43518643,0.847134603,1017.048182,72.33973505,652.6862032,37.51073655,467.1243628,1.144234809,12.46989046,199.8193504,-0.083136273,55.58323906,630.0534667,0.201225308,2.685882911,67.90600161,1.338128045
d21_25_G04_0_1_S,glasshouse_b1,Forrest,T0,R1,S,5428.24201,1532.321823,1843.765674,58.04222394,821.046869,3018.115514,12295.56137,682.5134588,2757.365995,18947.86689,1125.830245,2533.562046,6795.98769,1487.80517,1789.412903,5268.680963,783.3912112,3031.112557,506505.31,1396.581771,1542.287181,7450.386607,827.7289552,3006.673431,5180.496645,1497.628911,1814.936384,85.30622882,60.60372339,420.6974749,0.1660496,137.5979192,0.402762076,0.436171701,0.915500387,732.4439456,52.21176068,488.5555331,82.73105789,321.1367071,2.198417555,18.56705839,140.1074607,0.409149393,38.05696559,459.1733972,1.998852555,3.165088215,48.92904748,2.004576342
d37_35_G05_0_3_S,glasshouse_b1,Hartog,T0,R3,S,8611.060205,1449.701382,4247.053986,66.93085998,831.5727451,1110.498429,24224.99055,1276.507856,3952.981629,32626.72617,1156.407037,3817.528054,8677.59088,1435.516281,4357.061774,12174.97087,1290.304002,3615.622918,349628.9948,1442.228699,4160.043773,11931.20927,1280.408812,3636.425156,3909.887629,973.6699754,2225.814263,397.2893285,237.8423737,979.0576829,0.255006753,314.0920523,0.374829314,0.410053849,0.982103907,1740.289929,118.2823573,1163.174616,259.828768,658.9412339,8.623429315,63.81834136,292.6724334,6.372835198,201.4246863,900.7361627,17.85439401,10.35436111,104.6972327,3.394271704
d19_19_G03_0_3_T,glasshouse_b2,CALINGIRI,T0,R3,T,12438.27132,1743.344732,2260.856506,63.55580536,1454.278098,1093.844972,25139.54031,1510.270544,1421.626215,24822.50521,1513.539145,1402.02797,12327.68103,1714.233224,2290.825039,13335.87124,1459.880956,1113.702892,733677.0536,1470.961458,2329.522984,13814.96022,1580.804636,3037.428367,8811.411576,1467.555272,3043.202199,128.7281227,87.92754593,734.8817003,0.117184669,268.7262024,0.401487306,0.436105953,0.586503321,1436.098703,95.27432013,931.5486362,59.44512185,612.7690397,-0.552797008,27.11687114,256.3467304,1.371557592,89.99295458,820.5421892,-0.68242155,6.772204805,88.9811223,-1.058757995
d09_22_G03_1_2_T,glasshouse_b1,CALINGIRI,T1,R2,T,3213.874192,1615.159374,982.0447952,75.96884502,1599.545365,383.7635413,8039.80982,1960.974611,1166.448593,6512.163673,1944.865829,1155.38382,3612.709112,1614.228906,1011.810591,2527.150996,2016.394867,1358.450113,380552.8981,1862.18512,897.0903482,3423.126011,2017.095439,1286.590619,3541.566192,1597.690359,969.3556043,53.44124401,15.37452953,182.6447109,0.110001259,82.57370996,0.419070624,0.439609546,0.589387961,443.4367798,27.20859715,287.9520895,1.037156099,182.6593939,-1.634490976,0.098323625,82.00593584,-0.976033874,10.5894413,237.5379529,-1.053865986,1.234636741,27.17015828,-0.088279513
d45_22_G03_1_2_T,glasshouse_b1,CALINGIRI,T1,R2,T,14518.20769,2032.734019,4162.702677,58.39847811,1997.570823,2356.449245,28254.70746,1952.826643,4383.186236,27476.9142,1948.115162,4413.294432,13463.34973,1942.451548,4136.107733,19220.64109,1951.501019,4706.161251,562045.3229,1926.634554,3550.820567,19219.28898,2022.242448,4619.485025,13023.75248,1959.570053,4106.530127,260.7794863,188.4572784,1095.936041,0.169219706,383.8440808,0.388801791,0.432971753,1.225975025,2188.137565,145.107897,1371.367821,198.1604301,890.2857756,11.91590835,58.52646762,367.8465105,7.909373426,156.8176121,1180.417108,27.35941736,11.42217807,128.2423101,5.912440402
d4_T011_14.10.23,field,Gladius,na,R4,T,55680.55855,750.7010758,6234.58397,86.06290779,918.5192644,5551.325129,214884.9137,1052.214988,5643.226615,217179.4046,1052.293981,5691.892728,47556.9291,766.1304847,6283.745768,109867.1553,1049.610874,6290.179392,581224.7594,455.6077002,6020.787272,142453.374,899.6762427,6108.338063,39419.1728,783.7128309,6339.470253,1206.457051,497.9464815,3794.243126,0.129109936,670.559126,0.197016747,0.188959929,0.837243893,7501.531496,130.6613057,2347.450286,3583.295588,237.6897715,1.570781349,678.9222535,83.18367202,0.778866901,2114.772169,259.5181836,2.998788108,106.6842611,20.47093281,0.948393276
d31_22_G03_1_2_T,glasshouse_b2,CALINGIRI,T1,R2,T,11546.13922,1177.647925,2629.201151,58.08334975,1884.510983,1945.151143,29970.01315,1758.266702,1844.26075,27452.27838,1766.54687,1862.8551,9377.556676,1132.445325,2609.364554,12916.54215,1769.044649,3335.666392,349373.2766,2025.640377,1547.607707,11098.32137,2207.327251,4059.9567,10890.15889,1127.539704,2584.982123,144.6775005,106.8437803,782.689894,0.132602001,277.6282016,0.401558376,0.435768538,0.581873203,1544.208898,105.086564,964.8114986,89.11406335,698.0184374,0.543789682,18.07665071,290.0135712,1.044387282,64.31962617,904.5578998,0.213850854,4.348360857,97.9122932,-0.98299456
d13_47_G06_1_3_S,glasshouse_b1,3811,T1,R3,S,5196.06873,1171.447616,1411.051673,66.1423457,1502.036561,411.4946049,7270.799067,1424.044412,1557.636232,11155.21996,1438.23215,1482.935813,4724.63968,1179.211384,1417.304564,3295.558587,1558.501147,816.1788779,447958.796,1425.973138,1116.755421,3587.855654,1539.049068,349.5173555,4854.673588,1181.860529,1460.051992,62.58749532,37.41816144,285.1395298,0.151356977,96.91762639,0.4093043,0.43585543,0.883418487,561.0868555,36.72073099,327.3920461,32.08341734,217.3028806,2.445066588,4.187159189,99.59861174,3.57180821,33.6730729,307.4330282,9.980363834,0.975262801,34.75857742,1.818739006
d31_30_G04_1_2_S,glasshouse_b2,Forrest,T1,R2,S,2023.193404,687.6051607,2255.526867,81.41693666,760.4271906,2419.870036,16432.4592,804.4905995,2594.089502,10341.52162,1735.994493,2437.015642,2500.650522,702.7811688,2326.755183,5827.687768,744.0234976,2497.284611,372509.5863,868.7875389,2482.343701,5033.554269,738.701079,2298.525202,2236.081741,697.758876,2309.665655,81.45017123,26.30106365,284.4293807,0.110673623,93.11340297,0.349745778,0.322807661,0.592781577,656.002747,28.22488729,330.0615056,108.8059105,191.9167852,0.918668357,25.40769098,78.0357911,-1.017241556,78.05474855,268.4555606,5.423384466,4.395140116,26.99034336,-0.834142994
d21_37_G05_1_1_S,glasshouse_b1,Hartog,T1,R1,S,4170.73739,2362.027558,2520.112509,61.91523296,1075.453212,1941.379673,8554.193293,2361.704336,2541.600456,6655.232922,2343.048189,2546.256797,4882.374045,2369.51642,2585.810563,4658.082252,986.8782784,2199.450347,370914.3878,2555.027183,2117.929023,4708.354548,981.7466483,2131.810096,4910.449002,2367.96436,2508.108103,77.6240674,39.21322644,308.9596841,0.143037361,103.2018568,0.396391104,0.433899527,0.592707228,537.8088443,38.38098456,334.4579451,101.4882578,232.6070933,0.508702177,7.676763561,104.6663835,-1.414845243,52.20128552,327.1575478,-1.170763318,1.918837421,34.73071513,0.500741229
d35_42_G06_0_1_S,glasshouse_b2,3811,T0,R2,S,15265.29806,899.5287163,3104.610503,67.91167743,1916.095887,2579.834629,52305.81751,1153.563632,3846.318508,58981.80265,1498.243571,3568.371049,14327.58802,829.7029853,3152.599277,21838.11881,1391.400908,889.5879639,348959.8243,1457.393885,767.9048852,20574.24064,747.8725531,2330.899267,13083.98071,860.1029289,3146.511822,498.0722122,354.3419692,1435.552071,0.237104115,512.4686764,0.399697251,0.435661429,1.3450854,2680.439901,205.7301295,1801.66875,337.461297,1071.885308,56.30199442,69.65832137,468.7795438,42.88157319,239.1871577,1471.701588,137.2715475,13.58112001,163.0640673,26.09288726
d45_04_G01_0_4_T,glasshouse_b1,Gladius,T0,R4,T,20148.79547,2075.312171,3466.587773,58.25751032,1575.920674,2729.666791,59929.6,1785.856738,2281.275366,61700.10145,1752.013056,2402.696853,17189.00677,2112.090592,3642.46603,31320.17093,1738.677243,3028.767499,393470.3926,1469.15322,2137.675647,43409.41804,1673.250026,983.751453,17345.10623,2091.970778,3601.180861,865.6906902,684.4706066,2208.108564,0.317023299,756.6641408,0.406517761,0.410518147,1.424814443,4031.388379,326.2873992,2769.96603,562.5112203,1433.596174,155.5661092,134.3150158,632.2711468,116.659112,422.4370056,1987.681631,367.5449833,26.37818587,226.6435163,72.70338046
d05_28_G04_0_4_S,glasshouse_b1,Forrest,T0,R4,S,1277.640821,1490.863989,457.4152514,87.77637688,1434.955983,283.1098047,4637.383708,1488.960386,414.3147311,5482.207739,1492.189487,450.4739629,2863.344255,1502.691548,480.8735273,1653.059047,1564.310359,364.2381007,237711.0263,1454.494326,255.3878465,2431.167335,1480.304665,258.5735833,2407.473871,1510.48539,464.6815535,27.04098787,7.683023017,115.5594612,0.091068147,49.76749828,0.406501898,0.436146302,0.609831264,193.4678336,14.89217626,159.8024392,20.27153226,102.5570717,0.710301287,4.197727407,47.29195599,-0.679609755,11.33465466,133.0197503,4.466334492,0.380344544,15.42297986,-1.086890944
d15_18_G03_0_2_T,glasshouse_b2,CALINGIRI,T0,R2,T,13231.3608,1212.264825,1844.902076,68.22805321,1463.898129,1838.064716,24401.76654,1480.717223,936.381978,27939.82779,1471.497376,976.1421667,13485.11454,1198.839616,1824.539689,11640.90616,1414.694014,1767.874788,430864.7147,1383.016682,1156.094283,9907.302072,1443.942039,544.0711756,13677.70091,1182.468045,1800.110989,103.3450643,64.56228911,589.7527014,0.10541964,228.8164577,0.406832503,0.435227155,0.926288168,1249.24829,82.17791489,807.3669707,65.98077028,532.0051514,3.324433272,16.65050455,229.313195,2.129543937,49.62506581,716.3513562,9.946534127,4.264215476,78.66876916,2.018876264
d31_05_G01_1_1_T,glasshouse_b2,Gladius,T1,R1,T,17471.0766,1313.017647,3781.099843,53.99627492,1758.758867,2151.64283,30055.4874,1347.675369,3519.267292,42007.72706,1388.881204,2684.844558,16117.98096,1424.794002,3712.61546,15027.48485,1474.216077,2530.993834,348780.5928,1473.076685,3685.057613,12045.88256,1378.506366,4161.475643,16870.82275,1440.294407,3805.111532,240.4656212,141.4435262,878.7262012,0.166120335,320.6081109,0.3984232,0.436914098,0.864105196,1666.464744,115.3263448,1110.546419,163.0039191,728.2420898,6.844647268,31.51170781,315.1311189,6.27988754,111.9167126,959.7053407,21.50250761,8.132241758,106.3188196,3.834726218
d13_46_G06_1_2_S,glasshouse_b1,3811,T1,R2,S,4223.027625,1619.686777,1514.655876,60.85845717,1611.180565,545.7319574,7460.801241,1637.813925,1742.519482,10605.81695,1650.519168,1306.181953,4577.528779,1673.578291,1496.696185,3170.404154,1655.841829,1393.466442,361394.6567,1441.447927,1044.551201,1558.587773,1134.93059,1806.237721,4029.916199,1649.96824,1501.99524,67.30749181,37.27622043,236.6614339,0.15559151,91.21454463,0.407266212,0.434582996,0.943013974,470.6225311,29.67372647,286.4053864,43.83772359,208.4435681,3.75971561,10.00528835,82.91902145,1.942916858,40.84487464,278.0858783,3.771819988,2.676492023,28.54228482,2.258930763
d4_T021_14.10.23,field,Gladius,na,R9,T,48003.63507,178.5176214,3190.491494,57.26760133,226.5415042,2329.934246,198553.8445,863.0819836,2031.943953,219581.1674,951.5768609,2430.546854,29374.04966,164.3845052,2877.044534,92529.63603,404.171838,3249.061398,405227.7421,271.4407668,2452.820246,87157.93048,1199.776097,4865.536905,30089.6733,154.4156279,2862.026025,1161.286136,411.2227351,3549.040872,0.116641754,643.2334783,0.202833734,0.192876085,0.969447704,6916.015935,127.0230338,2257.789933,3230.843084,255.5802829,5.700244046,622.3766516,90.15485032,3.709045034,1940.773755,285.9698648,9.05256701,97.65205059,26.31050169,3.042886914
d41_42_G06_0_2_S,glasshouse_b1,3811,T0,R2,S,14414.9814,1171.458771,4115.437554,79.69103111,1509.900078,674.4420906,53118.61466,1046.6141,2856.797591,51834.8582,999.0211649,2902.816927,13285.65847,839.0550998,3233.104635,24675.38849,562.3672655,3479.255348,613694.8178,599.9507146,3314.781732,42236.70153,630.8856193,3068.025003,14425.59105,875.1638868,3086.380856,674.9944229,455.8716415,1956.524714,0.236675816,683.5825359,0.392189817,0.411357201,1.569223306,3800.356784,271.0838071,2422.242359,510.0915566,1369.236943,61.34396664,116.4033545,615.1496963,48.07173588,354.6062454,1897.088221,148.4667848,21.21489268,219.7116736,30.0390576
d27_26_G04_0_2_S,glasshouse_b2,Forrest,T0,R2,S,6915.489658,1416.148084,3055.855376,51.94705583,1574.46055,2839.004679,29193.97886,1414.977679,3049.64078,27962.46337,1422.274743,3086.224409,5267.984505,976.194996,2577.998693,9256.50462,1217.977565,2752.780739,401397.3163,1476.272329,334.9841699,7148.817114,2008.982624,2865.612168,6014.474575,955.5687087,2572.570461,131.2270294,85.98153174,516.5815013,0.161670757,199.5002381,0.41507289,0.434003913,0.783021671,941.1735073,75.96747265,699.0475168,49.72143448,473.5398636,1.196930733,10.56108004,208.0257005,1.623771961,33.90611364,652.5385725,4.151628903,3.589289968,70.88752457,-0.767719227
d21_02_G01_0_2_T,glasshouse_b1,Gladius,T0,R2,T,6675.627574,2070.48279,2858.658329,64.44755006,2009.139122,2686.443697,20270.42065,1740.255959,2204.021121,19760.99419,1907.660258,3254.965318,8153.541381,2095.550802,2831.448226,9803.058403,1986.625262,2771.965036,512924.5016,2067.464341,2255.716333,18161.48197,1963.70217,3216.433398,8150.719126,2087.474311,2866.890317,137.1888417,75.85263287,707.7601829,0.122423383,276.1373545,0.435316015,0.433833966,0.649042796,1304.103509,105.9596191,962.4327877,27.58342689,658.2938014,-0.87649304,10.72031571,294.9109907,-0.916395962,41.6262126,939.6454186,6.166025544,1.887528011,105.815779,0.474827633
d37_42_G06_0_2_S,glasshouse_b1,3811,T0,R2,S,13506.05502,906.7476328,3125.101683,79.89720787,680.4251667,2500.540105,38220.42772,1113.97393,2631.923191,38248.50367,1196.536338,4153.431195,14770.03755,867.3412299,3153.487969,19583.6217,794.3747562,2457.681413,562081.645,913.5458369,2601.244506,16835.88202,541.4432308,3566.198747,14559.76681,875.6359391,3140.71928,411.5451914,301.6063828,1404.992162,0.201362103,533.3484469,0.397262797,0.437778728,1.02970416,2900.183646,202.0666486,1844.330826,242.7162218,1131.211498,39.24993683,72.64540061,491.5985003,27.54112303,202.3411297,1556.42954,81.26992939,13.04577419,172.8088528,16.08389324
d31_31_G04_1_3_S,glasshouse_b2,Forrest,T1,R3,S,4201.609446,662.1248694,3154.739217,53.43107726,405.8179752,2935.142602,16292.55577,972.0494178,1851.103106,17353.46893,964.0576577,1860.735024,4042.139763,642.8731831,3169.77475,6160.865365,2175.545117,3038.179789,358965.6363,1318.177906,2049.508397,5456.946807,625.5075071,3188.158038,3406.570521,651.2319149,3182.881322,117.3371361,49.76275595,384.5513941,0.151039767,133.9808524,0.360718907,0.411276078,0.597931818,793.411294,47.97893076,459.0990076,110.0045442,293.5832016,-0.082428892,17.43472935,119.7553909,1.156758345,59.63365849,362.5692866,0.48639154,4.344726222,40.83396715,-0.407404383
d37_16_G02_1_4_T,glasshouse_b1,5489,T1,R4,T,11534.92262,1939.033197,3332.666475,69.28710074,1540.639863,777.4071349,24995.56998,2011.83462,3494.063757,32937.61309,2157.845136,2976.944661,11761.66669,2040.880187,3376.485495,12103.36839,2034.045282,3006.923729,590377.5677,2029.208896,2578.423184,20845.87191,2209.47529,3522.310486,12116.05132,2013.224336,3308.338053,252.5774278,179.2892031,877.0593043,0.198148033,308.4656076,0.388290507,0.40985269,1.109519764,1666.964922,110.424961,1051.810446,189.7904543,669.8329921,15.6394951,38.43128234,284.8538568,10.23782963,147.6164798,901.0062311,31.04689788,8.579515212,96.71150201,7.407796067
d27_38_G05_1_2_S,glasshouse_b2,Hartog,T1,R2,S,2574.166258,1089.940252,2466.717872,57.676749,933.0675454,3045.58944,24376.38741,1046.425579,1896.087175,25516.74491,1062.703279,2081.051163,3413.586319,1079.672004,2508.046127,8243.649701,873.6397572,2169.681332,381227.4631,881.6344423,2465.263249,11894.34197,880.3869981,2270.227892,3090.971445,1087.270241,2525.692334,159.6745921,88.54789576,576.905332,0.138601913,202.841852,0.374985735,0.411471728,0.776755224,1183.1311,68.11994224,722.4078819,150.844615,427.8228423,1.658465746,27.18416176,183.6081255,-0.048988722,116.1586231,596.7151254,-2.421029934,8.90311054,61.9616044,-0.046634566
d07_18_G03_0_2_T,glasshouse_b2,CALINGIRI,T0,R2,T,7302.537834,1624.346269,389.5903355,79.02292042,1500.245677,237.2830455,12077.91925,1478.815577,430.7384855,11629.2643,1462.21849,441.516966,9154.590669,1539.85596,387.3328355,5674.966217,1492.94097,302.612325,379421.2897,1828.650091,298.9259508,9008.807487,1482.088878,272.5638011,5728.540132,1307.193574,997.6597058,47.86319119,37.95615074,230.607611,0.183393468,89.35237131,0.423136785,0.434657382,0.878166198,391.204607,32.08782505,307.3680279,-0.604845553,192.8476391,8.308276021,-2.850937021,87.65352661,7.007547384,7.374860784,267.4400624,19.94688395,0.840388389,29.6562628,3.884289514
d13_06_G01_1_2_T,glasshouse_b1,Gladius,T1,R2,T,8024.368631,1589.903904,1650.639771,69.18089012,1266.50937,1484.910057,12541.2518,1576.846394,1146.098412,11108.97732,1531.410391,1818.088968,8918.743612,1525.549359,1587.312438,5244.305373,1548.424484,1016.315832,461992.648,1817.038015,987.2334572,5695.031863,1595.643909,802.7985702,10132.8827,1516.245795,1500.34246,72.5023375,27.926532,392.8875893,0.081075255,161.5072298,0.400909124,0.436127057,0.728554679,769.5299845,55.27250958,534.4022006,42.30840673,377.5343833,0.077058582,3.670543772,161.628831,1.386618245,60.9905365,513.2999448,-1.02296695,2.703253779,53.70403391,0.085590325
d35_16_G02_1_4_T,glasshouse_b2,5489,T1,R4,T,10369.22389,1917.696495,3319.843243,52.05208084,1989.807165,2159.711689,32994.02505,1912.242695,3298.129204,47119.06066,1952.267855,2249.67186,10762.50306,2014.488638,3256.439136,15700.85135,1532.080107,783.3130554,584084.9135,2030.184234,2550.548134,18164.82096,2241.02094,3618.504126,11338.26845,2035.778872,3279.387902,269.619087,183.5744695,830.0596325,0.220401645,305.3398149,0.39616258,0.410502494,1.109651247,1621.68894,112.7023352,1049.941766,188.3248908,676.4075081,13.34816439,34.84049326,294.8795327,11.20957861,79.11221167,914.7181322,35.77177993,8.337352346,98.5805819,7.410682143
d41_35_G05_0_3_S,glasshouse_b1,Hartog,T0,R3,S,10957.18567,1467.749727,4398.994901,62.78846373,1213.167468,3620.531076,35016.00835,1254.534718,4063.499131,40916.43845,1252.452585,4029.980197,11887.48801,1491.959785,4418.088486,15436.2887,1650.727033,4678.840201,355273.2882,300.1105502,3163.012351,17361.38825,1768.439043,718.5924014,7561.445778,304.8968744,3753.682415,670.6058039,504.9080162,1322.734609,0.368845872,448.3537385,0.38899545,0.410967452,1.367288105,2505.025997,193.8037137,1652.596259,448.3847557,867.943118,71.01731523,92.28972096,385.2809581,54.92444092,277.6939447,1207.201132,172.3033516,17.50983363,140.7236347,34.48378493
d49_04_G01_0_4_T,glasshouse_b2,Gladius,T0,R4,T,24417.19217,2070.722345,3643.804644,116.0069092,1132.793427,4953.82161,86993.18888,1620.356412,1544.76103,93244.18002,1641.621192,1584.693181,25515.18861,2106.017582,3631.950253,43822.05483,1652.175686,4360.384722,395984.9633,1451.369363,328.18582,41875.90826,1587.650412,915.6440189,17421.35155,2100.565309,3575.464865,995.4254016,711.8414489,2571.232978,0.282102698,882.7292096,0.39707272,0.41264052,1.821511962,4806.002927,384.5212412,3213.320068,822.7822261,1513.428429,207.3488422,193.7976693,665.0760043,163.1642783,586.9353842,2090.402178,520.8287136,37.06104325,238.4992543,109.0647887
d27_13_G02_1_1_T,glasshouse_b2,5489,T1,R1,T,9978.091858,1761.381748,1707.182534,65.68554617,1543.169148,1919.820319,20716.93505,1785.630221,2449.820707,18480.0281,1788.848465,2321.39109,10162.54435,1732.039425,1725.37688,10437.79869,1589.788211,2684.888586,434501.9224,1516.860521,1076.329564,7360.667457,1748.723905,932.9102681,10067.47442,1731.886806,1721.65623,114.360252,69.84421181,571.5871947,0.145088132,193.7534457,0.39146166,0.408674023,0.727126982,1028.982131,72.04967599,675.1341708,84.06952293,460.5301372,2.663459896,20.34898924,189.9676355,1.397298271,41.71821084,611.9252945,7.62486949,4.529871436,63.95915752,0.731043794
d7_T023_04.11.23,field,3811,na,R8,S,79868.35763,749.3171868,3856.1819,47.92378118,516.2957358,3589.265502,276631.0824,1178.300606,4875.842927,329605.8183,1151.056373,4654.759688,78364.60381,762.8364739,3847.855408,164595.4708,1177.620963,4241.835597,489743.0914,823.8966011,3088.123013,266086.7484,1079.615804,3750.713023,55790.347,709.5437646,3808.738267,1463.847934,811.2486385,4749.685673,0.168873788,863.1381572,0.201212194,0.187399837,0.670136421,9410.719769,169.8200524,3045.320504,4455.677947,337.2522713,0.131848929,842.5954009,119.7865119,-0.060549071,2639.647309,376.8813854,3.547081493,134.8691696,34.01901355,0.562493013
d29_33_G05_0_1_S,glasshouse_b1,Hartog,T0,R1,S,3484.972472,1337.832591,3668.018906,66.29134044,1549.929353,726.4954856,20019.61232,1205.867962,2797.974564,23413.30043,1256.356545,2688.317298,5604.270775,1342.872821,3648.193123,10115.73528,1169.06632,2387.687537,342534.2678,1455.440922,3090.950267,10474.37195,1179.850717,2417.921465,5634.426082,1344.399812,3715.903202,200.4015434,101.8094535,600.7647465,0.164835452,215.6024737,0.382055351,0.411463639,0.725822199,1192.833482,80.39147126,774.4351087,149.5021611,496.5538016,3.96558314,29.47037518,205.0849592,2.123403408,101.7793396,658.7568601,9.044936393,4.1411536,70.08675514,1.480146937
d25_37_G05_1_1_S,glasshouse_b1,Hartog,T1,R1,S,4424.555718,2397.291759,2519.951506,58.27575366,1041.190828,2128.806455,7976.003834,2392.469779,2573.254332,8352.579623,2394.116637,2533.622649,4826.981573,2397.52639,2537.456761,3549.824807,984.3855636,2202.661424,501483.8325,2597.186277,2251.228172,2738.558556,1012.487565,2153.378957,4694.741492,2413.488444,2509.631485,67.83555392,26.47073308,272.4006569,0.125277099,107.1660563,0.394026497,0.436432265,0.598068794,561.2623541,39.51326008,376.0163387,72.94118243,233.9513434,2.488332102,19.91071657,102.5869139,-1.89987545,34.63314409,315.6184739,1.976917836,0.968920836,35.2088196,0.186326457
d31_31_G04_1_3_S,glasshouse_b2,Forrest,T1,R3,S,3733.099192,659.3257369,3140.753304,53.17519447,400.966011,2917.837619,15753.3905,986.1371927,1901.353171,16877.04464,965.4519491,1833.799127,3866.873824,657.7204343,3143.268222,6744.631239,2197.543748,3014.17166,355387.4486,1328.505227,2106.58704,2831.015601,629.8242055,3162.087091,3776.505565,633.2822632,3088.235879,113.6343779,57.31413123,367.6676076,0.147648631,132.8298842,0.362965131,0.407931463,0.602576517,762.8156071,43.00687581,477.5964407,76.28147124,281.0413971,-0.884202124,29.01175994,127.8515966,0.28886648,81.93001323,371.125084,0.804952735,4.629608777,39.3389945,-0.313687684
d2_T011_02.10.23,field,Gladius,na,R4,T,76229.02941,1459.87871,5788.907291,73.94417163,1524.592694,5895.208192,264867.3937,1206.095487,5606.704098,240327.7158,1156.310971,5702.26276,72663.33106,1441.214811,5747.37527,104437.0712,1599.076738,5630.732808,869294.3607,443.5555659,5632.557067,111800.6872,1599.838401,5640.479289,65058.20527,1404.439991,5672.933946,1306.841284,568.7446102,4396.711113,0.130854823,789.3480394,0.19965559,0.189071209,0.687577646,8855.402253,154.1355225,2785.510726,4093.915308,299.236203,0.71083983,787.0714863,101.1818701,0.251379596,2465.576136,305.9134869,0.753528857,125.5986819,26.81605744,0.123886944
d41_41_G06_0_1_S,glasshouse_b1,3811,T0,R1,S,31391.38875,1301.107906,3725.966622,58.15384426,2371.99729,2739.869463,57836.60206,1196.015712,3922.343411,62301.26268,1203.817334,3878.447151,30354.94288,1295.971051,3686.0184,38384.49185,1288.179976,3652.80935,615346.2541,1239.444989,3625.944888,57929.41338,1218.205962,3865.196347,20514.00484,1245.419954,3763.983083,782.202105,632.4867711,1993.034599,0.323506162,696.4792548,0.410825821,0.409812471,1.366568031,3789.70155,302.1073827,2589.342671,457.41205,1368.502703,120.9241564,125.338182,605.2722804,92.37469579,377.9710193,1903.212488,293.3020333,23.84519307,218.1419093,57.61355389
d11_38_G05_1_2_S,glasshouse_b2,Hartog,T1,R2,S,4107.706489,2117.485872,1552.362719,53.78299629,1336.698026,535.1686489,10681.57761,1120.23363,1014.564267,13574.87387,1140.082128,1023.991776,3848.033764,2135.140665,1564.040305,6088.3985,1330.489659,564.0962221,385466.1733,859.1598717,1313.431781,5096.813767,1315.205875,523.3337027,3832.392949,2152.634987,1570.8747,62.37332815,40.78585473,242.4923333,0.116520404,95.03302111,0.404956653,0.435114063,0.582966748,446.945462,31.5787342,342.1683944,19.71199029,222.3654722,-0.672065486,8.879693118,91.54052333,0.072712138,33.73976995,286.364072,3.209193667,1.616435548,30.99493148,0.274925931
d31_30_G04_1_2_S,glasshouse_b2,Forrest,T1,R2,S,2510.775653,698.3159324,2290.006051,81.09729666,757.8100908,2463.463482,14274.17641,785.137092,2558.541764,13327.78443,1736.2146,2470.38484,1403.975289,701.1560283,2279.250583,8814.011289,733.6842139,2506.779546,377535.2962,877.0469535,2503.0493,5828.136245,735.2335188,2324.29681,1541.711199,700.9209448,2286.2374,86.15278683,25.76380696,304.4700711,0.105861142,93.60189215,0.351434314,0.323239814,0.604172022,601.9195257,26.41698563,330.1229209,110.9852205,208.3035206,-1.341718922,28.49047842,83.84950638,1.352429494,62.09707994,259.0761927,-0.638237633,4.22840192,27.4461656,1.296290029
d21_05_G01_1_1_T,glasshouse_b1,Gladius,T1,R1,T,10358.02251,1402.028859,3240.50238,63.92626951,1515.354544,1995.332515,20587.33757,1623.406586,2162.355412,24087.58895,1391.332806,2630.722568,9666.764414,1434.367539,3268.27897,10200.62059,1439.972183,2764.64028,373767.4918,1442.687155,2167.773346,7913.922759,1508.213056,2240.776641,9580.410789,1414.129595,3223.658725,127.5625552,70.08029999,593.0238619,0.111430402,226.9205851,0.40586689,0.436612085,0.723028977,1224.288863,83.94600969,793.4180894,61.0716353,559.2011888,-0.906653928,20.81872323,233.1897696,0.963704609,59.29943742,745.303469,-2.287664399,3.258542836,80.40930807,-0.465391513
d17_35_G05_0_3_S,glasshouse_b1,Hartog,T0,R3,S,3941.899458,994.4385031,2198.484311,71.6922198,1580.557126,667.7665811,9278.348534,808.0404838,2562.145389,10694.05988,910.2651154,2298.391161,4146.860281,955.015751,2219.466302,6927.548616,836.731652,2837.378974,383266.7599,876.7258989,2228.603422,3426.929922,1488.685107,644.0586276,4697.371155,976.4041985,2185.07946,123.0514808,50.17213841,380.1893545,0.143510296,126.8731068,0.381708263,0.411651365,0.636208069,772.3220956,48.42254589,452.1446083,75.64761499,308.8056561,0.592692671,18.75126214,129.7380138,0.348508006,66.64911968,404.0006037,-1.207653461,3.21535384,44.00904276,0.156113538
d05_36_G05_0_4_S,glasshouse_b1,Hartog,T0,R4,S,2305.151487,1427.719369,837.4686458,61.303529,1061.16972,851.9760483,6675.823583,1391.63751,913.8124602,4566.694883,1401.010955,927.0432139,2314.112663,1422.100657,768.0041327,2829.213788,1054.616446,833.0642281,166048.0346,1449.020385,237.0597806,1564.050719,1556.453948,241.4633502,2074.169753,1415.112401,861.238534,39.37516394,21.78508187,156.9099863,0.164762905,50.31340729,0.366266564,0.411586616,0.58567387,264.2903942,18.0673547,197.5691254,53.33374251,124.3934505,-0.778134105,10.05665092,40.41436515,0.50966004,56.15610313,150.7850468,-1.745685037,1.109975462,13.79071809,0.805662986
d31_42_G06_0_2_S,glasshouse_b2,3811,T0,R2,S,14457.24715,886.7435396,3165.004961,57.78202783,427.5917061,3476.416993,40954.88149,1073.192464,1704.888532,46180.7539,1019.859394,1841.582911,13689.27909,839.8585327,3162.817625,18826.25399,1916.871598,2815.367783,516533.2323,1446.391533,3462.177147,17058.94388,781.8381141,2290.053386,13582.45925,871.4519636,3099.340936,334.5795732,198.0384219,1164.545923,0.164790614,420.4946086,0.393915312,0.437410244,0.821342038,2346.058529,162.7455382,1496.516205,200.7683801,960.6194779,14.41288204,49.37595576,418.2761348,9.112080148,154.7527116,1283.682332,26.11968672,10.56624903,145.584831,6.637529803
d13_18_G03_0_2_T,glasshouse_b1,CALINGIRI,T0,R2,T,11799.1286,1176.593997,1495.756219,72.53133894,1423.267757,445.9165151,19027.33312,1438.597945,925.4996416,16467.04621,1435.382721,966.0559098,12181.53648,1212.692711,1528.204905,6964.85756,1260.91725,865.0599442,406396.4767,1062.731557,929.9430451,10986.22326,1410.085205,388.1378758,11463.02479,1196.698285,1548.86617,74.57558128,62.00951156,534.9398537,0.113989924,198.6774752,0.413010448,0.435518422,1.019336599,969.7679344,73.54651677,657.0423334,47.28759595,450.9743604,11.22623829,12.1100221,191.8839285,7.929192168,64.6668274,624.0588257,25.23888169,2.547617339,63.95464308,5.376848191
d25_47_G06_1_3_S,glasshouse_b1,3811,T1,R3,S,5418.776087,1710.903203,2180.279527,96.04119171,1555.578803,1984.39787,12708.96393,1455.597324,2534.274531,17019.95196,1435.556401,2416.180623,5568.976438,1733.040099,2146.033598,7145.436101,1524.475471,2606.094999,357501.946,1443.281498,1586.025625,9695.76752,1528.431846,2517.306363,6545.644523,1468.196428,2052.448886,118.081512,56.57410797,477.5964425,0.139401882,170.3260872,0.38526764,0.409640105,0.72453407,994.8554327,55.2065725,575.7342526,59.23387656,406.6600923,-0.074483855,24.28697326,161.2092406,1.259283036,58.11917419,503.7629624,0.271627026,4.977381581,51.98373379,0.501721906
d17_12_G02_0_4_T,glasshouse_b1,5489,T0,R4,T,9973.167187,1900.483556,2464.16708,53.91271576,1581.743633,795.2312864,16037.21306,1098.26235,1676.136881,13976.46916,1095.296932,1710.749477,9992.575982,1869.888896,2467.4102,6716.820653,2068.003805,2713.43435,426382.9271,1406.924851,2014.722242,10470.02338,1355.264999,1165.463063,11711.15977,1138.561616,1779.474373,83.68145316,57.6273293,496.7134292,0.109772664,214.9560903,0.420469722,0.434611824,0.62364615,1131.902879,79.0279392,713.3738606,51.04910718,492.8193629,-0.2022409,9.154689845,212.4767155,0.514502879,43.90692085,690.887489,3.412534058,1.406513232,76.36086198,2.392224848
d19_40_G05_1_4_S,glasshouse_b2,Hartog,T1,R4,S,2523.674448,1646.650318,2143.1037,57.57717712,1165.373709,1483.646319,14162.40473,1607.563394,1608.773019,13832.32501,1648.658796,1984.468021,3682.282329,1662.804096,2168.133523,5361.850851,1636.271162,1855.809612,347887.2585,2527.314001,2023.600884,5505.752058,1053.82441,1448.309483,3250.692025,1641.133286,2139.113665,52.3829568,32.20229523,291.3413762,0.072622036,114.8070036,0.410288995,0.436136099,0.617117365,611.1618054,42.57367398,380.0867162,43.71956112,266.891204,1.282764462,7.737964034,109.082072,0.255138904,15.61365739,342.2821729,-0.121492145,0.104901983,37.99776808,-0.153133488
d49_16_G02_1_4_T,glasshouse_b2,5489,T1,R4,T,11416.24134,1442.629545,584.7591695,60.81924892,2322.831624,4270.402445,91099.85471,1830.906408,3757.928203,118178.7206,1933.696321,3313.812922,11601.3549,2056.640674,3292.987747,42218.08909,2337.662092,4146.221223,376962.3291,1447.214233,326.8936764,44848.04788,2318.631428,4128.299291,7651.578611,1438.615008,630.2895008,1052.172075,752.5687375,2288.382049,0.327980105,765.4239292,0.380712764,0.408350247,1.498091195,4380.339618,313.0643407,2804.381905,736.4370795,1456.47241,123.9812329,168.1333287,618.3496572,96.87004666,517.7443173,1960.342243,305.8867485,33.22731188,218.9283362,62.15771349
d35_45_G06_1_1_S,glasshouse_b2,3811,T1,R1,S,9522.086865,785.741556,2420.524297,77.30413875,1249.557854,2217.245554,36986.3469,1223.739336,2147.425998,39092.53896,1223.262156,2208.964254,6912.517916,1705.711833,4610.923549,20083.5788,1202.574416,1700.279767,396271.4001,840.9207559,1518.549005,19659.86631,1195.83654,1777.9559,6863.690959,1712.633196,4517.432728,348.0703446,189.8780829,1018.4807,0.180978958,360.1417621,0.380701026,0.43568029,0.889856344,1989.069971,126.064668,1252.359577,246.6753247,776.0634732,5.742449313,56.05656383,332.4730653,3.801054739,141.6465974,1036.144692,11.75113524,10.56402252,113.999336,1.339015079
d45_10_G02_0_1_T,glasshouse_b1,5489,T0,R2,T,17077.69801,2217.917921,3867.467134,121.0399241,1844.160275,794.7560062,52265.75666,2759.65769,4342.190593,51403.09347,2300.065489,2480.476447,16166.18324,2155.903095,3922.593376,31236.27248,2465.463195,2196.212147,553770.8146,2549.115305,2469.441154,34109.01274,2488.538861,2264.317589,15380.8552,2532.272404,2834.34458,713.286552,525.9594657,2047.601685,0.256721639,741.0301907,0.39801663,0.408413076,1.301262407,3906.472531,288.5101283,2614.575607,411.9716068,1525.389349,84.23080323,98.41673457,665.0267358,65.53103624,308.3276911,2084.547502,205.9846413,18.10810002,228.3737811,40.85709364
d35_19_G03_0_3_T,glasshouse_b2,CALINGIRI,T0,R3,T,9279.833884,1488.011525,3164.865662,50.17991097,1837.991322,877.7283336,47230.41614,1508.144674,1587.346973,46988.49394,1508.667647,1579.46614,10043.45887,1460.89807,3195.390884,24172.07015,1642.019181,1103.542577,650641.7995,1514.63981,2378.077001,30213.67384,1562.01034,1158.347868,10195.46328,1467.712775,3159.41634,272.5444457,179.1989739,1259.448961,0.143759447,477.4288495,0.408247131,0.437026638,0.865793618,2572.950857,172.7147799,1624.211231,223.7214176,1046.495142,9.139841426,55.02135955,463.125529,5.003014153,181.8550071,1472.666057,18.40215458,10.6502255,162.1545659,3.035548107
d41_38_G05_1_2_S,glasshouse_b1,Hartog,T1,R2,S,3691.720805,2170.708514,1799.663328,66.0212086,1018.284794,2405.858577,24951.61621,958.4637234,2321.049468,19988.24772,895.6102182,2341.10108,3442.243178,2182.932039,1805.391757,10250.96058,866.4508318,1972.994822,398730.2808,906.5785319,1629.248414,13345.98176,768.1889842,2798.370888,4323.815457,868.3027763,1676.468608,312.4392596,170.7465583,747.183839,0.216913094,249.903145,0.365038092,0.41035002,0.646714796,1442.089552,85.80057578,867.4895215,224.5367461,517.609422,1.682767166,56.39596375,215.2423295,0.290045305,182.4861689,682.9711001,1.903897126,11.59697622,73.49726408,-0.32108196
d43_11_G02_0_3_T,glasshouse_b2,5489,T0,R3,T,21023.67089,1548.242524,3914.075394,53.0977541,2801.433275,4055.896243,46232.02188,1693.53119,3714.940433,47284.71276,1677.797212,3736.220897,12640.76191,1457.879301,4082.392733,18323.68692,1382.288356,2714.752507,509762.6361,1972.449635,3832.864606,13445.85038,2871.423965,3207.568037,8737.219904,1421.424982,4291.192241,418.7967708,291.3086405,1300.213948,0.226873238,449.8447855,0.394481852,0.435703271,1.253738516,2446.952242,175.3223922,1607.82348,252.2245752,951.1637887,41.65099429,57.62804889,412.426828,28.73368567,208.3920629,1299.188649,91.04041777,10.21341782,145.6480944,17.16467199
d35_20_G03_0_4_T,glasshouse_b2,CALINGIRI,T0,R4,T,18403.35115,1775.30604,2374.370613,45.7356515,1628.038432,784.2571311,51889.13961,1129.849059,3703.539179,53725.46995,1116.891082,3676.292189,18523.97232,1839.095774,2383.079322,28365.12356,1838.124357,1169.919757,584578.1385,1952.273558,1860.924138,26368.65621,1781.458032,1041.252264,18087.91034,1831.095383,2394.874972,319.0645572,244.5616651,1463.742155,0.163037569,546.4235337,0.401461145,0.433660568,1.133663135,2941.725733,207.5916149,1920.444212,217.4165359,1239.887904,22.46371896,60.7555115,531.2669304,16.75313756,217.1169121,1689.862351,50.07474243,12.53896064,182.0669716,10.0373099
d17_12_G02_0_4_T,glasshouse_b1,5489,T0,R4,T,9632.544055,1887.938694,2444.579622,54.15588345,1560.128299,838.7832288,13314.78697,1101.264468,1759.619008,15285.49916,1090.542007,1697.205113,10110.22677,1849.320188,2395.942521,6344.348451,2085.710314,2731.782087,431733.7526,1404.896149,2050.516852,7606.232984,1345.589277,1185.314502,10796.78681,1139.731966,1743.689828,84.54893258,57.82465061,545.2183897,0.109644804,209.9476072,0.41924723,0.43424478,0.609634447,1022.158027,77.20831556,754.7891335,62.97269457,498.4320866,-1.476268074,5.078919388,215.0453739,1.017070024,38.79256561,659.6684525,1.362414169,2.830143907,76.96306171,0.069509196
d31_15_G02_1_3_T,glasshouse_b2,5489,T1,R3,T,14885.40507,996.2935449,2933.341014,59.82381606,1581.275959,3612.146059,31355.10313,1214.840938,3378.232462,31287.20564,1212.308474,3338.200367,15607.423,1083.218912,2895.211217,14189.73337,1540.319888,3731.874708,633061.285,1232.654309,2336.999666,10637.44623,911.6322153,2977.276868,11316.30775,1131.105145,3223.122563,187.7109219,122.2159956,741.087224,0.162130963,272.852983,0.394726617,0.436031484,0.727973788,1518.835851,101.7620032,974.6986279,167.1357719,612.9043066,0.211259583,39.05681625,264.5003504,-0.001058639,95.77675982,839.9665341,1.76262021,6.947158864,90.46338691,0.492837111
d11_08_G01_1_4_T,glasshouse_b2,Gladius,T1,R4,T,20099.24272,1886.457635,1241.223617,55.22192022,1920.85981,1374.45664,12900.89444,1871.333869,1663.392817,13584.11242,1699.332332,843.7319052,19950.77931,1861.492518,1232.911505,8060.365354,1717.589977,1000.342745,460111.3045,1553.736409,418.5792253,9440.480371,1715.16255,625.3795996,20160.32327,1851.861445,1198.81249,39.77752363,24.78419464,385.459366,0.072069131,157.9733272,0.423565788,0.436745112,0.888387297,678.5915955,56.5395559,524.9559376,57.93431483,357.4893661,11.42146057,-4.731684366,152.0023326,7.985122042,34.1708188,445.923536,29.65409117,1.004687664,49.73071492,5.564132086
d11_16_G02_1_4_T,glasshouse_b2,5489,T1,R4,T,4828.945129,1727.135944,1601.429926,60.14116041,1650.904982,1412.503996,6915.919486,1723.54734,1575.781288,10597.88494,1560.979671,1045.856305,5482.06049,1735.913198,1549.620527,3096.24247,1669.530941,609.4151939,350182.7377,2006.265601,1497.86152,2183.140334,2236.563032,1425.365517,5519.108581,1740.405822,1530.636106,26.7488941,18.58136929,135.5892702,0.106078028,78.85569449,0.427246755,0.435425098,0.57803519,332.0607961,27.36494521,223.2270786,50.66349801,173.856621,-0.546039174,-0.027525305,69.06284454,-0.753130962,0.169978579,242.5702539,4.206665013,0.683913036,25.47581731,-0.228165331
d07_43_G06_0_3_S,glasshouse_b2,3811,T0,R3,S,2112.270649,1711.462618,480.4342593,66.00967741,1739.655625,333.0724224,6341.778717,1705.701768,466.6555299,9627.119174,1700.773176,437.4845545,3910.20661,1720.472071,402.899212,6342.954147,1676.703852,351.2472572,417037.2105,1887.379661,242.3746679,7187.906322,1690.818553,361.0267847,3149.893776,1746.90034,456.9975097,64.39115378,35.1015263,209.6228259,0.22340278,54.07070505,0.359612459,0.409137709,0.599637623,367.6148528,23.13273442,191.1530375,6.958682886,133.3459516,-1.260848502,8.470529329,51.53295747,0.210808827,57.56394398,166.2554676,-4.912879339,1.588929819,19.98974377,0.528929074
d05_43_G06_0_3_S,glasshouse_b1,3811,T0,R3,S,3744.466009,1678.079604,602.7462213,53.52973127,1694.3616,886.5686152,3123.476457,1692.962739,407.520429,3323.811048,1684.151277,727.4950147,1900.76631,1673.370156,495.2925806,690.0482245,1752.644309,348.6080264,281641.4435,1467.159717,264.2207859,1086.358216,1678.093403,785.9161692,3312.844338,1680.949878,397.8910498,20.06438787,16.3102771,100.9570254,0.207020225,30.79233396,0.417817807,0.436025669,0.606777719,218.554333,13.54621895,153.8181539,46.0769702,86.47512053,-0.207007645,3.853634341,41.38385517,-0.712221798,13.57913694,128.1809081,2.596141586,1.032929399,14.59678319,0.433572034
d43_34_G05_0_2_S,glasshouse_b2,Hartog,T0,R2,S,20619.07128,1899.243086,851.0362537,60.71249678,1163.927706,2915.680264,71578.68576,1594.751963,1043.959421,91684.44645,1553.959471,2831.098807,20702.83031,1885.120243,868.1305068,53415.88797,1636.486337,790.4426117,542909.432,1592.849283,426.718163,51058.66234,1600.260448,808.4808677,13413.90229,1837.911031,708.578796,789.2311389,663.9097626,1940.654652,0.339935406,721.6667936,0.451567581,0.435975977,2.078460474,3509.494771,387.060117,2789.218765,467.0078059,1262.196831,243.2454925,105.609682,572.8334463,206.608525,334.8409765,1795.917012,656.4914117,19.14285081,212.301762,154.6532037
d07_45_G06_1_1_S,glasshouse_b2,3811,T1,R1,S,2917.532323,1540.386932,1168.341654,63.94005644,1521.597855,1077.872498,7798.417281,1504.721234,963.5899278,3560.757582,1509.72786,1019.067472,3246.418782,1517.980586,1208.088335,2911.067095,1713.623334,390.6956665,252276.4464,1447.604478,297.261885,932.0988066,1699.795218,430.119362,2869.670037,1537.440918,1121.469547,39.92116906,24.0755187,175.8860558,0.178522715,50.80902083,0.381077849,0.41270815,0.588824402,262.6169895,13.85809186,164.1990604,27.21563945,100.5598454,1.057310127,3.707084933,39.32228654,-0.924931796,10.01534331,132.102116,-2.784949589,1.543337938,13.25848803,-0.162036582
d5_T024_21.10.23,field,3811,na,R9,S,31066.34806,1134.515314,3754.994443,53.8126224,386.8194051,3017.451618,207664.7695,971.9823802,2125.137802,213254.5925,976.8764901,2155.184194,29325.55351,1158.347573,3722.264382,94248.60106,1220.051317,3689.497583,463139.4471,897.532252,3147.6679,84905.7028,1158.209982,3758.293404,17725.45105,1081.746692,3713.168588,1104.191397,564.2018186,3633.10654,0.156807769,656.0923305,0.203984502,0.189609256,0.962729573,7188.203454,130.2907522,2323.065992,3418.267862,250.6403412,0.523927856,645.7323338,79.50479689,1.287500727,2072.994453,271.9876067,1.627083703,104.4085674,24.02579818,0.784095517
d37_35_G05_0_3_S,glasshouse_b1,Hartog,T0,R3,S,8477.229177,1456.465874,4293.322748,67.02573923,820.988059,1119.208404,24302.09855,1256.915934,3921.123821,30529.47432,1167.745926,3863.022094,8188.117049,1452.020077,4375.665041,12482.75624,1293.262501,3620.615156,355829.3886,1484.46839,4093.427714,14173.95961,1293.853531,3577.614979,3423.226561,996.9056888,2234.602135,392.3162586,243.5226271,942.9655314,0.258259523,308.3537122,0.375515437,0.411368407,0.977877645,1847.676558,118.0283663,1117.172719,278.3157787,663.3289872,9.088843736,62.64049597,291.02453,7.19975836,193.6349549,906.7343907,15.12321725,10.37201327,107.0920798,3.126687046
d37_15_G02_1_3_T,glasshouse_b1,5489,T1,R3,T,12431.60195,1042.761236,3027.404291,60.48561298,1547.242923,4188.391566,23982.67612,1485.543691,4017.395987,28955.11762,1431.397053,3985.10421,13487.54991,1134.850866,3005.256466,11926.31668,924.8052801,2598.402285,443935.6316,888.6613828,2353.906021,18187.00813,1629.004425,4151.180379,14013.08235,1129.120065,2952.783527,302.1871865,180.6379367,954.3458645,0.185496327,338.495242,0.385895282,0.410057275,1.053957472,1883.657007,125.0950348,1171.902755,208.3465356,712.3970384,9.542148688,60.73658369,312.3594497,7.316155938,159.0002983,958.3229078,19.03901156,10.28830598,110.895028,3.902354027
d17_43_G06_0_3_S,glasshouse_b1,3811,T0,R3,S,5572.989352,1384.864737,2049.863536,66.06834025,1887.570556,2501.515878,22505.38326,1692.000314,2347.112263,24281.84483,1691.963558,2433.986507,5925.122499,1420.592025,2103.222641,9157.586058,1545.919822,2080.393988,342284.0042,2030.229973,2644.601218,12252.92605,1549.668698,2080.897649,6014.191705,1416.964842,2099.59931,120.4313885,76.2236994,614.3635132,0.125171498,224.4412802,0.408352984,0.437335113,0.596824574,1216.882496,81.15187389,798.258917,65.26238422,528.9329462,0.077975063,22.33411187,222.7404929,-0.172194879,62.48040637,724.1610361,1.690837666,2.505753423,79.81043467,0.312498146
d27_19_G03_0_3_T,glasshouse_b2,CALINGIRI,T0,R3,T,10664.63866,1496.81208,3246.016637,57.29274117,1182.256207,3709.109242,38138.43222,1471.340432,1762.378897,40462.24063,1459.293781,1786.75577,10347.94434,1465.71718,3191.564802,18825.19011,1130.508636,2175.053972,736315.7443,1455.865049,2410.223261,12355.92705,927.1486825,2360.672396,9678.760739,1453.77791,3189.396875,195.7257745,130.7875988,1065.228562,0.128278175,387.883069,0.405989591,0.433699179,0.722880093,2081.414105,137.7657306,1337.178111,128.7056957,899.8081986,-0.234615547,33.68474096,391.913667,-0.186960149,101.300218,1223.307909,-1.769668471,7.125200639,131.4662745,-0.101181042
d17_48_G06_1_4_S,glasshouse_b1,3811,T1,R4,S,8224.717656,1226.309878,2146.338073,65.56084257,1502.594198,721.8988489,14207.5274,1210.915241,1825.14565,11099.51701,1230.50513,1821.854298,9353.41021,1230.33208,2172.549043,8100.353965,1374.308123,2566.865501,362302.079,855.4432638,1530.084307,6203.401014,1505.323587,767.2938788,6736.671324,650.9570001,1915.015296,118.667412,64.64898908,456.3366924,0.144686843,159.4356881,0.395255833,0.435414636,0.579384018,850.5563899,56.86053256,573.0510795,74.55342908,366.3665356,0.344803572,12.88742436,163.2576892,0.551197776,48.64892475,503.2874157,1.29072578,1.78850834,53.22430942,-0.162532654
d09_11_G02_0_3_T,glasshouse_b1,5489,T0,R3,T,3430.201987,2177.091906,1063.238908,54.9043507,1505.329825,1451.920542,6641.849624,2021.416729,906.9889903,8521.017822,1563.155895,1371.771401,3803.706421,2182.903368,1072.640101,2124.229094,1552.150571,1212.027582,362011.7165,1451.68757,773.3040836,5611.545845,1511.618127,350.395893,3090.937693,2184.945485,1086.01054,55.80240158,41.2046159,251.0780558,0.179374194,95.44881683,0.410870893,0.43309591,0.613937522,631.3445588,31.47868312,315.2847454,26.60664956,219.9346352,0.7740311,2.479439615,97.64431813,1.054494901,34.83294871,284.2965552,1.146824061,0.796226311,32.25036091,0.465160867
d11_12_G02_0_4_T,glasshouse_b2,5489,T0,R4,T,7257.965983,1210.708995,1227.162936,55.08810865,1490.873693,476.6918686,15086.65846,1528.47654,584.6093012,19524.00967,1537.104052,592.8042007,7084.295045,1179.94028,1227.936508,10138.98523,1644.62116,469.074087,390077.6363,1058.656171,866.6467657,5660.080515,1542.245441,368.8493877,6769.345436,1180.300137,1208.095239,68.48364235,55.44092163,341.0184931,0.161871329,145.5322348,0.441399674,0.434495025,1.160314337,695.7847642,57.17617792,546.4009429,30.7228742,335.0200616,6.085327767,4.911787941,153.7101036,4.703478167,21.78443927,482.546926,20.89842422,1.907725022,55.44788211,3.820515856
d33_34_G05_0_2_S,glasshouse_b1,Hartog,T0,R2,S,6442.376243,2122.852426,1340.443902,84.75944723,1636.849493,618.7622071,25920.74442,1592.429733,1495.526377,29690.20747,2126.363382,3076.558745,6691.623809,2137.950701,1365.736985,15933.82854,1721.238229,1200.601083,454935.2682,1916.112301,984.151279,25540.05952,1629.952802,697.8767433,6927.095762,2126.0754,1337.779458,351.3082638,260.4850728,1008.553132,0.249284978,391.5410011,0.413670348,0.436182216,1.103416984,1981.691589,156.9845617,1397.334298,162.980625,831.525562,54.78614717,36.65500351,360.3294433,40.64097908,119.3019262,1128.084211,117.9914298,7.136559925,125.5714114,24.61224237
