Image_name,data_type,Genotype,Treatment,Replication,Group,DBSCAN_density_points,DBSCAN_center_x,DBSCAN_center_y,Density_points,Density_center_x,Density_center_y,FCM_density_points,FCM_center_x,FCM_center_y,GMM_density_points,GMM_center_x,GMM_center_y,HDBSCAN_density_points,HDBSCAN_center_x,HDBSCAN_center_y,K-mean_density_points,K-mean_center_x,K-mean_center_y,SLIC_density_points,SLIC_center_x,SLIC_center_y,Mean_shift_density_points,Mean-shift_center_x,Mean-shift_center_y,OPTICS_density_points,OPTICS_center_x,OPTICS_center_y,Number.of.Root.Tips,Number.of.Branch.Points,Total.Root.Length.mm,Branching.frequency.per.mm,Network.Area.mm2,Average.Diameter.mm,Median.Diameter.mm,Maximum.Diameter.mm,Perimeter.mm,Volume.mm3,Surface.Area.mm2,Root.Length.Diameter.Range.1.mm,Root.Length.Diameter.Range.2.mm,Root.Length.Diameter.Range.3.mm,Projected.Area.Diameter.Range.1.mm2,Projected.Area.Diameter.Range.2.mm2,Projected.Area.Diameter.Range.3.mm2,Surface.Area.Diameter.Range.1.mm2,Surface.Area.Diameter.Range.2.mm2,Surface.Area.Diameter.Range.3.mm2,Volume.Diameter.Range.1.mm3,Volume.Diameter.Range.2.mm3,Volume.Diameter.Range.3.mm3
d35_44_G06_0_4_S,glasshouse_b2,3811,T0,R4,S,8710,1267,4011,74,1024.743243,4179.121622,47411,1284,1316,52676,1220,3129,8710,1249.249369,4016.646498,24755,1601.534195,929.8362755,500202,875.8631913,2396.22831,15276,853.9988871,2790.737759,8311,1249.37673,4008.847912,405,269,1353.265435,0.198778,464.804864,0.380199,0.410526,0.973648,2624.678022,170.423492,1627.676896,373.045182,962.276984,17.94327,87.035186,418.52868,12.518228,273.429102,1314.920622,39.327173,17.025577,146.441288,6.956627
d07_46_G06_1_2_S,glasshouse_b2,3811,T1,R2,S,2047,1362,706,81,1652.45679,386.2962963,5851,1592,470,6848,1593,508,2047,1360.558867,704.4601856,2845,1591.759578,377.7876977,407848,1454.421792,363.9681695,2364,1571.378596,380.8489848,2047,1360.558867,704.4601856,50,24,147.031573,0.16323,52.165794,0.385885,0.410526,0.917964,286.899571,19.461967,180.402496,30.938713,111.011975,5.080885,6.685005,46.901595,3.837298,21.001563,147.345706,12.055227,1.238721,15.929348,2.293898
d3_T008_08.10.23,field,3811,na,R4,S,19607,1261,6238,67,996.6119403,3270.477612,167320,984,3065,216807,1062,3501,19607,1260.911664,6248.805682,84104,758.7402977,3255.477861,413543,899.7649724,5980.482264,90938,831.6167389,3041.26738,18822,1269.046541,6250.439061,957,416,3011.612207,0.138132,563.638658,0.208506,0.18932,0.723392,5947.749228,113.611967,1972.499693,2722.324692,288.018761,1.268754,526.722396,100.291768,0.834067,1654.74721,315.132184,2.620299,85.12984,28.050189,0.431938
d13_16_G02_1_4_T,glasshouse_b1,5489,T1,R4,T,5472,1716,1482,53,1563.113208,491.0943396,7295,2262,1527,7926,1686,1340,5441,1721.24683,1479.988789,2850,1664.365965,1309.077193,470129,1539.47015,1008.428846,2408,2237.980897,1394.267442,5418,1720.685862,1478.36471,41,21,214.261676,0.098011,84.22893,0.424112,0.435429,0.649099,423.101492,31.262956,284.275196,20.521509,192.894213,0.845955,4.655579,85.306262,0.481075,14.625932,267.997527,1.651737,0.883233,30.122978,0.256745
d33_34_G05_0_2_S,glasshouse_b1,Hartog,T0,R2,S,6350,2143,1348,85,1640.223529,643.3882353,28193,1581,1495,29844,2124,3031,6350,2142.971496,1348.074961,15771,1725.411959,1159.796081,452427,1914.071945,963.1429667,26942,1621.914149,725.021305,6116,2123.693427,1296.089438,339,263,1055.921102,0.249072,390.161168,0.415012,0.435429,1.105375,2012.359139,157.422239,1385.86024,170.476569,831.042331,54.402203,40.418745,360.726694,39.942887,126.979234,1133.256331,125.624675,7.978918,125.846362,23.59696
d31_11_G02_0_3_T,glasshouse_b2,5489,T0,R3,T,21158,1556,3895,70,1563.228571,2996.042857,39024,1690,3581,45421,1575,2750,21158,1523.291946,3878.70673,17306,1509.739166,2658.500578,379362,1447.605725,3853.107517,11650,1429.041888,4267.610558,12230,1461.220687,4137.133933,229,169,948.062717,0.178258,358.550962,0.415869,0.435429,0.917964,1838.696595,138.611989,1241.723493,131.54682,790.5992,25.916697,29.955799,346.411639,18.885426,94.108917,1088.28426,59.330316,5.743649,121.956917,10.911423
d49_32_G04_1_4_S,glasshouse_b2,Forrest,T1,R4,S,5211,623,2517,49,1515.469388,755.7959184,24328,2369,3037,29394,2369,3037,4986,627.6105094,2498.256318,14830,1518.326231,684.7892785,348464,1452.014831,778.9196445,14830,1518.326231,684.7892785,4986,627.6105094,2498.256318,310,188,692.797666,0.271364,225.553203,0.371819,0.410526,1.105375,1316.78648,87.156269,818.215289,219.458162,447.751697,25.587806,49.17562,192.496583,18.605644,154.489766,604.819846,58.905677,9.295183,66.807512,11.053574
d2_T011_02.10.23,field,Gladius,na,R4,T,77231,1446,5757,74,1520.648649,5933.810811,265625,1200,5589,240203,1167,5725,73239,1442.284493,5753.261473,103732,1602.764586,5680.395645,865295,451.3667339,5632.319815,110765,1595.699707,5667.121609,64479,1411.215466,5708.012314,1304,580,4425.733572,0.131052,797.025288,0.200816,0.18932,0.682604,8738.622109,153.63793,2793.706113,4129.213804,295.592689,0.927079,786.946916,101.702723,0.59636,2472.266651,319.565943,1.87352,125.240937,28.095214,0.301779
d5_T009_21.10.23,field,3811,na,R5,S,115833,911,5790,48,1006,5970.395833,281147,993,5258,309282,945,5122,74349,981.0022596,5993.683345,135640,1111.438396,6197.556753,758767,1150.916906,6176.789983,135575,1113.865794,6197.436364,70369,974.5960437,6029.783541,1207,731,4506.413862,0.162213,849.786831,0.211895,0.18932,0.780588,8825.460412,177.670144,2997.019656,4049.82491,454.101041,2.487911,785.965611,166.250801,1.661177,2469.267169,522.533744,5.218742,127.260357,49.535202,0.874585
d17_43_G06_0_3_S,glasshouse_b1,3811,T0,R3,S,6211,1390,2081,66,1885.712121,2500.106061,19623,1697,2328,22338,1697,2407,6211,1425.680245,2087.268395,9607,1533.701468,2055.913188,347785,2033.343988,2647.498469,10887,1530.32424,2042.688987,6169,1424.522289,2090.580969,128,74,599.981955,0.123337,226.395861,0.409086,0.435429,0.598439,1182.773394,83.015987,772.332955,76.625051,523.356905,0,17.579269,228.261946,0,55.226903,717.106052,0,3.376444,79.639542,0
d05_34_G05_0_2_S,glasshouse_b1,Hartog,T0,R2,S,2733,2018,738,65,1607.261538,296.6,7047,1643,559,7203,1643,559,2733,2017.96341,738.4145628,3048,1683.972441,520.5577428,348409,1454.111237,772.0272266,3966,1631.020676,288.3703984,2733,2017.96341,738.4145628,66,38,216.037509,0.175895,78.293458,0.393237,0.410526,0.781618,422.886736,27.828118,267.634371,30.88552,183.660185,1.491804,7.459299,76.743897,0.98747,23.434079,241.098064,3.102228,1.486587,25.824892,0.516639
d35_16_G02_1_4_T,glasshouse_b2,5489,T1,R4,T,11295,1931,3305,52,1990.711538,2160.173077,33589,1922,3300,48186,1935,2255,11295,2015.52448,3259.829571,15335,1528.169416,837.703554,584195,2027.159224,2563.121951,17526,2234.617368,3606.753966,11096,2013.760905,3252.436373,266,190,858.078267,0.221425,306.980295,0.394864,0.410526,1.105375,1655.051087,114.669063,1071.528843,158.82565,683.937391,15.315226,38.182216,290.671753,12.200702,119.952969,913.246239,38.329635,7.635169,99.16532,7.868575
d25_42_G06_0_2_S,glasshouse_b1,3811,T0,R2,S,10025,996,2755,53,1732.773585,3183.301887,26135,1101,2171,25613,1101,2171,9714,936.0272802,2723.593267,13765,837.8682891,2281.538177,361597,1943.217278,2089.102733,13318,1923.129974,2333.686815,9713,936.0449912,2723.512509,183,109,882.100294,0.123569,319.804495,0.394513,0.410526,0.649099,1737.817518,114.762143,1101.243969,123.390011,758.402389,0.307894,28.121317,322.21909,0.196435,88.345722,1012.281127,0.61712,5.376634,109.28702,0.098489
d31_14_G02_1_2_T,glasshouse_b2,5489,T1,R2,T,18342,2353,2849,65,2261.630769,3211.169231,22786,2111,3348,23941,2119,1822,13691,2400.330947,3284.851654,10712,2113.243185,2480.999253,594957,2133.084615,2112.695195,10414,2335.630209,3849.449971,13691,2400.330947,3284.851654,88,64,664.81638,0.096267,238.135139,0.394249,0.435429,0.725714,1312.842453,83.768734,819.277183,119.776912,543.467798,1.571669,32.012099,227.769544,1.002384,100.568974,715.559127,3.149083,6.917007,76.348832,0.502896
d41_16_G02_1_4_T,glasshouse_b1,5489,T1,R4,T,11576,1946,3323,52,2183.442308,2126.192308,30047,2003,4074,38329,2209,3344,11576,2029.461558,3300.511057,18177,2396.936568,4021.572537,407845,2034.194513,3068.072702,21321,2205.781811,3673.54716,7702,2052.123085,3520.671644,358,270,1060.383418,0.254625,368.678657,0.388374,0.410526,1.105375,2028.451617,137.91997,1301.261108,231.667038,809.689696,19.026684,54.752156,344.960366,14.397541,172.008971,1083.87294,45.379198,10.826924,118.270832,8.822214
d27_48_G06_1_4_S,glasshouse_b2,3811,T1,R4,S,17679,1425,3148,62,1511.048387,3676.129032,22905,1308,3115,22296,1301,3095,17679,1406.651055,3142.668533,11093,1466.418462,2519.520418,784085,1443.638049,2611.47463,13508,1462.784424,3344.884217,17622,1405.840937,3143.408637,126,86,631.458577,0.136193,224.378748,0.392393,0.435429,0.725714,1237.199677,80.504049,780.20734,94.743005,532.356128,4.359443,22.294358,223.160731,2.892621,70.03979,701.080113,9.087437,4.386326,74.606195,1.511527
d17_13_G02_1_1_T,glasshouse_b1,5489,T1,R1,T,8237,1821,1966,59,2666.847458,2358.949153,15058,1282,2087,16614,1292,2127,8237,1741.805876,2014.359111,6037,1681.543316,2532.897797,543251,1534.443079,1280.383802,5622,1653.463358,955.1963714,11366,1699.899525,1758.45117,60,36,452.400023,0.079576,174.087868,0.414351,0.435429,0.598439,895.434425,62.330612,587.519072,26.588334,425.811689,0,6.166888,180.846241,0,19.373851,568.145222,0,1.192669,61.137943,0
d19_33_G05_0_1_S,glasshouse_b2,Hartog,T0,R1,S,3282,1242,959,75,1152.933333,2240.106667,17726,1245,2618,19932,1271,2491,3282,1246.656307,958.6773309,9016,1167.189774,2344.608363,395973,1052.816346,882.0955368,10139,1282.748101,775.0073972,3282,1246.656307,958.6773309,110,56,463.405826,0.120844,169.679713,0.400455,0.435429,0.598439,916.396065,61.440256,585.38776,65.508652,397.897173,0,16.059052,170.275659,0,50.451,534.93676,0,3.262201,58.178054,0
d1_T023_27.09.23,field,3811,na,R8,S,56208,534,3823,87,565.9425287,3593.252874,268339,1054,4794,311777,868,4483,46462,572.4602471,3832.570079,149732,1024.968677,4242.026534,466144,336.938991,3454.362929,240991,984.6250358,3695.405899,39751,548.8072501,3837.254107,1473,713,4549.861631,0.156708,819.4213,0.2012,0.18932,0.71842,8960.610537,159.96656,2878.200768,4215.05731,334.004242,0.800079,798.938394,116.579773,0.516889,2510.002685,366.574227,1.623856,126.886037,32.817337,0.263185
d19_42_G06_0_2_S,glasshouse_b2,3811,T0,R2,S,7451,1921,2581,80,994.05,1641.1125,23946,1035,2630,30183,1045,1686,7453,1908.310882,2581.211995,12555,1272.06826,905.1057746,358418,1937.52785,2066.935843,16989,858.665666,2157.729707,6160,1909.476786,2681.349675,183,105,662.348673,0.158527,240.710513,0.395263,0.435429,0.598439,1298.231756,87.429531,830.697936,107.248942,555.099731,0,24.872335,239.54703,0,78.138746,752.559189,0,4.870793,82.558738,0
d43_18_G03_0_2_T,glasshouse_b2,CALINGIRI,T0,R2,T,23255,1167,2379,52,1926.153846,1694.865385,64988,1369,1540,63988,1202,1952,23255,1190.737261,2387.660632,33213,1549.161112,1024.276518,425007,1410.329755,2170.443746,27992,1041.185517,2464.053694,20315,1169.043465,2473.657741,460,340,1670.925621,0.20348,599.040277,0.399222,0.435429,1.196879,3225.874717,234.036186,2108.543356,474.084141,1163.360998,33.480483,114.010349,532.483931,24.609298,358.174073,1673.056892,77.312391,22.879113,196.601255,14.555819
d37_11_G02_0_3_T,glasshouse_b1,5489,T0,R3,T,11211,1440,4114,51,1836.372549,1026.72549,27078,1538,3893,26940,1538,3893,11206,1437.172229,4113.649117,11382,1589.380425,3348.479266,540400,1787.450934,3849.633871,11655,1407.842557,4273.461862,7476,1618.031701,3312.059524,302,210,1034.074385,0.20308,375.867583,0.400282,0.435429,1.016,2001.544985,141.627933,1306.828795,184.685615,824.613471,24.775299,42.789053,354.740076,18.384294,134.519371,1114.553461,57.755963,8.361195,122.433931,10.832807
d31_24_G03_1_4_T,glasshouse_b2,CALINGIRI,T1,R4,T,24605,1147,3631,68,1265.691176,4275.102941,29238,1264,3941,29716,1250,3900,24040,1208.802995,3596.323295,13989,1088.824005,2819.748874,595753,990.7437747,2765.551124,19965,1193.041623,3878.419384,20759,1189.206561,3417.412159,118,90,840.835631,0.107036,292.723575,0.385217,0.410526,0.725714,1656.692835,102.105848,1018.872675,156.272895,682.730841,1.831894,42.605068,280.427377,1.246823,133.847767,881.107899,3.917009,9.332506,92.104504,0.668838
d29_39_G05_1_3_S,glasshouse_b1,Hartog,T1,R3,S,6603,1490,2614,64,1011.59375,2056.6875,12657,1500,2572,10959,1539,2501,6603,1500.102681,2616.684689,4690,1582.553518,2537.628145,359506,1448.527296,2197.041649,8949,1616.794949,2421.555369,5300,1012.239245,2030.03,96,56,364.186525,0.153767,127.146553,0.382882,0.410526,0.725714,712.604786,44.761796,441.985809,65.484116,298.309491,0.392917,15.731517,124.685328,0.271608,49.422017,391.71051,0.853282,3.158168,41.455511,0.148117
d15_24_G03_1_4_T,glasshouse_b2,CALINGIRI,T1,R4,T,7489,2286,1924,82,1295.121951,1140.182927,17462,1513,1038,23421,1308,1684,7489,2273.660836,1923.619575,8000,1341.461,923.6755,362497,2039.767568,1504.109411,7331,1059.110899,2047.601146,7489,2273.660836,1923.619575,84,48,491.459872,0.097668,180.523668,0.401263,0.435429,0.580571,974.124379,64.801822,620.383713,56.176113,435.283758,0,12.086946,185.387323,0,37.97226,582.411453,0,2.198937,62.602885,0
d11_27_G04_0_3_S,glasshouse_b2,Forrest,T0,R3,S,4024,1453,615,58,1352.172414,765.6551724,11015,1459,510,11015,1459,510,4024,1428.16327,615.137674,5000,1380.2498,403.4886,389714,1825.566438,269.4307877,3497,1360.870746,359.795825,3472,956.5423387,1660.110023,62,32,229.817687,0.139241,84.597592,0.395162,0.410526,0.580571,453.767769,30.320373,288.913723,30.096665,199.721022,0,6.985175,84.978919,0,21.944576,266.969147,0,1.354427,28.965946,0
d43_43_G06_0_3_S,glasshouse_b2,3811,T0,R3,S,25252,709,3785,86,1561.127907,774.4069767,90045,1282,3894,112821,1748,3419,25252,709.2754237,3858.066609,36956,2020.848279,4012.729462,610925,859.673577,3142.802666,42203,2029.977134,3897.609198,24455,708.9251687,3855.784911,845,658,2270.314365,0.289828,834.568443,0.423651,0.435429,1.747751,4245.80737,372.380018,3045.718679,519.237727,1588.427468,162.64917,118.633805,721.049164,129.630476,372.699089,2265.514988,407.504601,22.845893,264.427091,85.107033
d37_29_G04_1_1_S,glasshouse_b1,Forrest,T1,R1,S,3654,984,3341,56,952.2678571,3400.892857,10893,839,3738,12061,856,3603,3654,980.471538,3337.02162,5031,877.7684357,3684.478434,501206,2587.054351,2280.797941,4322,2506.791532,2774.06733,3654,980.471538,3337.02162,132,66,396.068452,0.166638,135.77853,0.374193,0.410526,0.580571,779.632218,47.890386,469.964853,100.89058,295.177871,0,22.700662,126.893797,0,71.316233,398.64862,0,4.308641,43.581745,0
d6_T022_28.10.23,field,3811,na,R7,S,42893,749,5267,68,940.6911765,4276.617647,184565,1184,5269,198058,1136,5141,39797,744.3551273,5265.678493,86760,1258.123974,4172.827582,522699,438.0696902,4892.426284,156545,1106.062359,5437.304999,37601,754.8654557,5283.913912,1032,466,2967.447059,0.157037,542.894972,0.203883,0.18932,0.71842,5853.237963,107.775953,1904.881328,2717.681343,248.880971,0.884745,518.705598,87.045274,0.57648,1629.561696,273.508566,1.811066,82.858561,24.621636,0.295756
d11_33_G05_0_1_S,glasshouse_b2,Hartog,T0,R1,S,3265,1196,777,64,1117.28125,698.421875,11360,1270,582,10593,1283,556,3265,1199.598775,778.6661562,4339,1085.716755,834.8236921,366782,870.8628013,877.5458229,3784,1072.694503,854.2640063,3265,1199.598775,778.6661562,73,38,238.590865,0.159268,89.96427,0.408933,0.435429,0.580571,468.836383,33.197385,308.70459,27.816005,210.77486,0,6.841325,91.422398,0,21.492655,287.211935,0,1.392821,31.804564,0
d05_13_G02_1_1_T,glasshouse_b1,5489,T1,R1,T,2332,1662,692,74,1616.094595,233.7297297,2912,1637,348,2849,1663,641,2332,1657.859348,689.5977702,1283,1646.123149,363.7989088,288062,1463.695885,272.3344905,1270,1646.202362,364.7622047,2332,1657.859348,689.5977702,38,28,98.66702,0.283783,35.839296,0.401702,0.435429,0.598439,189.10466,13.383241,124.989949,16.391346,82.275674,0,3.905474,35.880062,0,12.269409,112.72054,0,0.76934,12.613901,0
d31_18_G03_0_2_T,glasshouse_b2,CALINGIRI,T0,R2,T,20734,1197,2270,63,1476.380952,1464.888889,45003,1361,1549,47965,1322,1764,20734,1212.23242,2283.747179,22873,1457.56206,1076.897259,544577,1441.826247,1695.589368,18437,1437.659164,983.2227586,18248,1196.722874,2323.227258,214,158,1046.756965,0.150942,378.084826,0.399171,0.435429,0.821052,2044.987876,139.132287,1315.807093,210.953817,827.483587,8.31956,55.015389,358.086663,5.708801,172.835943,1125.036423,17.934726,11.676651,124.35632,3.099316
d35_22_G03_1_2_T,glasshouse_b2,CALINGIRI,T1,R2,T,11214,1178,2675,69,2058.73913,4374.826087,33242,1966,3906,32653,1970,3925,10553,1937.956221,3871.677722,15868,1878.315541,3527.275334,353276,2019.401564,1602.066113,14394,2164.752953,4420.090246,10017,1141.192573,2572.161126,190,134,939.086663,0.142692,341.034209,0.401107,0.435429,0.580571,1841.760293,123.731351,1185.304515,117.0676,822.019063,0,28.562729,348.731416,0,89.732459,1095.572055,0,5.825929,117.905422,0
d29_48_G06_1_4_S,glasshouse_b1,3811,T1,R4,S,18413,1441,3184,61,1574.52459,3689.95082,18745,1212,2504,20772,1207,2651,17749,1429.857626,3155.282213,9048,1404.730217,3008.821729,708664,1460.942873,2627.056175,8272,1590.377539,3812.848404,13704,1382.33472,2959.975044,122,80,651.743878,0.122748,233.969249,0.395552,0.435429,0.725714,1281.444383,83.656132,810.602102,89.706768,559.391457,2.645653,22.128949,234.159173,1.734541,69.520143,735.632739,5.44922,4.520361,78.238803,0.896968
d7_T019_04.11.23,field,Gladius,na,R7,T,265186,733,4971,65,1373.830769,3811.538462,361320,1000,5384,389519,1217,2984,179805,791.6800367,4966.906332,183221,1379.86233,3896.406482,1603115,642.6604891,4985.23197,294917,917.9514677,5637.101551,177575,789.7222244,4970.580138,1682,1326,6587.316487,0.201296,1246.341593,0.213975,0.18932,0.762,12785.29223,259.215444,4419.745949,5921.717176,660.597445,5.001867,1172.984507,230.510476,3.201868,3685.087283,724.38556,10.273106,192.695276,64.835694,1.684474
d11_19_G03_0_3_T,glasshouse_b2,CALINGIRI,T0,R3,T,6304,1688,1557,68,1582.176471,1903.205882,15243,1539,828,15743,1538,841,6304,1686.735089,1557.294099,8222,1523.405862,597.2703722,330802,1438.06009,1368.681858,6775,1572.230111,1950.855793,6304,1686.735089,1557.294099,81,47,416.29104,0.112902,157.303175,0.413846,0.435429,1.026315,821.263441,58.836906,545.114112,34.182546,378.043609,4.064885,8.524085,161.78033,3.210796,26.779202,508.247896,10.087013,1.756779,55.016655,2.063471
d11_24_G03_1_4_T,glasshouse_b2,CALINGIRI,T1,R4,T,6559,2169,1411,67,1664.447761,419.1641791,14245,1520,882,18450,1395,1281,6559,2165.966611,1411.344107,7429,1157.688922,1831.783416,444951,1933.751393,967.9464638,4628,1594.714564,496.9667243,3934,2225.049568,1620.896543,72,40,367.938876,0.108714,140.576414,0.413836,0.435429,0.598439,725.630959,51.853265,480.818663,39.769295,328.169581,0,9.83676,143.212574,0,30.903094,449.915569,0,2.010293,49.842973,0
d33_29_G04_1_1_S,glasshouse_b1,Forrest,T1,R1,S,3681,990,3313,61,1078.557377,3095.590164,8865,992,3319,8864,990,3322,3681,984.6354252,3311.518609,3323,998.3328318,3283.134818,221371,2590.208478,2641.072575,5751,2493.195966,2836.503565,3681,984.6354252,3311.518609,94,38,324.939236,0.116945,104.447454,0.351047,0.410526,0.580571,644.043065,34.824463,359.559709,112.551081,212.388155,0,24.527786,89.923624,0,77.056314,282.503395,0,4.494433,30.33003,0
d29_12_G02_0_4_T,glasshouse_b1,5489,T0,R4,T,13882,2036,2811,75,1533.773333,947.64,26633,1725,2090,26576,1719,2076,13882,1958.608846,2834.623181,11679,2132.090076,2847.572224,583430,2032.76336,2575.316232,18431,1494.671423,910.8600727,13834,1958.156426,2832.08349,154,118,914.811578,0.128988,349.292257,0.41834,0.435429,0.88287,1791.755673,130.896486,1203.133012,82.846448,826.344048,5.621081,20.674872,358.270371,4.008992,64.998824,1125.539566,12.594621,4.261147,124.35916,2.276179
d15_29_G04_1_1_S,glasshouse_b2,Forrest,T1,R1,S,2258,303,1595,54,1469.907407,418.5925926,5749,1160,1505,6833,1256,1217,2258,302.7984942,1595.110275,3068,359.2992177,1509.97751,333987,286.501253,1469.195567,1966,288.8123093,1619.234486,2239,301.8365342,1596.751675,47,25,157.35057,0.158881,52.144728,0.363763,0.410526,0.580571,310.635371,17.883738,181.296355,44.570209,112.780362,0,10.831866,46.876556,0,34.029312,147.267043,0,2.179455,15.704283,0
d19_40_G05_1_4_S,glasshouse_b2,Hartog,T1,R4,S,3577,1647,2168,58,1171.413793,1482.913793,11503,1611,1626,14189,1648,1968,3577,1650.003355,2167.720995,5288,1635.511725,1840.602118,344513,2527.831054,2048.237561,5127,1067.038424,1462.357129,3577,1650.003355,2167.720995,55,21,298.401807,0.070375,113.442828,0.409969,0.435429,0.615789,593.869813,41.311228,384.640417,37.947715,260.351461,0.102631,8.684767,113.68688,0.063199,27.284002,357.157868,0.198547,1.670014,39.610648,0.030566
d29_06_G01_1_2_T,glasshouse_b1,Gladius,T1,R2,T,8616,1563,1407,87,1758.436782,553.3218391,15706,1616,1175,17592,1551,1986,6935,1287.138717,1527.407498,8969,1636.066005,970.5299364,460431,1094.00905,945.6415815,15527,1723.923295,708.4667354,6911,1287.145276,1525.55853,199,149,612.106023,0.243422,208.779043,0.387288,0.410526,0.973648,1169.744932,80.613611,749.91204,181.98735,399.832217,30.286455,47.243943,170.289751,21.137413,148.421224,535.085674,66.405142,10.005411,58.877856,11.730344
d33_19_G03_0_3_T,glasshouse_b1,CALINGIRI,T0,R3,T,9734,1487,3165,47,1516.340426,1016.957447,33815,1481,2499,34428,1481,2499,9734,1472.342819,3164.995788,17956,1406.967699,3322.255848,646434,1519.082703,2400.844657,24410,1537.655797,1135.701393,9734,1472.342819,3164.995788,239,171,1218.350825,0.140354,448.078103,0.405381,0.435429,0.870857,2386.738755,165.229633,1560.522543,176.06692,1038.186824,4.097081,46.953686,446.692672,2.998424,147.509354,1403.593363,9.419826,10.147992,153.34626,1.735381
d41_24_G03_1_4_T,glasshouse_b1,CALINGIRI,T1,R4,T,27699,1187,3787,76,1314.776316,4774.052632,26419,1298,4256,26152,1315,2633,27699,1219.358027,3754.104877,12092,1108.458898,3463.103705,546986,971.1440567,3214.817847,12168,1087.761423,2482.891847,19548,1219.321926,4114.74069,182,134,1041.901392,0.128611,366.361348,0.389517,0.410526,0.917964,2043.643959,131.458425,1278.046222,211.175804,816.288512,14.437075,56.530056,340.474993,9.809698,177.59441,1069.633737,30.818076,12.234937,113.943162,5.280326
d21_18_G03_0_2_T,glasshouse_b1,CALINGIRI,T0,R2,T,16045,1157,2382,66,1319.272727,1437.833333,27583,1670,1688,31207,1666,1785,16045,1194.293113,2411.987286,11364,1322.769007,2184.729233,339693,1402.228939,1039.263308,13292,1327.618041,2100.844869,17822,1211.288464,2264.529177,114,76,739.255224,0.102806,267.891498,0.399621,0.435429,0.740086,1456.906776,96.438307,929.583056,92.991861,638.979548,7.283815,24.021262,267.036286,4.83793,75.465019,838.919233,15.198804,5.058734,88.842931,2.536642
d37_32_G04_1_4_S,glasshouse_b1,Forrest,T1,R4,S,5085,589,2511,51,1443.607843,698.4117647,12249,516,2765,12249,516,2765,5085,589.6481809,2511.183284,5176,2434.761785,2568.720247,325256,862.2912014,2073.962971,7096,662.6688275,2293.880355,4833,591.1491827,2500.172564,139,67,456.251466,0.146849,153.864077,0.371582,0.410526,0.821052,896.583483,53.84677,534.827289,116.786378,338.038562,1.426526,26.75311,142.471099,1.016605,84.047372,447.586157,3.193759,5.151135,48.12147,0.574166
d31_05_G01_1_1_T,glasshouse_b2,Gladius,T1,R1,T,16888,1311,3809,54,1769.12963,2180,31328,1355,3511,41016,1387,2692,16888,1432.008764,3773.181312,15976,1469.764397,2507.123247,349877,1465.578343,3669.026081,12532,1386.184887,4137.545723,16826,1432.299715,3774.23749,233,147,883.751954,0.166336,320.436489,0.39842,0.435429,0.870857,1727.796352,117.252947,1111.261868,149.71458,725.382881,8.654494,37.431598,309.899402,6.394639,117.594832,973.577686,20.08935,7.714604,105.798811,3.739532
d35_36_G05_0_4_S,glasshouse_b2,Hartog,T0,R4,S,8698,742,4513,56,1624.178571,863.2678571,38655,747,3459,42581,756,3043,8698,750.7160267,4511.178202,20160,708.5245536,2940.729415,402725,1872.361895,894.5293314,21097,709.0685406,2977.981561,8576,751.396805,4510.186917,416,276,1123.332022,0.245698,393.595,0.388586,0.435429,0.929368,2164.850685,148.630698,1383.809891,262.854411,848.236173,12.241439,56.572725,375.546302,8.299923,177.728457,1179.813504,26.26793,10.336207,133.771676,4.522815
d43_39_G05_1_3_S,glasshouse_b2,Hartog,T1,R3,S,6416,1509,2624,63,2351.031746,1973.238095,28770,1827,1770,25559,1027,3078,6416,1518.076216,2627.7274,13697,1511.440534,2627.00533,361419,1449.064341,2171.169012,8018,1585.395859,862.5281866,6416,1518.076216,2627.7274,311,191,781.8252,0.2443,268.99222,0.382349,0.410526,0.870857,1510.167089,99.794001,950.559743,190.71884,571.604757,19.501603,45.31215,243.580987,13.679426,142.352318,765.23224,42.975186,9.016273,83.179151,7.598577
d35_12_G02_0_4_T,glasshouse_b2,5489,T0,R4,T,14728,1070,2094,51,1848.098039,3731.509804,45996,2077,2996,46810,1606,1467,14729,1187.621495,2093.974947,24141,1597.250155,926.7887826,432701,1074.777847,928.0611808,21751,1594.583927,876.7186336,13284,1986.434508,2828.427883,300,216,1247.401759,0.17316,470.150475,0.415943,0.435429,0.821052,2427.740654,180.208717,1631.617785,177.912454,1051.14973,18.339575,43.043038,463.794625,12.522409,135.223691,1457.053786,39.340309,8.660898,164.798342,6.749477
d27_40_G05_1_4_S,glasshouse_b2,Hartog,T1,R4,S,9228,1644,3399,65,1342.969231,1910.246154,21788,1657,1920,26548,2410,2836,9228,1616.671218,3398.769723,10875,1357.723586,1749.267586,397795,2199.462241,2686.058998,10854,2552.03372,2110.992537,8476,2406.09521,2983.614323,121,71,580.901775,0.122224,221.108182,0.412719,0.435429,0.870857,1143.133681,82.391759,756.727615,68.959,506.857618,5.085157,15.403928,221.633574,3.836379,48.392867,696.282408,12.052341,2.92318,77.176852,2.291727
d07_33_G05_0_1_S,glasshouse_b2,Hartog,T0,R1,S,3011,1238,727,49,1549.428571,221.4285714,5848,1375,380,6009,1174,935,3011,1241.995018,727.4207904,3194,1122.816218,805.2038197,415216,1035.616614,270.5354466,2365,1222.035095,782.4109937,3011,1241.995018,727.4207904,43,21,179.958157,0.116694,60.207911,0.365612,0.410526,0.580571,357.308015,20.250843,206.849214,45.777769,134.180388,0,10.856547,54.985602,0,34.106849,172.742364,0,2.133032,18.117811,0
d37_18_G03_0_2_T,glasshouse_b1,CALINGIRI,T0,R2,T,17513,1127,2457,45,926.8888889,2790.044444,37851,1331,2157,36711,1332,2153,17512,1202.013705,2506.844107,16409,1104.138582,2049.393443,583378,1422.88273,1801.952292,19101,1451.253338,917.1157007,18482,1203.849096,2322.69051,295,207,1241.638315,0.166715,444.433608,0.395853,0.435429,1.04664,2416.70254,166.363829,1549.768276,303.277948,914.495416,23.864952,75.596499,400.162479,17.547585,237.493406,1257.147506,55.127364,15.540573,140.46747,10.355785
d35_41_G06_0_1_S,glasshouse_b2,3811,T0,R1,S,5110,1416,3345,56,1320.625,3615.839286,47559,1498,3230,62736,1426,2434,5110,1416.196869,3344.881213,23408,1330.724539,3639.015807,377396,1457.033999,2643.055332,24675,1328.623303,3610.281905,5009,1415.037732,3338.286884,372,238,1206.74281,0.197225,418.485009,0.385007,0.410526,1.133602,2344.666454,154.131967,1472.338679,316.819111,866.890114,23.033585,80.994825,371.322676,16.318903,254.452748,1166.618584,51.267347,16.969261,127.881616,9.281089
d19_17_G03_0_1_T,glasshouse_b2,CALINGIRI,T0,R1,T,14231,1283,2886,66,1366.090909,2899.060606,27186,1412,2770,37577,1446,1986,11582,1272.852616,2723.136591,15020,1635.39767,875.579028,405369,916.341479,2174.885031,12983,1530.637295,905.4947239,10987,1264.362701,2683.881132,139,105,759.433621,0.138261,280.536634,0.407034,0.435429,0.870857,1487.455227,102.968715,973.102471,77.049646,673.632007,8.751968,18.999939,284.494017,6.254181,59.690069,893.764313,19.648089,3.890377,95.546215,3.532123
d2_T012_02.10.23,field,Gladius,na,R5,T,52024,1133,5274,139,1182.510791,3694.553957,217309,1143,5477,235280,1139,5349,41747,1006.250126,5301.94275,106573,1079.258349,4934.854503,630263,667.9146515,6281.669901,104559,1311.660967,4040.146731,39223,1014.216327,5293.878974,1105,485,3464.884492,0.139976,621.448578,0.199985,0.18932,0.682604,6840.567224,119.838018,2177.326117,3226.717342,237.367071,0.800079,610.710233,81.81127,0.522651,1918.618704,257.065456,1.641956,96.925544,22.643913,0.268561
d13_13_G02_1_1_T,glasshouse_b1,5489,T1,R1,T,8774,1719,1518,60,2280.25,1442.35,10596,1839,1733,10895,1839,1733,8774,1702.781058,1521.819695,4448,1795.54384,1869.768435,519120,1875.878934,1045.491378,5011,1784.464378,1824.512672,10346,1684.831142,1396.207037,58,36,352.166492,0.102224,134.50401,0.410735,0.435429,0.598439,695.530325,48.302974,454.233661,32.67704,319.489452,0,7.605887,136.981178,0,23.894599,430.339062,0,1.477073,46.825902,0
d45_46_G06_1_2_S,glasshouse_b1,3811,T1,R2,S,12346,1451,3928,70,1241.971429,4071.357143,37692,1813,2852,41909,1809,2949,10175,1543.111646,3856.580344,22973,1229.314891,4427.070953,366524,1456.251075,3320.531812,26418,1242.211787,4334.600878,10117,1543.548878,3854.915884,604,374,1480.148153,0.252677,476.212346,0.370938,0.410526,1.54289,2821.276247,188.340247,1736.447122,528.12312,893.790248,58.234786,123.069457,381.974438,47.523254,386.634103,1200.186727,149.626292,24.079613,131.791581,32.469053
d09_34_G05_0_2_S,glasshouse_b1,Hartog,T0,R2,S,7920,2126,1052,68,1658.279412,430.8823529,14622,2126,1054,16759,2124,1045,7920,2122.49899,1052.107828,6901,1441.540356,810.665121,403463,1839.862186,333.3307366,8582,1485.81636,321.1429737,8106,2116.310387,1038.193314,100,52,440.467149,0.118056,166.888409,0.408219,0.435429,0.821052,869.513026,61.303399,566.625163,59.165763,379.459176,1.842209,12.768815,166.34339,1.250186,40.114414,522.583173,3.927576,2.33009,58.302123,0.671186
d15_14_G02_1_2_T,glasshouse_b2,5489,T1,R2,T,10533,2103,1702,63,1999.761905,1194.428571,11862,2152,2007,16397,2043,1495,10533,2066.419254,1725.735973,6176,1994.400907,1220.793556,368304,2033.816239,1027.09159,7343,1997.842299,1243.276045,10533,2066.419254,1725.735973,48,28,329.50843,0.084975,120.526421,0.40122,0.435429,0.598439,651.680218,42.622272,412.899021,34.400779,295.107651,0,8.138484,123.291357,0,25.567801,387.331221,0,1.605718,41.016554,0
d21_01_G01_0_1_T,glasshouse_b1,Gladius,T0,R1,T,10911,912,2588,60,2110.366667,2197.35,25135,2308,2872,26784,2303,2814,10911,926.2275685,2584.598479,9849,2380.284496,2728.045182,404515,2057.749928,1726.573378,9889,2349.456568,2607.020831,8804,886.1127896,2425.302476,141,89,666.247115,0.133584,264.694665,0.431334,0.435429,0.598439,1309.692947,101.857822,903.150745,61.162545,605.08457,0,13.815165,273.61954,0,43.401621,859.749123,0,2.636363,99.22146,0
d2_T017_02.10.23,field,Gladius,na,R6,T,19338,1430,5087,48,1209.5625,5549.875,176051,1228,4962,187661,1319,4871,15100,1371.883179,5102.75755,78570,1180.437597,4838.685682,661356,1702.183986,4791.093156,72996,1586.820661,3605.990767,12411,882.391991,6001.670131,1021,292,3339.537954,0.087437,600.504175,0.197864,0.18932,0.592667,6645.226511,113.061871,2084.128147,3138.183874,201.35408,0,594.056126,69.342467,0,1866.282361,217.845786,0,93.896265,19.165606,0
d6_T021_28.10.23,field,Gladius,na,R9,T,68948,181,2598,81,191.1234568,1277.061728,194389,915,1881,218214,915,2313,66321,173.2156934,2588.589662,110700,1205.750542,5269.683306,642780,273.0300367,3020.347783,122245,1208.645401,5165.796941,65325,171.7667509,2581.291512,1155,384,3506.201877,0.10952,638.493347,0.202021,0.18932,0.616383,6959.691742,123.103886,2226.999588,3267.05702,238.838252,0.306605,625.973197,82.651703,0.187544,1966.552796,259.857604,0.589188,99.999322,23.014464,0.0901
d25_28_G04_0_4_S,glasshouse_b1,Forrest,T0,R4,S,4000,2508,2911,54,1326.62963,672.6666667,15607,1340,2942,14301,1351,2670,4000,2513.5655,2913.87575,8297,2554.594673,2538.552127,391045,1470.930791,2729.758672,6103,1477.181222,559.6155989,4000,2513.5655,2913.87575,130,76,510.928482,0.148749,186.927868,0.400139,0.435429,0.725714,1003.123953,67.600438,645.036617,65.925221,443.794449,1.208812,15.912154,188.575653,0.833725,49.989505,592.427887,2.619224,3.174024,63.973402,0.453012
d05_03_G01_0_3_T,glasshouse_b1,Gladius,T0,R3,T,2557,1549,917,76,1655.434211,367.9342105,4792,1456,908,6992,1581,796,2557,1550.040673,916.8885413,2256,1531.962766,783.7220745,374271,1870.725151,877.0123574,4826,1643.250104,352.8760879,2711,1665.372556,433.7303578,41,23,173.75385,0.132371,64.774064,0.407013,0.435429,0.725714,342.361537,24.148616,223.216338,28.110197,144.942841,0.700812,6.602985,63.980939,0.468043,20.743889,201.002047,1.470402,1.284473,22.617537,0.246606
d49_29_G04_1_1_S,glasshouse_b2,Forrest,T1,R1,S,4094,882,4615,58,1522.465517,635.7241379,24444,2029,3930,26580,1064,3230,4094,887.7278945,4615.376649,10639,1484.341103,768.1471943,369009,872.6992594,3938.736849,8896,1548.115445,642.5,4094,887.7278945,4615.376649,230,132,587.797705,0.224567,196.018041,0.369313,0.410526,0.740086,1140.495955,70.850635,691.877226,155.577026,423.209736,9.010942,34.639341,179.680503,5.869385,108.822698,564.615313,18.439216,6.527643,61.307004,3.015988
d07_22_G03_1_2_T,glasshouse_b2,CALINGIRI,T1,R2,T,2429,1566,899,53,1563.471698,884.2830189,4959,1571,544,4668,1574,537,2429,1568.739399,896.9629477,3404,1573.646005,415.5890129,476869,1061.867991,877.3567667,1718,1614.696158,336.2398137,2402,1569.041216,899.0383014,35,13,134.150328,0.096906,48.995294,0.390417,0.410526,0.580571,267.539724,16.822578,165.629812,19.258986,114.891342,0,4.995946,47.72566,0,15.695228,149.934584,0,1.062164,15.760415,0
d21_27_G04_0_3_S,glasshouse_b1,Forrest,T0,R3,S,8300,736,2858,88,1430.227273,720.5681818,18647,747,2440,18647,747,2440,5385,2705.739276,2024.690251,5916,769.6776538,2140.185936,476373,831.3422864,2611.262236,13304,781.8871768,2268.184305,5360,2705.604851,2026.45597,105,65,472.804009,0.137478,170.269574,0.394228,0.435429,0.598439,930.994855,60.716492,587.980643,69.995263,402.808746,0,16.668482,170.458261,0,52.36558,535.615063,0,3.280506,57.435986,0
d41_37_G05_1_1_S,glasshouse_b1,Hartog,T1,R1,S,4749,2368,2583,60,2379.316667,2816.416667,7793,1090,2574,7793,1090,2574,4749,2382.81175,2583.421984,4333,981.5105008,2193.772675,194884,2582.584122,2630.143203,4429,2380.044028,2458.895913,4749,2382.81175,2583.421984,139,77,330.05592,0.233294,108.118283,0.365662,0.410526,0.598439,643.236511,37.762608,381.149161,92.736793,237.319127,0,21.064398,100.259148,0,66.175757,314.973404,0,4.032237,33.730371,0
d27_33_G05_0_1_S,glasshouse_b2,Hartog,T0,R1,S,5436,1336,3672,52,1309.288462,3607.076923,20532,1235,2774,23044,1240,2686,5436,1340.318801,3667.078366,11207,1480.639422,700.220041,393649,1059.533595,878.8341975,8746,1165.737366,2447.101189,5436,1340.318801,3667.078366,196,98,614.245231,0.159545,211.607213,0.380017,0.410526,0.725714,1204.472188,75.585642,737.886201,134.134489,475.237257,4.873486,30.303887,201.531476,3.04111,95.202468,633.129804,9.553929,5.769524,68.323531,1.492587
d25_25_G04_0_1_S,glasshouse_b1,Forrest,T0,R1,S,6566,1004,2830,52,713.9615385,3030.75,14327,709,2971,21028,1037,2658,6566,1015.560006,2832.420195,6174,826.6997085,2947.43505,476252,1257.706395,2758.772986,9401,810.6807786,3177.460377,5149,972.002719,2945.217906,99,59,481.76603,0.122466,182.440715,0.412162,0.435429,1.04664,945.760973,68.661722,626.459894,58.802021,411.988482,10.975528,13.349382,178.072329,7.986666,41.938321,559.430721,25.090851,2.546199,61.400127,4.715396
d49_35_G05_0_3_S,glasshouse_b2,Hartog,T0,R3,S,20352,1738,615,70,1694.471429,864.5571429,75554,1324,1304,75070,1532,1026,16107,1755.845595,619.4405538,48057,1728.038184,835.1720873,410535,1465.27051,368.7211419,45001,1736.200196,793.3382147,16073,1755.788403,619.2672805,1393,1077,2387.296172,0.451138,787.058334,0.414399,0.410526,2.960345,4242.550279,448.718885,3137.668583,894.718963,1198.93637,293.640839,193.301404,550.988497,254.214694,607.27427,1731.222496,799.171818,35.357844,206.443985,206.917055
d35_30_G04_1_2_S,glasshouse_b2,Forrest,T1,R2,S,2396,699,2277,112,750.9553571,2335.357143,13751,800,2583,11227,1749,2473,2396,703.0776294,2279.258765,7019,738.9092463,2530.586123,375977,872.0755498,2481.643577,5680,744.3286972,2354.671303,2190,694.2456621,2295.952055,94,34,303.431421,0.112052,95.847076,0.345728,0.324549,0.580571,602.662244,31.318858,332.469975,103.390205,200.041216,0,24.405622,81.422858,0,76.672524,255.797451,0,4.819529,26.499329,0
d43_48_G06_1_4_S,glasshouse_b2,3811,T1,R4,S,19403,1426,3248,47,1539.297872,3160.829787,35701,1215,3641,38011,1260,2074,19096,1448.134321,3248.171659,17989,1686.470899,2776.775807,699426,1599.66921,2855.911227,13690,1690.154858,4328.610957,15820,1399.565803,3091.183628,342,210,1094.989004,0.191783,362.432455,0.370276,0.410526,1.105375,2120.532738,130.906346,1282.564131,307.214047,770.865296,16.909661,71.360646,324.449313,12.419331,224.18608,1019.361572,39.016479,13.957597,109.571754,7.376995
d21_09_G02_0_1_T,glasshouse_b1,5489,T0,R1,T,7598,1099,2954,51,1030.176471,3162.215686,27349,2494,2826,27349,2494,2826,7598,1119.908792,2960.610819,9634,2374.068092,3478.994395,466448,915.7003117,2818.033948,11380,2357.775747,3408.982865,6673,2224.809831,3165.759029,122,78,692.46258,0.112641,274.595896,0.429146,0.435429,0.917964,1361.679385,103.963836,934.039807,45.664823,640.59522,6.202538,10.871519,282.252934,4.189652,34.153883,886.723743,13.16218,2.138347,99.565365,2.260123
d17_19_G03_0_3_T,glasshouse_b1,CALINGIRI,T0,R3,T,9823,1702,2289,62,1391.354839,1516.096774,17351,1446,2828,17974,1444,2789,9823,1690.336964,2291.928637,7238,1537.382288,3043.308234,389071,1072.844571,2619.580038,12329,1567.224187,2815.788223,7129,1453.072521,2890.338757,134,96,635.370418,0.151093,236.333958,0.408076,0.435429,0.725714,1246.163872,86.742821,820.842192,59.244225,575.570524,0.555669,15.176432,245.7409,0.364853,47.678166,772.017808,1.146218,3.181635,83.372009,0.189177
d09_12_G02_0_4_T,glasshouse_b1,5489,T0,R4,T,5392,1240,995,60,1488.466667,255.7166667,9922,1533,702,9391,1532,686,5392,1228.602745,994.7663205,5114,1402.163864,642.1120454,388856,1042.549273,874.5082036,5284,1541.326457,277.4089705,5392,1228.602745,994.7663205,59,43,286.16693,0.150262,114.454017,0.430101,0.435429,0.649099,559.975568,43.222955,388.493374,17.26434,268.624755,0.277834,4.058051,119.422889,0.180342,12.748743,375.17807,0.566561,0.798349,42.332667,0.091938
d29_03_G01_0_3_T,glasshouse_b1,Gladius,T0,R3,T,14035,1534,3275,60,1158.8,3712.233333,25643,1539,3719,26464,1542,3707,14035,1485.05928,3285.545921,11876,1228.708656,3898.129926,799067,1813.922007,2953.784613,16465,1689.933009,1050.464865,14552,1357.225742,1671.225399,195,127,917.779346,0.138377,345.890026,0.411952,0.435429,0.725714,1797.692979,128.888107,1191.421452,102.41458,811.112227,4.252539,24.089444,352.347087,2.771387,75.67922,1107.035663,8.706568,4.739848,122.724372,1.423887
d4_T006_14.10.23,field,3811,na,R3,S,56017,528,5885,47,1378.723404,5546.06383,224632,989,5341,282721,1204,2622,41114,1362.00107,5993.30216,126466,923.9782867,5964.04742,1328873,1115.697915,5763.876213,147085,899.0993711,5830.669518,41108,1361.897344,5993.417559,1277,507,4507.494605,0.112479,799.240337,0.195705,0.18932,0.61054,8925.864514,149.100429,2785.646792,4261.859165,245.550774,0.084667,803.138552,83.478256,0.051692,2523.134174,262.350222,0.162396,126.410652,22.66499,0.024787
d09_22_G03_1_2_T,glasshouse_b1,CALINGIRI,T1,R2,T,3456,1615,970,76,1596.447368,396.2105263,6868,1957,1143,7321,1952,1130,3456,1616.62963,970.0271991,2732,1997.677892,1319.341142,376886,1858.694255,875.2153516,2827,1996.05306,1311.966749,3456,1616.62963,970.0271991,49,23,202.710734,0.113462,78.683187,0.418549,0.435429,0.580571,400.027532,29.071098,268.000792,18.78834,183.922395,0,4.794318,80.479675,0,15.061794,252.938998,0,1.004805,28.066294,0
d49_25_G04_0_1_S,glasshouse_b2,Forrest,T0,R1,S,7664,1581,662,73,1393.123288,936.5479452,47240,828,3625,64527,948,3215,7424,711.9508351,3145.616514,33054,1392.288377,880.8460096,379169,1456.76467,330.1583938,22495,1492.262636,698.2423205,7424,711.9508351,3145.616514,628,420,1474.660737,0.284811,489.010214,0.386765,0.410526,1.603155,2776.272558,208.992265,1801.860428,482.844591,900.610648,91.205499,106.856654,393.992029,72.525798,335.70008,1237.972895,228.187454,20.04994,140.074827,48.867497
d05_37_G05_1_1_S,glasshouse_b1,Hartog,T1,R1,S,2246,1371,852,67,1510.761194,327.3880597,1764,1349,889,2236,1371,852,1908,1387.803983,818.1383648,929,1429.037675,741.8449946,318850,1456.441992,866.4616779,1147,1420.836094,759.8090671,1908,1387.803983,818.1383648,31,17,68.826827,0.246997,22.172438,0.348747,0.410526,0.52332,134.822483,7.416646,77.140627,19.552293,49.274534,0,4.449897,20.104727,0,13.979765,63.160861,0,0.846393,6.570253,0
d05_14_G02_1_2_T,glasshouse_b1,5489,T1,R2,T,1058,1808,806,82,1486.04878,305.0121951,2006,1577,333,2006,1577,333,1058,1808.414934,806.452741,778,1606.250643,366.718509,322306,1459.115077,286.4707607,1168,1467.536815,289.3159247,1518,1572.483531,319.4756258,16,12,60.070586,0.199765,21.514111,0.384244,0.410526,0.598439,117.720528,7.416164,72.80768,10.412565,49.658021,0,2.511346,20.664059,0,7.889625,64.918055,0,0.501768,6.914395,0
d43_12_G02_0_4_T,glasshouse_b2,5489,T0,R4,T,22990,1170,2717,82,1356.292683,2998.243902,67692,2109,3343,81764,2258,3057,22990,1264.724358,2686.413484,30020,1616.993238,944.4722518,467264,2580.122898,1775.0639,28142,1634.598287,902.0540118,22966,1264.694723,2686.064966,514,424,1820.184624,0.232943,666.863709,0.409911,0.435429,1.04664,3491.679946,262.218218,2348.299923,341.527819,1425.334629,53.322177,81.970171,625.686725,39.806632,257.516888,1965.726813,125.056222,16.362134,222.059655,23.796429
d31_13_G02_1_1_T,glasshouse_b2,5489,T1,R1,T,10005,1741,1736,62,1696.612903,1291.870968,21105,1780,2439,22149,1809,2368,10005,1733.036882,1740.91984,11286,1625.841042,926.1143009,366588,1562.645722,2102.590775,12879,1593.363305,984.8837643,10005,1733.036882,1740.91984,129,87,608.24228,0.143035,220.239191,0.397167,0.410526,0.725714,1190.303732,79.182871,758.620852,91.493648,511.43456,5.314072,23.617513,214.469437,3.389567,74.196605,673.775607,10.64864,4.9839,72.495529,1.703442
d05_24_G03_1_4_T,glasshouse_b1,CALINGIRI,T1,R4,T,2373,1530,727,42,1658.52381,326.9047619,4329,1526,674,4326,1526,674,2373,1529.977665,727.0851243,1602,1524.300874,788.0181024,288824,1460.047873,276.6598655,1480,1695.083108,350.4182432,2373,1529.977665,727.0851243,44,28,113.228241,0.247288,37.845876,0.368701,0.410526,0.615789,219.728336,12.912313,131.614759,29.431955,83.548512,0.247774,7.331713,34.409989,0.152577,23.033256,108.102168,0.479334,1.488591,11.34993,0.073792
d05_33_G05_0_1_S,glasshouse_b1,Hartog,T0,R1,S,3015,1239,718,68,1346.823529,258.3088235,3870,1219,813,4152,1222,797,3015,1248.869652,718.8912106,1716,1283.269231,691.8548951,224784,1397.975132,303.5999715,2185,1225.603204,779.4919908,2978,1247.635997,722.014775,29,11,153.568311,0.071629,50.764875,0.362601,0.410526,0.580571,305.431376,16.995138,174.57509,36.926191,116.64212,0,8.102884,47.466093,0,25.455962,149.119128,0,1.496499,15.498639,0
d49_19_G03_0_3_T,glasshouse_b2,CALINGIRI,T0,R3,T,18002,1725,2675,61,1041.557377,2424.786885,88150,1803,3785,132265,1730,3188,13019,1741.809432,3047.382518,51158,1596.618926,1008.342077,491261,1489.536906,2270.324445,51224,1571.535296,1014.64704,11856,1724.487179,2955.913968,880,684,2438.883028,0.280456,915.463607,0.429235,0.435429,1.622746,4585.44307,406.301439,3322.163629,564.256245,1733.714861,140.911922,141.224834,803.662986,112.436381,443.670901,2525.123026,353.369702,29.201238,301.736765,75.363436
d29_22_G03_1_2_T,glasshouse_b1,CALINGIRI,T1,R2,T,10388,1188,2759,57,2152,2852.105263,21324,1773,2496,29078,1933,3118,10388,1168.031671,2763.103677,9972,1924.321701,2299.923486,360725,2007.966504,2792.46508,9816,2216.803586,3978.027608,10170,1137.348574,2574.874533,121,87,746.057256,0.116613,277.10807,0.408852,0.435429,0.580571,1466.729832,100.596018,958.325351,61.057259,684.999997,0,15.503219,289.541215,0,48.704797,909.620554,0,3.236892,97.359126,0
d21_05_G01_1_1_T,glasshouse_b1,Gladius,T1,R1,T,9207,1401,3239,64,1522.546875,1984.578125,18667,1626,2143,22730,1383,2624,9207,1423.341805,3244.840665,9158,1444.131797,2752.762284,374426,1449.777668,2173.365138,8743,1504.710054,2169.44344,9207,1423.341805,3244.840665,117,69,618.431518,0.111573,231.146345,0.405896,0.435429,0.725714,1220.751661,83.221193,790.914506,68.205362,549.978382,0.247774,16.56932,235.012333,0.174253,52.054054,738.313019,0.547433,3.354714,79.769993,0.096485
d43_15_G02_1_3_T,glasshouse_b2,5489,T1,R3,T,12473,987,2660,94,1424.446809,4186.553191,59275,1411,3762,55463,1257,3883,11639,1028.570582,2680.188762,36105,1450.317878,4178.84354,533649,932.1715678,1838.972956,34860,1472.02992,4187.593718,11450,1028.976507,2685.288035,564,378,1494.485278,0.25293,508.796876,0.385165,0.410526,1.436841,2856.767938,196.62045,1816.910611,393.367255,1052.43349,48.684532,89.704831,451.810323,36.697419,281.816038,1419.613278,115.481294,17.183485,156.768651,22.668314
d27_11_G02_0_3_T,glasshouse_b2,5489,T0,R3,T,10682,1472,4068,60,1449.15,2381.016667,35948,1665,3380,41853,1546,2674,10682,1465.119921,4063.833739,16364,1487.973784,2596.120386,355443,1834.804919,3748.400112,11238,1455.695942,2508.939313,10682,1465.119921,4063.833739,204,144,848.140835,0.169783,327.435816,0.423035,0.435429,0.88287,1649.869618,127.459785,1129.836443,96.98808,733.187603,17.965151,21.549568,324.69939,13.389152,67.699965,1020.073217,42.06326,4.041874,115.503456,7.914455
d11_17_G03_0_1_T,glasshouse_b2,CALINGIRI,T0,R1,T,8178,2187,922,62,1299.032258,1924.693548,21179,1682,713,23539,1538,1493,8178,2159.905234,942.5195647,11616,1640.587982,490.0674931,387567,2057.723496,365.3836214,8552,1660.457788,413.465739,8178,2159.905234,942.5195647,107,73,490.119405,0.148943,194.717188,0.430736,0.435429,0.917964,956.125199,74.640527,667.442157,34.65835,451.443839,4.017216,8.454095,201.221301,2.778041,26.559323,632.15536,8.727474,1.713361,71.390445,1.536721
d41_12_G02_0_4_T,glasshouse_b1,5489,T0,R4,T,17578,2852,2269,56,1693.339286,994.7857143,44841,1860,2322,43928,2030,3571,17578,2804.590682,2281.690636,20150,2454.873945,3170.91871,471984,2583.353294,1774.530666,25091,1639.720697,864.6839106,14656,2007.613947,2950.585699,442,346,1617.54756,0.213904,600.96259,0.415367,0.435429,1.105375,3103.890376,238.282508,2114.728111,282.457027,1285.098464,49.992069,67.838699,568.503367,36.608593,213.121559,1786.363274,115.243278,13.552256,203.128904,21.601348
d5_T017_21.10.23,field,Gladius,na,R6,T,17697,1187,5046,48,1472.208333,2034.770833,182426,1151,5026,192386,1171,4946,17696,1190.957787,5046.624661,93988,1068.042388,4543.37774,466581,919.1424297,4732.362599,92068,1074.563312,4604.55623,11492,1199.992691,5086.85503,1044,363,3407.18831,0.106539,615.719199,0.199509,0.18932,0.863434,6762.901727,117.723938,2142.513085,3179.436922,226.408239,1.343149,602.512006,78.423159,1.007381,1892.926913,246.421392,3.164779,95.31571,21.807353,0.600875
d11_18_G03_0_2_T,glasshouse_b2,CALINGIRI,T0,R2,T,11253,1649,683,62,1446.064516,395.4516129,20105,1649,683,23343,1471,890,11253,1558.189283,700.3793655,8320,1450.691466,443.9551683,466296,1480.533176,440.2264699,7479,1453.441235,425.2293087,10667,1556.838849,716.7218524,69,45,438.326538,0.102663,162.290656,0.407983,0.435429,1.026315,858.999207,60.514756,563.748311,52.660855,376.923145,8.742538,13.189758,159.985578,6.226635,41.436848,502.749911,19.561552,2.724341,54.24274,3.547675
d35_28_G04_0_4_S,glasshouse_b2,Forrest,T0,R4,S,4483,2549,3040,59,982.7457627,1135.271186,25384,1479,3278,32793,1388,2923,4483,2553.661611,3039.932857,17130,1406.874548,823.7176883,377309,1453.517152,331.8714634,15173,1467.146247,759.2267185,4459,2553.976228,3038.255214,258,168,732.582585,0.229326,255.715091,0.385784,0.410526,1.133602,1418.346864,93.869781,896.973118,147.84121,571.815848,12.925526,34.430014,241.836977,9.218628,108.258674,759.753271,28.961173,6.664955,81.886948,5.317878
d29_40_G05_1_4_S,glasshouse_b1,Hartog,T1,R4,S,10006,2404,3100,67,2229.925373,2921.462687,17614,2429,2516,25751,2394,2955,10005,2389.69905,3095.458871,8600,2491.036279,2451.286395,401983,2197.043892,2693.965324,7922,2587.271775,1940.17281,9940,2389.750101,3093.95664,132,80,644.841261,0.124062,245.571596,0.415344,0.435429,0.870857,1267.178819,92.588236,844.786374,77.881013,560.461016,6.499232,17.978216,246.135554,4.790085,56.480232,773.257647,15.048494,3.495697,86.309673,2.782866
d41_48_G06_1_4_S,glasshouse_b1,3811,T1,R4,S,19216,1435,3232,63,1696.619048,4342.412698,28551,1236,2821,25125,1631,4031,19134,1452.663844,3236.502613,12570,1754.315752,4462.962132,504542,1704.621665,2735.575352,12431,1733.416378,4469.396911,11359,1474.70147,3288.256273,317,209,1028.72885,0.203163,345.77416,0.375329,0.410526,0.973648,1992.028394,124.490692,1220.950913,263.108075,754.242899,11.377875,62.499626,318.059664,8.081456,196.348366,999.213905,25.388642,12.419857,107.488968,4.581866
d17_25_G04_0_1_S,glasshouse_b1,Forrest,T0,R1,S,6253,1495,1863,61,650.0491803,2509.721311,7217,1537,1590,7817,1099,2570,6253,1464.206941,1847.589957,4147,647.6530022,2540.013263,520816,1410.246578,1516.972169,3271,1342.447264,630.6355854,6238,1464.586406,1846.736775,65,33,276.471685,0.119361,100.59756,0.397632,0.435429,0.821052,544.738893,36.858505,345.652114,53.217042,221.810508,1.444135,11.9535,97.009374,1.061611,37.553027,304.763936,3.335151,2.22296,34.018727,0.616818
d49_47_G06_1_3_S,glasshouse_b2,3811,T1,R3,S,6652,994,3377,75,1122.853333,3341.493333,55622,1322,3859,56159,1344,3829,6652,953.7094107,3362.945731,25902,1781.372519,2225.078218,331170,867.6656883,4316.967319,21444,1593.439004,3864.084965,6193,1130.513483,4582.874051,547,311,1498.903349,0.207485,493.486834,0.367851,0.410526,0.870857,2904.253858,180.096473,1746.562233,516.8646,953.754234,28.284515,123.169186,413.195282,19.509076,386.947411,1298.18486,61.429963,24.522239,144.876862,10.697372
d13_43_G06_0_3_S,glasshouse_b1,3811,T0,R3,S,6279,1386,1852,66,1437.333333,2254.545455,12516,1409,2020,14854,1611,1690,6279,1421.893932,1850.245103,5876,1528.187883,1667.339517,366993,1454.222615,1591.050391,6320,1639.292405,390.0906646,6233,1420.660677,1853.876143,90,64,402.177421,0.159134,149.777186,0.406084,0.435429,0.725714,787.649559,55.167875,515.528373,54.570112,347.226843,0.380466,12.848899,151.000893,0.247986,40.366007,474.383296,0.779071,2.51523,52.525047,0.127598
d5_T023_21.10.23,field,3811,na,R8,S,75316,550,3947,77,908.1168831,6126.038961,271178,980,4845,324337,841,4471,56443,544.019967,3798.235831,141097,990.5116126,4299.71791,503936,362.6023205,3481.665793,246666,933.1693464,3715.66914,55372,545.2867334,3799.709817,1498,761,4615.572432,0.164877,837.216964,0.202433,0.18932,0.677333,9095.268985,163.636477,2936.468404,4280.450202,334.748493,0.373737,816.918706,117.518786,0.244088,2566.457654,369.243926,0.766824,130.27575,33.23525,0.125477
d45_31_G04_1_3_S,glasshouse_b1,Forrest,T1,R3,S,4548,2095,3700,62,2375.467742,3132.403226,17786,789,2480,17786,789,2480,4548,2098.908751,3697.584213,10874,626.5236344,2071.690086,415046,326.1444298,3120.991413,9466,1586.909465,601.676104,4548,2098.908751,3697.584213,277,157,719.782671,0.218121,231.641406,0.360764,0.410526,1.133602,1393.523807,83.749093,822.224313,243.283106,455.442132,21.057433,56.295459,190.34467,15.037309,176.857402,597.985418,47.381493,10.949471,64.104614,8.695008
d17_34_G05_0_2_S,glasshouse_b1,Hartog,T0,R2,S,6431,853,2589,73,1662.657534,725.6164384,20416,944,1897,22757,1928,2204,6431,853.4815736,2589.266522,10867,2261.052452,2758.718506,350356,1446.197042,1334.159335,9716,2294.850453,2799.76832,7182,2120.020189,1334.123225,142,68,673.106335,0.101024,258.875058,0.415204,0.435429,0.821052,1331.270983,95.35036,877.521464,74.829259,594.822823,3.454253,16.763848,260.044634,2.481966,52.665181,817.058955,7.797328,3.165648,90.764475,1.420237
d09_16_G02_1_4_T,glasshouse_b1,5489,T1,R4,T,5059,1609,1216,79,1532.886076,502.6582278,4216,1655,1324,6907,1544,1045,5059,1608.507808,1216.302827,2457,1674.370777,1418.416361,369292,1451.977024,1347.599084,1946,1685.814491,1458.027749,3728,1640.3978,1320.439378,33,15,139.72197,0.107356,54.693768,0.417466,0.435429,0.598439,276.715402,19.934426,183.509088,15.207437,124.514533,0,3.481151,54.931606,0,10.936358,172.57273,0,0.665103,19.269322,0
d21_19_G03_0_3_T,glasshouse_b1,CALINGIRI,T0,R3,T,11525,1721,2631,58,1612.068966,2082.293103,20512,1459,3239,21040,1459,3224,10068,1449.244636,3128.719507,10463,1477.819363,2686.683074,752688,1394.274189,2520.878036,15333,1611.481576,2802.833953,10068,1449.244636,3128.719507,119,75,768.954458,0.097535,283.712402,0.405543,0.435429,0.580571,1519.217165,102.858954,984.124348,80.228568,688.72589,0,21.198389,292.058121,0,66.596702,917.527646,0,4.545984,98.312971,0
d4_T004_14.10.23,field,3811,na,R1,S,46441,1440,5189,87,643.908046,3583.068966,204910,1145,5140,239296,1087,4935,43424,1415.172808,5148.098793,89754,1210.367861,3111.767721,523981,1377.640121,5082.470332,169180,1293.809913,5289.092186,40779,1425.291964,5101.62927,1055,389,3614.790579,0.107613,641.996924,0.196969,0.18932,0.677333,7173.187392,120.206092,2238.120225,3422.63629,191.925088,0.229202,645.160003,67.08868,0.14919,2026.829926,210.821606,0.468694,101.243395,18.8863,0.076397
d33_25_G04_0_1_S,glasshouse_b1,Forrest,T0,R1,S,4987,2202,3157,59,759.2881356,3873.559322,18292,871,3461,26579,1019,2894,4987,2201.927812,3156.962503,12115,863.8245151,2805.64837,378248,871.4560474,2832.710465,13564,839.6732527,2906.019316,4960,990.1879032,3015.768145,181,107,669.188363,0.159895,242.079832,0.39617,0.435429,0.649099,1313.183973,88.137814,838.540929,101.657554,567.047711,0.483097,23.102807,243.509739,0.303322,72.579608,765.008406,0.952914,4.407857,83.580283,0.149674
d3_T022_08.10.23,field,3811,na,R7,S,41707,857,5210,72,931.125,3647.222222,180284,1224,5246,186388,1213,5228,41705,856.5586381,5209.955257,79974,1407.246105,4227.76795,320726,906.5503296,4896.32732,158736,1171.525886,5396.757112,38825,850.5990728,5199.398661,1022,421,2919.123791,0.144221,533.841226,0.203505,0.18932,1.365209,5769.703029,107.853852,1869.967671,2676.69438,237.798273,4.631138,508.305956,82.220601,4.65702,1596.890257,258.446954,14.630461,81.05676,22.924688,3.872404
d09_09_G02_0_1_T,glasshouse_b1,5489,T0,R1,T,8534,1769,1281,55,1981.709091,1764.836364,7252,1938,1574,8005,1662,1022,8534,1778.151863,1276.954769,3165,1956.513744,1674.462243,401394,1496.087263,926.4783529,4945,1582.055814,290.2770475,8534,1778.151863,1276.954769,52,26,239.199879,0.108696,94.367158,0.423524,0.435429,0.580571,471.797894,35.083401,318.091698,21.451601,217.748278,0,4.881578,96.336845,0,15.33593,302.755768,0,0.934097,34.149304,0
d45_18_G03_0_2_T,glasshouse_b1,CALINGIRI,T0,R2,T,21719,1109,2586,71,1078.112676,3031.84507,54544,1621,2232,53764,1348,2181,21719,1189.365763,2586.131728,24892,1086.99779,2066.442793,427203,1411.465044,2198.433749,33623,1031.911013,2679.085061,15809,1166.399962,2254.905687,474,362,1807.180154,0.200312,655.077031,0.406466,0.435429,1.231578,3467.528688,265.344397,2319.972194,516.108307,1214.346301,76.725546,123.383208,559.393145,55.649043,387.619781,1757.385394,174.967019,24.701711,208.2083,32.434386
d33_41_G06_0_1_S,glasshouse_b1,3811,T0,R1,S,5311,1433,3335,54,1397.537037,2112.777778,27220,1540,2100,36637,1381,2816,5157,1430.96529,3324.346713,15520,1435.127706,3538.772358,373556,1458.11678,2644.361263,16342,1433.0462,3516.646677,5138,1431.0761,3324.32464,315,199,998.60167,0.199279,344.357442,0.386095,0.410526,1.248566,1928.999962,128.21511,1220.527864,255.688029,716.038043,26.875598,65.920678,303.027026,19.505036,207.095919,952.155068,61.276878,13.911111,102.82915,11.474849
d29_37_G05_1_1_S,glasshouse_b1,Hartog,T1,R1,S,4933,2362,2581,59,1044.881356,2142.932203,7299,2366,2665,7302,2366,2665,4933,2376.245084,2581.098926,4148,967.807377,2208.770733,362009,2568.588347,2124.287816,4371,973.643331,2197.394875,4933,2376.245084,2581.098926,79,39,283.011355,0.137804,101.350686,0.39173,0.435429,0.598439,558.590731,36.441089,350.5648,49.475006,233.536349,0,11.434944,100.153297,0,35.923937,314.640862,0,2.224691,34.216398,0
d33_35_G05_0_3_S,glasshouse_b1,Hartog,T0,R3,S,5704,1439,4221,65,1222.646154,3828.061538,22209,1263,3740,19641,853,1967,5704,1443.867987,4211.529102,10760,1313.812825,3668.542472,350048,1459.404045,3380.024697,12285,1327.03606,3562.397884,3869,998.5590592,2208.623417,318,198,799.768192,0.247572,274.680162,0.381657,0.410526,0.781618,1542.610387,101.96763,968.65684,198.274599,595.55946,5.934133,44.93597,259.439826,3.933699,141.170514,815.128247,12.358079,8.553209,91.355311,2.059111
d11_09_G02_0_1_T,glasshouse_b2,5489,T0,R1,T,5742,1989,1876,62,1975.854839,1989.064516,12750,1974,1725,11696,1572,670,5742,1988.885057,1875.587252,5297,2466.454031,1530.341136,454188,2031.161746,1655.092426,5177,1587.717983,319.2476338,5742,1988.885057,1875.587252,81,45,315.542304,0.142612,122.554067,0.418343,0.435429,0.615789,621.903621,45.54227,415.005217,36.894361,278.575372,0.072571,8.446738,123.608837,0.044689,26.536209,388.328614,0.140394,1.610625,43.910032,0.021613
d11_21_G03_1_1_T,glasshouse_b2,CALINGIRI,T1,R1,T,3984,1279,1313,50,1805.18,1527.02,13147,1795,1669,13554,1471,1632,3984,1277.235442,1313.385793,5636,1723.100071,1562.057665,364350,1458.543508,1013.710644,4540,1794.039868,1557.693612,3984,1277.235442,1313.385793,95,47,337.649981,0.139197,123.328259,0.401617,0.435429,0.929368,664.809667,45.003845,427.727341,48.351217,287.679426,1.619338,11.771698,123.131804,1.24634,36.981879,386.829971,3.915492,2.391473,41.848347,0.764025
d07_02_G01_0_2_T,glasshouse_b2,Gladius,T0,R2,T,4221,1213,1000,55,1190.618182,1134.2,7692,1385,428,10178,1303,588,4221,1213.237148,999.8073916,4651,1557.110084,317.8110084,357327,2031.171927,888.0755079,3389,1608.594276,301.6417822,4221,1213.237148,999.8073916,44,30,196.686421,0.152527,80.721366,0.444619,0.435429,0.598439,383.76372,32.357835,277.248549,16.052507,180.633914,0,3.70808,84.542874,0,11.649278,265.599271,0,0.722091,31.635744,0
d29_18_G03_0_2_T,glasshouse_b1,CALINGIRI,T0,R2,T,17852,1133,2443,61,1384.032787,1239.885246,34647,1340,2114,32708,1324,2159,17850,1204.864874,2478.904706,13449,1125.472972,1909.917466,439606,1425.013471,1174.39219,18028,1415.181662,1030.198414,18466,1205.407235,2311.194574,189,135,992.637387,0.136001,365.297492,0.406703,0.435429,0.821052,1943.583772,136.046303,1270.003486,150.78893,833.396206,8.452252,38.264834,360.192505,5.797325,120.212522,1131.578129,18.212835,7.980305,124.915484,3.150515
d37_27_G04_0_3_S,glasshouse_b1,Forrest,T0,R3,S,11050,764,3240,65,743.2153846,3170.015385,26732,744,3053,26732,744,3053,11050,849.2247964,3220.585611,10224,728.6837833,3065.992958,489629,840.438916,2321.926287,16335,751.4276706,2655.282277,5882,923.1989119,3690.742945,227,159,766.280023,0.207496,278.577455,0.408255,0.435429,1.231578,1476.760492,109.503542,990.342577,123.110774,621.235802,21.933447,30.150796,268.435902,16.649135,94.72152,843.316257,52.304799,6.120645,93.142216,10.240681
d3_T002_08.10.23,field,Gladius,na,R2,T,213563,1263,5464,55,692.5818182,6337,364057,1260,5458,368781,1429,5339,163525,1382.570873,5317.552203,183085,1254.442319,5205.081875,1185793,904.4910621,5355.218083,364506,1312.03784,5437.28343,154213,1414.273181,5339.288821,1607,1169,5975.323728,0.195638,1125.961906,0.213197,0.18932,0.723392,11626.02322,235.805552,3990.581983,5322.83009,649.240719,3.25292,1036.310438,231.748437,2.106468,3255.728957,728.23536,6.617666,167.950256,66.780495,1.074801
d41_41_G06_0_1_S,glasshouse_b1,3811,T0,R1,S,30343,1295,3684,58,2377.396552,2730.603448,58540,1191,3887,61174,1203,3848,30343,1306.731305,3686.856277,39177,1295.321541,3639.248437,615335,1242.357693,3623.572553,57568,1208.473961,3909.578846,20981,1254.800248,3748.275916,785,637,1977.999924,0.322042,702.982136,0.4105,0.410526,1.369275,3683.556426,300.807289,2577.880563,489.262402,1368.745549,119.991972,120.822266,606.806483,92.574301,379.574344,1906.71038,291.595839,24.715022,217.795357,58.29691
d21_47_G06_1_3_S,glasshouse_b1,3811,T1,R3,S,6750,1465,2116,61,1548.983607,2512.459016,10656,1429,2417,10652,1467,1765,6750,1465.022667,2115.917333,5800,1527.414483,2496.614828,442420,1533.034124,1715.367456,7000,1531.116,2439.982143,6750,1465.022667,2115.917333,79,47,417.583409,0.112552,148.039204,0.390084,0.410526,0.725714,822.851038,52.123017,514.524063,52.127068,364.930732,0.525609,13.265918,150.168864,0.343313,41.676112,471.769401,1.078551,2.771729,49.174751,0.176537
d25_15_G02_1_3_T,glasshouse_b1,5489,T1,R3,T,12677,970,2621,75,922.1733333,2033.613333,15283,933,2413,17151,970,2659,12677,1029.857853,2630.983513,8884,941.6462179,2823.567875,598744,954.7696344,1932.621559,7936,911.9440524,2761.192288,12892,1026.418942,2617.46556,138,100,553.977042,0.180513,206.983128,0.411088,0.435429,0.870857,1076.193434,78.088501,717.187734,67.893195,478.710737,7.373111,15.266996,207.835961,5.184989,47.962683,652.935927,16.289124,2.895422,72.314632,2.878447
d21_43_G06_0_3_S,glasshouse_b1,3811,T0,R3,S,10104,1799,3104,52,1777.865385,2595.134615,22133,1729,2425,30427,1784,2736,10104,1773.662906,3095.51158,11976,821.6445391,3314.172512,419632,851.899786,2822.317411,12955,804.47912,3267.924199,10104,1773.662906,3095.51158,157,108,807.329083,0.133774,309.266004,0.413987,0.435429,0.725714,1587.462588,113.969678,1054.340417,87.975002,718.961163,0.392917,21.136708,314.206639,0.263631,66.402928,987.10927,0.82822,4.209082,109.620884,0.139712
d43_27_G04_0_3_S,glasshouse_b2,Forrest,T0,R3,S,10607,764,3220,54,1453.037037,655.2222222,34227,933,3749,46638,754,2996,10607,850.9981145,3203.595644,20221,1458.582068,729.3695663,496326,845.3559556,2321.246642,21158,1439.909538,773.8370356,8127,1427.454534,630.253353,315,233,940.930517,0.247627,342.040132,0.414262,0.435429,1.563236,1790.767078,146.061249,1234.208782,183.21908,703.027127,54.68431,45.262532,300.785505,46.769391,142.196437,945.081971,146.930374,9.248691,103.440483,33.372075
d37_06_G01_1_2_T,glasshouse_b1,Gladius,T1,R2,T,5885,1514,1618,75,1935.373333,1328.986667,19921,1848,1327,19650,1614,1312,5885,1518.522175,1623.240102,10283,1675.803657,1522.452592,361516,1880.000479,1469.600964,11934,1715.772331,1487.42115,5885,1518.522175,1623.240102,266,144,818.392654,0.175955,258.875058,0.351901,0.324549,1.338151,1599.111522,89.485762,909.225926,360.990879,452.676454,4.725322,90.678517,194.674817,4.062267,284.874963,611.588974,12.761989,18.743971,67.788577,2.953213
d1_T006_27.09.23,field,3811,na,R3,S,44091,1816,6111,98,1268.744898,6195.204082,225280,1291,5380,301476,1179,2738,36308,1817.050347,6074.105624,142515,1390.161793,5902.645946,794996,1924.608652,5702.282668,190981,1124.497002,3210.944837,33535,1812.425943,6094.169465,977,291,2752.800239,0.105711,488.891495,0.196009,0.18932,1.129594,5469.538746,92.287495,1702.702389,2613.391395,136.631863,2.776981,492.947542,46.602213,2.406836,1548.640376,146.500715,7.561299,77.795418,12.79942,1.692657
d45_39_G05_1_3_S,glasshouse_b1,Hartog,T1,R3,S,6475,1526,2621,70,1716.714286,2355.928571,30224,1705,2346,26605,1043,3190,6475,1535.201081,2624.992896,12287,1705.610238,2421.70717,385499,1456.108527,2108.83623,13871,1448.359815,2693.365583,6447,1534.792462,2625.722817,370,222,908.015803,0.244489,317.297588,0.390997,0.410526,1.161143,1748.753682,123.192823,1127.968455,223.705026,652.073072,32.237705,53.134305,281.217787,24.691419,166.926342,883.471734,77.570379,10.552273,97.440456,15.200095
d37_09_G02_0_1_T,glasshouse_b1,5489,T0,R1,T,13691,766,4445,48,794.9583333,4544.291667,39417,2218,3175,31738,2194,4555,12579,807.2982749,4391.034184,14369,793.6912798,4446.927622,494949,855.9056489,4016.155751,21257,2426.73317,4077.723056,12034,809.0746219,4387.944158,336,214,1208.132071,0.177133,445.381598,0.408345,0.435429,1.016,2346.521811,173.318728,1551.819955,231.779985,945.156169,31.195918,50.510881,421.417873,22.030879,158.684612,1323.923294,69.212049,9.333641,151.652783,12.332303
d27_20_G03_0_4_T,glasshouse_b2,CALINGIRI,T0,R4,T,18001,1790,2354,51,1579.235294,1362.333333,40867,1139,3689,45102,1077,3373,18000,1859.369833,2340.8965,19367,1535.994733,4197.555739,595456,1548.661763,3550.952336,12363,1852.977433,2571.115587,18001,1859.363146,2340.94867,195,137,1096.194402,0.124978,390.751029,0.394988,0.435429,0.917964,2151.080404,141.212827,1362.26961,183.031793,905.80195,7.360659,47.201832,381.245644,5.176408,148.288929,1197.718515,16.262166,9.955873,128.375316,2.881637
d09_40_G05_1_4_S,glasshouse_b1,Hartog,T1,R4,S,1402,1338,485,64,1218.46875,892.859375,2345,1373,432,3349,1305,580,1402,1340.425107,486.2339515,1004,1218.787849,892.1583665,311043,1452.80484,283.0305199,1304,1567.08589,415.6157975,1639,1573.516779,388.8669921,33,21,84.419369,0.248758,28.43444,0.374751,0.410526,0.615789,163.887523,10.123767,99.94534,22.107765,62.166461,0.145143,5.223934,26.500278,0.089377,16.411474,83.253079,0.280787,1.025403,9.055138,0.043226
d49_01_G01_0_1_T,glasshouse_b2,Gladius,T0,R1,T,10242,938,2642,51,1978.098039,1115.039216,81628,1320,3763,90489,1306,3639,9621,2166.565222,2510.728718,29251,2032.018837,1246.787153,664196,922.2684524,2489.482588,41493,695.7648037,3263.655171,7382,953.1402059,2719.344216,594,384,1916.234344,0.200393,708.348814,0.408917,0.435429,1.026315,3711.408105,275.549512,2473.132567,368.820352,1525.966664,21.447329,82.405338,689.820806,14.928632,258.884004,2167.348883,46.899681,15.565504,251.656435,8.327573
d17_36_G05_0_4_S,glasshouse_b1,Hartog,T0,R4,S,4764,1171,1878,61,1279.04918,1005.655738,18421,1072,2208,18414,1072,2208,4764,1185.763434,1880.541982,6955,862.8330697,2803.074047,384877,869.3417066,2229.331363,7836,1343.719245,940.2378765,4598,772.4849935,2832.688125,154,84,499.062718,0.168316,184.036498,0.399887,0.435429,0.725714,977.642167,67.73252,632.059237,88.226164,408.789082,2.047472,20.485509,179.310672,1.361214,64.357124,563.425732,4.276381,3.993828,63.025295,0.713397
d27_09_G02_0_1_T,glasshouse_b2,5489,T0,R1,T,9959,758,4260,94,2349.053191,2479.585106,40077,2295,3950,50532,2069,2646,9959,780.6413295,4268.305452,18758,2390.705619,3970.859793,377012,886.5769737,3936.74487,14237,2335.349301,3278.685257,9959,780.6413295,4268.305452,206,136,924.122387,0.147167,368.636524,0.437138,0.435429,1.016,1803.533696,147.549634,1270.248827,84.256617,812.866544,26.999226,18.370576,366.67526,19.286923,57.712868,1151.944304,60.591656,3.405459,133.219885,10.924289
d31_35_G05_0_3_S,glasshouse_b2,Hartog,T0,R3,S,5567,1423,4241,95,1630.084211,677.4526316,25611,1266,3476,33794,1190,3209,3813,1652.794388,475.5129819,14270,1564.006097,737.2105116,354264,1459.31214,3371.10252,12869,1571.448209,667.3478126,3811,988.0139071,2236.600892,263,167,721.645814,0.231415,253.113384,0.391552,0.410526,0.917964,1390.53101,96.570806,894.718244,165.703212,543.280322,12.66228,37.391839,238.856506,8.549318,117.469926,750.389843,26.858475,7.104577,84.870299,4.59593
d27_44_G06_0_4_S,glasshouse_b2,3811,T0,R4,S,12798,1235,3542,56,1576.357143,877.125,38541,1274,1320,42448,1184,3037,12798,1197.659165,3541.226754,19360,832.788688,2197.627479,558339,916.1626592,1169.933361,11065,858.3451423,2619.460371,7817,820.2489446,1411.839452,252,177,1112.278309,0.159133,399.251341,0.394212,0.435429,0.781618,2174.534856,144.42962,1380.113854,198.137635,909.252601,4.888073,46.39224,389.552875,3.358769,145.745519,1223.81645,10.551884,9.116532,133.490386,1.822701
d1_T002_27.09.23,field,Gladius,na,R2,T,133683,873,5567,104,1036.461538,5249.403846,373986,1227,5467,382680,1385,5339,112576,906.3271479,5650.926405,191967,1213.763694,5199.663807,796481,900.6888739,5082.818867,374371,1276.816618,5449.396967,109982,902.899038,5667.476833,1569,1260,6075.20385,0.2074,1163.196598,0.217511,0.18932,1.06087,11769.21507,251.885653,4139.638847,5349.028067,714.07541,12.100372,1052.174705,256.91953,8.491856,3305.599869,807.279827,26.759151,172.154104,74.940579,4.790971
d27_34_G05_0_2_S,glasshouse_b2,Hartog,T0,R2,S,6621,2120,1331,88,1536.727273,565.75,30411,1577,1140,42147,1954,2369,6621,2119.615768,1332.046368,16494,1564.612283,750.3314539,464401,1921.359179,976.2913323,12882,1541.770998,656.9784195,6564,2121.714503,1336.996039,184,108,834.701481,0.129388,307.896685,0.402535,0.435429,0.821052,1640.584659,112.302605,1058.684867,108.511465,717.695252,8.494763,25.616141,305.440063,5.895677,80.475482,959.68757,18.521815,5.059991,104.007607,3.235008
d49_05_G01_1_1_T,glasshouse_b2,Gladius,T1,R1,T,12824,1367,4003,85,1272.752941,2990.376471,76188,1323,3703,109580,1282,2757,10582,1393.249575,4109.236534,44653,1292.71545,2721.520816,490451,1376.261553,3885.78069,57655,1131.293747,3296.118619,6704,1449.957339,4337.384397,995,585,2348.451268,0.2491,740.880678,0.357451,0.324549,1.298197,4520.890124,275.10162,2655.16675,936.915008,1348.447368,63.088893,215.333583,581.631745,48.140913,676.490402,1827.437208,151.239139,41.647016,203.756396,29.698208
d37_30_G04_1_2_S,glasshouse_b1,Forrest,T1,R2,S,2210,701,2287,80,752.9,2416.6875,8130,778,2483,8130,778,2483,2210,704.6692308,2289.830317,6439,780.8526169,2332.366051,379091,873.9507717,2492.282204,5491,744.2150792,2391.483883,2038,696.5078508,2305.286555,105,41,316.344496,0.129606,98.274984,0.338983,0.324549,0.615789,627.74205,31.644983,341.083064,120.641209,195.600656,0.102631,29.206731,79.300181,0.063199,91.755651,249.128867,0.198547,5.879177,25.73524,0.030566
d49_33_G05_0_1_S,glasshouse_b2,Hartog,T0,R1,S,11697,1340,578,48,2186.25,2419.041667,63625,2002,2906,82214,1775,2554,9149,1354.496994,574.9351842,42767,1511.536652,785.0606776,381523,1456.62147,331.5166976,41864,1534.668235,782.0601233,9150,1354.496393,574.9278689,771,519,1716.440107,0.30237,614.592583,0.419044,0.435429,2.21075,3201.108989,301.382905,2281.167418,490.874232,1068.585455,156.980419,105.724957,486.381046,133.525203,332.144749,1528.526724,420.495945,19.417045,179.3732,102.59266
d27_26_G04_0_2_S,glasshouse_b2,Forrest,T0,R2,S,6655,1417,3106,52,1586.807692,2848.423077,27144,1420,3056,27152,1420,3056,5110,965.909589,2565.387476,9582,1216.753287,2732.694845,399297,1455.935484,364.3452192,7123,2015.385933,2867.593149,5110,965.909589,2565.387476,139,87,534.133641,0.162881,202.917303,0.41525,0.435429,0.781618,1045.580198,76.401639,702.274846,59.759152,473.19058,1.183909,14.43038,208.304959,0.805688,45.334376,654.409328,2.531142,2.890021,73.078151,0.433468
d45_02_G01_0_2_T,glasshouse_b1,Gladius,T0,R2,T,8475,1880,3597,48,1265.0625,2855.6875,38184,1653,4060,39587,1681,4013,8475,1825.450973,3587.055103,17247,1707.09967,2241.679133,612812,2078.345777,2540.807677,20511,1548.181415,4388.979084,8475,1825.450973,3587.055103,510,348,1420.259393,0.245026,507.643488,0.402967,0.435429,1.056656,2723.324753,199.300709,1808.249981,283.466099,1105.871305,30.921989,63.133373,490.157679,22.138057,198.339342,1540.221489,69.68915,11.859537,174.732801,12.708371
d35_19_G03_0_3_T,glasshouse_b2,CALINGIRI,T0,R3,T,9817,1486,3184,50,1840.7,884.24,46350,1503,1598,45672,1503,1594,9817,1471.507793,3183.545482,23576,1638.044113,1056.952027,649355,1516.26532,2410.72864,28528,1572.543256,1167.360628,9817,1471.507793,3183.545482,266,182,1277.033857,0.142518,473.299909,0.407987,0.435429,0.870857,2503.289292,176.514386,1645.2892,203.748464,1064.943951,8.341442,54.069986,463.892398,5.749434,169.865871,1457.36095,18.062379,11.664984,161.719151,3.130251
d15_21_G03_1_1_T,glasshouse_b2,CALINGIRI,T1,R1,T,9711,1868,2353,57,1706.947368,2110.877193,18389,1822,2150,19680,1800,1834,9711,1868.942539,2353.465658,7718,1377.038741,1880.212361,349607,2037.598154,2077.66801,5167,1815.103155,1728.591446,9711,1868.942539,2353.465658,104,62,499.854721,0.124036,174.451264,0.388254,0.435429,0.740086,983.177225,62.126782,610.351189,96.598917,400.753157,2.502646,24.229242,168.278378,1.773198,76.118408,528.662115,5.570666,5.023172,56.114424,0.989187
d45_41_G06_0_1_S,glasshouse_b1,3811,T0,R1,S,42182,1188,3853,59,1267.627119,3592.474576,76524,1190,3981,75430,1190,3981,23968,1034.304364,4017.873456,44809,1336.731103,3638.291705,640108,1215.891161,3668.359138,73658,1229.446469,4001.123761,23952,1033.782189,4019.142243,1199,942,2858.831956,0.329505,967.408203,0.39492,0.410526,1.747751,5315.043099,415.964236,3575.757576,916.225438,1729.841285,212.765234,212.726039,762.460842,162.764267,668.29856,2395.551813,511.907204,41.501789,272.77366,101.688787
d21_30_G04_1_2_S,glasshouse_b1,Forrest,T1,R2,S,2231,775,2278,80,731.5875,2222.3125,7610,830,2181,7610,830,2181,2231,795.6284177,2281.486329,3809,752.1512208,2204.883959,375751,872.5927542,2481.728615,3758,751.9912187,2202.664715,2199,795.884493,2278.730787,56,18,216.440222,0.083164,72.784581,0.367473,0.410526,0.580571,431.305755,24.731215,251.451885,52.908629,163.531593,0,12.682538,67.357083,0,39.843368,211.608517,0,2.544549,22.186666,0
d19_19_G03_0_3_T,glasshouse_b2,CALINGIRI,T0,R3,T,12029,1732,2287,63,1449.063492,1064.650794,25132,1499,1401,24968,1499,1401,12029,1718.348657,2287.186882,13570,1463.473029,1100.486146,732540,1464.54741,2355.890751,13017,1574.99516,3053.638165,8997,1472.154607,3019.463043,132,84,714.435188,0.117575,261.318766,0.401667,0.435429,0.580571,1408.289998,94.494854,906.50692,96.314156,618.121032,0,25.158079,263.392035,0,79.036437,827.470483,0,5.356894,89.13796,0
d15_33_G05_0_1_S,glasshouse_b2,Hartog,T0,R1,S,3360,1225,882,51,1197.45098,2353.745098,13733,1259,2273,13542,1259,2280,3360,1229.100298,882.078869,6036,1073.647614,1041.408714,365852,1456.865727,2197.073598,9177,1156.630598,2304.436744,3360,1229.100298,882.078869,86,36,367.712464,0.097903,134.946406,0.398691,0.435429,0.580571,731.195156,48.784764,462.736175,57.700113,310.012351,0,13.302758,133.990741,0,41.791847,420.944328,0,2.574434,46.21033,0
d13_45_G06_1_1_S,glasshouse_b1,3811,T1,R1,S,3653,1529,1252,63,1439.174603,1380.68254,10040,1557,1500,10051,1557,1500,3653,1524.546126,1251.726526,4035,1501.728377,1254.954399,372024,1025.397703,1465.303738,4698,928.1796509,853.9957429,3653,1524.546126,1251.726526,103,71,306.097552,0.231952,111.041253,0.39623,0.435429,0.725714,593.7554,40.240221,384.113965,46.123017,259.594068,0.380466,11.099635,110.882924,0.251404,34.870533,348.453622,0.78981,2.210953,37.898273,0.130995
d25_22_G03_1_2_T,glasshouse_b1,CALINGIRI,T1,R2,T,10116,2166,2567,66,1944.5,2283.863636,18552,1788,2226,23736,2171,2738,10116,2160.974397,2567.309806,8038,1914.22207,2020.189102,726800,2010.466914,1519.630382,9219,1914.200998,1695.248834,9392,1144.956346,2440.710285,119,79,637.446699,0.123932,231.172678,0.401841,0.435429,0.580571,1255.641706,83.005137,805.049638,64.951214,572.495485,0,17.110567,239.073404,0,53.754432,751.295206,0,3.661946,79.343191,0
d35_08_G01_1_4_T,glasshouse_b2,Gladius,T1,R4,T,18136,1888,2110,48,2031.333333,1551.479167,31696,1805,1291,31022,1797,1282,18136,1925.447067,2101.318869,14503,1751.082604,1450.246087,476051,1982.480369,1189.064073,12404,1804.323767,980.729684,7593,1590.375346,2051.557355,258,180,856.440713,0.210172,291.859851,0.378239,0.410526,0.740086,1663.834403,105.995444,1019.882788,305.273997,540.207545,10.959171,79.200328,238.07073,7.367716,248.815168,747.921256,23.146364,16.750573,85.339293,3.905578
d05_41_G06_0_1_S,glasshouse_b1,3811,T0,R1,S,2253,1573,819,61,1720.163934,522.852459,3407,1487,432,4497,1576,676,2253,1564.804261,820.6307146,1710,1399.882456,467.4935673,219527,1463.887016,240.6073786,3115,1632.637239,248.9640449,2242,1564.909456,819.8412132,34,16,137.241206,0.116583,47.489043,0.376687,0.410526,0.580571,271.838895,16.271079,162.82101,30.969658,106.271547,0,7.474377,44.35316,0,23.481447,139.339563,0,1.500405,14.770674,0
d15_46_G06_1_2_S,glasshouse_b2,3811,T1,R2,S,4723,1662,1513,70,1625.871429,620.6285714,12590,1728,1914,14775,1685,1817,4723,1676.055473,1513.400381,5553,1570.557897,1420.992977,364050,1461.802137,1020.043928,4723,1676.615287,1528.956384,4723,1676.055473,1513.400381,63,31,295.059616,0.105064,110.99912,0.406408,0.435429,0.598439,583.618229,40.019383,378.277161,33.154095,261.905521,0,8.042861,112.366499,0,25.267393,353.009769,0,1.631235,38.388148,0
d19_29_G04_1_1_S,glasshouse_b2,Forrest,T1,R1,S,3132,238,1757,69,1385.202899,733.5652174,7166,273,1699,7255,1281,2018,3132,240.9262452,1757.542146,4011,295.7434555,1669.752929,327550,280.4510334,1479.163419,2534,214.5217048,1807.32281,2972,243.2648048,1749.826716,62,26,197.1791,0.13186,64.126271,0.356519,0.410526,0.580571,388.397028,21.687225,223.380702,52.5303,144.648801,0,11.978491,59.102242,0,37.631539,185.749164,0,2.302518,19.384707,0
d35_04_G01_0_4_T,glasshouse_b2,Gladius,T0,R4,T,19918,2050,3513,66,1590.924242,653.2272727,55145,1640,1258,49191,1641,1164,19531,2040.890123,3521.853054,31423,1626.403081,796.8873437,495076,1500.420511,463.1253282,29755,1626.602016,775.2938666,19432,2040.542096,3515.013689,477,403,1384.471364,0.291086,502.271543,0.423164,0.435429,1.603155,2587.213164,221.589256,1847.02599,253.438618,1049.319516,81.713229,60.48421,458.143174,69.232266,190.016749,1439.509663,217.499578,12.026424,161.190086,48.372746
d7_T012_04.11.23,field,Gladius,na,R5,T,86100,758,5764,81,542.5679012,6321.753086,201339,966,5697,200691,866,5673,77498,753.1242355,5768.675914,91081,676.7186021,6204.227391,719613,496.9476149,5735.180298,116491,849.0216412,6157.087938,75484,751.2943935,5754.499868,1009,424,3307.837514,0.12818,598.989841,0.201588,0.18932,0.616383,6547.151622,115.950331,2095.12606,3080.909116,226.681662,0.246737,587.434308,79.292671,0.152084,1845.495229,249.153044,0.477787,93.58962,22.287086,0.073625
d45_03_G01_0_3_T,glasshouse_b1,Gladius,T0,R3,T,12980,1542,3275,62,1773.564516,2442.145161,46925,1900,4032,47590,1900,4031,12980,1494.607858,3289.35547,21577,1670.384298,3276.455207,648463,1489.563079,2895.718849,31080,1707.325064,2224.135682,13730,1367.994173,1690.241442,430,292,1741.969384,0.167626,650.869008,0.411368,0.435429,1.016,3395.508959,249.46874,2258.061267,305.200907,1413.825072,22.943405,73.803242,628.941293,15.985381,231.859722,1975.98199,50.219555,14.875955,225.713028,8.879756
d25_43_G06_0_3_S,glasshouse_b1,3811,T0,R3,S,13335,1766,3341,46,643.6956522,1760.152174,27608,1774,2669,33809,1810,3020,13335,1778.765129,3342.541207,14357,1785.366929,2416.654594,424603,851.4013231,2799.743947,17954,755.9699788,3623.146318,13335,1778.765129,3342.541207,217,143,1001.321145,0.142811,387.327731,0.423243,0.435429,0.740086,1957.393151,148.294497,1336.759184,93.404523,904.122278,3.794344,21.741465,401.039753,2.612398,68.302827,1260.249266,8.207091,4.244825,142.630667,1.419005
d09_33_G05_0_1_S,glasshouse_b1,Hartog,T0,R1,S,3180,1238,717,52,1393.269231,202.25,7085,1247,652,7070,1247,652,3180,1242.55,716.6679245,3749,1123.398773,782.0098693,355314,1455.463317,770.7702089,3437,1120.095432,794.3418679,3180,1242.55,716.6679245,51,25,196.191024,0.127427,70.683203,0.390594,0.410526,0.580571,387.94097,24.926997,241.71452,30.977837,165.213187,0,7.607513,69.332609,0,23.899706,217.814814,0,1.543092,23.383904,0
d37_21_G03_1_1_T,glasshouse_b1,CALINGIRI,T1,R1,T,29604,1864,3631,60,1598.016667,3622.383333,27237,1779,4223,27904,1783,4216,18801,1861.913994,3274.094144,13437,1720.85979,3993.248493,559033,1945.604013,2745.756966,13933,1579.589823,1811.433431,19199,1862.521017,3235.521746,262,214,1102.83707,0.194045,380.128272,0.38785,0.410526,0.870857,2135.129617,138.169257,1349.551304,229.352627,858.370207,15.114236,60.639019,358.459775,10.375177,190.503098,1126.313234,32.734972,13.028331,119.462734,5.678192
d15_47_G06_1_3_S,glasshouse_b2,3811,T1,R3,S,6069,1418,1842,76,1516.684211,760.9736842,14120,1409,1726,12661,1413,1687,6069,1417.211237,1841.507827,6168,1278.80869,1449.220169,599954,1386.917559,1315.832215,4696,1318.752342,1396.022572,6069,1417.211237,1841.507827,78,46,331.141104,0.138914,122.011606,0.402537,0.435429,0.88287,650.687869,44.675004,422.03779,41.371024,286.664096,3.105984,10.062192,122.077555,2.199053,31.61131,383.517951,6.908529,2.033931,41.408668,1.232406
d27_45_G06_1_1_S,glasshouse_b2,3811,T1,R1,S,9158,784,2366,57,1047.245614,1500.859649,26268,1283,1763,25292,1296,1732,9158,783.8009391,2365.683228,13306,1082.390651,1515.482188,390624,858.4644901,1520.099669,12139,1602.534146,3391.78046,9158,783.8009391,2365.683228,220,104,719.034834,0.144638,246.198323,0.376389,0.435429,0.649099,1413.694947,86.09829,851.006408,163.451728,555.275212,0.307894,35.175242,235.434078,0.196435,110.506281,739.883008,0.61712,6.428941,79.570859,0.098489
d43_32_G04_1_4_S,glasshouse_b2,Forrest,T1,R4,S,5066,581,2521,52,647.4423077,2288.884615,22207,481,3207,26611,517,2977,5066,581.1405448,2520.7197,10596,1494.854379,713.4457342,376711,2587.81073,2771.829474,9092,1410.147382,687.5868896,5066,581.1405448,2520.7197,245,133,591.88078,0.224707,194.553923,0.364789,0.410526,0.870857,1147.128675,69.597379,685.444548,178.05833,405.768272,8.054177,40.597297,171.858954,5.632686,127.540168,540.208776,17.695604,7.799508,58.678101,3.11977
d07_42_G06_0_2_S,glasshouse_b2,3811,T0,R2,S,1979,1334,615,74,1354.864865,291.5810811,7354,1433,423,7565,1428,415,1979,1336.525518,615.3572511,2795,1164.90161,893.5856887,356798,1454.17668,765.9501455,3012,1172.747012,881.1626826,1979,1336.525518,615.3572511,64,36,181.865277,0.197949,60.013047,0.362399,0.410526,0.598439,354.542274,20.314441,209.542584,41.446616,140.418661,0,10.188281,56.511195,0,32.007429,177.535155,0,2.071786,18.242655,0
d31_08_G01_1_4_T,glasshouse_b2,Gladius,T1,R4,T,9934,1984,2631,51,1846.333333,2017.098039,23756,1804,1248,23581,1802,1245,8722,1937.913437,1603.074753,10479,1711.837866,875.7679168,417765,2003.33128,2095.460939,12643,1869.203591,1496.207546,7878,1626.018406,2075.371922,233,145,721.886268,0.200863,240.836911,0.371603,0.410526,0.870857,1403.153381,85.622979,845.591598,239.278859,471.032449,11.57496,61.337924,199.752324,8.0033,192.698771,627.74972,25.143107,12.875594,68.374186,4.373199
d07_23_G03_1_3_T,glasshouse_b2,CALINGIRI,T1,R3,T,3705,1538,1147,79,1821.886076,350.9746835,4210,1757,297,4210,1757,297,3705,1540.333333,1146.980027,2144,1609.754198,308.0410448,330437,1453.893962,877.7410278,1884,1800.039809,328.5180467,2022,1521.310089,1283.13996,37,21,118.167005,0.177715,41.685236,0.381974,0.410526,0.580571,231.627548,14.332945,142.580867,18.426367,99.740637,0,4.501633,40.883266,0,14.142298,128.438569,0,0.90874,13.424205,0
d6_T010_28.10.23,field,Gladius,na,R3,T,17115,792,5166,74,1439.689189,6141.27027,140702,1199,5343,150688,1176,5237,9673,776.9310452,5328.650264,58122,1450.806596,6024.88519,386450,1054.44089,5893.500326,125610,1252.416894,5477.574023,7582,771.1656555,5260.203376,673,226,1807.012623,0.125068,318.289686,0.194969,0.18932,0.598684,3590.293177,59.397386,1110.567387,1699.925048,107.087576,0,317.749982,35.741673,0,998.241009,112.326378,0,49.892231,9.505155,0
d7_T008_04.11.23,field,3811,na,R4,S,35811,1136,6445,57,754.0877193,3769.368421,182675,957,3000,238461,894,3456,33120,719.8345713,3104.590187,103955,1109.133971,6174.75879,466765,1141.574503,2639.595809,102898,878.1500418,2789.967842,31592,728.148392,3102.601956,966,500,3154.366026,0.15851,588.255096,0.20864,0.18932,0.846667,6211.575149,119.235957,2065.359975,2855.045725,297.590135,1.730166,550.801896,105.413403,1.177589,1730.446722,331.213747,3.699506,88.536796,30.063464,0.635696
d49_20_G03_0_4_T,glasshouse_b2,CALINGIRI,T0,R4,T,23266,2150,1142,75,644.8,2400.173333,98311,1517,1544,119578,1867,2978,17705,1879.135555,2360.857385,50148,1511.91232,1008.12485,464983,951.8252775,1960.695468,50156,1725.242204,1038.353637,17705,1879.135555,2360.857385,810,666,2639.878836,0.252284,968.777523,0.415892,0.435429,1.596571,5001.577201,407.892231,3477.021668,581.003977,1922.252311,136.622547,138.888588,862.206542,105.401502,436.331368,2709.24312,331.44718,27.710329,313.07083,67.111072
d17_09_G02_0_1_T,glasshouse_b1,5489,T0,R1,T,7806,1925,2042,62,2113.467742,1789.322581,16722,2079,2803,17111,2050,2722,6353,1954.295766,2149.657012,7161,1201.75576,2728.377042,388248,2141.512446,2571.629487,6997,2230.500357,3050.514077,6353,1954.295766,2149.657012,114,70,550.034319,0.127265,217.806016,0.426644,0.435429,0.615789,1083.81514,82.194446,738.367847,44.855337,504.828576,0.350406,9.91847,224.895539,0.215776,31.159793,706.530173,0.67788,1.855242,80.234846,0.104358
d15_07_G01_1_3_T,glasshouse_b2,Gladius,T1,R3,T,12248,1417,1651,54,1428.296296,1682.222222,18313,1600,1116,19563,1381,2163,12248,1416.529311,1651.426764,10560,1690.050284,1338.751042,451200,1418.503382,1163.540492,6792,1526.105565,1270.968934,12248,1416.529311,1651.426764,78,54,520.152106,0.103816,192.87914,0.407888,0.435429,0.846321,1025.601755,70.181135,668.854869,48.559868,470.878976,0.713263,12.978217,199.390699,0.534201,40.772271,626.404356,1.678243,2.80132,67.064781,0.315034
d11_01_G01_0_1_T,glasshouse_b2,Gladius,T0,R1,T,5532,2008,1915,57,1561.701754,433.7368421,13361,1886,1710,15366,1853,1652,5532,2009.56833,1913.909255,7360,1660.738723,463.3574728,527136,1701.449905,1634.635051,7071,1659.175788,453.0625088,5532,2009.56833,1913.909255,103,59,353.244381,0.167023,136.715987,0.424184,0.435429,0.725714,690.257147,53.14583,471.676155,45.541561,307.412535,0.290286,10.311322,139.599204,0.205104,32.393974,438.637826,0.644354,1.963287,51.068473,0.11407
d43_14_G02_1_2_T,glasshouse_b2,5489,T1,R2,T,22498,2415,3188,67,2040.597015,1845.373134,45946,2024,2177,47234,2196,2144,22498,2383.553471,3201.938706,21567,2152.605926,2922.060926,423275,2077.210773,1281.473201,22466,2145.170346,2914.893172,22303,2382.934986,3197.03152,279,193,1124.273654,0.171666,404.433688,0.399621,0.435429,0.725714,2188.789408,152.234409,1410.677982,255.921001,852.713694,15.63896,62.637895,375.812474,10.535272,196.782752,1180.649708,33.245522,12.751482,133.838663,5.644264
d35_43_G06_0_3_S,glasshouse_b2,3811,T0,R3,S,25350,660,3892,55,714.0181818,3632.4,56981,1606,3705,56416,1606,3705,25350,721.2560158,3874.348323,25913,1764.283912,2530.829275,576028,1226.417816,3362.78641,26931,707.2823512,4028.332628,23961,731.0134802,3837.792955,402,290,1514.998796,0.191419,559.746083,0.411453,0.435429,1.563236,2923.013882,220.77255,1964.761244,273.516735,1211.853907,29.628155,62.232734,538.962523,24.174362,195.5099,1693.305346,75.945998,11.916847,192.447839,16.407863
d15_12_G02_0_4_T,glasshouse_b2,5489,T0,R4,T,10258,1087,1558,62,1594.903226,593.1451613,18711,1733,2085,19455,1725,2069,10258,1108.593391,1568.784071,10139,1552.806687,689.3272512,533335,1061.732806,1164.088498,13424,1496.967744,800.5363528,10258,1108.593391,1568.784071,81,51,478.281199,0.106632,188.391987,0.426582,0.435429,0.615789,942.864373,70.91559,641.195668,37.749746,440.458881,0.072571,8.942676,195.111555,0.044689,28.094246,612.961028,0.140394,1.764525,69.129452,0.021613
d13_18_G03_0_2_T,glasshouse_b1,CALINGIRI,T0,R2,T,11969,1173,1550,73,1427.246575,436.5068493,17975,1436,945,18006,1436,945,11969,1199.331105,1544.723703,7293,1260.016454,850.6539147,408760,1054.046805,923.4115716,9607,1408.341522,378.530967,11969,1199.331105,1544.723703,86,58,506.165136,0.114587,191.420289,0.415016,0.435429,1.026315,991.851275,72.141506,662.14159,46.209292,448.755309,11.200536,11.356977,191.070005,8.339232,35.678996,600.264123,26.19847,2.30328,64.876496,4.96173
d33_03_G01_0_3_T,glasshouse_b1,Gladius,T0,R3,T,13421,1552,3276,64,1609.109375,1235.421875,28499,1567,3966,27827,1367,2540,13421,1503.22964,3288.545786,15576,1261.290383,4187.414548,394937,1495.033038,2795.622669,20074,1733.280811,1097.262429,14231,1378.233785,1660.371021,201,141,1060.258512,0.132986,390.477165,0.403521,0.435429,0.725714,2082.082306,142.975367,1344.957155,168.502919,887.901129,3.854464,42.475772,383.105409,2.531978,133.441572,1203.561138,7.954444,8.811694,132.852457,1.311215
d49_43_G06_0_3_S,glasshouse_b2,3811,T0,R3,S,24314,822,3881,104,1650.730769,868.5673077,154362,1614,3715,181992,1781,3463,24230,745.5153529,3850.566612,59871,1746.962336,969.0024219,613361,429.0945821,3188.531592,91383,2155.696661,3856.771062,24025,744.3664516,3851.154256,1820,1533,3704.285512,0.413845,1331.810371,0.437892,0.435429,2.362754,6629.576173,719.796299,5155.627183,1034.859183,2137.990408,531.435922,230.564479,969.630669,440.241338,724.339673,3046.949824,1384.337686,43.462139,357.191125,319.143036
d3_T005_08.10.23,field,3811,na,R2,S,15967,1661,4882,64,1837.546875,3488.484375,174162,1276,5349,174581,1277,5349,15264,1678.015134,4876.58484,83281,1645.751684,4804.269509,501902,1853.07036,4799.005814,87436,1561.052827,4955.377945,12530,426.4992019,6176.632961,897,274,2642.656279,0.103684,466.232042,0.194543,0.18932,0.61054,5254.810805,86.346421,1621.13128,2509.141827,133.412251,0.102202,469.84398,46.099706,0.062398,1476.058396,144.876855,0.19603,73.51054,12.80596,0.029921
d05_32_G04_1_4_S,glasshouse_b1,Forrest,T1,R4,S,1752,1406,666,55,1556.909091,267.9454545,1720,1405,669,2319,1431,613,1752,1405.888699,666.234589,899,1435.509455,601.2502781,320686,1454.440973,287.6364325,879,1565.0876,257.403868,1752,1405.888699,666.234589,15,9,61.376354,0.146636,23.984152,0.4173,0.435429,0.580571,121.205941,8.869035,81.329331,5.360856,56.015498,0,1.358604,24.529326,0,4.268181,77.06115,0,0.282493,8.586542,0
d37_05_G01_1_1_T,glasshouse_b1,Gladius,T1,R1,T,15584,1318,3756,60,1348.266667,3337.35,32198,1636,2483,33035,1627,2541,15584,1443.777464,3745.735498,13805,1373.018761,2214.167258,298977,1314.262465,3440.545213,17931,1346.80648,2639.347443,5761,1380.254817,2604.449575,337,205,1177.125855,0.174153,409.157839,0.385714,0.410526,0.917964,2297.63965,149.140982,1431.442521,286.522493,876.062404,14.540958,70.268238,375.036758,10.33731,220.754179,1178.212724,32.475618,14.305987,129.011181,5.823814
d09_28_G04_0_4_S,glasshouse_b1,Forrest,T0,R4,S,3270,1694,974,78,1595.051282,300.7564103,7655,1601,626,7642,1233,596,3270,1685.097248,974.3152905,3278,1684.969799,973.6766321,366125,861.4022287,864.5812578,7112,1537.936727,331.2173791,3270,1685.097248,974.3152905,83,55,211.079519,0.260565,77.192736,0.40236,0.410526,0.649099,406.225001,28.978462,269.935909,29.678845,180.699862,0.700812,7.130652,78.355229,0.437388,22.401603,246.160211,1.374095,1.423672,27.340277,0.214513
d27_37_G05_1_1_S,glasshouse_b2,Hartog,T1,R1,S,4769,2380,2577,61,2383.836066,2419.442623,12273,1104,1996,12117,1099,2020,4769,2394.973789,2577.341371,5748,1036.898747,2099.149095,167029,2581.190147,2629.30924,4447,995.4198336,2188.166179,4769,2394.973789,2577.341371,96,42,324.420618,0.129462,108.492212,0.36809,0.410526,0.598439,642.340233,37.478947,376.281343,86.674241,237.746377,0,19.213416,100.560655,0,60.360727,315.920617,0,3.612348,33.866599,0
d11_48_G06_1_4_S,glasshouse_b2,3811,T1,R4,S,5858,1315,1413,65,1423.076923,847.3230769,10068,1314,1417,10799,1321,1387,5858,1319.785592,1415.215773,6709,1618.53391,434.4766731,411750,1446.544889,1024.588614,6052,1645.870952,420.6870456,5858,1319.785592,1415.215773,99,65,283.770973,0.229058,105.532376,0.406996,0.435429,0.615789,550.19295,39.860595,367.525159,38.58627,245.009499,0.175203,8.927599,107.951405,0.107888,28.046878,339.139341,0.33894,1.740469,38.067947,0.052179
d45_11_G02_0_3_T,glasshouse_b1,5489,T0,R3,T,22626,1565,3915,57,2825.087719,3400.684211,42884,1621,3374,41369,1698,3715,14227,1471.364307,4198.401982,19860,1481.273917,4222.364955,506268,1892.770068,3416.340302,24992,2949.954866,3581.192782,14052,1469.624466,4203.33497,476,334,1414.296996,0.23616,510.476925,0.404882,0.435429,1.105375,2701.556397,202.794208,1806.321154,312.839186,1047.490669,53.967141,70.851352,465.153113,38.787785,222.586087,1461.395598,122.339469,13.545464,166.909175,22.33957
d27_42_G06_0_1_S,glasshouse_b2,3811,T0,R2,S,12764,940,3001,51,1275.823529,4115.27451,37505,1075,1682,40229,1729,2019,12764,887.5216233,2991.315967,16340,863.5743574,2254.616769,356409,1947.302941,2101.162807,15789,876.4725442,2189.305656,12764,887.5216233,2991.315967,245,151,1013.288896,0.14902,378.337624,0.407038,0.435429,0.870857,1980.728703,142.461668,1308.911283,140.732446,862.567747,9.988703,31.261095,378.328,7.050306,98.209626,1188.552467,22.149191,5.869497,132.648334,3.943838
d05_01_G01_0_1_T,glasshouse_b1,Gladius,T0,R1,T,4453,1696,885,64,1562.984375,318.609375,4036,1638,484,3766,1708,936,4356,1700.748852,892.6166208,2045,1671.065037,772.7070905,372255,1454.768651,805.2827685,1955,1609.920205,390.7258312,4354,1700.774231,892.7675701,53,39,132.607467,0.294101,51.691799,0.427497,0.435429,0.725714,252.416943,20.657647,180.088147,17.817872,112.742123,2.047472,4.025703,51.91354,1.384595,12.647118,163.091196,4.349833,0.763663,19.154959,0.739025
d25_09_G02_0_1_T,glasshouse_b1,5489,T0,R1,T,7657,1100,2921,70,2409.928571,3814.842857,32533,2188,3000,30766,2438,3121,7657,1119.419616,2927.176962,10672,2340.347358,3105.694153,347253,2119.112627,3751.916251,13085,2274.672144,1976.233703,6428,809.2896702,4017.004512,144,90,823.561735,0.109281,327.167219,0.430769,0.435429,0.725714,1622.678313,124.626241,1114.842152,54.710097,766.073294,2.778344,12.79094,340.314301,1.760038,40.183922,1069.128906,5.529323,2.49113,121.257184,0.877927
d07_05_G01_1_1_T,glasshouse_b2,Gladius,T1,R1,T,3684,1594,907,58,1655.362069,191.3103448,7072,1866,321,9081,1610,691,3684,1594.344191,907.2738871,3275,1528.528855,1019.642443,342723,2040.254232,293.5860593,2830,1540.936042,722.9865724,3672,1594.35158,907.6963508,39,23,197.136955,0.11667,70.857001,0.389964,0.435429,0.615789,387.860953,24.617694,241.637012,31.155176,165.003133,0.978646,7.795175,68.517635,0.602639,24.489265,215.2545,1.893248,1.602908,22.723326,0.29146
d07_27_G04_0_3_S,glasshouse_b2,Forrest,T0,R3,S,3982,1444,534,60,1397.35,301.6833333,9538,1453,398,8002,1459,350,3982,1418.503767,534.2656956,3510,1391.229345,286.9344729,389274,1825.569391,269.0379296,2609,1358.783059,702.8440015,3967,1418.469876,534.7393496,58,40,178.354443,0.224273,62.751685,0.383753,0.410526,0.598439,345.871208,22.206459,217.993172,24.900697,153.453746,0,6.00334,63.386042,0,18.860048,199.133124,0,1.200121,21.006338,0
d19_34_G05_0_2_S,glasshouse_b2,Hartog,T0,R2,S,7222,2127,1289,52,1718.115385,717.4807692,27092,1578,1181,27154,1581,1182,7222,2123.577541,1289.145804,13941,1533.756904,801.1215838,448483,1911.934611,951.2201042,14869,2264.06712,2685.387316,7073,2128.785805,1301.138696,136,66,711.610086,0.092747,272.073189,0.413377,0.435429,0.821052,1407.807838,99.477981,924.302033,74.95075,633.059939,3.599396,17.4965,274.241149,2.476826,54.966877,861.553979,7.781177,3.412778,94.709046,1.356157
d35_11_G02_0_3_T,glasshouse_b2,5489,T0,R3,T,14541,1420,4258,69,1543.188406,2357.492754,37698,1647,3693,45756,1463,2900,14541,1435.342824,4254.051716,18256,1515.19862,2734.713519,383190,1449.966197,3878.007135,12902,1409.251821,4361.65672,11071,1397.350104,4381.990877,259,189,980.658489,0.192728,366.256015,0.411608,0.435429,1.248566,1897.506125,140.584634,1272.357026,133.611901,820.121184,26.925403,30.692943,353.937721,20.373156,96.424724,1111.928145,64.004158,5.932499,122.297951,12.354183
d7_T011_04.11.23,field,Gladius,na,R4,T,86828,1546,5861,67,1471.358209,3966.432836,264953,1274,5656,240520,1226,5791,71957,1548.96409,5817.584738,108947,1642.001505,5807.230387,847724,723.7763317,5546.959482,113315,1643.606716,5793.89673,70082,1547.022345,5826.410847,1295,602,4399.941268,0.13682,781.926752,0.198218,0.18932,0.682604,8672.267761,148.97647,2742.683471,4123.291694,275.93717,0.712403,777.36895,95.143039,0.46294,2442.208432,299.020669,1.45437,122.359766,26.380085,0.236619
d35_18_G03_0_2_T,glasshouse_b2,CALINGIRI,T0,R2,T,20827,1195,2269,82,1421.365854,1169.195122,44473,1368,1496,47036,1325,1784,18492,1199.557917,2318.664774,22283,1535.415608,1034.866131,597827,1416.492275,1815.622836,22767,1030.118461,2401.550929,18367,1199.172157,2319.284859,241,153,1125.195416,0.135976,396.038708,0.387075,0.435429,0.781618,2207.810112,142.729995,1372.495712,290.386754,826.451748,8.356914,72.408728,358.804076,5.66615,227.478728,1127.216249,17.800735,14.904144,124.793623,3.032228
d07_14_G02_1_2_T,glasshouse_b2,5489,T1,R2,T,3301,1930,915,61,1971.836066,1071.836066,3434,1930,915,3434,1930,915,3301,1922.66495,918.7973341,1552,1536.485825,229.7918814,318484,2028.824437,881.9560041,1731,1539.481225,237.2853842,3301,1922.66495,918.7973341,18,8,89.936201,0.088952,33.348189,0.395699,0.410526,0.52332,178.998523,11.529906,111.541273,12.232009,77.704192,0,2.687106,32.817584,0,8.441793,103.09948,0,0.498563,11.031343,0
d4_T002_14.10.23,field,Gladius,na,R2,T,204975,1025,5501,75,246.2133333,3340.56,359147,1135,5471,380452,1349,5264,85743,864.3060192,5391.724596,176320,1113.858536,5203.421348,940089,532.0595039,3291.213901,291981,1041.875554,5675.056144,81616,851.448466,5417.616166,1543,1190,5898.957957,0.201731,1119.133962,0.214676,0.18932,0.935174,11462.86035,237.021641,3970.290706,5217.173124,675.75794,6.026892,1019.434307,240.126698,4.092133,3202.679177,754.755714,12.855814,165.785282,69.020587,2.215772
d21_33_G05_0_1_S,glasshouse_b1,Hartog,T0,R1,S,4758,1324,3591,62,1287.612903,801.516129,15675,1601,2973,20269,1259,2525,4758,1328.249895,3590.811055,9257,1169.248137,2370.428757,345186,1454.248996,3076.453338,10089,1281.401725,786.2009119,4758,1328.249895,3590.811055,105,41,497.850367,0.082354,182.546047,0.400239,0.435429,0.725714,986.771794,65.835949,627.427606,67.946906,428.882304,1.021157,16.040851,183.02495,0.60592,50.393821,574.989839,2.043946,3.165645,62.343575,0.326729
d17_11_G02_0_3_T,glasshouse_b1,5489,T0,R3,T,6510,1328,2559,59,1659.661017,1235.322034,20306,1526,2561,20305,1526,2561,6510,1328.101382,2559.014286,8280,1474.600121,2587.129106,381818,1457.949172,2219.785542,10352,1400.523764,2467.755506,6510,1328.101382,2559.014286,91,53,532.711477,0.099491,205.866606,0.41516,0.435429,0.580571,1053.170315,75.171381,693.531715,63.563812,469.147665,0,14.942583,205.815418,0,46.94351,646.588205,0,2.942179,72.229201,0
d41_38_G05_1_2_S,glasshouse_b1,Hartog,T1,R2,S,4170,2169,1835,66,1005.742424,2346.80303,23103,957,2317,20237,905,2345,4170,2170.288489,1833.434053,11286,854.3638136,1944.236576,396961,907.1679838,1630.699877,12619,758.1673667,2754.382518,3752,872.4248401,1673.422708,312,162,754.268901,0.214778,246.514319,0.36184,0.410526,0.649099,1471.212652,86.321484,865.483197,244.725471,508.28695,1.256481,58.039815,216.651553,0.800489,182.337458,680.630928,2.514811,11.50622,74.414472,0.400792
d09_23_G03_1_3_T,glasshouse_b1,CALINGIRI,T1,R3,T,6090,1507,1302,64,1525.265625,1151.65625,5295,1566,925,7590,1532,1166,6090,1509.629885,1302.243842,3097,1478.962867,1533.404908,387517,1453.160919,989.325498,2515,1612.741948,298.7168986,4256,1489.373825,1445.065085,72,56,183.144006,0.30577,68.43436,0.410191,0.435429,0.615789,349.808622,26.147956,239.485679,23.436817,159.604557,0.102631,5.691268,70.476192,0.063199,17.879644,221.407488,0.198547,1.140291,24.9771,0.030566
d4_T011_14.10.23,field,Gladius,na,R4,T,55035,741,6271,86,918.2325581,5577.930233,217108,1057,5711,218236,1057,5711,46854,770.5952533,6332.710078,110532,1055.549162,6296.357082,581745,475.6353798,6064.345995,141823,900.9713023,6082.64553,38749,797.8183695,6313.736277,1191,487,3802.697681,0.128067,677.550616,0.198188,0.18932,0.83387,7521.543159,128.907338,2370.487596,3565.262962,236.066772,1.367947,672.966037,80.553574,0.971555,2114.201081,253.234286,3.052229,106.285975,22.074625,0.546739
d31_21_G03_1_1_T,glasshouse_b2,CALINGIRI,T1,R1,T,22532,1923,3285,68,1709.205882,2903.308824,33510,1429,2099,33831,1429,2099,22532,1856.93507,3303.281821,14942,1672.452416,2986.036207,533957,1980.358134,2551.088573,15161,1573.082251,1609.685707,21264,1859.118322,3357.791996,193,167,1013.164117,0.16483,351.5885,0.389537,0.435429,0.740086,1976.404829,126.219626,1242.365381,191.916818,815.022879,6.224419,51.52763,339.69974,4.229813,161.878823,1067.198208,13.28835,11.183963,112.769735,2.265928
d3_T004_08.10.23,field,3811,na,R1,S,47818,1414,5188,71,609.1267606,4578.267606,203085,1133,5125,221052,1100,5020,33267,1434.624553,5123.934981,91879,1175.234863,3089.7786,470473,1942.452542,4487.124889,170953,1270.435038,5269.555521,32833,1438.106478,5116.733926,1022,381,3643.493095,0.10457,646.57756,0.196622,0.18932,0.682604,7225.725337,120.224599,2251.339116,3453.880052,189.010105,0.602938,651.167464,65.028008,0.389829,2045.718847,204.395587,1.224682,102.111116,17.915201,0.198283
d27_23_G03_1_3_T,glasshouse_b2,CALINGIRI,T1,R3,T,18028,1561,2997,64,1720.0625,3148.1875,23944,1433,1897,25328,1429,1941,7543,1564.378364,3849.375182,12998,1800.288352,2739.378981,395127,859.1051814,1565.857952,8419,1503.386863,1611.552322,7546,1564.378876,3849.445402,141,87,646.363554,0.134599,238.156206,0.403794,0.435429,0.598439,1270.556202,86.575524,822.292521,83.073959,563.289595,0,19.680546,242.063293,0,61.828257,760.464264,0,3.897325,82.678199,0
d45_47_G06_1_3_S,glasshouse_b1,3811,T1,R3,S,5249,681,4663,71,1385.830986,3818.901408,29722,1506,2771,30348,1502,2773,5249,689.4069347,4663.033149,14383,1512.352986,3591.752833,333036,865.6714199,4308.085925,14834,901.5954564,4388.977552,4913,1139.093833,4494.899858,454,256,1224.137794,0.209127,396.217772,0.363139,0.410526,0.973648,2373.732709,144.69384,1406.253487,451.81466,742.955204,29.367929,105.25727,321.522627,20.719001,330.675466,1010.286075,65.291946,20.591243,112.427572,11.675025
d43_26_G04_0_2_S,glasshouse_b2,Forrest,T0,R2,S,6886,970,3973,72,1379.111111,3647.722222,39811,1544,3719,41461,1534,3693,6886,982.4491722,3973.26779,16339,1465.60224,3607.763143,381368,1849.004439,877.2185868,9885,1252.799494,2609.279009,6886,982.4491722,3973.26779,266,166,874.81749,0.189754,317.887448,0.401875,0.435429,1.170179,1698.997946,120.715694,1113.806459,134.471925,728.414157,11.931408,30.512797,314.091586,9.773007,95.85878,986.852463,31.095216,5.843681,108.16744,6.704573
d13_19_G03_0_3_T,glasshouse_b1,CALINGIRI,T0,R3,T,8017,1683,1620,58,1532.224138,741.5689655,13330,1481,2053,14368,1480,2035,8017,1687.760634,1620.333541,6116,1572.269294,1154.689176,400692,1826.29177,938.5102298,9481,1566.081848,2078.667546,8017,1687.760634,1620.333541,80,48,485.814987,0.098803,184.426228,0.416433,0.435429,1.026315,958.098974,69.239938,639.145208,38.25384,442.620248,4.9409,10.005655,189.459596,3.980987,31.433692,595.204875,12.50664,2.128801,64.509997,2.601141
d19_28_G04_0_4_S,glasshouse_b2,Forrest,T0,R4,S,3666,1516,2081,88,1501.659091,692.2954545,13989,1148,942,13989,1148,942,3666,1515.539553,2081.227223,9993,1501.776243,845.3405384,315579,1452.05462,2606.097415,5105,1529.843291,602.3572968,3666,1515.539553,2081.227223,116,58,395.509028,0.146646,139.754823,0.385718,0.435429,0.580571,779.239086,49.098743,479.687994,74.042539,321.466489,0,17.224572,135.464858,0,54.11259,425.575404,0,3.326867,45.771876,0
d43_33_G05_0_1_S,glasshouse_b2,Hartog,T0,R1,S,6793,1361,560,85,1129.564706,737.5176471,46412,2004,2817,62987,1793,2434,6793,1361.396585,560.3494774,29304,1463.531634,710.2629334,336979,1458.856531,800.1429258,26601,1485.284914,659.9982707,6089,2005.964034,2760.088028,473,315,1200.239698,0.262448,444.18081,0.423824,0.435429,1.622746,2264.3325,203.197283,1612.384191,269.243717,845.382754,85.613226,59.350449,378.868777,74.907296,186.454934,1190.460653,235.468605,11.094099,137.098659,55.004524
d15_48_G06_1_4_S,glasshouse_b2,3811,T1,R4,S,9334,1256,1704,64,1551.375,592.203125,16981,1249,1816,17300,1250,1809,9334,1267.986072,1700.811978,7086,1545.686142,504.392464,486979,1412.925101,1145.581333,6820,1549.418915,491.1398827,6098,1300.976878,1426.433421,114,76,407.667429,0.186426,149.261058,0.399734,0.435429,0.740086,798.119438,54.615381,516.421099,56.876925,350.119752,0.670752,13.230651,150.686817,0.464473,41.565316,473.396599,1.459184,2.572062,51.789267,0.254052
d45_22_G03_1_2_T,glasshouse_b1,CALINGIRI,T1,R2,T,13424,2007,4168,58,2000.396552,2395.534483,29362,1951,4408,29038,1949,4415,13424,1942.629246,4142.770039,18788,1965.361294,4681.711145,566015,1940.119855,3562.602906,19332,2021.100662,4650.827281,13279,1944.787183,4134.174938,257,187,1121.952316,0.166674,389.587108,0.388694,0.435429,1.231578,2185.665575,141.42325,1369.896592,223.264073,887.641029,11.047215,54.708141,372.830663,8.512825,171.870693,1171.282073,26.743827,11.1425,124.954331,5.326419
d15_40_G05_1_4_S,glasshouse_b2,Hartog,T1,R4,S,3692,1658,2081,65,1162.830769,1212.4,8120,1678,1825,12020,1618,1521,3692,1661.01598,2081.394095,3483,1660.072064,2097.667528,367103,1460.564814,931.1403503,3434,1659.876238,2101.464473,3692,1661.01598,2081.394095,52,24,204.519863,0.117348,79.099249,0.419784,0.435429,0.580571,403.642767,30.275474,270.705648,29.425028,175.094834,0,6.78143,79.386854,0,21.30449,249.401158,0,1.318773,28.956701,0
d45_33_G05_0_1_S,glasshouse_b1,Hartog,T0,R1,S,6015,2014,2758,59,1160.254237,2185.694915,40886,2055,3037,44814,2057,3012,6015,2014.086284,2757.991355,20942,2203.463518,2429.352832,348062,857.7785251,2072.274807,31149,1494.415968,678.1779832,7949,1371.855328,555.9701849,624,440,1408.606364,0.312365,515.701404,0.424634,0.435429,2.21551,2628.022743,247.192186,1897.782001,339.816013,949.835377,118.954975,74.186694,427.244755,102.381604,233.064374,1342.578663,322.138964,13.773763,155.416937,78.001486
d27_30_G04_1_2_S,glasshouse_b2,Forrest,T1,R2,S,2458,669,2229,63,711.1746032,2409.746032,12052,753,2368,9941,889,2088,2458,673.8868999,2229.655004,5686,742.1702427,2259.185895,373299,870.4807246,2475.524196,5430,729.8537753,2279.974954,2268,665.8143739,2244.974868,95,39,295.302536,0.132068,93.861563,0.348845,0.324549,0.598439,583.283018,30.735625,326.491982,94.812556,200.489981,0,23.050012,80.875613,0,72.41375,254.078232,0,4.650267,26.085358,0
d37_46_G06_1_2_S,glasshouse_b1,3811,T1,R2,S,11190,1454,3910,64,1226.90625,3861.75,20597,1799,2826,20527,1799,2826,10925,1535.362654,3926.966041,9873,1274.059151,3806.581586,352943,1432.563941,3298.355006,15692,1302.648674,4166.115537,10871,1535.886671,3925.005059,229,127,794.921567,0.159764,258.206199,0.360301,0.410526,0.725714,1560.00279,88.72696,905.880088,239.390251,554.860565,0.670752,55.936174,231.967909,0.446504,175.728673,728.74868,1.402734,11.019971,77.473022,0.233966
d45_16_G02_1_4_T,glasshouse_b1,5489,T1,R4,T,11948,1985,3361,66,1616.212121,689.2424242,37120,2339,4024,48694,2357,3596,11948,2060.781972,3323.735353,18245,2433.356591,4357.987503,567479,2065.170974,2993.184971,31570,2379.697878,4093.109724,8688,2090.649632,3551.597261,568,414,1498.691766,0.276241,505.294579,0.38722,0.410526,1.741714,2833.649911,205.639326,1831.966254,423.271841,1014.534329,60.885596,97.821425,433.552455,51.556883,307.315069,1362.045209,162.605976,19.023999,149.748773,36.866554
d21_24_G03_1_4_T,glasshouse_b1,CALINGIRI,T1,R4,T,10329,2349,2557,51,1419.784314,1191.941176,21687,918,2726,21682,918,2726,10329,2351.79117,2555.244264,7713,1104.452872,2684.085311,565338,1448.473046,2340.31271,10460,1087.268164,2283.984799,11283,2337.406186,2470.891518,72,36,627.192398,0.057399,224.815877,0.396867,0.435429,0.615789,1245.438247,79.942112,781.421608,71.934428,555.112827,0.145143,17.517802,231.127044,0.089377,55.033797,726.107023,0.280787,3.550575,76.348311,0.043226
d35_46_G06_1_2_S,glasshouse_b2,3811,T1,R2,S,11226,1449,3906,65,1732.153846,2980.6,26423,1742,2162,28025,1770,2293,10922,1530.867607,3920.724593,14194,1326.969494,2319.007186,399045,1423.06407,2094.3017,14422,1308.008321,4133.522674,10708,1533.059301,3909.345443,197,103,722.476636,0.142565,243.106821,0.372429,0.410526,0.725714,1421.735421,85.107212,850.339587,171.725604,549.3318,1.419232,39.606093,230.140404,0.925,124.42621,723.007403,2.905974,7.715146,76.916834,0.475231
d35_10_G02_0_1_T,glasshouse_b2,5489,T0,R2,T,17072,2486,2799,71,2197.816901,2847.591549,53748,2257,3572,59415,2116,1541,15913,2513.199837,2857.520266,23321,1947.577334,2565.067021,468609,2558.405479,2292.727252,21265,1758.569245,666.3010111,15888,2513.51712,2858.164653,415,341,1462.218979,0.233207,554.389938,0.421379,0.435429,1.170179,2795.220717,220.509869,1941.911348,182.466479,1239.823841,39.928659,42.248886,546.15204,29.517849,132.728791,1716.028317,93.15424,8.206149,194.452452,17.851268
d2_T024_02.10.23,field,3811,na,R9,S,36881,1217,3736,77,583.5714286,2830.363636,190849,971,2122,193147,981,2120,30650,1193.931811,3670.374747,99908,1277.415793,3703.307343,502465,958.3337745,3257.380809,81268,1340.769553,3761.092816,27750,1176.686631,3655.04645,998,422,3348.168255,0.126039,620.602701,0.204625,0.18932,0.598684,6633.365126,120.285005,2157.120794,3107.052209,241.116045,0,604.919295,81.708511,0,1900.425936,256.694858,0,98.119856,22.165149,0
d17_30_G04_1_2_S,glasshouse_b1,Forrest,T1,R2,S,2811,1044,1808,61,782.1803279,2316.934426,6296,950,2005,6296,950,2005,2811,1043.264674,1807.212736,1948,2010.409651,1976.602156,218934,888.313542,2043.103766,2663,778.9279009,2302.364626,2811,1043.264674,1807.212736,55,19,174.460337,0.108907,57.890602,0.360049,0.410526,0.580571,347.120091,19.210921,198.943062,47.2429,127.217437,0,11.415247,51.910297,0,35.862055,163.081006,0,2.290661,16.92026,0
d15_22_G03_1_2_T,glasshouse_b2,CALINGIRI,T1,R2,T,9498,2026,1890,61,2061.721311,2370.360656,14871,1787,2051,21465,1783,1692,9498,2057.721626,1889.944304,7897,1892.769913,1618.53476,607640,1968.839609,1297.391918,7148,1902.450476,1640.262171,9498,2057.721626,1889.944304,50,22,400.0774,0.054989,154.459204,0.416572,0.435429,0.580571,796.512892,55.631629,523.093291,27.513268,372.564132,0,6.935685,159.536772,0,21.789098,501.304193,0,1.43555,54.196079,0
d05_39_G05_1_3_S,glasshouse_b1,Hartog,T1,R3,S,1097,1695,653,66,1699.939394,368.1363636,1097,1695,653,1097,1695,653,1097,1695.34093,653.0556062,508,1769.122047,461.2185039,335349,1462.170333,293.9530728,756,1706.874339,375.4497354,1339,1732.861837,410.8364451,12,6,40.979876,0.146413,14.546383,0.386495,0.410526,0.725714,80.880611,5.142534,49.954374,7.568943,32.842813,0.56812,1.872305,13.660176,0.36849,5.88202,42.914709,1.157646,0.3805,4.573831,0.188203
d29_29_G04_1_1_S,glasshouse_b1,Forrest,T1,R1,S,3695,981,3325,55,2509.509091,2294.727273,8818,1096,3039,8814,1096,3039,3695,976.9036536,3320.569147,4922,939.5388054,3422.934376,268480,2591.420847,2635.745966,4582,2500.019206,2730.905718,3695,976.9036536,3320.569147,81,33,306.131151,0.107797,101.034689,0.361193,0.410526,0.615789,606.745105,34.03375,348.856079,86.570358,219.458162,0.102631,19.92805,91.05309,0.063199,62.605815,286.051718,0.198547,3.836823,30.166361,0.030566
d21_37_G05_1_1_S,glasshouse_b1,Hartog,T1,R1,S,5050,2360,2546,62,1067.516129,1978.419355,7936,2362,2531,7936,2362,2531,5050,2374.720396,2545.975842,4700,1000.669149,2158.317021,365403,2567.278854,2125.869016,4575,983.8555191,2157.155628,5050,2374.720396,2545.975842,79,41,282.078242,0.14535,102.55674,0.394582,0.435429,0.580571,555.180759,36.925497,352.015227,48.321157,233.757085,0,10.92935,101.120577,0,34.335565,317.679662,0,2.083658,34.841839,0
d05_29_G04_1_1_S,glasshouse_b1,Forrest,T1,R1,S,1474,1477,376,51,1469.019608,201.745098,1673,1477,366,1673,1477,366,1474,1476.929444,376.3398915,679,1307.762887,776.6450663,324522,1453.851357,288.2836726,890,1469.082022,420.4730337,1961,1478.156553,338.6047935,19,11,56.145168,0.195921,20.903184,0.405644,0.435429,0.580571,108.88891,7.741952,72.597699,5.916524,50.228644,0,1.467551,21.607705,0,4.610447,67.987252,0,0.29649,7.445462,0
d13_47_G06_1_3_S,glasshouse_b1,3811,T1,R3,S,4564,1182,1435,66,1520.409091,390.3787879,8767,1423,1584,10170,1421,1506,4564,1182.268624,1434.948072,3798,1555.249868,819.2116904,451821,1419.415924,1111.213253,4036,1554.601338,350.3481169,4564,1182.268624,1434.948072,64,40,259.972398,0.153862,98.027454,0.408732,0.435429,0.88287,509.114411,36.147147,336.267004,30.29677,225.838772,3.836856,7.809141,96.47163,2.756341,24.53314,303.074563,8.659301,1.642341,32.935418,1.569388
d1_T008_27.09.23,field,3811,na,R4,S,30339,1395,6443,68,1470.058824,6251.132353,168921,1016,3025,221064,1044,3488,19179,1320.89452,6318.675948,83964,728.6980968,3296.953766,402047,1419.681107,5985.174659,102432,902.5977136,2955.308078,19165,1321.161179,6318.6539,1356,567,4512.722967,0.125645,801.222412,0.196656,0.18932,0.61054,8920.436003,151.021432,2800.240888,4248.920635,263.657797,0.144535,801.024416,90.18101,0.088244,2516.651662,283.311998,0.277228,126.29795,24.681167,0.042315
d31_27_G04_0_3_S,glasshouse_b2,Forrest,T0,R3,S,11283,739,3223,57,1427.754386,659.3333333,24981,730,3002,34528,862,2170,11283,827.1229283,3201.93858,10414,695.6391396,2949.880641,383457,872.8358382,2234.680533,12552,698.6979764,2804.105481,5801,903.5150836,3697.577487,138,86,645.182755,0.133296,232.852727,0.397925,0.435429,0.725714,1268.597837,84.628115,809.648232,92.206026,551.647677,1.329052,21.916787,234.884104,0.884837,68.853617,738.014818,2.779796,4.330042,79.833472,0.464601
d35_25_G04_0_1_S,glasshouse_b2,Forrest,T0,R1,S,5770,1519,1872,87,1396.724138,751.7471264,30700,913,3341,32005,938,3245,5770,1488.259965,1856.264818,15571,1406.306339,831.5423544,507635,1269.518422,2749.120896,12499,813.4710777,2955.058565,4853,2184.180301,3178.770451,219,139,748.22588,0.185773,272.173254,0.405643,0.435429,1.248566,1448.944727,106.492052,958.865925,124.348027,606.65816,17.219692,28.822498,261.431873,14.887651,90.548549,821.406049,46.911328,5.601327,90.298051,10.592674
d13_46_G06_1_2_S,glasshouse_b1,3811,T1,R2,S,4774,1636,1478,61,1599.885246,539.295082,7197,1633,1748,8216,1647,1287,4774,1648.798282,1477.826142,3643,1646.293988,1384.659621,364496,1460.114937,1019.497525,2642,1150.447767,1824.698713,4774,1648.798282,1477.826142,67,37,236.696196,0.156319,88.352687,0.407875,0.435429,0.929368,461.475572,32.94462,304.766522,33.91289,199.804856,2.97845,8.310993,86.386616,2.312588,26.109755,271.391557,7.265211,1.688487,29.826669,1.429464
d19_22_G03_1_2_T,glasshouse_b2,CALINGIRI,T1,R2,T,11606,2104,2267,58,1839.137931,2179.534483,16898,1690,1447,17002,1791,2460,11606,2103.970877,2267.490781,7559,1931.125281,2234.975261,684363,2003.177784,1443.315672,9997,2051.573972,2690.293788,7370,1798.28019,2189.742198,65,39,476.283228,0.081884,176.189246,0.406277,0.435429,0.598439,942.45147,63.052778,607.258134,42.387024,433.896204,0,11.002152,182.294115,0,34.56428,572.693853,0,2.334023,60.718755,0
d15_05_G01_1_1_T,glasshouse_b2,Gladius,T1,R1,T,6397,2413,1779,67,1893.626866,580.7313433,16865,1653,2194,17024,1653,2194,6397,2413.328904,1779.095201,7507,1511.162781,1949.758359,358966,1464.342615,962.0581949,12736,1520.113772,2230.156721,4825,1426.866943,1475.82114,89,51,446.285959,0.114277,168.668524,0.408491,0.435429,0.649099,880.099428,60.937086,575.197388,48.608421,397.242109,0.435429,11.752748,171.058048,0.280219,36.922348,537.394707,0.880333,2.367358,58.428042,0.141687
d19_23_G03_1_3_T,glasshouse_b2,CALINGIRI,T1,R3,T,12209,1483,2449,52,1750.538462,1564.711538,15678,1483,1497,16205,1488,1573,12209,1503.452945,2443.063969,8321,1680.383728,2034.107078,493400,1508.666998,1782.065843,3640,1517.582692,2570.66044,10542,1497.690761,2300.089262,103,65,427.487304,0.152051,154.127407,0.396002,0.435429,0.580571,835.759385,55.303489,534.558065,54.623305,372.863999,0,12.723922,157.397885,0,39.973381,494.584684,0,2.476598,52.826891,0
d7_T022_04.11.23,field,3811,na,R7,S,45013,907,5242,67,1722.328358,5787.850746,177331,1223,5312,181099,1220,5300,43941,904.2144239,5240.781594,82946,910.0748077,4779.405734,441244,948.0735398,4925.282789,126093,1298.7443,5243.64619,39956,919.8996646,5290.974697,997,441,2943.643212,0.149814,536.920073,0.202813,0.18932,0.677333,5818.918128,105.40719,1879.620632,2704.904795,238.280014,0.458403,515.433839,82.561648,0.291136,1619.283161,259.422839,0.914632,82.212824,23.048926,0.14544
d43_01_G01_0_1_T,glasshouse_b2,Gladius,T0,R1,T,9855,2188,2488,56,2449.5,2186.125,67876,1318,3754,59503,1143,3398,9855,2168.094368,2526.745814,25422,2065.531272,4203.654591,434362,2388.730985,2128.311832,26295,772.1307473,2969.553489,7845,499.9923518,3095.649713,461,323,1618.199881,0.199605,607.782853,0.414791,0.435429,1.170179,3136.456365,237.376865,2116.079109,278.900142,1320.933492,18.366247,63.863439,595.764073,13.941388,200.632911,1871.648035,43.798162,12.274734,216.482514,8.619616
d13_03_G01_0_3_T,glasshouse_b1,Gladius,T0,R3,T,15228,1348,1371,65,1557.369231,608.4923077,14412,1498,1112,14625,1496,1118,15228,1339.282112,1371.410625,6879,1467.371856,1008.850996,389253,1443.530167,1048.991134,7723,1466.419138,1003.039622,11102,1316.577914,1481.18294,75,55,480.069116,0.114567,188.144456,0.425362,0.435429,0.740086,942.019758,71.259961,644.6534,33.637192,439.678875,6.753049,8.602309,192.11127,4.485971,27.02495,603.535355,14.093094,1.798493,67.109656,2.351812
d25_40_G05_1_4_S,glasshouse_b1,Hartog,T1,R4,S,5073,1651,3432,62,2452.306452,2525.66129,13072,2439,2287,15050,1662,2635,5073,1620.671003,3439.283856,7089,1631.098603,3279.604175,347343,2595.484504,2504.598964,8856,2570.540425,1928.094738,5073,1620.671003,3439.283856,91,47,473.375883,0.099287,180.929197,0.411913,0.435429,0.649099,934.650313,65.885301,615.397802,49.569459,423.293267,0.513157,12.123218,183.441152,0.322834,38.086214,576.297375,1.014213,2.461307,63.264373,0.159621
d49_37_G05_1_1_S,glasshouse_b2,Hartog,T1,R1,S,4678,2380,2596,59,1658.779661,757.4067797,14399,1626,2270,16516,1626,2270,4678,2394.709277,2596.541043,9834,1651.735611,814.6201952,375874,1865.973371,871.6082224,5398,1471.32827,729.2951093,4678,2394.709277,2596.541043,211,121,435.054933,0.278126,137.505979,0.357102,0.410526,0.725714,832.767107,50.380734,494.954236,163.667672,259.41032,11.97694,37.254832,112.552811,7.622015,117.039505,353.595083,24.319648,7.150215,39.28437,3.94615
d09_11_G02_0_3_T,glasshouse_b1,5489,T0,R3,T,4426,2173,1066,55,1513.890909,1430.345455,8006,2027,853,7296,1554,1347,4426,2174.281292,1065.692273,3223,1557.012721,1190.296928,356066,1455.944331,781.7070824,5774,1514.96796,338.0261517,4288,2181.663479,1075.300606,66,44,243.448512,0.180736,92.165714,0.410214,0.435429,0.615789,474.462774,33.940991,315.689927,27.210531,216.135349,0.102631,6.404351,94.019675,0.063199,20.119862,295.371519,0.198547,1.256847,32.653578,0.030566
d41_06_G01_1_2_T,glasshouse_b1,Gladius,T1,R2,T,6315,1488,1610,77,1611.467532,1098.558442,26885,1708,1182,25859,1708,1182,6008,1487.759654,1618.416611,12153,1929.50539,1196.793549,363487,1930.734959,1403.321109,17176,1837.11126,1111.334944,6175,1887.296356,602.5201619,413,277,1030.296765,0.268855,322.716932,0.35564,0.324549,1.133602,1968.124104,117.687798,1160.045967,429.175762,580.569433,20.551569,105.594355,246.968492,16.691253,331.734451,775.8744,52.437117,21.456686,85.180324,11.050788
d31_44_G06_0_4_S,glasshouse_b2,3811,T0,R4,S,9712,674,2871,58,883.0517241,3479.362069,41449,1201,1434,45154,1203,3151,7334,798.7781565,1445.631443,18572,1524.524876,981.1356881,399340,861.2349777,1054.203906,13249,812.5727225,2743.852819,7254,795.4565757,1452.093879,280,180,1197.930874,0.150259,420.086059,0.387157,0.435429,1.056656,2341.142587,152.119651,1460.662022,269.074039,921.648613,7.208223,63.388363,396.291948,5.262851,199.140417,1244.987872,16.533733,12.505453,136.525873,3.088324
d37_01_G01_0_1_T,glasshouse_b1,Gladius,T0,R1,T,8317,969,2807,45,2261.088889,2161.577778,34658,2313,3077,34994,2316,3064,7263,951.1763734,2731.648768,14017,2394.19084,2289.895698,390361,2417.705398,2078.439168,34501,2368.162053,3092.982001,7265,951.2053682,2731.806882,320,186,1097.705825,0.169444,402.042646,0.402108,0.435429,0.846321,2146.584996,149.196013,1388.707901,197.134971,895.592601,4.978253,46.597536,391.938139,3.473987,146.484071,1231.309979,10.913851,9.184144,138.089015,1.922854
d49_22_G03_1_2_T,glasshouse_b2,CALINGIRI,T1,R2,T,9521,1159,2554,55,1752.2,4392.763636,41677,1954,3860,45379,1933,3764,9521,1147.420019,2558.173091,18899,1961.251548,4504.291497,433507,1968.82162,3498.539468,16684,1768.084812,1050.457804,9521,1147.420019,2558.173091,347,249,1269.034365,0.196212,421.070916,0.371692,0.410526,0.821052,2469.627893,148.407642,1485.052839,355.45836,907.093497,6.482508,87.48047,380.844758,4.348464,274.828001,1196.563737,13.661101,17.855104,128.249924,2.302615
d09_21_G03_1_1_T,glasshouse_b1,CALINGIRI,T1,R1,T,2743,1832,1459,52,1754.461538,1247.403846,7417,1607,900,7874,1613,920,2711,1650.030247,1026.70343,3915,1742.241124,906.8319285,348703,2040.250282,1471.831189,4987,1811.975937,1493.254261,2711,1650.030247,1026.70343,80,46,253.75387,0.181278,94.688422,0.407575,0.435429,0.917964,494.39758,35.215964,326.907604,35.401673,216.382453,1.969744,8.56934,94.014416,1.474166,26.921377,295.354999,4.631228,1.727323,32.610737,0.877904
d31_16_G02_1_4_T,glasshouse_b2,5489,T1,R4,T,9874,1895,3165,56,1545.464286,898.5535714,29485,1873,3122,40606,1934,2259,9874,1970.034535,3147.525724,10479,1590.805516,769.4459395,466319,1990.833584,2301.007821,16406,2139.297513,3383.888334,9802,1968.219241,3142.785758,182,128,713.312614,0.179444,257.295075,0.394819,0.410526,0.725714,1388.79171,92.867709,888.972976,112.172751,599.024976,2.114886,27.204328,254.350692,1.370437,85.464918,799.202705,4.305354,5.48751,86.68036,0.699839
d45_14_G02_1_2_T,glasshouse_b1,5489,T1,R2,T,30727,2465,3916,54,2081.814815,1886.740741,44788,2197,2704,47043,2193,2746,30725,2353.002441,3887.877071,17216,2174.425883,3187.907876,754794,2198.465058,4105.118928,29152,2193.7948,2966.079308,22336,2372.054934,3206.033175,385,269,1363.208517,0.197329,485.039188,0.395953,0.435429,0.870857,2643.197047,186.172813,1701.259429,365.80226,964.417935,32.988322,87.381458,431.792032,22.307099,274.516947,1356.514677,70.227805,17.491201,156.711352,11.970261
d45_06_G01_1_2_T,glasshouse_b1,Gladius,T1,R2,T,6016,1488,1629,61,1879.229508,1073.737705,34377,1799,1223,29877,1818,1163,6016,1496.086935,1632.273438,18324,1996.683039,1185.501528,379516,1441.532136,1520.37492,16172,1797.91442,1281.86186,6325,1893.643162,605.2814229,567,409,1293.922574,0.316093,401.552851,0.354437,0.324549,1.196879,2450.837192,149.252098,1453.897792,568.525597,677.646443,47.750534,138.657455,288.428553,35.621366,435.605243,906.384728,111.907822,27.93612,99.771227,21.544752
d11_12_G02_0_4_T,glasshouse_b2,5489,T0,R4,T,7169,1190,1196,55,1473.4,431.6909091,15735,1542,606,16012,1542,615,7169,1189.921188,1195.525178,10115,1644.123085,456.6251112,393445,1047.373966,881.0162691,5888,1557.29144,333.9733356,7169,1189.921188,1195.525178,74,59,366.315265,0.161063,147.459876,0.440279,0.435429,1.170179,708.880662,58.526418,508.796482,20.225181,339.927922,6.162163,4.841252,152.101994,5.011705,15.209243,477.842506,15.744734,0.958609,54.245097,3.322711
d33_20_G03_0_4_T,glasshouse_b1,CALINGIRI,T0,R4,T,17099,1806,2381,49,1730.020408,4193.102041,35333,1206,4009,36221,1184,3929,17099,1869.788994,2376.319434,16737,1567.609189,4353.958834,658910,1725.669348,1856.393905,21049,1584.49209,4215.021711,17682,1870.805678,2343.250481,231,167,1339.912355,0.124635,475.280155,0.392449,0.410526,0.88287,2630.371952,170.697247,1655.727929,231.908252,1098.390709,9.613395,59.942661,460.182689,6.87591,188.315425,1445.811197,21.601307,12.644289,154.157909,3.895049
d07_43_G06_0_3_S,glasshouse_b2,3811,T0,R3,S,2884,1722,423,66,1754.393939,324.1969697,8515,1705,473,8515,1705,473,2884,1726.736824,424.5492372,6303,1690.767095,363.4459781,415865,1876.493619,271.9751722,6339,1690.913236,364.6275438,2830,1726.788339,422.9190813,64,42,188.203009,0.223163,61.57723,0.359679,0.410526,0.598439,366.459827,20.943112,214.305374,54.397045,133.805964,0,12.699627,55.515892,0,39.897054,174.40832,0,2.467357,18.475756,0
d27_18_G03_0_2_T,glasshouse_b2,CALINGIRI,T0,R2,T,19248,1202,2319,57,1124.122807,2425.035088,43476,1398,1495,48269,1357,1718,19248,1227.624377,2320.007066,22136,1456.676455,1072.055566,403439,1430.433406,1062.678901,21879,1180.494447,2174.20883,19171,1227.370716,2320.675604,179,127,975.635928,0.130172,356.870912,0.403209,0.435429,0.781618,1908.849097,131.315187,1237.389109,153.779831,810.988358,10.867739,38.753725,347.763548,7.355913,121.748419,1092.531407,23.109282,8.040356,119.343699,3.931133
d07_07_G01_1_3_T,glasshouse_b2,Gladius,T1,R3,T,7209,1491,1055,52,1509.423077,1024.057692,9038,1517,1100,11256,1556,1033,4677,1520.601454,1064.804789,4851,1511.407957,1007.47516,376845,1847.393852,874.1938887,6391,1492.454702,1091.899233,4677,1520.601454,1064.804789,37,17,237.034365,0.07172,85.908979,0.395876,0.435429,0.580571,471.580672,30.329163,295.401708,33.747118,203.287248,0,8.481642,85.547642,0,26.645864,268.755844,0,1.758151,28.571012,0
d07_45_G06_1_1_S,glasshouse_b2,3811,T1,R1,S,2604,1540,1170,64,1532.203125,1121.203125,4282,1505,993,4282,1505,993,2604,1537.081797,1169.956605,2174,1702.343606,431.274609,254241,1454.411991,261.481315,2174,1702.343606,431.274609,2604,1537.081797,1169.956605,43,23,128.533153,0.178942,44.961069,0.380637,0.410526,0.598439,252.585737,15.709036,154.871244,27.113942,101.41921,0,6.372003,42.925045,0,20.018237,134.853007,0,1.24293,14.466106,0
d2_T023_02.10.23,field,3811,na,R8,S,69034,1012,3935,83,1279.614458,4517.518072,266179,1289,4771,304452,1257,4546,62556,1011.98387,3897.094699,147586,1368.222291,4194.476807,583680,917.7060598,3583.732316,240240,1205.546982,3659.123468,53933,985.7270873,3784.719986,1335,677,4353.651283,0.155502,797.306649,0.204473,0.18932,0.871697,8568.054545,158.296678,2796.225119,4002.450379,349.346746,1.854157,765.447636,123.285636,1.250025,2404.804291,387.493758,3.92707,122.473321,35.154228,0.669129
d05_27_G04_0_3_S,glasshouse_b1,Forrest,T0,R3,S,3384,1447,582,65,1419.969231,269.1230769,3340,1472,408,4542,1430,625,3384,1427.321809,575.8528369,1649,1421.366889,385.9902971,248485,1453.114973,254.43498,1860,1370.337097,734.3709677,3922,1433.067823,533.6137175,28,20,121.886275,0.164087,43.460084,0.386237,0.410526,0.580571,238.83165,15.133576,148.972958,16.414112,105.472162,0,3.893134,43.526432,0,12.23064,136.742317,0,0.760076,14.3735,0
d27_38_G05_1_2_S,glasshouse_b2,Hartog,T1,R2,S,2997,1090,2504,58,935.4482759,3020.965517,24523,1042,1929,25297,1070,2086,2997,1088.651318,2503.785786,9924,872.7733777,2176.583132,383030,869.1272616,2452.552145,11679,886.034592,2280.70143,2997,1088.651318,2503.785786,172,80,585.457051,0.136645,200.457795,0.376084,0.410526,0.781618,1153.897903,70.144778,694.190134,146.37666,438.45215,0.62824,34.533313,186.008434,0.425835,108.489603,584.36273,1.337801,6.830161,63.086348,0.228269
d37_28_G04_0_4_S,glasshouse_b1,Forrest,T0,R4,S,4697,1220,3941,54,1459.740741,2505.814815,19552,1289,3734,20027,2058,3772,4544,2563.200704,3053.241637,8962,1252.576099,4110.130663,352182,2589.394302,3086.781468,15729,1479.718355,757.3431877,4517,2563.655081,3051.576046,235,145,752.156759,0.192779,263.457011,0.386537,0.410526,1.026315,1464.654514,96.195126,919.772457,150.321975,589.990535,11.844249,34.206934,250.083569,8.482164,107.464251,785.660702,26.647503,6.480907,84.820841,4.893378
d25_23_G03_1_3_T,glasshouse_b1,CALINGIRI,T1,R3,T,14831,1580,3077,62,1914.596774,1525.580645,18483,1463,2314,19188,1469,2357,14831,1537.73016,3073.4349,8011,1743.613656,2143.51654,431402,1385.813142,2784.291035,6837,1589.11584,1603.412462,10339,1510.513783,2267.23039,125,77,572.901372,0.134404,209.727033,0.402007,0.435429,0.615789,1125.398454,76.081786,726.30607,73.345482,499.453258,0.102631,17.506392,213.620811,0.063199,54.997951,671.109572,0.198547,3.485329,72.565891,0.030566
d17_31_G04_1_3_S,glasshouse_b1,Forrest,T1,R3,S,2149,886,2182,56,1684.446429,732.1071429,6394,543,1965,5817,1135,1845,2149,900.0995812,2192.893439,2205,522.5922902,2052.530159,374416,1329.492762,2053.65725,2387,526.4918307,2034.975702,2086,896.029722,2197.986577,83,51,212.158293,0.240387,70.65687,0.363512,0.410526,0.580571,413.713346,23.9204,246.040802,40.506209,171.652085,0,9.690044,68.627176,0,30.44217,215.598632,0,1.92718,21.993221,0
d05_04_G01_0_4_T,glasshouse_b1,Gladius,T0,R4,T,5394,1624,772,84,1616.47619,319.4047619,6767,1627,518,5923,1630,490,5394,1612.143122,771.73934,3138,1669.897068,449.6982154,386478,1816.491187,277.3161784,3158,1610.127929,200.0547815,6519,1611.936493,679.2155239,41,27,216.15833,0.124908,79.467912,0.406487,0.435429,0.725714,424.748602,29.230413,275.351837,27.146139,188.34144,0.670752,6.500027,80.698654,0.448531,20.420437,253.522297,1.409103,1.297495,27.696258,0.236659
d41_28_G04_0_4_S,glasshouse_b1,Forrest,T0,R4,S,4926,1202,3939,95,1368.494737,642.0105263,25804,2002,3826,26497,2042,3753,4926,1201.596021,3938.433212,13135,1346.438904,4134.813095,308461,2585.938099,2604.335942,21154,1349.026047,744.4981564,4926,1201.596021,3938.433212,324,214,943.395102,0.22684,331.65964,0.39213,0.435429,1.105375,1817.171867,126.854096,1173.37652,204.463067,720.039294,18.892741,45.802507,313.566515,14.104771,143.892821,985.172253,44.311446,8.589527,109.740595,8.523973
d19_03_G01_0_3_T,glasshouse_b2,Gladius,T0,R3,T,15987,1384,1604,51,1795.176471,2997.705882,24166,1549,1260,25317,1543,1307,15987,1371.275599,1604.398699,11785,1724.264828,906.8958846,379412,1447.036986,1029.835912,8785,1227.751167,2169.491406,15925,1370.129859,1606.915039,119,77,655.343792,0.117496,250.99094,0.415398,0.435429,0.725714,1290.786137,92.925803,858.654924,56.891513,592.82302,5.62926,13.339726,256.252511,3.726114,41.907985,805.041007,11.705931,2.609135,88.370401,1.946267
d25_32_G04_1_4_S,glasshouse_b1,Forrest,T1,R4,S,5333,584,2441,53,2454.924528,2798,8474,595,2350,8474,595,2350,5333,584.4955935,2440.796925,3281,614.541908,2324.840902,216802,848.9951015,2083.49137,3743,518.9986642,2746.534865,5333,584.4955935,2440.796925,77,29,278.482018,0.104136,100.265764,0.38879,0.435429,0.580571,550.784266,35.557067,342.077537,53.512852,224.969166,0,11.896107,96.923936,0,37.372724,304.704813,0,2.235933,33.321134,0
d21_42_G06_0_2_S,glasshouse_b1,3811,T0,R2,S,8899,1935,2528,71,1389.309859,991.3802817,22857,996,2143,23856,1001,2171,8899,1933.461962,2527.637487,10828,900.8860362,1961.374677,355239,1938.966276,2067.84672,13897,886.7480751,2094.463697,7154,987.7527257,2515.036483,173,101,715.266885,0.141206,266.169316,0.402657,0.435429,0.725714,1407.613497,97.185358,913.052586,95.339934,619.371282,0.555669,22.380944,267.874169,0.378552,70.31181,841.55152,1.189255,4.392851,92.589042,0.203465
d09_27_G04_0_3_S,glasshouse_b1,Forrest,T0,R3,S,3589,1453,578,63,1371.634921,608.031746,7697,1466,509,7708,1466,510,3589,1435.188353,569.4042909,3875,1374.677419,441.5303226,384760,1818.876076,269.4300941,2797,1383.856632,251.5234179,4143,1440.934588,527.775525,65,41,213.940383,0.191642,78.009061,0.394215,0.410526,0.598439,416.905238,28.128052,268.234362,27.551507,186.388876,0,6.470106,78.911543,0,20.326438,247.907925,0,1.264322,26.86373,0
d3_T001_08.10.23,field,Gladius,na,R1,T,164031,872,5773,84,463.0714286,5658.595238,345538,992,5570,339682,980,5583,142281,882.9268279,5706.731742,135131,908.3612717,4820.013838,848869,601.7265821,5415.847245,339538,1016.85895,5604.108898,129949,852.546222,5778.254154,1167,721,4199.332581,0.171694,813.887261,0.217425,0.18932,0.798744,8223.260774,173.934768,2869.268763,3699.336993,495.754475,4.241113,732.873225,177.546337,2.861998,2302.405063,557.872467,8.991233,120.944042,51.464245,1.526481
d19_25_G04_0_1_S,glasshouse_b2,Forrest,T0,R1,S,6235,1524,1831,64,1418.34375,970,12326,1103,2568,11807,1572,1212,6235,1492.782999,1815.73761,7814,782.4769644,2670.56258,351244,1449.739768,1419.737838,3646,1431.972024,2005.555403,6235,1492.782999,1815.73761,69,33,326.610515,0.101038,120.131425,0.399872,0.435429,0.929368,644.800975,43.912814,411.93718,54.890458,269.424811,2.295247,12.708534,116.658424,1.72341,39.925038,366.59789,5.414251,2.468614,40.415193,1.029007
d45_38_G05_1_2_S,glasshouse_b1,Hartog,T1,R2,S,3638,931,1682,72,1775.694444,754.6388889,25070,1115,2197,22822,975,2343,3638,936.5233645,1685.363936,11732,933.2719911,1789.15121,378397,861.8586855,1643.842005,22270,891.3936237,2153.719129,3617,935.8612109,1686.804534,437,239,937.470677,0.254941,290.364133,0.350471,0.324549,0.973648,1807.266972,105.688939,1041.244553,369.025463,543.285543,25.159671,81.437991,231.706841,18.293603,255.844994,727.928509,57.471049,15.244026,79.839656,10.605257
d43_06_G01_1_2_T,glasshouse_b2,Gladius,T1,R2,T,12083,1636,756,49,1630.530612,1471.22449,46333,1744,896,45457,1817,923,12083,1602.96342,752.960523,22828,1722.916068,678.3398896,358694,1464.21096,1512.67586,21406,1726.278847,661.6916285,8659,1889.490588,623.3878046,573,421,1260.317426,0.334043,388.749716,0.359878,0.324549,1.369275,2361.69824,152.886652,1435.329967,542.864335,662.549297,54.903794,131.20376,281.258002,44.373269,412.188767,883.598071,139.543129,26.324583,96.914879,29.64719
d7_T004_04.11.23,field,3811,na,R1,S,58955,1214,5096,99,628.5353535,4703.575758,213722,1146,5079,232727,1148,4997,46114,1137.080886,5119.102724,92203,873.3314426,3125.190471,713137,1704.439742,4950.008979,160489,1411.724399,5226.355482,41190,1162.78825,5135.970842,1039,443,3660.973503,0.121006,645.215555,0.195566,0.18932,0.616383,7249.998339,119.400049,2247.837741,3483.613147,177.233356,0.127,653.407628,61.96224,0.078281,2052.75653,194.835285,0.245926,101.930623,17.431529,0.037896
d29_30_G04_1_2_S,glasshouse_b1,Forrest,T1,R2,S,2477,677,2272,82,728.2560976,2331.560976,7700,753,2440,7697,753,2440,2477,681.5264433,2273.390795,3470,716,2422.554467,376146,870.0401387,2475.244897,5470,736.0822669,2323.017733,2285,673.5308534,2288.50547,86,36,280.754651,0.128226,87.815493,0.342096,0.324549,0.580571,557.672446,28.226871,304.287414,95.155668,185.598983,0,22.539926,74.317766,0,70.811266,233.476148,0,4.468921,23.75795,0
d19_11_G02_0_3_T,glasshouse_b2,5489,T0,R3,T,7404,1648,3273,75,1460.613333,2421.986667,25049,1920,2727,28779,1505,2284,7404,1643.910589,3272.95651,11612,1449.881932,2398.352222,366717,1458.465765,2207.430367,11750,1466.164596,2495.187489,6816,2683.643486,2501.800176,104,64,575.182638,0.111269,219.533465,0.412118,0.435429,0.88287,1130.496026,80.247671,745.099379,61.799331,508.077414,5.305893,14.661362,218.546294,3.964842,46.060028,686.583432,12.455919,2.906896,74.996116,2.344659
d25_27_G04_0_3_S,glasshouse_b1,Forrest,T0,R3,S,5138,2699,1987,83,700.9759036,2822.650602,21821,735,2653,21821,735,2653,5138,2704.311211,1989.466135,8105,700.0871067,2717.069833,380749,872.34232,2480.370685,12003,789.7305674,2174.545114,5138,2704.311211,1989.466135,117,67,580.897136,0.115339,210.933087,0.399297,0.435429,0.649099,1149.453589,75.982699,729.665103,75.262917,504.945858,0.68836,18.107171,213.70905,0.443395,56.885354,671.386782,1.392967,3.606082,72.152227,0.22439
d07_06_G01_1_2_T,glasshouse_b2,Gladius,T1,R2,T,5892,1412,688,65,1316.753846,926.6461538,9405,1550,1052,10202,1547,1024,5892,1581.516633,1015.962492,5088,1636.645244,627.3928852,453100,1455.312165,424.0694836,3006,1743.217898,661.0954757,5892,1413.264936,688.6951799,33,19,245.565231,0.077373,95.199283,0.419577,0.435429,0.598439,486.129443,34.976962,325.406282,14.070312,231.494919,0,3.599134,99.980903,0,11.307012,314.09927,0,0.756827,34.220135,0
d49_39_G05_1_3_S,glasshouse_b2,Hartog,T1,R3,S,6182,1496,2625,70,1184.042857,2623.514286,43839,1813,1779,38574,2202,1781,6181,1507.323734,2625.143504,23347,1285.970617,2538.642995,371886,1859.225639,2627.415687,15022,2168.735055,1958.795766,4018,1192.478596,4645.289447,547,325,1178.16294,0.275853,401.452785,0.383107,0.410526,1.105375,2259.176667,154.647666,1433.791795,333.459635,811.354263,33.349043,77.431109,354.052496,24.842427,243.257004,1112.28872,78.246071,15.094503,124.656065,14.897098
d29_25_G04_0_1_S,glasshouse_b1,Forrest,T0,R1,S,6348,993,2892,63,822.952381,2900.68254,16198,889,3358,18240,690,3135,6348,1002.939509,2897.877442,7087,791.8260195,3168.321151,493064,1260.857416,2748.906531,9417,1408.483063,765.9720718,4941,958.5976523,3012.99494,146,80,596.927913,0.13402,213.987722,0.392462,0.435429,0.615789,1176.134543,76.99291,740.938627,95.69034,500.271378,0.966195,21.740845,213.47014,0.594972,68.300879,670.768588,1.86916,4.155005,72.550152,0.287752
d17_45_G06_1_1_S,glasshouse_b1,3811,T1,R1,S,5588,750,2040,71,1035.267606,2094.366197,9782,1647,2019,13917,1223,1903,5588,755.9855047,2039.80136,5599,1445.180747,2125.922665,362953,868.035787,1469.738217,5539,755.7876873,2043.851056,5588,755.9855047,2039.80136,91,47,371.293734,0.126584,135.309802,0.394941,0.435429,0.580571,732.189489,47.614547,460.562831,54.697646,316.596088,0,12.463223,134.138479,0,39.154369,421.408462,0,2.383135,45.231413,0
d29_04_G01_0_4_T,glasshouse_b1,Gladius,T0,R4,T,19651,2074,3407,49,2002.77551,1938.183673,29583,2110,3849,29439,1710,2158,19651,2028.60918,3394.666327,12967,2045.238297,4382.090075,411991,1961.998061,3396.838921,25771,1611.790191,977.4996314,19181,2038.358897,3424.359679,255,183,1111.51332,0.16464,404.354688,0.402766,0.435429,0.781618,2171.009345,149.361598,1406.734967,178.178722,928.747125,4.587472,43.260621,401.376261,3.140766,135.907248,1260.960712,9.867007,8.699024,138.967182,1.695392
d25_07_G01_1_3_T,glasshouse_b1,Gladius,T1,R3,T,10478,1218,2175,56,1880.232143,1102.875,15128,1378,2877,15679,1374,2866,10478,1288.810842,2194.577782,6971,1267.707646,2424.271123,634654,1482.215744,2393.358023,7791,1271.98755,2568.94545,9412,1398.872928,2631.226519,107,73,612.317758,0.119219,209.6533,0.382934,0.410526,0.781618,1203.756307,73.378664,738.045613,115.192676,495.565865,1.559218,30.889362,202.909349,1.104951,97.041794,637.532514,3.471305,6.696265,66.065319,0.61708
d7_T009_04.11.23,field,3811,na,R5,S,71326,1118,6051,67,786.5522388,4182.522388,281359,1125,5246,307429,1036,5106,44202,169.034003,933.8977422,135979,1146.975982,6189.470139,1005358,400.3941869,637.8051251,135230,1159.74289,6191.425926,43348,170.3066116,950.1707576,1173,709,4437.450532,0.159776,844.716949,0.212661,0.18932,0.766689,8716.245898,176.172661,2963.92732,3973.440696,461.133661,2.876174,773.563462,167.944283,1.919348,2430.284986,527.612525,6.02981,125.539705,49.622348,1.010608
d11_20_G03_0_4_T,glasshouse_b2,CALINGIRI,T0,R4,T,8356,1983,1830,73,1397.287671,440.5890411,15856,1732,1870,18166,1759,1734,8356,1952.16192,1827.540211,8971,1894.265188,1963.902686,539150,1663.985909,1568.056333,7915,1434.648263,475.6835123,8141,1954.762437,1845.735413,103,57,437.361594,0.130327,164.376235,0.410548,0.435429,0.649099,860.476789,60.581043,566.755635,43.844495,393.034002,0.483097,10.791049,169.251687,0.304323,33.90108,531.898494,0.95606,2.194667,58.235708,0.150668
d2_T009_02.10.23,field,3811,na,R5,S,64663,1092,5870,68,1091.205882,6390.647059,271449,1060,5225,298114,1040,5050,55734,1053.663904,5778.221552,129440,1144.833483,6174.356953,543133,1104.524437,4816.837025,129010,1150.047299,6176.066258,50733,1038.813021,5703.770839,1176,639,4284.356341,0.149147,811.487624,0.212349,0.18932,0.871697,8406.559321,170.966598,2858.265945,3852.089545,424.812089,7.454708,748.850842,155.726199,5.1372,2352.632076,489.494879,16.13899,121.663043,46.500335,2.80322
d11_30_G04_1_2_S,glasshouse_b2,Forrest,T1,R2,S,2818,1072,1630,62,1116.129032,1521.16129,3925,1117,1518,3925,1117,1518,2818,1070.351313,1629.823634,1590,1382.730189,370.8886792,326766,878.5829187,1471.879284,1590,1382.730189,370.8886792,2818,1070.351313,1629.823634,19,7,93.699966,0.074707,35.981495,0.412036,0.435429,0.580571,186.954189,13.162187,122.063112,11.192357,82.507609,0,2.874148,35.979747,0,9.029403,113.033708,0,0.604661,12.557526,0
d15_17_G03_0_1_T,glasshouse_b2,CALINGIRI,T0,R1,T,7678,2185,971,56,1359.267857,2728.517857,24701,1670,925,25935,1546,1881,7678,2156.398672,994.2425111,13346,1614.31103,645.1675408,448944,955.3358325,1681.47344,12199,1368.997787,1486.723912,7678,2156.398672,994.2425111,108,74,638.286182,0.115935,245.992925,0.420732,0.435429,0.649099,1254.635895,91.56106,845.596074,41.618798,596.594812,0.072571,10.176561,258.890817,0.047106,31.970609,813.477477,0.147988,2.066421,89.470624,0.024015
d27_41_G06_0_1_S,glasshouse_b2,3811,T0,R1,S,8228,1442,3574,56,1342.267857,2564.517857,25003,1602,1490,27908,1348,2752,8228,1426.593704,3570.735659,12549,1428.803889,1825.331022,356047,1461.722643,2546.70268,11391,1340.353613,2795.000176,8228,1426.593704,3570.735659,162,94,737.367848,0.12748,255.46756,0.382048,0.410526,0.725714,1450.734514,89.660895,887.689215,172.133993,559.745465,5.48839,44.429145,234.323526,3.807583,139.578274,736.149067,11.961874,9.378033,78.199669,2.083194
d09_32_G04_1_4_S,glasshouse_b1,Forrest,T1,R4,S,2446,1374,679,58,1414.913793,590.3965517,2293,1371,690,3040,1397,629,2446,1373.312756,678.2371218,1310,1560.238168,311.3114504,302194,1452.853071,279.2918159,1534,1563.42764,249.8207301,2446,1373.312756,678.2371218,33,17,88.182402,0.192782,31.831404,0.392,0.410526,0.580571,172.220053,11.718813,110.475387,16.588431,71.593971,0,3.790667,31.374741,0,11.908733,98.566654,0,0.727868,10.990945,0
d25_34_G05_0_2_S,glasshouse_b1,Hartog,T0,R2,S,5891,853,2510,47,2524.297872,3173.808511,24530,1677,1880,25165,2069,2743,5891,852.7703276,2510.298421,13288,2384.715081,2871.909392,398181,906.3971762,2209.943475,12993,1542.792196,589.3137074,6912,2119.856481,1278.605758,163,93,802.364165,0.115907,302.514207,0.410084,0.435429,0.870857,1578.692645,110.754649,1036.202486,76.868919,717.706452,7.788794,18.450532,306.013576,5.369387,57.964057,961.370003,16.868427,3.688471,104.122513,2.943665
d49_03_G01_0_3_T,glasshouse_b2,Gladius,T0,R3,T,12915,1556,3290,54,1838.314815,1217.777778,77092,1900,3866,78956,1904,3842,12915,1505.829578,3301.474564,34660,1817.350404,1265.825361,464479,1418.407803,1176.595123,41163,1901.586813,2587.877438,12900,1505.785736,3301.776357,584,402,2006.182907,0.200381,739.848422,0.409654,0.435429,1.026315,3882.756908,289.086088,2590.555719,397.298778,1563.871198,45.012931,94.489502,697.29195,32.780066,296.847526,2190.726578,102.981616,18.780048,251.243641,19.062399
d27_14_G02_1_2_T,glasshouse_b2,5489,T1,R2,T,13493,2206,2285,56,2273.517857,3504.089286,21435,2195,3115,21299,2215,3048,13493,2114.968947,2255.06181,9741,2111.34401,2420.05482,603952,2131.317616,2102.846829,11934,2241.586811,2790.49028,13446,2115.915663,2259.401086,77,53,613.074051,0.08645,217.916615,0.391544,0.435429,0.580571,1211.643612,75.458928,749.768122,90.324845,522.749205,0,23.791617,214.866989,0,74.743568,675.024554,0,5.094216,70.364712,0
d33_45_G06_1_1_S,glasshouse_b1,3811,T1,R1,S,6856,799,2557,54,1629.37037,3617.12963,25209,1281,2689,24346,1281,2689,6856,803.1407526,2560.041569,12587,987.8836101,2515.104552,491244,1202.106904,3171.919136,17343,1677.366257,3879.071845,6903,790.4104013,2178.207446,327,171,940.637943,0.181792,323.259393,0.380674,0.435429,0.725714,1841.452362,115.762785,1127.239267,210.246382,728.421818,1.969744,46.058224,311.419939,1.262581,144.696178,978.428585,4.114504,8.552156,106.524617,0.686013
d41_10_G02_0_1_T,glasshouse_b1,5489,T0,R2,T,16404,2194,3883,75,1823.386667,651.4,45967,2746,3963,45693,2749,3976,16404,2118.451231,3867.340832,23690,2405.432841,3576.169607,515137,2589.1063,2816.439382,21459,1761.534088,683.1749383,15893,2516.537595,2866.674637,540,428,1731.104415,0.247241,632.235734,0.410757,0.435429,1.170179,3289.203676,256.734066,2242.120397,307.835297,1343.795288,79.47383,69.108462,580.921695,63.625623,217.110636,1825.123971,199.88579,13.099116,202.551706,41.083244
d19_06_G01_1_2_T,glasshouse_b2,Gladius,T1,R2,T,10683,1565,1810,52,1693.788462,1939.884615,14254,1606,1096,15426,1530,1970,10683,1505.286343,1764.554339,8339,1604.741816,897.2639405,553994,1481.763487,1297.029257,8203,1612.29733,893.5501646,10683,1505.286343,1764.554339,56,30,427.224575,0.070221,148.207735,0.3823,0.410526,0.725714,846.181532,51.192803,515.223807,78.111545,347.891767,1.221263,21.161806,141.988401,0.850624,66.481774,446.069718,2.672315,4.620288,46.105863,0.466653
d6_T009_28.10.23,field,3811,na,R5,S,116052,695,5618,55,338.9636364,1018.981818,286499,842,5285,307786,829,5136,69704,751.5232411,6002.025164,141616,1077.397547,6193.524948,683349,996.2471226,6046.395126,142363,1067.258909,6191.660677,65813,746.3722213,6066.99494,1275,810,4532.679236,0.178702,852.080733,0.211498,0.18932,0.682604,8867.373488,177.017972,3011.289329,4079.696825,450.539842,2.442569,794.778083,162.156502,1.541433,2496.88491,509.561866,4.842553,129.067893,47.184942,0.765137
d35_48_G06_1_4_S,glasshouse_b2,3811,T1,R4,S,16002,1464,3111,54,1745.62963,4418.666667,27971,1484,3728,27954,1484,3728,15819,1396.654024,3078.979771,13320,1451.734009,3175.924324,485058,1417.897091,2483.567211,9177,1402.569467,3216.075842,15807,1396.726577,3079.303726,220,146,832.870838,0.175297,288.278554,0.386234,0.410526,0.846321,1616.836041,104.506469,1014.615626,161.326008,662.787704,8.757125,38.996428,277.986796,5.898545,122.510892,873.42592,18.678814,7.860723,93.454873,3.190873
d21_08_G01_1_4_T,glasshouse_b1,Gladius,T1,R4,T,16663,1952,2178,49,1926.183673,2506.244898,13801,1880,1780,13703,1880,1779,16663,1983.220188,2180.541799,6424,1820.470112,1544.131227,978891,1653.854379,1606.057518,8485,1762.885681,1026.808368,19163,1944.920472,1964.971403,76,64,520.872449,0.122871,184.331429,0.395033,0.410526,0.781618,1022.037147,67.485442,645.003075,97.899679,408.004561,14.968208,25.757073,169.109061,10.444721,80.918232,531.271785,32.813059,5.504983,56.238267,5.742192
d31_33_G05_0_1_S,glasshouse_b2,Hartog,T0,R1,S,5534,1346,3685,91,1157.186813,2690.912088,21343,1245,2784,23637,1249,2704,5534,1351.838995,3681.850199,11160,1522.853763,762.6120072,343963,1453.040618,3082.850609,9972,1165.995086,2433.394204,5534,1351.838995,3681.850199,189,93,610.149401,0.152422,212.681602,0.382532,0.435429,0.649099,1199.293311,76.182579,737.671777,127.201964,480.186701,2.760735,27.972611,205.071258,1.731041,87.878551,644.355001,5.438226,5.213284,70.116286,0.853009
d25_05_G01_1_1_T,glasshouse_b1,Gladius,T1,R1,T,13655,1307,3548,58,1535.086207,2301.258621,23766,1650,2276,27538,1502,2945,13655,1434.08788,3548.07089,10360,1403.868822,2955.517181,371039,1853.393045,2647.030091,7967,1500.556797,2064.128405,13451,1435.849379,3549.029366,185,119,771.288551,0.154287,279.867775,0.397438,0.435429,0.870857,1509.37482,100.801571,966.439753,116.957675,650.396547,3.93433,28.52282,276.293426,2.811083,89.607081,868.001396,8.831276,5.780405,93.4306,1.590566
d45_42_G06_0_2_S,glasshouse_b1,3811,T0,R2,S,34630,1130,4260,52,1684.538462,2283.096154,77583,1025,4214,77598,1025,4214,24614,1067.486999,4431.41452,37190,894.199274,2397.808416,649893,1398.055945,3677.849958,45936,1337.91597,761.4808647,18477,871.4444444,3185.689452,1358,1096,3055.710027,0.358673,1060.748372,0.404142,0.410526,1.480173,5643.783481,464.676653,3928.767122,901.737306,1927.760624,226.212096,205.679236,873.239062,171.110694,646.347569,2743.988761,538.430793,39.600472,320.060456,105.015725
d33_38_G05_1_2_S,glasshouse_b1,Hartog,T1,R2,S,2885,1077,2496,54,810.6111111,2814.648148,17414,1078,2469,16479,603,2463,2885,1074.863085,2496.456499,8885,855.0928531,2108.043557,381365,868.5464974,2453.239086,6971,793.4095539,2978.299383,2853,2253.370137,4296.881178,192,100,599.760183,0.166733,206.73033,0.381015,0.410526,0.846321,1173.397888,74.416723,721.661334,150.078688,441.624297,8.057198,36.59142,187.484565,5.612399,114.955337,589.074127,17.631871,7.439412,63.886274,3.091037
d21_48_G06_1_4_S,glasshouse_b1,3811,T1,R4,S,12093,1228,2836,61,1355.836066,2992.311475,13861,1501,2861,17414,1162,2343,12093,1338.029108,2826.293393,9435,1358.885003,2957.575411,611495,1401.451866,2475.119157,7476,1398.807919,3035.832397,11961,1334.15492,2828.925592,90,48,524.040474,0.091596,191.320223,0.399324,0.435429,0.740086,1037.888234,68.288618,658.317166,58.862141,463.841987,1.336346,13.305571,195.333605,0.909687,41.800683,613.658618,2.857866,2.531408,65.269285,0.487925
d6_T017_28.10.23,field,Gladius,na,R6,T,18901,1099,5051,81,1014.012346,5239.111111,192018,1095,5056,198018,1108,5008,18538,1105.647697,5048.076977,90603,956.2797148,4547.198658,531312,1083.374458,4698.602452,92956,976.5191381,4691.099359,14159,1117.962215,5050.808532,1086,384,3640.656924,0.105475,651.021995,0.197559,0.18932,0.542131,7219.072795,122.715034,2265.434459,3423.402832,217.254092,0,645.443117,75.667068,0,2027.719356,237.715104,0,101.568655,21.146378,0
d4_T021_14.10.23,field,Gladius,na,R9,T,48215,161,3199,57,227.5438596,2377.385965,196797,861,2033,219386,957,2407,30211,163.2245209,2892.738506,91741,407.4760358,3230.836169,412564,268.2939908,2464.53583,87326,1206.382887,4865.560131,30214,163.3497054,2892.37903,1158,411,3503.14786,0.117323,640.950331,0.202858,0.18932,0.965349,6949.866884,125.349575,2234.174744,3243.088485,256.143649,3.915726,619.182104,88.915071,3.022183,1945.281645,279.398631,9.494468,98.644859,24.846721,1.857995
d05_16_G02_1_4_T,glasshouse_b1,5489,T1,R4,T,1575,1577,613,55,1569.818182,522.0181818,2670,1574,523,2823,1559,739,1575,1571.685714,613.1073016,1248,1550.619391,904.2604167,309107,1462.792331,283.1396021,1396,1546.25,370.7256447,1781,1549.674902,343.3694554,46,32,82.267495,0.388975,30.188221,0.405577,0.435429,0.725714,155.92728,11.757707,106.314805,16.033647,65.387894,0.845955,3.572025,29.723891,0.545138,11.221849,93.380356,1.7126,0.665153,10.815603,0.276952
d4_T022_14.10.23,field,3811,na,R7,S,43231,864,5248,72,1232.611111,3755.847222,178334,1210,5306,183185,1202,5254,43231,858.7642433,5256.462099,80941,1377.47652,4285.308052,533149,480.5489178,4874.523743,119675,1269.753917,5234.011147,37809,867.4559496,5275.751435,1022,409,2908.100143,0.140642,523.495369,0.200025,0.18932,0.682604,5750.582107,101.631764,1832.091786,2684.909665,222.570004,0.620473,506.048865,76.687151,0.406499,1589.799397,241.015335,1.277054,80.151066,21.271249,0.20945
d35_02_G01_0_2_T,glasshouse_b2,Gladius,T0,R2,T,12586,1731,3868,50,1933.46,2686.68,39879,1675,3780,39047,1675,3782,9060,1804.412583,3602.957174,17463,1822.176946,4172.87757,421114,1636.365381,3272.593276,21334,1837.981579,3994.675354,8775,1805.94849,3589.96547,270,170,1046.894599,0.162385,389.207912,0.409995,0.435429,0.917964,2045.355462,147.524545,1354.33684,146.240215,890.821139,9.833245,32.76417,391.089749,7.244887,102.931675,1228.644682,22.760483,6.184786,137.11041,4.229348
d17_28_G04_0_4_S,glasshouse_b1,Forrest,T0,R4,S,3783,1498,2107,57,1449.385965,854.6842105,9228,1466,2236,9228,1466,2236,3783,1498.18821,2106.804388,5424,1409.26733,1168.499263,361274,1457.003936,1974.410841,5672,1518.439351,624.1655501,3783,1498.18821,2106.804388,121,71,359.514851,0.197488,126.319695,0.385525,0.410526,0.598439,702.603139,44.719273,438.294931,58.324081,301.19077,0,14.090269,125.423341,0,44.265886,394.029045,0,2.813056,41.906217,0
d21_32_G04_1_4_S,glasshouse_b1,Forrest,T1,R4,S,4193,565,2376,70,568,2381.385714,7196,695,2079,7196,695,2079,4193,576.2475554,2379.853565,2738,2378.580351,2378.747991,288953,855.4862556,2072.178361,2229,762.3674293,1853.805742,4193,576.2475554,2379.853565,52,22,187.050778,0.117615,69.756279,0.400028,0.435429,0.580571,371.47867,25.265701,237.144993,30.68453,156.366248,0,7.097426,68.388169,0,22.297223,214.84777,0,1.377724,23.887977,0
d15_34_G05_0_2_S,glasshouse_b2,Hartog,T0,R2,S,8136,2122,1173,66,1577.5,545.5909091,24890,1571,941,31207,1690,1831,8136,2108.481686,1172.633481,13629,1591.256218,617.4867562,205146,2154.367241,875.0089936,10228,1519.087016,531.9120063,7676,2124.644867,1207.852137,152,88,650.932559,0.135191,247.330644,0.412432,0.435429,0.917964,1278.417102,91.582814,844.831988,77.454281,570.016731,3.461547,17.074294,249.307842,2.502929,53.640478,783.328328,7.863183,3.161257,86.985628,1.43593
d41_15_G02_1_3_T,glasshouse_b1,5489,T1,R3,T,13913,1031,3036,101,1085.910891,3358.326733,33951,1468,4053,35574,1464,4049,13913,1133.747215,3020.092,15115,1527.359643,4469.649553,400139,1484.295812,3286.822629,21842,1632.942038,4234.180844,10659,1018.922882,2674.863683,473,327,1240.103231,0.263688,434.937906,0.393434,0.410526,1.436841,2373.371647,167.607019,1543.272963,273.390237,941.205052,25.507941,63.993838,407.608159,19.552779,201.04257,1280.538798,61.691594,12.525497,142.55231,12.529213
d17_18_G03_0_2_T,glasshouse_b1,CALINGIRI,T0,R2,T,13714,1193,2237,65,1749.030769,1032.6,22072,1361,1464,20320,1656,1472,13714,1167.478635,2210.77636,9655,1336.490109,2109.349767,382799,1390.914676,1140.34121,11334,1373.213517,2019.261249,15052,1184.876296,2097.936487,101,63,663.651482,0.094929,241.158175,0.39976,0.435429,0.725714,1308.785532,86.288685,834.200147,75.554455,585.861901,2.235127,19.12853,244.897299,1.484772,60.09405,769.441549,4.664548,3.979419,81.530873,0.778393
d49_08_G01_1_4_T,glasshouse_b2,Gladius,T1,R4,T,14041,1913,2017,90,1567.622222,676.5555556,65943,1649,1491,64288,2064,3170,12997,3099.284142,3975.822882,30835,1667.078417,892.3834604,498390,1987.413217,1701.789705,22784,1592.800737,767.981171,12997,3099.284142,3975.822882,630,413,1759.229692,0.234762,590.903361,0.385413,0.324549,1.494337,3353.429793,249.314917,2135.290673,733.52217,927.293801,98.413722,171.950413,426.222634,81.466396,540.198154,1339.017895,256.074624,33.774699,158.969509,56.570709
d05_02_G01_0_2_T,glasshouse_b1,Gladius,T0,R2,T,2104,1363,448,59,1659.983051,349.5423729,2905,1429,339,3565,1410,373,2104,1363.40827,447.5327947,1461,1654.886379,380.4161533,287688,1451.907779,269.9476516,1995,1375.193985,425.5874687,3039,1404.476802,383.2681803,22,12,88.395843,0.135753,35.096704,0.427057,0.435429,0.649099,174.26841,13.305382,119.582837,7.330599,80.992673,0.072571,1.914748,36.102545,0.047106,6.015358,113.419492,0.147988,0.40656,12.874807,0.024015
d31_42_G06_0_2_S,glasshouse_b2,3811,T0,R2,S,13767,902,3126,58,433.9482759,3467.5,41041,1058,1723,44199,1026,1828,13767,852.960921,3111.240139,18116,1917.184699,2787.196346,513595,1462.562792,3478.599139,18557,782.2724039,2258.022256,13767,852.960921,3111.240139,329,197,1188.979623,0.165688,429.597561,0.395071,0.435429,0.821052,2321.247575,160.293618,1493.736546,225.805691,949.247878,13.926054,50.592804,415.21453,9.633984,159.035576,1304.434916,30.266053,9.632096,145.394429,5.267093
d13_25_G04_0_1_S,glasshouse_b1,Forrest,T0,R1,S,5168,1513,1549,54,1468.5,1704.481481,5168,1513,1549,5295,1515,1540,5168,1501.654605,1549.461494,2850,1450.643509,1730.955439,312674,1455.571087,1458.840821,2948,1361.049864,378.9772727,5168,1501.654605,1549.461494,48,24,187.710482,0.127856,68.439626,0.397127,0.410526,0.821052,369.899493,25.123688,235.733762,33.951129,151.71188,2.047472,8.087678,65.399581,1.549128,25.40819,205.458842,4.86673,1.598582,22.597678,0.927428
d29_10_G02_0_1_T,glasshouse_b1,5489,T0,R2,T,15699,2508,2843,53,1758.90566,600.5283019,33251,2049,2178,33445,2051,2183,15699,2504.24543,2847.07045,14045,2308.705874,2489.577572,429049,2575.996178,2292.449235,16945,1746.236766,682.0234878,15589,2505.519212,2852.803579,233,189,1124.854037,0.168022,424.662745,0.414184,0.435429,0.973648,2190.685684,159.726599,1461.753301,117.794351,995.613512,11.446174,27.734914,429.454568,8.101045,87.131802,1349.171315,25.450184,5.458865,149.665277,4.602456
d05_48_G06_1_4_S,glasshouse_b1,3811,T1,R4,S,1396,1475,718,95,1567.115789,300.1157895,1713,1595,341,1713,1595,341,1396,1474.473496,717.5551576,1004,1565.727092,346.5926295,320191,1455.919798,286.5225038,1306,1572.280245,274.9701378,1396,1474.473496,717.5551576,27,15,74.438478,0.201509,23.889353,0.350222,0.324549,0.598439,146.158731,7.893084,83.164419,20.260398,54.17808,0,4.861132,21.610925,0,15.271696,67.892723,0,0.97024,6.922845,0
d43_25_G04_0_1_S,glasshouse_b2,Forrest,T0,R1,S,6049,1013,2907,93,746.5698925,4213.215054,39337,816,3817,52601,945,3229,6049,1023.97107,2910.0286,25092,1411.637454,863.7761039,300984,879.4821818,2697.872412,23079,1408.808181,812.4654881,4701,697.0933844,3154.214848,421,279,1160.92808,0.240325,390.187501,0.384565,0.410526,1.56996,2212.035235,156.712412,1410.34478,325.741428,777.063561,58.123091,72.347433,331.47973,45.010146,227.286164,1041.374286,141.68433,13.606619,113.989937,29.115856
d29_08_G01_1_4_T,glasshouse_b1,Gladius,T1,R4,T,17316,1930,2140,49,1640.816327,942.2653061,16557,1881,1758,17352,1985,2769,17316,1961.998325,2135.313063,8221,1895.420144,2005.578275,252763,2097.666969,2209.71031,11360,1710.307658,864.3848592,9394,1934.191825,1583.976581,182,122,677.496938,0.180075,232.294466,0.381658,0.410526,0.870857,1323.165294,84.066567,814.097948,189.395097,472.592552,15.509289,48.91954,199.563238,10.652647,153.685268,626.946403,33.466276,10.323155,67.96562,5.777792
d41_44_G06_0_4_S,glasshouse_b1,3811,T0,R4,S,8426,994,1886,85,1722.447059,667.8235294,58148,1151,2190,55858,1151,2190,8426,1040.584856,1900.256705,23936,866.0951287,2000.19126,413825,854.1983616,2510.068307,30295,1752.847004,792.8237663,7748,1022.419979,1945.310274,759,549,2103.421353,0.261003,726.908355,0.393343,0.410526,1.056656,3997.340015,287.654293,2614.137171,573.795021,1433.560684,96.065648,136.442741,626.868085,68.626346,428.647512,1969.75324,215.736419,27.056562,221.541483,39.056249
d31_29_G04_1_1_S,glasshouse_b2,Forrest,T1,R1,S,3708,976,3338,76,2500.078947,2555.921053,10588,1076,3085,13194,1183,2712,3708,971.6418554,3334.265372,6152,2502.590377,2602.614922,445289,881.1165086,2788.166002,4917,2495.3313,2769.101078,3708,971.6418554,3334.265372,110,56,322.020907,0.173902,101.88788,0.349566,0.410526,0.580571,631.047103,34.436842,354.627941,114.358073,207.662834,0,24.516195,88.365385,0,77.019897,277.608044,0,4.442301,29.99454,0
d1_T024_28.09.23,field,3811,na,R9,S,34127,1125,3688,95,1188.284211,3882.842105,182733,1080,2009,179245,1079,2003,27768,1122.104257,3692.282447,94328,1232.647634,3698.277659,460735,903.0409954,3214.265072,82798,1229.649267,3764.322677,27077,1121.680282,3685.583004,1033,457,3320.205521,0.137642,607.020291,0.202519,0.18932,0.644802,6565.017728,117.236047,2116.864803,3093.593093,226.26349,0.348938,595.955233,77.587713,0.220292,1872.344127,243.828609,0.692066,95.757173,21.369575,0.1093
d41_39_G05_1_3_S,glasshouse_b1,Hartog,T1,R3,S,6354,1498,2620,61,1716.836066,2359.95082,22962,1504,2237,23063,1504,2237,6354,1507.396758,2622.796821,9050,1388.400442,2759.037459,361035,1447.749373,2175.831202,8804,1723.830191,2356.401976,4060,1428.576601,2810.291133,259,145,716.721916,0.20231,245.834926,0.380085,0.410526,0.870857,1393.161227,89.904922,864.584683,167.669782,534.706123,14.34601,38.764879,226.493899,9.947074,121.783458,711.551569,31.249655,7.573353,76.869032,5.462537
d17_42_G06_0_2_S,glasshouse_b1,3811,T0,R2,S,7763,1907,2612,51,678.8039216,2512.980392,19913,976,1932,19089,865,1961,6364,1895.471873,2713.368479,7360,904.7561141,1897.30231,357866,1943.121043,2072.305405,8117,1428.600099,721.4716028,6363,1895.46849,2713.443501,167,99,596.54885,0.165955,223.483424,0.406937,0.435429,0.615789,1168.374343,82.924066,769.745423,78.869974,516.887884,0.790992,18.795573,225.734921,0.487084,59.048034,709.167169,1.53022,3.73743,78.951063,0.235573
d05_17_G03_0_1_T,glasshouse_b1,CALINGIRI,T0,R1,T,4104,1354,676,58,1721.827586,444.1896552,6531,1344,754,8906,1361,674,4104,1347.332359,675.7599903,2718,1631.969463,913.7170714,398185,1073.051391,270.1403117,2957,1563.436253,233.6496449,5378,1375.779286,578.1230941,45,27,203.594561,0.132617,77.69833,0.416114,0.435429,0.725714,399.494781,29.043431,266.187759,20.451074,182.793082,0.350406,4.618557,79.882048,0.229589,14.509626,250.956856,0.721277,0.875276,28.049594,0.118561
d11_23_G03_1_3_T,glasshouse_b2,CALINGIRI,T1,R3,T,6061,1447,1716,49,1450.714286,1808.469388,9545,1481,1548,10967,1487,1472,6061,1459.755651,1719.749051,4034,1515.435052,1262.800198,369920,1869.033699,1472.431499,3126,1663.580934,424.4085093,6061,1459.755651,1719.749051,71,41,224.952961,0.18226,81.985353,0.397816,0.435429,0.580571,440.650227,29.915757,282.975774,36.922285,188.030676,0,8.445808,81.628179,0,26.533287,256.442487,0,1.613794,28.301963,0
d11_05_G01_1_1_T,glasshouse_b2,Gladius,T1,R1,T,4885,1409,1386,66,1616.681818,1989.575758,12110,1699,629,13705,1585,941,4885,1413.398158,1387.362538,7680,1506.497526,1044.605208,351425,1458.755877,1346.488346,4227,1488.797729,1185.839839,4855,1413.229866,1389.566632,64,46,310.248559,0.148268,119.373033,0.418094,0.435429,0.846321,606.126205,44.762297,407.886761,38.070092,269.973401,2.205067,8.91575,119.37896,1.539679,28.009654,375.040063,4.837044,1.746514,42.161161,0.854622
d41_35_G05_0_3_S,glasshouse_b1,Hartog,T0,R3,S,11521,1475,4441,63,1203.571429,3610.539683,36993,1259,4068,39767,1259,4065,11519,1493.678965,4440.784877,15557,1648.74121,4642.190782,355681,298.0204593,3186.053,17554,1763.484562,681.7443887,7789,306.2421363,3737.381307,662,500,1356.840473,0.368503,449.315757,0.389003,0.410526,1.376946,2511.006529,192.133048,1673.168943,428.187838,858.160572,70.492063,93.482826,383.691002,55.277667,293.684959,1205.64587,173.838114,17.277223,139.356854,35.498972
d13_11_G02_0_3_T,glasshouse_b1,5489,T0,R3,T,5522,2283,1374,65,1456.646154,2389.907692,12191,1464,2147,11740,1465,2171,5522,2272.516661,1379.339732,5790,1327.630052,2031.744387,378602,2061.35811,936.8901643,9125,1371.506411,2206.743014,6503,2228.574043,1309.118099,74,48,408.047895,0.117633,159.436152,0.420268,0.435429,0.598439,803.856487,58.883694,539.229539,39.942361,368.105534,0,9.856019,161.786074,0,30.963598,508.265941,0,2.010257,56.873436,0
d21_17_G03_0_1_T,glasshouse_b1,CALINGIRI,T0,R1,T,16512,1305,3028,62,2532.048387,2570.33871,23854,1557,1997,30967,1381,2585,11243,1259.199502,2733.789202,12879,1251.121283,2440.265238,508244,1002.982685,2489.066065,12492,1237.016731,2211.502482,10644,1250.167606,2693.381154,211,202,853.294569,0.23673,307.71762,0.423142,0.435429,1.947296,1610.056749,140.904455,1140.288897,106.431278,713.132897,33.730394,26.495382,300.132187,36.151653,83.378092,942.967068,113.943737,5.473588,100.621742,34.809125
d19_32_G04_1_4_S,glasshouse_b2,Forrest,T1,R4,S,2776,657,2259,65,790.8615385,1911.046154,6235,1524,973,8735,850,1689,2776,657.9621758,2259.560879,4033,1456.75155,765.8373419,316123,868.4446529,2061.409391,2809,660.007476,2261.320399,2776,657.9621758,2259.560879,44,20,157.986471,0.126593,58.622661,0.398223,0.435429,0.580571,312.631635,21.306279,199.808333,25.808908,132.177563,0,5.806074,57.794893,0,18.240321,181.568012,0,1.105781,20.200498,0
d33_23_G03_1_3_T,glasshouse_b1,CALINGIRI,T1,R3,T,7674,1536,3863,55,1967.218182,3076.054545,21330,1492,2814,20443,1531,3952,7425,1554.422761,3842.871111,11103,1809.296677,3559.672341,359748,1588.80523,3219.672073,11536,1694.201283,1821.243585,7412,1554.348489,3842.395035,160,114,763.934212,0.149228,286.545839,0.410967,0.435429,0.598439,1496.699911,105.458696,991.580796,73.950071,689.984141,0,18.738287,296.891683,0,58.868065,932.712731,0,3.903285,101.555411,0
d33_39_G05_1_3_S,glasshouse_b1,Hartog,T1,R3,S,6554,1511,2602,66,1633.833333,2391.545455,13362,1539,2219,14987,1539,2219,6554,1520.497101,2604.299969,6095,1572.254963,2571.473667,362639,1448.476794,2198.108201,9271,1635.303096,2400.34527,6536,1520.312271,2604.511475,147,77,481.214116,0.160012,167.272872,0.381517,0.410526,0.725714,943.847658,59.493812,582.274164,101.645836,378.244385,1.323894,24.331013,160.109859,0.902751,76.438131,502.999957,2.836075,4.884296,54.12434,0.485176
d33_43_G06_0_3_S,glasshouse_b1,3811,T0,R3,S,24221,664,3861,64,1469.703125,2789.90625,37411,1781,3121,38383,1786,4172,18061,1837.394884,3726.459166,18523,677.8911623,4255.675053,572601,1231.030519,3353.009904,25185,712.1228112,4016.677427,17904,1837.824676,3725.189064,337,249,1344.615644,0.185183,502.756072,0.413975,0.435429,1.105375,2601.294524,194.517272,1752.632922,211.469629,1112.240652,20.905362,47.803541,494.689094,15.38775,150.179254,1554.111625,48.342044,9.115878,176.36864,9.032754
d21_45_G06_1_1_S,glasshouse_b1,3811,T1,R1,S,8202,780,2265,60,954.2,1397.383333,16164,1217,2018,24651,1234,2313,8202,780.3899049,2264.541088,8950,1454.024581,1981.876313,500020,819.025007,1788.206826,7006,1634.148444,3038.982872,8296,780.4340646,2256.696239,119,61,487.721741,0.125071,178.006227,0.396621,0.435429,0.580571,961.513523,63.281975,608.539604,75.596966,412.124776,0,17.713645,175.990527,0,55.649058,552.890547,0,3.482036,59.799939,0
d5_T011_21.10.23,field,Gladius,na,R4,T,93521,1498,5914,60,663.6,6414.283333,269774,1209,5620,248452,1184,5752,71789,1455.654487,5839.692599,109892,1250.075074,4824.64193,642040,1180.252945,5684.910747,196751,1255.44199,6009.125138,63595,1481.432801,5794.197924,1298,618,4440.1582,0.139184,789.44645,0.198564,0.18932,0.863434,8753.094144,151.600306,2771.202182,4138.385574,299.308267,2.464359,777.112685,103.214649,1.755796,2441.371502,324.314684,5.515996,122.040425,28.566012,0.993869
d15_16_G02_1_4_T,glasshouse_b2,5489,T1,R4,T,5795,1736,1672,69,2320.028986,1856.115942,12476,1833,1909,11282,1840,1936,5781,2303.419132,1788.887909,5359,1634.587236,741.7818623,346190,2029.697808,1600.520983,6682,2265.483089,1863.299312,5781,2303.419132,1788.887909,60,28,273.503765,0.102375,104.015592,0.412485,0.435429,0.598439,540.920075,38.058389,353.210248,31.74179,241.761975,0,6.955821,105.474493,0,21.852358,331.357891,0,1.293446,36.764943,0
d31_46_G06_1_2_S,glasshouse_b2,3811,T1,R2,S,10684,1047,2576,69,1299.246377,2084.57971,23567,1653,1995,21918,1724,2122,10684,1047.031636,2575.597061,12626,1289.184461,2240.230556,400390,1420.34618,2091.865406,11368,1278.03589,3919.293543,10404,1048.211553,2570.040177,156,82,641.860157,0.127754,221.940307,0.38119,0.435429,0.725714,1265.981422,78.409798,773.224083,131.560371,509.538854,0.760932,30.954861,214.660525,0.509485,97.247563,674.375927,1.600593,6.130867,72.010029,0.268902
d41_03_G01_0_3_T,glasshouse_b1,Gladius,T0,R3,T,13207,1547,3269,61,1952.737705,978.3442623,40954,1709,2335,42859,1714,2561,13207,1500.260165,3283.730825,22260,1713.840386,3197.105166,326795,863.8677275,3914.295393,23590,1851.864731,1083.040187,14131,1379.551766,1665.226665,368,236,1511.034407,0.156184,550.798108,0.400609,0.435429,0.917964,2948.131927,204.102444,1906.867696,277.437728,1222.5516,11.045078,67.303162,532.009787,7.576807,211.439118,1671.625337,23.803241,13.590973,186.373603,4.137868
d35_27_G04_0_3_S,glasshouse_b2,Forrest,T0,R3,S,11244,764,3214,55,694.6181818,2883.6,27349,764,3214,26770,743,2934,11244,840.3295091,3196.517787,11606,1460.574961,695.876874,485122,840.5496906,2322.130699,12800,1426.803438,770.194375,7678,872.2384736,3517.142355,215,155,716.676231,0.216276,256.368151,0.399698,0.435429,0.973648,1382.281252,97.723261,907.490108,116.254727,580.558296,19.863208,27.864777,246.241978,14.756319,87.539777,773.591989,46.358342,5.551718,83.438264,8.733279
d21_10_G02_0_1_T,glasshouse_b1,5489,T0,R2,T,10616,2407,2471,55,2040.854545,1478.8,18162,2439,2732,18103,2436,2726,10616,2406.670968,2471.336096,8418,2308.635305,2770.400808,352903,2611.502563,2116.763479,8234,2450.492835,3075.134807,10616,2406.670968,2471.336096,113,85,699.155661,0.121575,253.071252,0.396569,0.410526,0.88287,1371.70361,89.276083,868.462681,71.162448,623.560313,4.4329,17.511162,255.854201,3.074894,55.012938,803.789678,9.660066,3.560103,84.010024,1.705956
d37_24_G03_1_4_T,glasshouse_b1,CALINGIRI,T1,R4,T,27065,1182,3748,47,2260.93617,1995.510638,24634,1315,4241,24340,1315,4241,27063,1231.650889,3735.396889,11338,1132.892926,3551.513406,579029,988.052835,3001.716462,13570,1119.901842,2398.994547,25437,1251.293313,3779.203169,165,125,976.980604,0.127945,340.244217,0.385187,0.410526,0.821052,1917.573078,119.779395,1185.759639,196.372851,776.443259,4.164495,53.069715,321.502704,2.866596,166.723427,1010.030534,9.005678,11.571785,106.648619,1.558991
d07_47_G06_1_3_S,glasshouse_b2,3811,T1,R3,S,2465,1452,767,65,1399.476923,874.1692308,3556,1572,315,3556,1572,315,2465,1441.085598,763.7436105,1505,1568.053156,250.6146179,304363,1454.913337,282.3058026,1260,1405.053175,863.4587302,2465,1441.085598,763.7436105,30,22,91.292658,0.240983,31.710272,0.385586,0.410526,0.846321,175.644613,11.816829,111.906411,20.002309,68.111794,3.178555,4.817502,28.57604,2.227375,15.134628,89.774277,6.997506,0.969316,9.61358,1.233933
d31_36_G05_0_4_S,glasshouse_b2,Hartog,T0,R4,S,9144,725,4522,102,639.3137255,4966.27451,33778,1337,1382,40330,750,2941,9144,731.329615,4521.625,17062,729.9035283,2879.344039,479742,842.9630781,3865.561091,14495,725.748189,2808.263263,9126,731.4934254,4521.692636,325,211,944.60404,0.223374,342.050665,0.403727,0.435429,1.04664,1816.348564,134.04033,1206.185557,189.456835,729.476145,25.671059,41.777403,323.794837,18.344994,131.247582,1017.305476,57.632499,7.802245,115.780035,10.45805
d19_39_G05_1_3_S,glasshouse_b2,Hartog,T1,R3,S,3575,1011,2073,62,1001,2156.709677,9253,1002,2388,10999,997,2280,3575,1013.785175,2073.237483,4001,1733.126968,2118.075481,396128,990.5187086,2058.223655,3637,1013.534506,2078.554028,3575,1013.785175,2073.237483,61,35,209.739696,0.166874,78.799052,0.407286,0.435429,0.580571,411.48445,28.975462,270.402952,34.102681,175.637015,0,8.674983,77.39695,0,27.253262,243.14969,0,1.818031,27.157431,0
d11_38_G05_1_2_S,glasshouse_b2,Hartog,T1,R2,S,3863,2132,1548,54,1327.925926,515.7777778,12469,1128,1038,12469,1128,1038,3863,2147.556303,1538.546725,4929,1327.861838,546.7681071,382330,876.15563,1319.01171,5087,1318.785925,553.1195203,3863,2147.556303,1538.546725,62,28,244.318484,0.114605,91.681186,0.403452,0.435429,0.580571,483.766504,33.203572,312.7597,32.082247,212.236237,0,7.962081,91.592423,0,25.013615,287.746084,0,1.636385,31.567187,0
d49_41_G06_0_1_S,glasshouse_b2,3811,T0,R1,S,73799,1186,4106,86,1800.139535,565.5,156400,1512,3824,161481,1707,3744,54296,1114.240975,4263.423788,69156,1691.952614,3701.755423,545194,1311.27568,3582.162106,91980,1140.221363,4123.943162,47294,1122.129911,4252.274327,2041,1743,4319.371629,0.403531,1512.802768,0.430408,0.410526,2.471694,7744.98585,819.682153,5885.298385,1311.201197,2490.041387,518.129044,304.286803,1112.832055,455.859879,955.945186,3496.735509,1432.617691,59.23437,404.787335,355.660449
d11_35_G05_0_3_S,glasshouse_b2,Hartog,T0,R3,S,2827,1465,552,63,1494.031746,323.9047619,10980,1471,488,10980,1471,488,2827,1465.859215,552.2419526,5310,1477.07646,309.9143126,385457,1819.655482,269.5649294,4720,1477.805508,287.7597458,2827,1465.859215,552.2419526,79,65,263.588974,0.246596,91.93925,0.386,0.410526,0.725714,508.427328,33.269217,322.428514,45.406733,217.173534,1.008706,10.907353,91.069331,0.6555,34.26646,286.10274,2.059314,2.174766,30.758755,0.335696
d49_24_G03_1_4_T,glasshouse_b2,CALINGIRI,T1,R4,T,21113,1147,3584,65,2171.984615,1564.8,50950,2175,1816,53083,2175,1820,21110,1224.855613,3613.082473,22759,1225.340569,2798.376115,581942,1375.100742,2659.264452,16421,2344.464405,1840.351562,15473,1202.916241,3971.542299,233,159,1338.741264,0.118768,476.401944,0.391631,0.410526,0.781618,2630.808114,170.930184,1649.323296,278.858945,1054.353554,5.528765,72.649291,448.627242,3.719377,228.23448,1409.404047,11.684768,15.447824,153.506739,1.975621
d37_13_G02_1_1_T,glasshouse_b1,5489,T1,R1,T,7913,1283,2053,65,1829.692308,924.3692308,26949,1664,1572,27838,1670,1588,7913,1276.643498,2054.063566,11388,1550.026344,2144.895943,505004,1493.850787,1752.994016,19807,1769.406472,846.4530217,7839,1277.53017,2058.690777,329,240,1016.333875,0.236143,331.101379,0.365226,0.324549,0.781618,1958.480068,117.700404,1165.362325,375.579961,633.432745,7.321169,91.650067,274.491038,4.737002,287.973975,862.506619,14.881731,18.489474,96.792595,2.418335
d43_38_G05_1_2_S,glasshouse_b2,Hartog,T1,R2,S,3710,872,1685,78,886.9358974,1869.102564,30434,1784,1191,30281,1784,1191,3710,877.341779,1688.312399,12769,1761.295481,873.0176208,398938,913.4504234,1623.931847,10113,1656.811925,774.1039256,3710,877.341779,1688.312399,452,254,920.652813,0.275891,286.019178,0.352398,0.324549,0.973648,1770.617212,103.48818,1028.026065,358.092446,543.84585,18.714517,81.056058,233.005406,13.112534,254.645115,732.18671,41.19424,15.487548,80.684739,7.315893
d41_40_G05_1_4_S,glasshouse_b1,Hartog,T1,R4,S,20926,2345,3469,47,1372.319149,1026.744681,33838,1457,4145,47960,2277,3475,20647,2347.09522,3468.086114,18461,2141.488598,3393.436217,461008,2487.13187,2937.877698,20891,2345.017376,3561.373462,17319,2332.651077,3535.586754,400,290,1286.151362,0.225479,457.521139,0.398568,0.435429,0.973648,2467.157317,177.44897,1619.330994,289.354915,957.120354,39.676093,67.731719,418.806802,28.743445,212.785472,1315.92673,90.618791,13.323236,147.467437,16.658297
d33_26_G04_0_2_S,glasshouse_b1,Forrest,T0,R2,S,5359,1425,3221,56,1623.232143,4015.089286,17211,1438,2776,18211,1610,3900,5359,1440.503079,3216.67382,9502,1215.010945,2706.780467,363991,1458.989313,2729.785025,8850,1176.091073,2642.888249,5359,1440.503079,3216.67382,173,103,650.474642,0.158346,240.083786,0.404574,0.435429,0.781618,1274.583822,89.027045,833.207715,93.788377,555.429785,1.256481,22.194137,242.156,0.868116,69.724938,760.755509,2.727268,4.399832,84.152253,0.474961
d15_20_G03_0_4_T,glasshouse_b2,CALINGIRI,T0,R4,T,12147,1942,2322,50,1860.1,2542.12,22399,1784,2337,29803,1713,2041,12147,1889.04602,2310.212233,11996,1535.895715,814.9722407,368182,870.9457035,1485.815024,10051,1833.396378,2731.979007,11933,1890.044834,2329.095533,107,55,607.976594,0.090464,221.713842,0.399992,0.435429,0.598439,1204.533167,79.092798,764.850624,67.172638,540.803956,0,16.754116,226.705399,0,52.634609,712.216015,0,3.440819,75.651978,0
d07_21_G03_1_1_T,glasshouse_b2,CALINGIRI,T1,R1,T,2819,1634,1026,93,1725.677419,1096.139785,6247,1649,1062,6247,1649,1062,2819,1635.777935,1026.16105,3549,1522.904198,325.4787264,393515,1456.839094,358.9737164,3472,1525.893145,322.7381912,2819,1635.777935,1026.16105,51,25,177.288335,0.141013,62.546287,0.386593,0.435429,0.615789,349.533138,21.983218,216.105367,32.682197,144.328303,0.277834,7.914345,60.703042,0.171087,24.863648,190.704232,0.537487,1.587655,20.312819,0.082745
d7_T023_04.11.23,field,3811,na,R8,S,79470,749,3851,48,510.4166667,3632.5,276634,1186,4891,330894,1165,4664,78818,758.6470476,3863.474968,164644,1174.96685,4251.543913,492920,807.8173172,3050.601627,268210,1086.348671,3719.814761,54975,704.6865302,3829.44091,1465,802,4789.06935,0.167465,866.71332,0.202523,0.18932,0.677333,9412.455722,169.893935,3047.457372,4445.91655,342.743993,0.408807,848.405507,121.346747,0.258211,2665.376356,381.269823,0.811193,135.113764,34.651856,0.128315
d7_T021_04.11.23,field,Gladius,na,R9,T,64143,160,2670,80,1436.7125,2662.675,186471,1066,2217,208361,892,2394,57201,148.6715617,2584.233807,107963,1212.552958,5351.525523,424288,258.9224324,2590.812752,111999,1173.598229,5316.418843,54926,146.5992426,2558.13216,1131,392,3388.944848,0.11567,615.369737,0.20157,0.18932,0.677333,6732.100109,118.874447,2146.54064,3155.696661,232.705118,0.54307,601.87043,81.030914,0.345842,1890.831722,254.622424,1.086494,96.000175,22.701021,0.173251
d19_08_G01_1_4_T,glasshouse_b2,Gladius,T1,R4,T,23354,1896,1793,47,1852.723404,1653.680851,17824,1865,1242,18996,1897,1300,23354,1940.300762,1797.179113,8703,1895.149029,2019.635758,979388,1663.345203,1603.231494,8706,1768.300942,995.8336779,19076,1953.99675,1911.464458,63,53,520.573984,0.101811,186.248475,0.3983,0.435429,0.846321,1024.735992,68.122764,649.725073,85.214633,421.262,14.097351,22.081886,174.799002,9.933026,69.372291,549.14726,31.205522,4.676265,57.929,5.517498
d15_27_G04_0_3_S,glasshouse_b2,Forrest,T0,R3,S,4676,1007,1627,90,1412.611111,595.3888889,11875,1476,711,18759,1072,1427,4676,1007.3287,1627.11805,9612,1478.407303,575.0366209,380550,865.5671659,1640.035286,9801,1474.624324,584.0116315,4213,764.9681937,2362.704249,75,51,321.601835,0.158581,120.157758,0.406509,0.435429,0.580571,630.188849,43.922835,412.63448,37.120254,284.481581,0,9.104108,122.241527,0,28.601397,384.033083,0,1.835356,42.087479,0
d11_29_G04_1_1_S,glasshouse_b2,Forrest,T1,R1,S,1968,1139,1299,96,1428.895833,309.0208333,4385,1461,497,4631,1454,527,1968,1141.922764,1300.07063,2200,1439.885,315.2459091,318062,1453.320035,285.0227094,2203,1439.942351,315.3685883,1968,1141.922764,1300.07063,31,17,111.260634,0.152794,38.267205,0.377413,0.410526,0.580571,219.240082,13.473997,132.602055,27.366874,83.89376,0,6.271215,35.93733,0,19.701603,112.900452,0,1.190665,12.283332,0
d11_47_G06_1_3_S,glasshouse_b2,3811,T1,R3,S,3015,1206,1370,57,1578.157895,380.4210526,8272,1504,646,8498,1506,652,3015,1205.93068,1369.840796,4495,1553.390211,424.3922136,382368,1457.531603,987.1768506,4159,1558.708824,409.0134648,3015,1205.93068,1369.840796,64,42,210.999502,0.199053,77.72993,0.400914,0.435429,0.781618,410.588047,28.688582,268.565553,28.507387,178.75789,3.734224,6.874732,76.034172,2.578167,21.597606,238.868395,8.099552,1.369369,25.915023,1.40419
d11_10_G02_0_1_T,glasshouse_b2,5489,T0,R2,T,10198,1717,758,79,1737.936709,291.6075949,15365,1753,515,15547,1914,1253,7414,1943.73024,1535.84799,6608,1706.971701,296.9664044,478558,1980.831408,432.9709753,7040,1674.055966,306.8487216,7414,1943.73024,1535.84799,98,74,383.305096,0.193058,143.704782,0.406686,0.435429,0.598439,744.024486,52.531905,492.676467,41.88116,341.423936,0,9.700758,147.089723,0,30.475832,462.200635,0,1.892612,50.639293,0
d15_10_G02_0_1_T,glasshouse_b2,5489,T0,R2,T,14893,2134,1455,58,1953.396552,987.9655172,18697,2268,1807,26536,2185,1565,14893,2115.144632,1461.835157,9962,1686.261092,511.4445894,666752,1671.457248,1243.580747,6316,1687.172894,408.7811906,14109,2148.246651,1503.786519,82,66,522.62487,0.126286,192.631609,0.400258,0.410526,1.016,1022.615482,68.695275,656.035566,56.687135,463.895421,2.042315,12.511397,194.582737,1.728472,39.305714,611.299696,5.430156,2.33092,65.193819,1.170536
d5_T015_21.10.23,field,3811,na,R6,S,14493,325,845,83,701.9518072,4715,186265,968,5063,185376,968,5064,12629,249.2107847,279.1922559,110460,786.1439073,5717.411443,434335,261.1689825,439.6691816,67165,428.6989206,2978.190233,11253,264.968364,294.747534,1189,417,3534.462878,0.117981,637.527399,0.199261,0.18932,0.780588,7023.746281,121.313236,2217.774196,3295.406337,238.453602,0.602938,624.263325,81.197778,0.424946,1961.196999,255.24219,1.335007,98.875339,22.200776,0.237121
d11_31_G04_1_3_S,glasshouse_b2,Forrest,T1,R3,S,2697,1336,1366,63,1468.444444,299.8412698,6329,1614,528,6330,1614,528,2697,1341.72525,1371.512792,3729,1564.260928,335.9018504,272868,1462.840388,269.7450745,3664,1561.662937,333.6877729,1733,1386.745528,1300.085401,65,41,154.167894,0.265944,53.919576,0.384097,0.410526,0.598439,297.420381,19.596738,189.554227,25.702004,128.46589,0,5.899815,54.43717,0,18.534815,171.019412,0,1.136341,18.460397,0
d35_26_G04_0_2_S,glasshouse_b2,Forrest,T0,R2,S,6479,1435,3109,49,2017.020408,3330.795918,33917,1521,3588,35678,1561,3511,6262,1011.64085,3915.737624,13903,1501.107675,3539.522189,342293,1453.160395,3638.607252,8840,1191.314367,2620.718213,6262,1011.64085,3915.737624,188,114,717.390442,0.158909,269.819079,0.413072,0.435429,0.870857,1406.610567,102.122484,935.79331,89.579234,617.200307,10.610901,21.455934,268.663874,7.752454,67.405805,844.032453,24.355053,4.283055,93.37093,4.468499
d11_41_G06_0_1_S,glasshouse_b2,3811,T0,R1,S,4424,1559,1062,59,1505.728814,1515.881356,12068,1542,1535,12705,1546,1508,4424,1568.972197,1065.60217,5163,1613.818129,379.5429014,361461,1458.882776,1014.344397,7125,1536.226386,1686.117333,4424,1568.972197,1065.60217,64,40,309.439958,0.129266,121.653476,0.424262,0.435429,0.598439,608.679908,45.745875,415.361035,20.623255,288.816703,0,4.796564,127.41696,0,15.068849,400.292186,0,0.938282,44.807593,0
d27_06_G01_1_2_T,glasshouse_b2,Gladius,T1,R2,T,8630,1526,2015,93,1759.88172,648.0645161,21086,1658,837,21832,1562,1857,8630,1482.016338,1991.23314,14567,1719.616599,684.0645294,435505,1467.086745,401.513629,15031,1716.388264,693.1851507,6539,1631.730846,755.6329714,185,139,597.491609,0.232639,202.517041,0.385406,0.410526,1.026315,1139.258372,78.431437,729.011007,185.781695,380.607564,31.10235,48.258565,161.833819,21.891581,151.608754,508.415938,68.986315,10.229409,55.835603,12.366424
d1_T009_27.09.23,field,3811,na,R5,S,86462,1505,903,82,1547.939024,725.6585366,250384,855,5338,316129,996,4799,77334,1554.914889,872.5578659,129047,1523.086573,803.9289484,885231,1279.084994,752.8137051,123570,1511.110375,768.459788,59253,1660.753582,938.7280475,987,429,2978.995727,0.144008,566.624315,0.211577,0.18932,0.846667,5881.686192,116.562171,1980.860692,2661.161874,314.414608,3.419244,518.567568,109.578201,2.371634,1629.159912,344.250072,7.450708,84.473309,30.782628,1.306234
d11_36_G05_0_4_S,glasshouse_b2,Hartog,T0,R4,S,4851,1156,1669,68,1465.676471,455.5882353,17144,1478,696,22174,1333,1137,4851,1170.650175,1670.278499,8485,1489.463995,434.1381261,351428,885.8922738,1478.827083,5909,1416.095955,367.5659164,4619,1164.511799,1688.256982,124,70,423.803126,0.165171,154.016808,0.393317,0.410526,0.725714,830.616725,55.880902,528.806632,75.761854,345.861108,2.180164,17.65961,149.230823,1.433946,55.479302,468.822457,4.504873,3.462703,51.674684,0.743516
d31_31_G04_1_3_S,glasshouse_b2,Forrest,T1,R3,S,3843,662,3157,53,398,2905.981132,16415,974,1891,15384,976,1890,3843,649.3791309,3156.629716,6095,2185.090894,3010.8274,358494,1321.400205,2057.419388,3976,634.5487928,3150.246479,3843,649.3791309,3156.629716,123,59,397.934831,0.148265,132.2499,0.362324,0.410526,0.598439,782.951429,44.875789,457.789722,100.8004,297.134431,0,23.523697,122.195297,0,73.901875,383.887848,0,4.604457,40.271332,0
d4_T012_14.10.23,field,Gladius,na,R5,T,47993,1094,5405,77,1207.181818,4407.909091,208776,1168,5607,212794,1122,5569,25240,1105.387995,4957.949208,111828,1158.618906,6166.41427,841588,584.9226082,6191.941332,76586,1030.478142,6361.147011,21558,1099.377493,4873.277159,1074,439,3447.612618,0.127334,616.194108,0.198937,0.18932,0.71842,6826.686396,118.089279,2155.348618,3225.801479,220.577454,1.233684,608.328977,76.955646,0.78415,1911.121845,241.763292,2.463481,96.067019,21.630067,0.392193
d29_11_G02_0_3_T,glasshouse_b1,5489,T0,R3,T,18908,1566,3800,48,2776.541667,3256.916667,24243,1599,2796,23877,1542,2635,11458,1451.926427,4105.70693,10981,1401.278117,2423.599035,513938,1683.778574,3867.503827,10302,1399.810911,2489.615803,8403,1406.323932,4234.244794,190,124,840.668114,0.147502,324.375915,0.420884,0.435429,0.88287,1642.405961,124.097388,1112.835087,91.347254,732.950144,16.370716,20.538689,321.706964,11.980757,64.524194,1010.672235,37.638659,3.884025,113.282244,6.931119
d19_07_G01_1_3_T,glasshouse_b2,Gladius,T1,R3,T,12979,1321,1832,60,1378.1,3017.716667,19989,1332,2573,20846,1330,2555,12979,1343.452115,1840.895061,10442,1615.874354,1493.35702,435602,1418.297905,1155.885664,6366,1256.192271,2595.267672,12979,1343.452115,1840.895061,77,57,568.751098,0.10022,204.618419,0.39834,0.435429,0.781618,1121.030099,73.022539,712.707217,65.668749,501.535582,1.546766,17.684526,208.07749,1.099737,55.557578,653.694715,3.454925,3.847398,68.558614,0.616527
d49_06_G01_1_2_T,glasshouse_b2,Gladius,T1,R2,T,19510,1638,743,56,2062.767857,1462.803571,67916,1819,956,65978,1827,944,14527,2296.916294,1547.138088,36651,1710.317099,722.8924722,531208,1463.278721,488.0154064,36315,1885.054633,1200.360209,14367,2299.352544,1552.698336,917,740,1783.246803,0.414973,577.815829,0.386835,0.324549,1.376946,3253.016965,254.076661,2186.979593,673.620315,972.591279,137.03521,161.559404,426.009632,108.289373,507.553838,1338.422723,341.003032,32.141411,152.05529,69.87996
d25_31_G04_1_3_S,glasshouse_b1,Forrest,T1,R3,S,3047,851,2181,70,677.1,1926.028571,11537,846,2176,11537,846,2176,3047,867.3193305,2183.561864,3687,727.9335503,2205.945755,379871,871.1039432,1630.648523,3002,864.8774151,2187.113591,3047,867.3193305,2183.561864,100,56,300.992068,0.186051,100.729226,0.366331,0.410526,0.580571,589.688986,34.250267,349.623954,67.234528,233.75754,0,16.187568,95.101193,0,50.854745,298.769209,0,3.222892,31.027375,0
d19_20_G03_0_4_T,glasshouse_b2,CALINGIRI,T0,R4,T,18881,1793,2327,57,1229.649123,3157.807018,25678,1803,2972,25621,1803,2972,18881,1860.888194,2318.220751,12200,1873.176393,2149.138689,576019,1957.90534,1869.133506,10941,1863.947537,2419.964903,18669,1861.031068,2329.988698,121,69,731.386565,0.094341,262.108758,0.397367,0.435429,0.781618,1445.647005,94.572194,911.782214,104.135298,617.182698,10.068568,26.084533,257.120928,7.023831,81.946978,807.769219,22.066017,5.367155,85.344375,3.860664
d07_16_G02_1_4_T,glasshouse_b2,5489,T1,R4,T,2997,1607,1022,64,1567.296875,307.90625,3751,1587,457,3751,1587,457,2997,1614.550551,1018.680347,1631,1579.639485,906.6076027,275200,1466.871533,860.5509266,1692,1646.11643,1126.981087,1712,1645.474883,1125.408294,30,10,103.514718,0.096605,36.297492,0.386553,0.435429,0.649099,204.608791,12.747544,125.378827,18.509254,84.642607,0.362857,4.128479,35.547728,0.186007,12.97,111.676483,0.732345,0.770676,11.859196,0.117672
d43_35_G05_0_3_S,glasshouse_b2,Hartog,T0,R3,S,12003,1473,4418,60,1192.9,3210.733333,53813,1168,3842,53546,1168,3842,11837,1485.280054,4410.736758,33908,1630.811608,737.2198301,394979,1807.53139,287.9012859,27243,1700.958999,635.6363837,11704,1484.781528,4412.198906,913,687,1642.726851,0.418207,545.80536,0.403806,0.410526,1.952697,2978.043885,266.269822,2103.974507,556.364176,935.682634,150.680041,122.342367,423.36086,123.855835,384.349883,1330.027368,389.597256,22.713954,155.834559,87.721308
d19_44_G06_0_4_S,glasshouse_b2,3811,T0,R4,S,9170,1040,1736,69,1623.985507,669.1594203,29056,1337,1136,29799,1073,2223,9170,1062.791167,1747.392366,16151,961.1612903,1504.883908,484552,914.4210322,1121.348349,12315,2085.632318,2006.042793,9122,1061.82449,1749.668713,177,131,821.531871,0.159458,302.282476,0.403544,0.435429,0.917964,1601.01504,111.319993,1044.205825,102.242032,706.620266,12.669573,23.878106,299.435018,9.067913,75.015283,940.702854,28.487689,4.679269,101.46886,5.171864
d29_45_G06_1_1_S,glasshouse_b1,3811,T1,R1,S,7650,778,2485,52,1091,1652.269231,20613,1236,2384,25173,1375,3278,7650,775.9709804,2485.066405,10523,975.6424024,2261.434192,545911,805.162761,1847.599253,13827,1637.549288,3559.407174,6788,767.0309369,2190.708456,239,127,768.822007,0.165188,265.816453,0.38154,0.435429,0.725714,1506.915203,94.644944,923.262208,167.630811,599.354144,1.837052,36.945882,255.647218,1.25708,116.068912,803.244064,3.949232,6.911254,87.055684,0.678005
d09_19_G03_0_3_T,glasshouse_b1,CALINGIRI,T0,R3,T,4788,1642,1251,60,1564.25,1312.283333,9706,1505,891,9819,1505,891,4788,1672.462824,1243.674603,5130,1575.216569,1126.413645,410869,1833.853004,911.3168017,5114,1509.991201,320.9939382,4773,1672.336686,1244.827991,76,46,340.841139,0.13496,131.059646,0.418465,0.435429,0.973648,668.600042,49.945281,452.159135,33.830004,301.079138,5.931997,7.885483,131.604117,4.437123,24.772974,413.446529,13.939632,1.535915,45.739557,2.669809
d29_09_G02_0_1_T,glasshouse_b1,5489,T0,R1,T,10381,802,4296,64,1746.109375,942.4375,35503,2239,3181,34665,2427,3404,10381,833.9339177,4296.398998,12039,2450.87092,4291.37744,376785,888.5114482,3935.772645,14436,2268.514062,2070.074744,10381,833.9339177,4296.398998,225,139,974.905815,0.142578,384.489027,0.434262,0.435429,1.338151,1903.207652,154.79496,1328.29365,109.573883,834.178527,31.153406,23.565414,376.046147,23.15401,74.032931,1181.520252,72.740467,4.312104,136.612198,13.870657
d1_T010_27.09.23,field,Gladius,na,R3,T,17019,1338,5926,53,1347.867925,6061.245283,144350,1236,5347,154645,1254,5228,13840,1383.707587,5895.865679,60390,1587.881288,6003.939046,421185,1088.848159,5889.990517,99055,1371.455656,5732.567675,8118,899.0996551,5461.831855,1143,683,4231.619781,0.161404,832.338837,0.22099,0.18932,0.850889,8279.879301,182.662535,2933.275666,3673.848823,552.018609,5.752349,726.795973,202.895761,3.949077,2283.312814,637.55646,12.406392,119.852789,60.662379,2.147367
d31_20_G03_0_4_T,glasshouse_b2,CALINGIRI,T0,R4,T,18028,1804,2370,72,1491,4457.833333,46540,1162,3803,47431,1151,3726,18028,1873.609552,2353.373641,20474,1508.979975,4392.441243,609296,1965.004108,1873.54133,19826,1666.166599,1031.186876,18028,1873.609552,2353.373641,239,169,1252.02967,0.134981,447.909572,0.396324,0.410526,0.917964,2450.945813,162.356327,1563.498896,194.855411,1046.014097,11.160161,51.155995,438.719696,7.748799,160.711297,1378.278574,24.509024,10.900374,147.139388,4.316566
d09_14_G02_1_2_T,glasshouse_b1,5489,T1,R2,T,5516,1963,1089,74,1573.662162,287.1486486,4264,2014,1223,4212,1894,850,5516,1962.414793,1088.742023,2632,1975.083967,946.4266717,383403,1619.792,878.5091327,3010,1573.306977,300.8036545,5516,1962.414793,1088.742023,31,23,150.672229,0.152649,58.691127,0.420848,0.435429,0.580571,294.131078,21.916593,199.499037,14.639317,136.032912,0,3.250789,60.251727,0,10.212654,189.286383,0,0.605273,21.311321,0
d35_38_G05_1_2_S,glasshouse_b2,Hartog,T1,R2,S,3125,2236,4300,62,1162.274194,1003.806452,23888,1122,1371,26182,1016,1947,3125,2239.8432,4300.4208,9590,842.3407716,2151.555162,386812,870.6183288,2475.105436,9021,866.9677419,2419.756235,2907,2239.067767,4315.933953,229,129,643.165343,0.200571,221.071316,0.381785,0.410526,1.04664,1252.16523,80.729662,777.108824,158.673428,475.401993,9.089922,38.907232,201.701423,6.696042,122.230675,633.66371,21.214439,7.952685,68.761418,4.015559
d05_43_G06_0_3_S,glasshouse_b1,3811,T0,R3,S,3997,1684,641,54,1690.759259,840.4074074,3323,1683,432,3279,1684,701,2084,1685.168906,487.5431862,1283,1733.44661,376.4723305,278502,1468.103698,266.9892424,1678,1691.18534,830.3557807,2476,1687.84168,455.4232633,33,21,100.801651,0.20833,38.583201,0.417615,0.435429,0.598439,195.816449,14.543391,133.383696,7.746283,93.055369,0,1.891874,40.565475,0,5.943498,127.440198,0,0.380109,14.163282,0
d17_37_G05_1_1_S,glasshouse_b1,Hartog,T1,R1,S,5050,2325,2578,73,2333.835616,2160.69863,7074,1052,2203,7074,1052,2203,5050,2339.925149,2577.553465,4475,947.4634637,2206.83933,358047,2554.542292,2084.603544,4927,956.5088289,2185.966917,5037,2339.896764,2576.804646,69,39,267.999384,0.145523,96.800333,0.391112,0.435429,0.580571,526.842684,34.634632,331.532208,48.265309,219.734075,0,10.828691,94.701289,0,34.019335,297.512874,0,2.063784,32.570847,0
d49_21_G03_1_1_T,glasshouse_b2,CALINGIRI,T1,R1,T,15873,1405,2956,65,1619.676923,3238.692308,52998,1845,4089,52961,1462,1754,15873,1399.958168,2956.213066,31151,1766.944175,4537.66107,559989,1565.922016,3889.020143,35940,1564.304981,2710.774513,15689,1400.120658,2956.982281,585,460,1678.495905,0.274055,555.701324,0.372863,0.410526,0.973648,3212.017354,203.14278,1989.291777,492.929579,1156.766883,28.799443,123.262081,490.022643,19.843849,387.239248,1539.570846,62.481683,25.438606,166.77987,10.924304
d15_06_G01_1_2_T,glasshouse_b2,Gladius,T1,R2,T,9859,1602,1605,62,1643.225806,806.2903226,14972,1623,948,14893,1538,1838,9859,1536.773405,1596.475302,8801,1633.272696,750.5530053,574739,1481.546549,1318.369439,10131,1655.044912,803.403514,9859,1536.773405,1596.475302,58,36,428.129765,0.084087,152.189294,0.389468,0.410526,0.580571,848.302827,52.999619,526.311535,63.73636,364.393405,0,17.292113,150.238052,0,54.324774,471.986761,0,3.7786,49.22102,0
d49_07_G01_1_3_T,glasshouse_b2,Gladius,T1,R3,T,32831,1337,2332,61,1536.688525,2962.688525,52981,1476,1516,66711,1274,2469,19548,1327.945723,2421.431297,28358,1400.904154,3120.768954,588455,1472.910274,1277.364351,37362,1210.151785,3249.461619,13174,1365.903294,2528.775846,705,509,1688.147475,0.301514,553.51568,0.379044,0.410526,1.314325,3182.308994,221.024954,2022.654715,605.582192,1013.773308,68.791976,144.474555,446.382487,52.73224,453.880199,1402.425936,166.34858,28.696829,159.267411,33.060714
d11_14_G02_1_2_T,glasshouse_b2,5489,T1,R2,T,7090,2017,1337,70,2066.528571,1417.728571,10205,2027,1373,7755,2047,1473,7090,2008.345275,1340.043865,4181,2043.316671,1335.682133,357237,2030.894988,1001.654761,5505,2034.362035,1294.981835,7090,2008.345275,1340.043865,29,15,198.96885,0.075389,75.217756,0.409094,0.435429,0.598439,393.439523,26.765734,254.822215,14.131317,184.837533,0,3.008524,78.103906,0,9.451558,245.370657,0,0.540348,26.225386,0
d11_22_G03_1_2_T,glasshouse_b2,CALINGIRI,T1,R2,T,5629,2009,1561,61,1944.737705,1802.868852,10903,1554,887,12870,1712,1417,5629,1994.623557,1561.229348,7122,1906.534962,1652.029065,529780,1861.909559,1059.704377,4564,1887.599912,1753.363278,5629,1994.623557,1561.229348,58,24,276.415534,0.086826,106.759497,0.414719,0.435429,0.580571,548.587959,38.846603,361.163948,29.776319,246.639215,0,7.173715,107.78834,0,22.53689,338.627059,0,1.44498,37.401623,0
d15_35_G05_0_3_S,glasshouse_b2,Hartog,T0,R3,S,3974,983,2104,50,869.98,2293.14,12621,835,1867,13916,835,1867,3974,982.0727227,2104.290639,7328,1550.271288,628.025655,335707,279.9568433,1467.066361,3609,999.8423386,2019.062621,3956,981.3336704,2105.543984,110,62,348.065075,0.178128,118.556708,0.372546,0.410526,0.649099,680.674053,41.968003,412.564028,76.424945,271.114521,0.525609,16.71193,114.281779,0.3295,52.502077,359.026796,1.035155,3.095785,38.709884,0.162334
d19_27_G04_0_3_S,glasshouse_b2,Forrest,T0,R3,S,6981,732,2731,65,707.6615385,2638.292308,14835,753,2387,16292,791,2302,4443,2717.860455,1950.548953,8198,1464.342157,707.9442547,377513,872.5167451,2468.160418,7020,720.9155271,2425.62265,4443,2717.860455,1950.548953,99,65,422.068768,0.154003,152.205094,0.394454,0.435429,0.580571,828.638929,54.47005,525.324001,61.608289,360.460479,0,14.430508,152.785315,0,45.334779,479.989222,0,2.796829,51.673222,0
d19_12_G02_0_4_T,glasshouse_b2,5489,T0,R4,T,13059,1045,1888,57,2146.54386,2130.614035,23340,1884,2476,24941,1865,2424,13059,1121.085841,1904.607167,10395,1544.364983,803.6681097,590010,1590.223191,2308.414235,12917,1500.2338,894.0229155,13059,1121.085841,1904.607167,86,60,590.634525,0.101586,227.04892,0.41425,0.435429,0.580571,1164.637223,82.172307,769.045183,52.256371,538.378154,0,12.597909,232.196776,0,39.577498,729.467685,0,2.522923,79.649384,0
d15_25_G04_0_1_S,glasshouse_b2,Forrest,T0,R1,S,6465,1521,1747,72,1485.361111,1794.25,9899,1553,789,11917,1502,940,6417,1488.084775,1735.104098,5916,1427.619168,608.546146,359283,1452.450753,1343.490947,3949,1365.787794,516.8678146,6417,1488.084775,1735.104098,65,25,260.067521,0.096129,92.202581,0.385995,0.410526,0.821052,514.865618,33.354945,316.4831,60.404635,197.718045,1.944841,13.354312,85.899458,1.485929,41.953809,269.861107,4.668184,2.486221,29.971862,0.896862
d29_26_G04_0_2_S,glasshouse_b1,Forrest,T0,R2,S,7161,1375,3102,58,1086.155172,2581.724138,16084,1392,2587,15803,1392,2582,6912,1402.126591,3110.530671,10567,1160.324974,2517.130879,378159,1456.174466,2767.602173,6882,1512.474571,804.2150538,6913,1402.140605,3110.611167,157,101,570.283795,0.177105,213.803391,0.410959,0.435429,0.598439,1110.758189,80.12839,741.980351,70.50363,499.780165,0,16.695719,219.412675,0,52.451147,689.529204,0,3.301058,76.827332,0
d15_18_G03_0_2_T,glasshouse_b2,CALINGIRI,T0,R2,T,13866,1206,1827,68,1467.014706,1831.088235,26611,1472,929,28561,1471,937,13866,1202.207558,1826.540098,10231,1420.025999,1816.328805,430488,1392.287627,1171.993382,8613,1429.538488,519.9004992,13866,1202.207558,1826.540098,101,65,606.638996,0.107148,225.7902,0.407826,0.435429,0.917964,1194.719819,82.700673,778.941949,67.437136,534.864298,4.337562,16.73984,228.199095,3.005988,52.589759,716.908601,9.443589,3.424754,77.622542,1.653377
d5_T019_21.10.23,field,Gladius,na,R7,T,269318,829,5036,64,1156.4375,3652.359375,353714,989,5425,377885,1317,2972,197280,897.3957015,5093.282664,168584,1453.421772,3897.293065,1229792,1895.84814,3615.066704,293452,955.3870139,5645.703703,193488,891.3957661,5090.131114,1597,1160,6411.011102,0.180939,1218.522653,0.214074,0.18932,0.766689,12477.04624,253.312621,4310.575551,5757.751547,649.717565,3.54199,1143.165597,226.544057,2.357924,3591.360641,711.807274,7.407637,188.487845,63.585384,1.239392
d19_15_G02_1_3_T,glasshouse_b2,5489,T1,R3,T,8701,935,2279,57,980.2280702,2007.614035,15628,1048,1796,18154,1013,1862,8701,936.6103896,2279.857028,7520,928.3037234,1864.533511,512473,913.3203057,1862.451665,4899,941.6029802,2093.409471,8241,932.7961412,2300.807062,74,52,364.882331,0.142512,136.220926,0.407401,0.435429,0.740086,712.92455,50.684374,469.311565,47.279369,311.251008,6.351953,11.085722,133.820917,4.479871,34.826824,420.410811,14.073929,2.183375,46.013311,2.487688
d09_47_G06_1_3_S,glasshouse_b1,3811,T1,R3,S,2890,1434,772,71,1598.43662,257.1971831,5696,1593,639,5735,1593,639,2890,1423.407958,766.9529412,2673,1466.40853,717.298541,389201,1022.692909,875.8017503,3280,1605.422561,252.6039634,2890,1423.407958,766.9529412,63,41,167.701764,0.244482,63.431078,0.41563,0.435429,0.973648,322.060182,25.132269,221.916957,22.851088,138.566137,6.284539,5.490826,60.480634,4.666901,17.249939,190.005515,14.661503,1.096069,21.275587,2.760613
d29_17_G03_0_1_T,glasshouse_b1,CALINGIRI,T0,R1,T,22507,1392,3471,73,1731.30137,931.890411,31290,1411,2468,35489,1336,3102,22507,1311.753677,3471.324521,12049,2722.271807,2449.635405,510494,1420.881632,2213.663781,16572,1272.535783,2534.057989,11546,1347.236012,4075.289711,204,146,1080.804835,0.135085,395.738511,0.407496,0.435429,1.016,2113.413392,149.358029,1385.350091,178.233015,881.778519,20.793301,46.464431,379.753983,14.728663,145.972315,1193.106316,46.27146,9.85837,131.224286,8.275372
d45_27_G04_0_3_S,glasshouse_b1,Forrest,T0,R3,S,10728,790,3221,69,1499.594203,646.3043478,31787,1055,3660,33764,790,3221,10728,852.9209545,3201.260999,16197,705.1005742,3015.299932,497116,845.4187172,2329.646795,21806,1459.350958,726.9866092,8017,1426.60484,635.3636023,369,273,1032.941595,0.264294,372.728682,0.412953,0.435429,1.436841,1955.473668,158.236757,1350.070994,211.720425,747.8958,73.32537,50.991131,321.163759,57.517814,160.193361,1009.039699,180.837934,10.223278,111.02736,36.986119
d29_33_G05_0_1_S,glasshouse_b1,Hartog,T0,R1,S,5543,1335,3662,66,1550.5,718.3787879,18553,1214,2820,23603,1244,2680,5543,1340.723074,3659.778279,9795,1164.167432,2413.710465,343480,1453.326042,3082.823972,10151,1165.751355,2389.679145,5424,1344.297382,3667.439897,198,104,633.599554,0.164142,220.154925,0.382047,0.410526,0.725714,1238.969923,78.93972,765.832686,129.989739,499.206976,4.402839,28.529247,212.511999,2.730869,89.627272,667.626136,8.579279,5.299566,72.3089,1.331254
d33_27_G04_0_3_S,glasshouse_b1,Forrest,T0,R3,S,7757,835,3529,71,2666.309859,2721.084507,23921,754,2911,23921,754,2911,7757,888.6025525,3518.448627,9593,729.4424059,3032.112478,385785,871.1317729,2832.576738,11367,805.3049177,2245.375033,7757,888.6025525,3518.448627,143,95,646.542752,0.146935,233.879717,0.400706,0.435429,1.133602,1267.687489,86.202835,817.395254,90.217789,553.394182,2.930781,22.241692,235.566817,2.376481,69.874335,740.054983,7.465936,4.520091,80.092526,1.590218
d15_01_G01_0_1_T,glasshouse_b2,Gladius,T0,R1,T,9752,2161,2257,75,2307.64,2325.96,19646,2081,2238,24802,2149,1814,9752,2129.950779,2269.721596,12088,2301.424222,2432.894523,350554,2026.722351,1623.179479,11760,2306.690051,2443.872109,6107,845.8693303,2120.022925,138,78,518.501698,0.150433,197.045031,0.414009,0.435429,0.649099,1017.817348,74.024015,675.419699,70.458616,447.825368,0.217714,15.981213,198.837093,0.136483,50.206462,624.784462,0.428775,3.049333,70.907441,0.067241
d13_24_G03_1_4_T,glasshouse_b1,CALINGIRI,T1,R4,T,8252,2227,1520,50,1283.74,883.4,15172,1291,1777,15719,1295,1764,8252,2200.928987,1527.732429,6433,1226.70356,1235.844085,338674,2054.840463,1479.280819,6331,1572.933344,507.9352393,5868,2248.957055,1724.532379,79,49,446.499552,0.109743,168.373593,0.411828,0.435429,0.781618,880.806586,61.775562,579.863531,43.050481,402.500485,0.948586,10.838475,173.077695,0.660125,34.050074,543.739614,2.073843,2.241793,59.170385,0.363384
d21_20_G03_0_4_T,glasshouse_b1,CALINGIRI,T0,R4,T,17219,1811,2412,53,1764.773585,3954.150943,21275,1719,2082,21898,1724,2095,17219,1854.77037,2398.658633,9132,1773.879216,3713.48883,620716,1734.014657,1788.153929,12242,1854.202826,2516.992893,18652,1857.64095,2321.684055,145,83,819.587308,0.10127,292.792041,0.394794,0.435429,0.781618,1620.108808,104.873514,1016.745361,120.552798,691.413625,7.620885,30.237822,288.066299,5.312427,94.994918,905.060962,16.68948,6.232027,95.724084,2.917403
d29_05_G01_1_1_T,glasshouse_b1,Gladius,T1,R1,T,17271,1306,3790,52,1642.307692,1196.557692,25243,1639,2353,25585,1630,2407,8414,1430.117067,3197.412764,10954,1484.604711,2189.970148,422707,1785.238326,2748.369462,13023,1470.018122,2590.540198,8263,1432.750696,3190.312719,175,103,850.034012,0.121172,312.699835,0.402532,0.435429,0.870857,1670.805229,114.311015,1077.426264,132.334272,710.729861,6.969878,32.976952,304.855502,5.085,103.600149,957.851116,15.974999,6.785145,104.596662,2.929208
d17_32_G04_1_4_S,glasshouse_b1,Forrest,T1,R4,S,2073,1361,972,61,1367.885246,949,3238,765,2008,5326,834,1723,2073,1356.868307,971.9044863,1884,797.0467091,1867.049363,329116,874.9635782,2056.582539,2073,1356.868307,971.9044863,1884,797.0467091,1867.049363,25,11,112.321282,0.097933,42.006499,0.401127,0.435429,0.580571,223.726174,15.089958,142.660362,16.496114,95.825168,0,4.151791,41.258412,0,13.043237,129.617125,0,0.858401,14.231557,0
d21_02_G01_0_2_T,glasshouse_b1,Gladius,T0,R2,T,8466,2093,2848,64,2016.234375,2704.390625,20192,1739,2176,20429,1901,3231,8466,2086.711198,2844.5163,9662,1983.414717,2768.269923,512677,2070.323623,2228.193445,17240,1943.685499,3219.647216,8466,2086.711198,2844.5163,126,86,704.057777,0.122149,283.133074,0.434781,0.435429,0.649099,1383.718952,108.56476,965.108427,42.223021,661.732125,0.102631,9.734732,297.358774,0.066618,30.582563,934.316577,0.209286,1.875534,106.655264,0.033962
d15_45_G06_1_1_S,glasshouse_b2,3811,T1,R1,S,4130,764,1720,67,945.7761194,954.1044776,13430,1226,1762,16592,1258,1652,4130,763.6588378,1719.637046,6029,1448.926854,1408.954553,374206,1017.057848,1468.598769,5392,1468.419325,1379.505935,4130,763.6588378,1719.637046,91,43,324.324913,0.132583,114.80688,0.385549,0.435429,0.580571,639.320675,40.246081,393.489317,60.561344,263.763569,0,13.322894,111.928646,0,41.855107,351.634211,0,2.475356,37.770725,0
d35_40_G05_1_4_S,glasshouse_b2,Hartog,T1,R4,S,18189,2354,3383,58,1302.551724,1259.948276,38111,1687,3563,39684,1581,3444,18189,2365.351366,3387.611798,18120,2142.341336,3240.996744,495550,2531.404401,2405.4434,17015,2405.815339,3105.907435,17962,2364.893108,3389.587017,241,161,967.630242,0.166386,355.791257,0.403517,0.435429,0.973648,1882.185197,133.147881,1233.956473,165.635646,789.495953,12.498643,38.913403,344.628872,9.150152,122.250059,1082.819969,28.886444,7.653605,120.125363,5.368912
d31_45_G06_1_1_S,glasshouse_b2,3811,T1,R1,S,9031,787,2391,66,1029.363636,1750.924242,28629,1253,1909,27884,1257,1894,6837,779.6704695,2205.885769,15327,1345.589678,3192.421935,392611,856.9652226,1525.730132,15794,1657.060529,3675.433709,6815,779.6311079,2207.808217,251,125,827.1774,0.151116,285.271319,0.380474,0.435429,0.725714,1623.386759,100.863808,989.225972,183.389644,642.168418,1.619338,40.833156,272.881338,1.132604,128.281142,857.386651,3.558179,7.692396,92.54756,0.623852
d31_09_G02_0_1_T,glasshouse_b2,5489,T0,R1,T,10985,784,4320,70,2464.185714,4214.757143,44106,2258,4070,54930,2136,2804,10985,813.2738279,4318.23878,21100,2443.64455,4135.756493,375043,886.5445402,3944.809643,25479,2430.068723,3973.455983,10695,813.9944834,4316.33324,262,166,1033.028906,0.160693,398.940611,0.425686,0.435429,1.026315,2012.457801,158.651704,1380.970371,147.990108,863.731089,21.30771,31.673228,392.58132,15.268264,99.504381,1233.499323,47.966667,5.76603,144.17056,8.715114
d45_01_G01_0_2_T,glasshouse_b1,Gladius,T0,R1,T,9115,503,3181,62,731.1774194,3109.709677,47184,2175,3533,47189,2175,3533,9115,513.4017553,3181.394515,24233,769.4814922,2932.025626,778986,897.9865197,2541.369023,32457,752.5733124,3153.674523,7441,951.6750437,2713.734041,485,323,1666.119942,0.193864,624.20415,0.412292,0.435429,1.04664,3237.717829,241.088112,2168.3595,277.837724,1371.395323,16.886895,63.307787,614.78359,12.095335,198.887279,1931.473605,37.998616,12.139099,221.974227,6.974786
d29_32_G04_1_4_S,glasshouse_b1,Forrest,T1,R4,S,5249,591,2503,65,2472.215385,3155.907692,8752,526,2728,8752,526,2728,5249,590.8915984,2502.699181,4486,2476.225591,3101.472804,491708,2959.553509,2642.664905,4855,2475.096395,3074.301957,5037,594.4228708,2485.660711,97,51,338.123952,0.150832,120.331557,0.38664,0.435429,0.580571,665.813456,42.763574,413.303803,64.427375,273.696577,0,14.129279,117.396098,0,44.38844,368.915362,0,2.630833,40.132741,0
d41_27_G04_0_3_S,glasshouse_b1,Forrest,T0,R3,S,10668,773,3211,59,899.2711864,1955.118644,29174,744,3061,29174,744,3061,10668,847.3458943,3195.874672,11159,2768.471189,2389.404785,498315,908.4441046,3232.905273,17619,1430.835291,780.5600772,7291,879.8291044,3519.448224,257,181,868.633964,0.208373,316.918392,0.409968,0.435429,1.494337,1673.146679,126.937496,1126.495168,150.907034,687.745349,29.981582,37.192306,297.522432,23.64192,116.843074,934.950037,74.702058,7.5833,103.628315,15.72588
d29_15_G02_1_3_T,glasshouse_b1,5489,T1,R3,T,14880,992,2933,75,1493.146667,3619.293333,18488,938,2650,18214,1254,3436,14880,1082.623051,2932.718548,9188,954.2224641,3089.512734,617792,1240.480482,2362.846987,10897,916.2737451,2961.398734,15441,1072.269089,2894.082313,144,92,654.71607,0.140519,244.412941,0.409751,0.435429,0.870857,1281.818743,91.810612,843.571104,92.386387,554.145836,8.183848,21.522952,241.063311,5.930759,67.616347,757.322728,18.632029,4.218559,84.175792,3.416261
d07_17_G03_0_1_T,glasshouse_b2,CALINGIRI,T0,R1,T,8314,1326,791,59,1494.440678,753.8474576,13616,1650,538,17358,1337,774,8314,1318.202911,789.6505894,6054,1532.113809,366.3406013,439142,1434.507651,423.6437576,6963,1611.224472,332.019101,7680,1302.083724,838.953125,69,45,329.984385,0.13637,121.964206,0.401782,0.435429,0.725714,650.774447,43.843978,417.124262,41.024524,288.712087,0.247774,9.449897,123.153044,0.171836,29.687726,386.896697,0.539839,1.815682,41.934212,0.094084
d33_08_G01_1_4_T,glasshouse_b1,Gladius,T1,R4,T,9692,2015,2614,53,1852.754717,920.5849057,20909,1931,1698,24660,1981,2648,9690,2020.328999,2592.840557,9387,1969.852029,2636.269415,395018,2014.330382,2082.412262,9568,2076.206835,1502.866325,8417,2002.196626,2598.065938,195,127,789.504131,0.16086,272.842114,0.38382,0.410526,0.781618,1542.858109,99.873046,951.419189,250.61459,526.478942,12.410599,63.654773,230.635866,8.517517,199.977366,724.683254,26.758569,13.260892,82.004579,4.607575
d3_T009_08.10.23,field,3811,na,R5,S,93693,863,5572,69,994.2318841,6216.086957,268237,1082,5314,291078,1029,5122,52312,1017.574037,5761.915775,136010,1129.882678,6156.607595,608270,667.8315288,5946.564593,135159,1135.947713,6160.599242,46637,995.960675,5692.724125,1212,698,4392.865664,0.158894,827.068238,0.211447,0.18932,0.871697,8610.851102,173.127969,2916.29881,3959.693151,426.976287,6.196226,767.884058,156.011194,4.291966,2412.410764,490.404438,13.483608,124.347196,46.418234,2.362539
d7_T024_04.11.23,field,3811,na,R9,S,35443,896,3820,78,413.7435897,2495.128205,240572,960,2166,273303,1014,2463,32072,886.2319469,3791.56317,119717,734.4177602,3629.667967,588057,863.9981022,3450.371551,79425,953.4793453,3829.937337,29761,278.6539431,2776.87944,1125,656,3947.273543,0.166191,714.011117,0.202266,0.18932,0.677333,7767.899018,138.108517,2505.670646,3681.150959,265.586777,0.535807,705.317612,91.843965,0.342128,2215.884325,288.711494,1.074828,112.445409,25.491259,0.17185
d21_39_G05_1_3_S,glasshouse_b1,Hartog,T1,R3,S,3547,1023,2081,49,1045.183673,2686.306122,7006,1015,2397,7006,1015,2397,3547,1026.078376,2081.617141,3363,1756.528992,2013.315789,375679,1010.645748,2056.248686,3547,1026.078376,2081.617141,3547,1026.078376,2081.617141,76,44,227.737929,0.193205,83.702268,0.399054,0.435429,0.580571,446.528057,30.198173,288.396372,31.83963,195.898298,0,7.927305,83.872111,0,24.904365,263.492008,0,1.629969,28.568204,0
d7_T017_04.11.23,field,Gladius,na,R6,T,16145,173,5036,59,1494.220339,5586.661017,178637,985,5039,174608,979,5081,16144,180.3442765,5036.004708,98389,847.4025552,3675.142577,547439,222.0198817,4578.27168,91504,851.8378322,3575.822948,11691,184.0459328,5104.898726,1013,338,3464.485979,0.097561,616.018481,0.196421,0.18932,0.567961,6879.632512,115.744419,2144.335243,3261.94863,202.537349,0,611.667007,70.896101,0,1921.608575,222.726669,0,95.800027,19.944391,0
d2_T005_02.10.23,field,3811,na,R2,S,14864,895,6158,62,1607.935484,4722.854839,169494,1288,5302,174294,1265,5304,13256,882.2159777,6186.451192,64356,1850.905867,5027.670955,385387,2008.25087,4950.038374,61618,1233.856552,6235.931092,12427,883.7197232,6171.841072,934,265,2684.570497,0.098712,469.26071,0.193023,0.18932,0.846667,5349.080406,86.429758,1633.222339,2561.790749,121.72567,1.054079,477.303844,41.763999,0.790051,1499.494251,131.24607,2.482018,74.452691,11.507704,0.469363
d15_02_G01_0_2_T,glasshouse_b2,Gladius,T0,R2,T,7269,1741,2080,67,1884.835821,2228.537313,21434,1765,2358,21414,1744,2312,7269,1769.924336,2087.104691,11503,1939.763279,2562.83726,353649,2014.352474,1584.08634,9934,1940.186632,1521.708476,7269,1769.924336,2087.104691,101,61,520.71986,0.117146,208.073317,0.430613,0.435429,0.725714,1024.892916,78.827842,707.728835,35.18698,484.819617,0.713263,8.547964,216.24076,0.488361,26.854221,679.340382,1.534232,1.719018,76.845181,0.263643
d1_T011_27.09.23,field,Gladius,na,R4,T,70376,1476,5849,70,339.9285714,6556.542857,268514,1218,5728,236567,1171,5856,57456,1408.74551,5784.911828,103047,1618.258232,5698.287888,594366,413.5278953,5182.787993,112371,1620.796424,5694.775511,52788,1414.197962,5738.021691,753,229,2076.23259,0.110296,372.680258,0.198052,0.18932,0.644802,4127.068527,70.794219,1296.07367,1937.062703,138.940685,0.229202,365.166388,47.245287,0.141387,1147.204043,148.425445,0.444181,57.828902,12.896785,0.068532
d37_08_G01_1_4_T,glasshouse_b1,Gladius,T1,R4,T,12173,1952,2170,94,1817.744681,1577.702128,22972,1901,1873,21677,2009,2803,11122,1984.854433,2120.638644,10836,1727.671465,2413.78636,627423,1957.312434,1534.905292,15249,1807.178307,2376.261919,5665,1969.945278,2441.157988,259,175,881.764754,0.198466,304.067858,0.382044,0.410526,0.740086,1716.202318,112.53155,1061.287993,327.159623,545.510051,9.09508,83.818788,247.846577,6.129542,263.324488,778.706979,19.256526,17.5815,91.691842,3.258208
d27_29_G04_1_1_S,glasshouse_b2,Forrest,T1,R1,S,3512,978,3307,54,2503.055556,2440.37037,11277,1304,2496,12295,1304,2496,3512,971.4752278,3305.772779,5485,2496.87639,2498.26618,276855,2589.969558,2628.90231,4309,2488.28336,2669.260153,3195,984.3104851,3279.652895,80,26,312.999283,0.083067,100.450095,0.349983,0.410526,0.580571,622.813969,32.841442,346.259026,102.21359,210.785693,0,24.199556,86.018115,0,76.025147,270.233879,0,4.778967,28.062475,0
d21_44_G06_0_4_S,glasshouse_b1,3811,T0,R4,S,8806,1047,1760,58,821,2250.017241,25213,959,2056,25371,959,2066,8806,1070.419827,1780.869634,12590,960.9312153,1608.581096,556955,918.560855,1168.907712,10798,1723.440359,705.7712539,9002,1076.600866,1766.618974,175,117,907.917811,0.128866,336.041461,0.40513,0.435429,0.917964,1780.909234,123.336418,1156.248695,110.876781,784.221156,12.819874,26.013175,332.923393,9.108823,81.722799,1045.909685,28.616211,5.107016,113.088578,5.140824
d19_05_G01_1_1_T,glasshouse_b2,Gladius,T1,R1,T,7639,1479,3082,55,1420.6,2878.054545,21188,1572,2661,28119,1423,2143,7639,1450.981149,3078.151198,11325,1672.816336,981.5773951,507770,1415.123733,1105.146925,8769,1505.264682,2150.140951,7639,1450.981149,3078.151198,116,66,570.77861,0.115632,214.256319,0.406451,0.435429,0.615789,1125.580673,77.433573,731.748352,64.015964,506.617504,0.145143,14.985775,217.847582,0.089377,47.079201,684.388364,0.280787,2.950179,74.440168,0.043226
d45_15_G02_1_3_T,glasshouse_b1,5489,T1,R3,T,13241,1072,3128,56,1356.767857,4323.232143,50633,1335,4091,53270,1319,4074,13241,1125.610679,3074.747451,23883,1449.008374,4458.437675,390737,1440.851849,3986.185772,47340,1359.082763,4179.340494,6984,1166.835481,4166.674685,633,425,1699.270309,0.250107,581.102195,0.386284,0.410526,1.429491,3248.655689,225.328705,2071.385873,456.599154,1181.934607,60.736547,103.318988,511.133385,44.726373,324.586174,1606.07577,140.72393,19.667417,178.77755,26.883738
d35_39_G05_1_3_S,glasshouse_b2,Hartog,T1,R3,S,6341,1500,2617,98,1644.683673,2306.867347,20954,1453,2727,24546,1495,2614,6341,1509.928245,2619.393313,9204,1649.49196,2354.29661,358891,1447.148744,2193.084223,10743,1579.514568,2449.418784,6341,1509.928245,2619.393313,167,95,515.534511,0.184275,175.362388,0.374942,0.410526,0.725714,1009.965172,61.861332,613.739039,120.594791,394.123825,0.815894,28.892723,165.918016,0.548465,90.769166,521.246819,1.723054,5.798378,55.772382,0.290572
d13_07_G01_1_3_T,glasshouse_b1,Gladius,T1,R3,T,10712,1411,1464,54,1656.537037,486.0740741,13072,1469,1277,15151,1362,1939,10712,1399.519137,1468.565814,6313,1479.405829,1203.954063,410954,1429.14717,1101.206103,7442,1336.300457,1795.383499,10950,1401.065114,1456.371416,87,65,470.670325,0.138101,176.273512,0.411578,0.435429,0.725714,922.39081,64.690992,611.223604,34.304923,436.045057,0.320346,8.927652,185.411808,0.219056,28.047045,582.488373,0.688185,1.891879,62.681099,0.118013
d1_T017_27.09.23,field,Gladius,na,R6,T,17752,1035,5116,50,743.48,2597,176893,1065,4963,182669,1076,4913,17748,1062.898636,5110.85604,88010,939.8332576,4551.549892,437705,1281.850845,4726.81629,77672,884.5531852,4592.754081,12936,1036.701067,5164.144481,745,217,2114.922853,0.102604,375.820037,0.196293,0.18932,0.677333,4208.08826,70.884995,1310.109717,1984.856395,129.692721,0.373737,373.031769,43.734688,0.239212,1171.913864,137.444347,0.751505,58.907201,11.857438,0.120356
d05_28_G04_0_4_S,glasshouse_b1,Forrest,T0,R4,S,2098,1506,469,88,1447.715909,277.4204545,4607,1495,434,4610,1495,434,2098,1505.842707,469.1830315,2155,1543.884919,390.4900232,236165,1457.695332,245.8352169,2277,1496.581028,264.8770312,2497,1501.927513,438.649179,27,11,117.18961,0.093865,44.376475,0.407566,0.435429,0.598439,232.489341,16.028158,149.956865,14.819677,102.369933,0,3.244618,44.488134,0,10.193269,139.763596,0,0.59637,15.431788,0
d11_37_G05_1_1_S,glasshouse_b2,Hartog,T1,R1,S,2003,1076,1852,64,1106.25,1392.765625,5676,1074,1722,8774,1193,1136,2003,1075.722916,1851.949576,2578,1345.292087,899.4868115,348902,870.0565574,1483.019398,2003,1075.722916,1851.949576,1986,1075.754783,1853.223565,37,11,151.290521,0.072708,56.573949,0.400394,0.435429,0.580571,301.158789,20.278738,191.13503,23.301104,127.989417,0,5.129264,55.710906,0,16.114058,175.020973,0,0.959518,19.31922,0
d43_02_G01_0_2_T,glasshouse_b2,Gladius,T0,R2,T,9215,1875,3615,73,1430.479452,3150.342466,55824,1690,3697,59171,1697,3681,8987,1817.235229,3600.210081,22409,1530.414878,4349.160337,619425,2075.913357,2544.146268,24956,1810.965619,3930.985294,8926,1818.345844,3596.845395,511,351,1383.195505,0.25376,494.529623,0.40459,0.435429,1.338151,2645.382002,196.854132,1767.804773,282.777373,1067.912023,32.506109,63.107014,474.720883,24.824978,198.256531,1491.558275,77.989967,11.844151,169.609448,15.400533
d31_01_G01_0_1_T,glasshouse_b2,Gladius,T0,R1,T,10824,923,2665,106,2384.811321,2626.566038,33471,2187,3279,37184,2338,2985,9463,918.8066152,2566.34228,19475,2369.592606,2300.689191,333824,982.2354115,2082.842974,10856,2332.104735,3394.804256,9468,918.8549852,2566.570765,259,167,908.168758,0.183887,328.557605,0.398232,0.435429,0.821052,1767.561918,121.583473,1138.097601,165.085287,735.615023,7.468448,37.293554,319.812539,5.104763,117.161154,1004.899361,16.037086,7.104556,111.719675,2.759241
d2_T021_02.10.23,field,Gladius,na,R9,T,125746,377,2757,57,235.2280702,3296.894737,196740,701,1967,194779,701,1955,99225,357.5887428,2733.107251,102699,474.6253323,3140.20564,1233394,251.4075924,2153.720295,85880,406.9145552,3245.498102,68615,223.8422211,2502.193923,1115,419,3606.093767,0.116192,666.063184,0.205319,0.18932,0.838157,7131.873281,131.521117,2327.177662,3337.121054,265.211794,3.76092,645.790283,92.235086,2.698711,2028.825933,289.873479,8.47825,104.131509,25.856635,1.532973
d5_T001_21.10.23,field,Gladius,na,R1,T,191055,1295,5830,153,1388.542484,6397.810458,352466,1231,5575,350080,1244,5590,171919,1308.806013,5792.063175,135795,1358.712567,4899.857609,1501203,1206.83513,5354.859101,345802,1241.353844,5612.605456,162774,1301.311874,5781.535116,1114,673,4141.277579,0.16251,808.528849,0.218188,0.18932,0.83387,8121.27223,172.240931,2840.437083,3647.32268,490.729786,3.225113,726.791856,175.116562,2.205443,2283.315805,550.192677,6.928602,120.454223,50.592067,1.194641
d21_11_G02_0_3_T,glasshouse_b1,5489,T0,R3,T,7302,1639,3265,66,1621.833333,3416.666667,23416,1438,2831,23410,1438,2831,7302,1635.47576,3266.737606,8443,1626.008646,3420.315172,383853,1459.576674,2211.873905,11488,1415.647023,2498.246083,6864,2674.160839,2502.269376,138,84,633.451757,0.132607,244.939602,0.41814,0.435429,0.870857,1246.248428,91.560559,832.59495,67.459536,559.712839,6.279382,15.027416,245.422993,4.572795,47.21002,771.019072,14.365858,2.819486,86.107363,2.633709
d09_02_G01_0_2_T,glasshouse_b1,Gladius,T0,R2,T,5862,1233,1144,60,1563.133333,355.0833333,9487,1825,1296,9487,1825,1296,5862,1233.747868,1143.579324,3761,1968.339006,1074.937517,354880,1454.801595,862.2670367,3643,1648.379083,329.0584683,4237,1245.702148,1015.927071,75,45,294.200325,0.152957,118.698907,0.437986,0.435429,0.740086,572.466613,47.188407,408.455299,29.912398,262.578409,1.709518,7.075793,121.792111,1.123903,22.22926,382.695194,3.530845,1.403172,45.202144,0.583091
d37_37_G05_1_1_S,glasshouse_b1,Hartog,T1,R1,S,4636,2372,2591,66,1017.348485,2084.348485,7549,1093,2583,7546,1093,2583,4636,2387.214625,2591.19025,4161,979.4556597,2216.028359,208078,2584.535982,2632.509891,5224,2378.585184,2410.535222,4636,2387.214625,2591.19025,102,54,299.688715,0.180187,102.504074,0.376985,0.435429,0.580571,586.618927,35.807314,356.856633,68.464336,231.224379,0,16.359896,97.231099,0,51.396128,305.460505,0,3.258535,32.548779,0
d37_15_G02_1_3_T,glasshouse_b1,5489,T1,R3,T,13301,1033,3044,60,1550.516667,4214,24382,1482,4066,27785,1441,3960,13301,1134.321028,3027.646342,12123,912.3678957,2608.064011,437470,896.3374357,2333.517286,18743,1642.73254,4162.664728,13999,1119.522823,2970.235588,295,179,969.595069,0.184613,337.984841,0.385358,0.410526,1.04664,1887.103659,123.3018,1176.833873,236.146722,724.169886,9.278461,55.572924,312.005641,6.972186,174.587488,980.342616,21.903768,10.904089,108.192381,4.205329
d31_43_G06_0_3_S,glasshouse_b2,3811,T0,R3,S,17401,1764,3714,45,1583.133333,1466.155556,47118,1755,3964,46342,1402,2110,17401,1822.219068,3713.885754,22706,1789.358407,2627.060821,454193,1521.900047,3258.908455,20626,700.1035101,4004.851789,17238,1822.927312,3713.904687,265,185,1284.430493,0.144033,482.200484,0.411805,0.435429,1.026315,2510.66746,182.846945,1667.538431,189.429278,1083.083143,11.918072,43.938083,477.689552,9.136541,138.129154,1500.705986,28.703291,8.590884,168.634198,5.621864
d27_17_G03_0_1_T,glasshouse_b2,CALINGIRI,T0,R1,T,24583,1351,3231,50,1909.34,1103.62,35675,1400,3471,42795,1358,2618,24583,1261.065492,3231.477159,20561,1639.433004,1110.023102,499745,1424.462214,2243.07057,16251,1242.892684,2516.250262,9705,1257.725811,2898.397012,209,161,1025.748238,0.156959,371.912357,0.402136,0.435429,0.846321,2000.922065,137.611207,1300.71139,167.966844,844.877383,12.904012,44.536156,360.501659,8.99148,139.914459,1132.549364,28.247567,9.581828,123.088307,4.941072
d41_46_G06_1_2_S,glasshouse_b1,3811,T1,R2,S,11720,1434,3938,58,1275.051724,4184.206897,27922,1801,2851,28403,1799,2863,11720,1506.851536,3960.635751,12324,1250.617089,3918.577653,351406,1424.924603,3318.21227,21812,1231.830598,4306.587566,10336,1057.717492,2563.900542,390,237,1086.542339,0.218123,355.317262,0.371958,0.410526,1.240101,2093.117436,132.542905,1275.760846,333.694958,731.001978,21.845403,77.438701,312.307867,16.262724,243.280855,981.248743,51.231248,15.102261,107.477954,9.962689
d37_39_G05_1_3_S,glasshouse_b1,Hartog,T1,R3,S,6427,1516,2619,70,1254.142857,2918.371429,17565,1511,2243,17845,1511,2243,6427,1525.299673,2621.714953,6055,1044.533443,2244.839472,363462,1449.988288,2202.33264,9653,1635.623019,2422.503678,6427,1525.299673,2621.714953,137,71,535.724841,0.132531,184.336695,0.378594,0.410526,0.615789,1053.420504,64.711451,641.127461,115.820916,419.831353,0.072571,27.44056,176.591961,0.044689,86.207061,554.780006,0.140394,5.473097,59.21674,0.021613
d25_41_G06_0_1_S,glasshouse_b1,3811,T0,R1,S,9137,1418,3471,74,1427.189189,1533.851351,21330,1528,2039,23777,1349,2844,9137,1427.718507,3485.675057,9468,1438.540135,1884.367554,354461,1460.612242,2532.989387,11184,1349.042471,2716.009657,8237,1431.382542,3497.899357,161,99,726.287553,0.13631,254.782901,0.387384,0.435429,0.725714,1426.424703,90.545227,887.311017,142.641551,575.517116,8.128885,36.848891,240.001898,5.58908,115.764204,753.9882,17.558613,7.781195,79.73072,3.033312
d33_12_G02_0_4_T,glasshouse_b1,5489,T0,R4,T,13719,2061,2788,76,1584.289474,686.2894737,35521,1748,2054,40213,1759,2108,13719,1986.846709,2817.201035,17917,1392.962605,1852.611319,597198,2087.171359,2504.198194,23209,1601.095092,851.1264596,13641,1986.343523,2815.568947,280,214,1174.409704,0.182219,450.295347,0.421372,0.435429,0.929368,2280.185394,174.345602,1559.818944,135.616862,1018.649663,20.143179,32.039827,450.814026,13.651938,100.656085,1416.274032,42.888827,6.317602,160.682761,7.345238
d33_07_G01_1_3_T,glasshouse_b1,Gladius,T1,R3,T,12751,1267,2128,43,1812.906977,2159.069767,24313,1430,1674,24493,1745,1730,12751,1321.805741,2156.953494,10846,1530.792827,2199.194081,651267,1488.912699,2401.131235,10637,1786.550155,1270.235687,10571,1930.741368,2466.323243,200,136,860.499618,0.158048,304.54712,0.390923,0.410526,0.725714,1683.961869,111.928142,1064.799604,224.711444,628.927337,6.860838,60.225849,274.278764,4.431628,189.205086,861.672149,13.922369,13.037119,96.635532,2.255491
d37_17_G03_0_1_T,glasshouse_b1,CALINGIRI,T0,R1,T,25126,1401,3645,61,1380.409836,2158.213115,36275,1457,2167,41851,2725,3379,22003,1345.730173,3724.330546,17383,1315.82132,2709.190531,484517,1429.332065,2205.074833,22381,1637.693043,834.2373442,12894,1355.042888,4202.0736,394,298,1424.526368,0.209192,502.687606,0.397277,0.435429,1.016,2742.444334,190.786714,1783.800794,311.499667,1076.218247,36.808454,79.931922,461.997854,25.81479,251.113538,1451.587702,81.099553,16.772619,159.650332,14.363762
d27_25_G04_0_1_S,glasshouse_b2,Forrest,T0,R1,S,6451,997,2892,68,823.0441176,2731.514706,24880,960,3003,24649,960,3003,6451,1007.302279,2897.955976,10448,846.8703101,2720.362653,450772,1375.484646,2657.271528,8218,1392.6532,743.5704551,6011,1474.276826,1849.764598,126,72,555.613988,0.129586,204.255023,0.402855,0.435429,0.740086,1091.163778,75.664664,705.883655,85.917215,464.605574,5.0912,19.211737,202.157698,3.275622,60.355453,635.097137,10.431065,3.622474,70.333065,1.709125
d41_30_G04_1_2_S,glasshouse_b1,Forrest,T1,R2,S,1953,1012,3139,68,771.8676471,2247.455882,9137,1010,3060,9250,959,2064,1953,1006.229903,3138.745008,4857,889.4836319,3179.110562,376347,871.0604097,2486.122895,4900,888.6589796,3175.403061,1953,1006.229903,3138.745008,171,75,420.343348,0.178426,125.893099,0.330234,0.324549,0.649099,826.467702,40.804382,440.581912,179.901058,239.916682,0.525609,40.919282,98.990379,0.331917,128.551715,310.987447,1.042749,7.829217,32.810429,0.164736
d35_20_G03_0_4_T,glasshouse_b2,CALINGIRI,T0,R4,T,17882,1779,2376,46,1627.5,774.0217391,52571,1128,3702,54909,1119,3667,17882,1847.524774,2356.88206,29599,1827.723876,1139.191358,581043,1955.441661,1875.519719,25452,1772.672285,1024.075515,17656,1847.725136,2370.034606,317,247,1510.341774,0.163539,548.454466,0.402737,0.435429,1.133602,2933.875212,205.396846,1922.226339,238.304852,1248.419744,23.617178,61.212531,534.157262,16.32648,192.304836,1678.209173,51.712329,12.870518,183.364242,9.162086
d21_14_G02_1_2_T,glasshouse_b1,5489,T1,R2,T,10087,2190,2603,72,1927.041667,1209.097222,13061,2150,2014,16836,2201,2452,10087,2166.448994,2597.666006,6369,2256.575601,2528.097033,534515,2093.617536,1378.241939,6027,2002.038162,1291.707815,14124,2109.571863,2223.900453,37,17,496.449325,0.034243,180.681666,0.399814,0.435429,0.580571,988.970729,62.950195,618.426763,48.83056,447.618765,0,12.493657,184.357695,0,39.249982,579.17678,0,2.621041,60.329154,0
d21_04_G01_0_4_T,glasshouse_b1,Gladius,T0,R4,T,16450,2089,3052,61,1933.508197,2743.409836,20997,1740,2029,20973,1740,2029,16450,2028.245714,3068.299514,9908,1888.382317,3114.119197,572700,2105.135746,2699.468814,13422,1559.820817,894.7175533,13603,2087.019187,3246.414835,157,101,780.173728,0.129458,293.855897,0.409896,0.435429,0.649099,1530.301849,107.221875,1005.88502,80.996945,698.97152,0.205263,19.123237,300.90312,0.133236,60.077421,945.389026,0.418573,3.761618,103.392334,0.067924
d13_36_G05_0_4_S,glasshouse_b1,Hartog,T0,R4,S,4780,1158,1669,62,1251.080645,680.1612903,16665,1194,1577,16665,1194,1577,4780,1172.349372,1671.347699,6389,1210.40601,992.5146345,390110,874.7795878,1612.519769,6741,1504.215843,415.9873906,4563,1166.88867,1687.439404,113,65,435.320468,0.149315,160.03128,0.396781,0.435429,0.725714,855.34457,57.159318,546.236012,65.518967,368.937937,0.863563,15.95341,157.326458,0.559146,50.119115,494.360287,1.75661,3.212709,53.66155,0.285059
d05_30_G04_1_2_S,glasshouse_b1,Forrest,T1,R2,S,1314,1348,678,63,1327.095238,297.5079365,1362,1350,674,1362,1350,674,1314,1348.141553,678.0258752,504,1392.781746,333.75,334039,1453.690279,293.9112948,866,1390.418014,305.5635104,1314,1348.141553,678.0258752,17,7,42.76749,0.163676,15.678705,0.397387,0.435429,0.615789,83.945701,5.741036,53.970928,8.652357,33.909869,0.205263,2.076051,14.977031,0.126399,6.522105,47.051729,0.397093,0.411704,5.268201,0.061131
d07_48_G06_1_4_S,glasshouse_b2,3811,T1,R4,S,1644,1392,976,68,1570.191176,257.3382353,5161,1613,319,4931,1455,785,1644,1392.138686,976.7512165,4365,1632.232302,279.484307,210382,1461.942181,238.0208573,4365,1632.232302,279.484307,1644,1392.138686,976.7512165,61,43,144.773832,0.297015,48.958427,0.371743,0.410526,0.580571,278.709985,17.140782,171.939297,28.542605,116.231227,0,7.039029,47.690949,0,22.113761,149.825536,0,1.427857,15.712925,0
d6_T008_28.10.23,field,3811,na,R4,S,34651,1196,6437,68,691.1764706,6236.911765,173212,931,2923,229697,958,3448,30905,783.2994661,3113.652548,85372,934.734468,2887.714028,459765,1131.529018,2623.746286,94974,900.3197612,2815.462832,29152,784.6535058,3119.712678,962,463,3109.812275,0.148884,579.65117,0.208014,0.18932,0.850889,6128.576412,116.929916,2030.944533,2818.502819,288.742896,2.566561,543.599144,101.096769,1.75291,1707.767078,317.670525,5.50693,87.491635,28.492171,0.946111
d27_02_G01_0_2_T,glasshouse_b2,Gladius,T0,R2,T,8867,1861,3582,53,1952.773585,3695.433962,36353,1773,3745,35705,1769,3751,8867,1804.764746,3581.299876,16789,1788.979749,2979.22616,386608,2014.276973,1557.258474,15174,1893.319362,3686.339265,8770,1805.917218,3576.725428,232,166,921.186208,0.180202,359.340953,0.426186,0.435429,0.917964,1793.25975,138.287038,1240.645294,80.381156,834.423039,6.382013,18.762423,371.638845,4.508394,58.94389,1167.537866,14.163538,3.6498,132.107219,2.530019
d17_16_G02_1_4_T,glasshouse_b1,5489,T1,R4,T,6445,2315,1978,54,1698.759259,826.1296296,14307,1828,2032,14307,1828,2032,6445,2298.594569,1980.764779,4382,2178.755135,2397.39571,513670,2046.752997,1746.143514,3423,2340.253871,2163.608238,6445,2298.594569,1980.764779,51,33,301.64741,0.109399,115.554739,0.413906,0.435429,0.598439,594.594794,41.988774,392.059604,25.19614,276.45127,0,5.617845,119.178603,0,17.648981,374.410623,0,1.060992,40.927782,0
d33_21_G03_1_1_T,glasshouse_b1,CALINGIRI,T1,R1,T,25508,1899,3472,61,1597.131148,2045.311475,27044,1857,2860,26211,1858,2854,21548,1851.90078,3408.230833,13247,1604.889484,2504.585265,528761,1984.090251,2540.482899,15285,1578.742623,1621.886294,22783,1851.417943,3334.813677,222,182,1056.911137,0.1722,365.350158,0.388629,0.410526,0.870857,2055.223746,131.584602,1293.820412,206.75322,841.245335,8.912583,55.476606,350.231386,6.094528,174.284896,1100.388992,19.146524,12.030789,116.260122,3.293691
d13_06_G01_1_2_T,glasshouse_b1,Gladius,T1,R2,T,9071,1578,1633,69,1270.942029,1463.347826,11664,1575,1130,11655,1525,1826,9071,1529.334583,1607.840811,5646,1543.787814,954.2665604,457377,1818.306441,965.3602586,6490,1591.753159,819.9711864,10235,1542.843771,1504.254519,56,34,426.870264,0.079649,157.45064,0.402941,0.435429,0.725714,845.748606,56.361036,542.484923,43.074499,383.372787,0.422977,11.401099,161.006356,0.27086,35.817609,505.816384,0.85093,2.453434,53.770824,0.136778
d27_04_G01_0_4_T,glasshouse_b2,Gladius,T0,R4,T,19226,2084,3354,48,2002.333333,4367.8125,39001,1649,1318,43824,2080,3319,19226,2031.999116,3353.547384,20815,1617.880615,848.5326928,411664,1965.242074,3390.853023,26102,1627.127423,954.3015861,18820,2040.666153,3379.370776,260,198,1090.981496,0.181488,401.95838,0.408295,0.435429,1.105375,2115.768482,151.988317,1400.556431,164.696642,908.069792,18.215062,39.708475,392.598952,13.503531,124.747853,1233.385984,42.422595,7.934805,135.993126,8.060386
d13_28_G04_0_4_S,glasshouse_b1,Forrest,T0,R4,S,3734,1500,1924,70,1513.614286,408.5571429,9880,1135,770,9976,1130,777,3734,1500.414301,1924.2421,3734,1500.414301,1924.2421,366123,862.3600484,866.5370681,6787,1518.659643,400.9201414,3734,1500.414301,1924.2421,74,40,260.901909,0.153314,96.268405,0.399275,0.435429,0.580571,512.144891,34.734829,329.323183,35.003232,225.898678,0,7.930118,96.896707,0,24.913201,304.409982,0,1.500819,33.23401,0
d33_01_G01_0_1_T,glasshouse_b1,Gladius,T0,R1,T,9619,2202,2483,65,2440.446154,2743.692308,26461,2098,2346,28965,2349,3382,7555,948.4129715,2715.693448,15707,2388.030114,2266.489782,367949,2403.782252,3192.825248,17690,2388.941718,2323.453872,7559,948.3872205,2715.526525,309,183,977.713487,0.187171,351.972963,0.398059,0.435429,0.917964,1903.910019,131.362868,1224.698734,194.8118,775.643659,7.258028,44.992743,339.467851,5.278393,141.34887,1066.574351,16.775513,8.709263,119.53148,3.122125
d27_22_G03_1_2_T,glasshouse_b2,CALINGIRI,T1,R2,T,12422,2133,2427,63,2254.825397,3678.428571,24301,1737,1722,27216,1904,2950,12422,2126.679037,2426.628643,10207,2024.20388,2766.720388,452327,1991.531702,1704.019185,8007,1898.785438,1830.234545,10210,1148.918609,2559.822135,120,88,697.858109,0.1261,252.760521,0.400077,0.435429,0.580571,1370.437192,90.164776,877.432167,68.840896,629.017213,0,17.279847,261.982177,0,54.286242,823.145925,0,3.587586,86.57719,0
d45_45_G06_1_1_S,glasshouse_b1,3811,T1,R1,S,9327,1728,4463,56,1889.160714,4073.678571,37990,1743,4340,37722,1744,4366,9327,1755.199314,4467.975555,22812,1859.464931,4514.46984,385645,1910.478347,3450.957303,40020,1841.61087,4162.675037,6487,800.0707569,2208.624171,627,343,1574.20472,0.217888,510.434792,0.364164,0.410526,0.929368,3052.522748,185.294802,1806.460465,539.59096,1006.139453,28.474306,119.825428,435.38713,19.801668,376.442683,1367.809008,62.208774,22.519111,151.861828,10.913863
d49_44_G06_0_4_S,glasshouse_b2,3811,T0,R4,S,35104,2133,2626,70,2159.828571,2960.7,146733,1445,1727,148883,1726,3467,29201,2141.859491,2737.556899,75322,1627.10564,935.4364727,452769,1996.613032,2160.453472,56515,2126.669309,2516.700699,27802,2136.854903,2729.997374,2165,1849,4325.423955,0.427473,1468.610624,0.405826,0.410526,1.494337,7821.389307,676.524759,5570.162598,1435.520201,2404.16006,485.743693,332.29342,1079.009486,360.858629,1043.930566,3390.332637,1135.899396,64.520521,394.694091,217.310147
d21_22_G03_1_2_T,glasshouse_b1,CALINGIRI,T1,R2,T,11017,2145,2566,59,2136.576271,3075.033898,15822,1766,2068,20271,2130,2446,11017,2138.137242,2566.367886,7087,1971.091294,2516.652321,766361,2010.312348,1595.895628,7297,1885.56393,1905.896944,8591,2175.19276,2777.64521,84,58,532.192555,0.108983,196.513103,0.405697,0.435429,0.580571,1049.049253,70.265041,678.325216,40.672348,491.520206,0,10.6204,205.297222,0,33.364971,644.960245,0,2.263335,68.001706,0
d25_44_G06_0_4_S,glasshouse_b1,3811,T0,R4,S,10723,1234,3301,58,1130.448276,3335.034483,26236,1256,1662,27242,1222,3092,10723,1195.579689,3308.695235,12923,875.9646367,1848.383889,462465,1244.894695,2795.173803,10173,2146.930404,2882.89364,8891,1186.178158,3204.276009,189,119,1004.86094,0.118424,360.457475,0.393115,0.435429,0.821052,1978.430106,128.168086,1239.950322,164.821155,834.503726,5.536059,39.597956,351.236993,3.853498,124.400647,1103.443556,12.106119,7.924437,118.126194,2.117455
d49_38_G05_1_2_S,glasshouse_b2,Hartog,T1,R2,S,3278,2253,1954,57,1618.035088,631.5789474,41660,1833,1432,50506,1158,1727,3161,901.1917115,1670.248023,24242,837.8095867,2340.740863,375514,865.9751141,2449.757825,25779,844.1667249,2281.653672,3072,898.1009115,1676.467448,707,411,1357.461331,0.302771,400.404729,0.338397,0.324549,1.105375,2588.043028,144.809113,1458.4833,620.348158,700.272889,36.840284,137.514082,301.104663,25.369905,432.01323,946.487377,79.982693,25.835901,104.961539,14.011673
d29_44_G06_0_4_S,glasshouse_b1,3811,T0,R4,S,13703,1222,3554,51,2104.117647,2588.039216,33713,1032,2423,39661,702,3002,13478,1182.908666,3575.806129,13621,874.4352103,2991.60627,458429,1241.142997,2752.948832,13618,844.4232633,2734.455867,8134,1227.932383,3988.402508,275,193,1160.121526,0.166362,412.065009,0.391837,0.435429,0.781618,2262.486207,149.746909,1431.370915,234.923322,919.156282,6.041922,55.587895,395.921471,4.110147,174.634523,1243.823984,12.912408,10.980212,136.559532,2.207166
d4_T024_14.10.23,field,3811,na,R9,S,33782,1175,3803,59,1948.372881,2114.59322,202370,1005,2154,209252,1006,2156,30707,1177.488846,3807.609666,94171,1276.793854,3733.265899,465348,759.4199567,2374.362621,89747,1340.646172,3697.121007,17817,1133.765,3719.113768,1044,519,3566.762148,0.14551,649.509454,0.202613,0.18932,0.72833,7038.466437,125.519703,2272.165222,3319.008795,247.267143,0.48621,638.64481,84.280398,0.322376,2006.377768,264.774679,1.012774,102.352568,22.998632,0.168503
d45_17_G03_0_1_T,glasshouse_b1,CALINGIRI,T0,R1,T,20463,1406,3494,70,1738.457143,1091.557143,70806,1442,2118,73415,1443,2141,20463,1323.803792,3493.82593,29550,2365.209374,2102.525076,397116,1346.012012,2162.389302,54734,1272.291482,2122.612325,10347,1737.021262,683.479366,795,595,2350.659393,0.25312,843.158287,0.402803,0.410526,1.016,4495.369439,337.084598,2996.572077,671.749208,1588.6143,90.295885,167.239634,722.628494,63.93241,525.398807,2270.323679,200.849591,34.423901,266.716913,35.943784
d09_25_G04_0_1_S,glasshouse_b1,Forrest,T0,R1,S,1918,1534,622,103,1383.271845,290.631068,6599,1239,542,6599,1239,542,1918,1533.023983,622.3196038,2394,1256.732247,466.9632414,360160,1453.587111,767.5277127,3978,1394.749623,311.1895425,3159,1334.768598,324.7730294,47,25,156.340613,0.159907,59.64965,0.418624,0.410526,0.929368,306.441334,23.419529,207.302253,21.906775,131.788185,2.645653,5.363551,58.500363,2.122443,16.850091,183.784311,6.667851,1.089318,20.969074,1.361137
d33_17_G03_0_1_T,glasshouse_b1,CALINGIRI,T0,R1,T,22036,1412,3508,58,1215.034483,2368.051724,35266,1298,3122,35501,2435,2346,21217,1329.943347,3466.19852,14661,2787.154492,2596.722188,492955,1432.102017,2215.277153,17147,1293.56523,2576.253222,18756,1348.4783,3624.764769,237,181,1149.892254,0.157406,405.397478,0.39014,0.410526,0.781618,2248.10178,145.792398,1414.208961,235.522969,903.129259,11.240026,61.776918,380.700544,7.679232,194.077911,1196.006032,24.125018,13.187384,128.461316,4.143699
d31_25_G04_0_1_S,glasshouse_b2,Forrest,T0,R1,S,6217,1010,2904,65,1476.876923,846.7846154,26099,944,3150,26491,944,3150,6217,1021.069326,2906.422551,11251,853.9976002,2792.779753,486855,1268.037025,2742.097103,10706,1429.616197,806.6099384,4820,975.8435685,3022.768465,148,90,609.792434,0.147591,221.023916,0.398553,0.435429,0.725714,1192.001165,80.979816,768.564336,85.79609,521.948872,2.047472,19.674632,223.634967,1.298718,61.80968,702.674612,4.080044,3.794221,76.53652,0.649076
d25_19_G03_0_3_T,glasshouse_b1,CALINGIRI,T0,R3,T,11660,1712,2799,56,1546.089286,2908.339286,24583,1485,2384,24454,1423,3645,11660,1749.286707,2809.949914,12835,1414.985197,2988.061628,649859,1516.045411,2416.60135,15295,1460.559464,1195.52697,10064,1464.236188,3105.48599,139,87,917.696648,0.094803,338.706367,0.405849,0.435429,0.649099,1815.912691,122.769824,1173.93342,104.324937,813.196509,0.175203,28.092871,345.468018,0.113724,88.256358,1085.319788,0.357274,6.100428,116.61142,0.057977
d31_40_G05_1_4_S,glasshouse_b2,Hartog,T1,R4,S,11009,2387,3199,66,1553.348485,4291.590909,27151,1665,3469,33771,2392,3151,11009,2374.050686,3201.709329,14968,2130.960249,3044.503407,405051,2193.155711,2694.856524,15217,2446.994546,2670.686141,10879,2373.780586,3201.379447,168,98,742.061644,0.132065,277.945461,0.407902,0.435429,0.870857,1457.791273,103.358864,955.403257,104.195785,631.384236,6.481623,23.865252,275.379935,4.869115,74.9749,865.13158,15.296777,4.613592,95.855414,2.889858
d17_07_G01_1_3_T,glasshouse_b1,Gladius,T1,R3,T,10225,1285,1985,56,1264.875,2193.303571,14627,1379,1806,15188,1330,2663,10225,1304.690562,1991.774181,7164,1254.950307,2333.077331,523294,1391.576464,1373.951584,6702,1458.145628,1405.14712,12928,1343.738707,1837.104811,80,54,551.542606,0.097907,202.822504,0.404829,0.435429,0.725714,1087.876889,73.092375,703.201397,51.918783,499.025642,0.59818,13.828542,209.573307,0.434108,43.443647,658.39396,1.36379,2.982284,69.862661,0.247431
d25_33_G05_0_1_S,glasshouse_b1,Hartog,T0,R1,S,5442,1334,3593,56,1151.75,2098.357143,17518,1188,2802,22637,1241,2632,5442,1340.095921,3591.598677,9627,1160.750909,2365.340293,345098,1454.605127,3076.816803,9484,1161.090046,2356.431569,5442,1340.095921,3591.598677,141,69,557.763359,0.123708,199.320207,0.391555,0.435429,0.725714,1097.884416,71.75778,690.301113,94.518882,459.337186,3.907291,22.266448,195.006964,2.456257,69.952108,612.632446,7.716559,4.391806,66.150126,1.215848
d5_T021_21.10.23,field,Gladius,na,R9,T,27662,117,2252,60,882.5333333,1717.75,169016,1011,1937,170395,1011,1937,27225,122.0458402,2250.547585,102036,1171.68617,5419.01177,428750,307.6361166,3141.463967,111928,1165.511293,5321.229701,25451,123.9222427,2240.26388,1155,359,3254.359299,0.110314,591.047205,0.200633,0.18932,0.644802,6480.003353,113.071498,2056.363606,3032.268543,221.94622,0.144535,579.022823,75.432544,0.090292,1819.053845,237.0261,0.283661,92.48279,20.544388,0.04432
d05_23_G03_1_3_T,glasshouse_b1,CALINGIRI,T1,R3,T,1393,1556,989,66,1778.863636,343.8939394,2606,1639,358,2606,1639,358,1393,1556.431443,988.6159368,1170,1791.687179,358.8290598,312446,1464.58493,281.5750146,1691,1773.782377,336.0928445,1471,1581.511897,309.9517335,25,11,82.983931,0.132556,28.07631,0.366086,0.410526,0.580571,163.69236,9.470256,96.836765,16.013017,66.970914,0,3.785556,27.038544,0,11.892674,84.944091,0,0.74502,8.725236,0
d13_15_G02_1_3_T,glasshouse_b1,5489,T1,R3,T,4072,1240,1302,52,1846.480769,1647.423077,9105,1177,1438,9105,1177,1438,4072,1237.522348,1300.467092,3141,1275.927412,1229.545049,357676,1457.640949,872.9812931,3409,770.1381637,960.4147844,3937,1241.94793,1292.538227,52,26,213.563153,0.121744,80.721366,0.407439,0.435429,0.649099,421.098971,29.245769,275.131832,24.51721,188.973371,0.072571,6.250587,81.279489,0.047106,19.636799,255.347045,0.147988,1.304982,27.916772,0.024015
d21_29_G04_1_1_S,glasshouse_b1,Forrest,T1,R1,S,3286,242,1788,61,1176.52459,1375.672131,5170,372,1558,5504,1314,2159,3286,247.5952526,1793.461656,3721,274.8898146,1746.132491,331622,283.8689954,1480.999303,3851,283.8171903,1732.006492,3286,247.5952526,1793.461656,59,29,202.243261,0.143392,64.747731,0.347998,0.324549,0.580571,399.570526,21.088498,223.41141,59.005514,143.237747,0,13.660011,57.45405,0,42.914189,180.497221,0,2.654186,18.434312,0
d07_28_G04_0_4_S,glasshouse_b2,Forrest,T0,R4,S,3083,1692,967,46,1585.652174,285.1956522,8043,1521,381,7223,1528,346,3083,1682.230944,966.643529,3628,1537.484564,254.1361632,385975,1828.752367,267.879443,4306,1561.228751,283.4396191,3083,1682.230944,966.643529,49,25,186.992946,0.133695,65.126927,0.379929,0.410526,0.615789,367.402889,22.707908,223.201576,43.22016,143.349809,0.422977,10.056279,60.730524,0.260465,31.592733,190.79057,0.818274,1.936844,20.645093,0.125971
d45_08_G01_1_4_T,glasshouse_b1,Gladius,T1,R4,T,9926,3048,3784,94,1787,2090.723404,44998,1945,2281,46159,1945,2281,9926,3040.99859,3787.544429,18435,1520.021318,1958.588988,330244,1461.031395,2085.38342,17317,1708.528036,2264.844661,9926,3040.99859,3787.544429,482,270,1468.006629,0.183923,489.273544,0.369171,0.324549,1.056656,2864.361151,181.063706,1709.67366,622.092742,813.139373,32.774514,150.531938,369.702713,23.971377,472.910032,1161.455328,75.308301,30.314174,136.701285,14.048247
d21_15_G02_1_3_T,glasshouse_b1,5489,T1,R3,T,10205,936,2405,62,947.0645161,2362.83871,12406,934,2306,12405,934,2306,9772,951.8120139,2420.87454,7144,942.4540873,2003.723404,483810,1248.154619,2170.524948,5473,967.1982459,2720.587064,9476,947.9451245,2399.786091,68,44,404.065011,0.108893,152.573757,0.411919,0.435429,0.846321,793.968646,56.78361,524.148812,44.215897,354.02277,5.826344,10.367217,152.326573,4.147958,32.569574,478.548043,13.031195,2.042136,52.415794,2.32568
d43_03_G01_0_3_T,glasshouse_b2,Gladius,T0,R3,T,14017,1364,1672,70,1584.742857,1756.414286,57961,1818,3654,59570,1818,3654,14016,1348.723388,1668.874287,30746,1818.730176,1180.331653,444157,1773.079226,959.6003688,27026,1791.384815,1101.472952,13081,1470.634355,3303.941136,393,265,1636.770569,0.161904,608.514912,0.408726,0.435429,1.016,3193.828964,230.981506,2105.055619,295.934897,1323.951798,16.883874,71.100929,586.707252,12.251834,223.370157,1843.195191,38.490271,14.268628,209.568761,7.144117
d25_03_G01_0_3_T,glasshouse_b1,Gladius,T0,R3,T,12940,1531,3137,57,1530.947368,1061.684211,23206,1554,3421,24606,1540,3386,12940,1484.826739,3130.02527,10542,1274.889205,2842.073326,745129,1826.997771,2941.936419,11391,1507.394083,1207.089105,15222,1376.530022,1588.742544,136,86,799.555243,0.10756,303.772928,0.413078,0.435429,0.781618,1575.697686,112.173812,1040.053484,82.637279,711.614207,5.303757,19.669392,307.910796,3.479118,61.793218,967.330293,10.929973,3.900695,106.471011,1.802106
d43_45_G06_1_1_S,glasshouse_b2,3811,T1,R1,S,7291,1707,4542,79,1775.911392,4135.417722,50788,1590,4029,48466,1593,4028,7291,1713.31244,4542.084762,26498,1795.282436,4370.476376,467229,1542.804554,3774.815431,36915,1792.355736,4116.675173,7156,1713.05436,4542.834265,627,361,1467.476962,0.246,479.509245,0.367351,0.410526,0.917964,2836.567608,173.798071,1700.58138,458.890862,996.895173,11.690927,101.941412,431.179067,8.158077,320.258393,1354.693634,25.629353,19.159428,150.11763,4.521014
d31_12_G02_0_4_T,glasshouse_b2,5489,T0,R4,T,14860,1053,2101,53,1255.433962,1504.811321,37298,2053,2992,40199,2057,2860,14860,1172.02712,2102.112584,20806,1525.093242,884.7770355,406411,1468.779041,1409.109544,16473,1564.689128,773.3990166,13931,1969.964324,2844.542962,205,147,1028.071131,0.142986,390.245434,0.415066,0.435429,0.917964,2014.049278,147.102641,1344.266213,127.883397,889.280504,10.907229,31.466156,388.985726,7.396655,98.853845,1222.034699,23.37767,6.426069,136.648676,4.027896
d45_10_G02_0_1_T,glasshouse_b1,5489,T0,R2,T,16169,2210,3891,121,1846.61157,797.2066116,52725,2758,4314,52488,2299,2500,16169,2136.65774,3873.25252,30953,2473.824056,2200.557781,551888,2549.776875,2473.435036,35098,2493.492165,2211.310445,15807,2528.316632,2857.019865,703,531,2055.470525,0.258335,732.986026,0.399472,0.410526,1.306286,3922.962531,290.742668,2596.422543,432.2125,1536.941851,86.316174,97.527779,662.111964,66.699395,306.392553,2080.160077,209.869914,18.569237,230.448174,41.725258
d25_01_G01_0_1_T,glasshouse_b1,Gladius,T0,R1,T,10411,943,2606,54,1455.685185,1031.611111,23866,2070,2137,32843,2354,2905,10411,960.2414754,2605.291615,12467,2361.548167,2163.704821,283992,853.2026959,2602.344165,14041,2341.360943,3610.013318,9663,929.1466418,2454.228811,205,131,801.906122,0.163361,303.688662,0.415419,0.435429,0.781618,1566.645573,115.078427,1046.789963,111.249953,688.90414,1.752029,25.542174,306.479887,1.181533,80.243106,962.834963,3.711894,4.907147,109.541702,0.629579
d43_08_G01_1_4_T,glasshouse_b2,Gladius,T1,R4,T,13211,1889,1913,60,1627.616667,1854.333333,45432,1683,1535,47067,1933,1531,13211,1950.496405,1920.541064,23265,1845.941629,1673.758178,483114,1981.567404,1237.09636,16896,1870.885417,1450.816347,8158,3019.115102,3666.622824,413,233,1305.556313,0.178468,434.147914,0.369015,0.324549,1.196879,2547.597583,160.951593,1519.820165,569.144989,710.178554,26.23277,139.566112,324.423476,19.784195,438.459873,1019.206409,62.153883,28.373613,120.489851,12.088128
d11_26_G04_0_2_S,glasshouse_b2,Forrest,T0,R2,S,2750,1350,1865,58,1524.534483,418.2413793,6508,1583,643,6467,1583,641,2750,1359.815636,1862.413091,2876,1514.563282,402.8390125,363436,1455.829654,318.6125343,2160,1490.003241,380.5162037,2750,1359.815636,1862.413091,39,23,155.980107,0.147455,60.997903,0.41785,0.435429,0.615789,306.608788,22.795211,207.515981,15.49168,139.872637,0.615789,3.609667,62.065525,0.379196,11.340103,194.984599,1.19128,0.712059,21.899758,0.183394
d21_12_G02_0_4_T,glasshouse_b1,5489,T0,R4,T,13095,1982,2649,60,2111.366667,2873.266667,18553,2053,2842,19532,1054,2200,13095,1941.894922,2668.225964,9120,1335.719737,1761.074342,357413,2027.144547,2202.644887,13158,1535.27071,920.5931753,13095,1941.894922,2668.225964,105,83,645.580678,0.128566,250.875074,0.421083,0.435429,0.598439,1267.319171,92.993351,855.70835,50.431771,595.148908,0,12.354405,260.011127,0,38.859304,816.849046,0,2.504188,90.489163,0
d21_07_G01_1_3_T,glasshouse_b1,Gladius,T1,R3,T,10067,1295,2057,50,1955.74,2010.18,14913,1415,1803,15178,1376,2798,10067,1329.315784,2059.710738,7200,1289.699444,2407.907639,652919,1492.649566,2409.130318,6881,1351.786514,1975.392821,13163,1376.489098,1868.618856,93,65,584.387921,0.111227,207.478189,0.395053,0.435429,0.781618,1150.129624,74.162662,726.866322,72.39299,510.465774,1.529157,18.793819,211.439384,1.102224,59.042524,664.361059,3.462739,3.996722,69.539717,0.626224
d05_42_G06_0_2_S,glasshouse_b1,3811,T0,R2,S,1483,1592,563,71,1603.140845,594.3661972,1701,1587,540,1701,1587,540,1483,1592.273769,562.9393122,759,1573.16996,507.7536232,325333,1456.424377,288.8592273,1483,1592.273769,562.9393122,1483,1592.273769,562.9393122,26,12,67.70731,0.177233,20.808385,0.33572,0.324549,0.52332,133.584862,6.469148,71.556059,26.954212,40.753098,0,6.654721,16.12228,0,20.906422,50.649637,0,1.350215,5.118933,0
d25_48_G06_1_4_S,glasshouse_b1,3811,T1,R4,S,15791,1479,3024,69,1380.550725,3052.101449,15700,1217,2242,16273,1335,3062,15791,1404.928504,2992.059654,7935,1397.162823,2796.677379,774445,1448.72376,2596.600768,13656,1424.054189,3101.828793,13698,1385.64002,2894.240692,114,72,612.024022,0.117642,218.690807,0.39315,0.435429,0.725714,1204.096791,77.859153,756.717546,84.080163,526.650024,1.293834,19.548982,220.421661,0.900033,61.414939,692.47507,2.827538,3.788517,73.577482,0.493154
d19_14_G02_1_2_T,glasshouse_b2,5489,T1,R2,T,13137,2169,2088,71,2218.028169,2549.56338,16226,2199,2488,23892,2142,1980,13137,2106.626703,2101.833295,8980,2103.000557,2353.064922,464296,2068.131416,1179.105409,6551,1999.690887,1280.124714,12992,2106.563116,2089.222522,55,31,453.372323,0.068376,162.590853,0.394517,0.435429,0.649099,900.960813,56.550139,558.358523,52.278771,400.99092,0.102631,12.908559,164.755861,0.066618,40.553435,517.595802,0.209286,2.636245,53.879932,0.033962
d27_10_G02_0_1_T,glasshouse_b2,5489,T0,R2,T,15668,2511,2839,64,2188.21875,1800.296875,37547,2551,3059,54871,2249,1833,15547,2505.485045,2832.46472,17231,2326.142534,2652.291684,430606,2575.533327,2293.778305,16543,2306.091942,2507.975518,15411,2507.040426,2839.541172,226,168,1044.368113,0.160863,383.072308,0.403479,0.435429,1.026315,2033.493593,141.147205,1322.885781,128.940291,899.861801,15.566022,30.247863,380.202772,10.636988,95.026465,1194.442234,33.417082,5.934924,129.409589,5.802692
d33_40_G05_1_4_S,glasshouse_b1,Hartog,T1,R4,S,13023,2363,3328,68,2146.470588,2966.808824,25424,1690,2700,35098,2316,3447,13023,2367.018122,3327.746833,12877,2113.242525,3624.271181,204024,882.9000069,2631.790495,15505,2463.781361,2769.503193,12883,2365.495847,3334.600636,169,101,840.513819,0.120165,322.232404,0.416565,0.435429,0.870857,1652.531817,121.570718,1106.161549,107.572676,726.103956,6.837187,26.14585,320.871676,5.08463,82.139611,1008.048101,15.973837,5.286742,113.291024,2.992953
d37_42_G06_0_2_S,glasshouse_b1,3811,T0,R2,S,14124,909,3151,80,674.95,2522.8375,39693,1117,2615,38646,1185,4131,14124,859.1709856,3146.391745,19679,787.1681488,2483.469333,558415,914.9289023,2558.448364,15541,545.8029728,3535.184287,14187,862.1543667,3126.92472,421,297,1467.892216,0.202331,528.062143,0.398206,0.435429,1.026315,2838.268455,202.340993,1852.350745,299.424002,1130.499869,37.968345,67.349347,495.208045,27.064163,211.584215,1555.741955,85.024575,12.810875,174.169126,15.360992
d09_26_G04_0_2_S,glasshouse_b1,Forrest,T0,R2,S,2234,1427,1291,65,1532.738462,278.4153846,4125,1593,681,6231,1477,1125,2234,1423.539839,1290.410922,2052,1428.57846,1276.725146,356208,1451.940072,840.1996081,2389,1515.555881,283.7626622,2758,1598.507977,456.4967368,29,15,127.364564,0.117772,52.386992,0.437605,0.435429,0.649099,252.680771,20.170024,177.229494,8.394268,117.666147,1.304149,2.163182,53.427125,0.823593,6.795838,167.846264,2.587392,0.456082,19.305164,0.408779
d2_T010_02.10.23,field,Gladius,na,R3,T,14211,891,5293,100,1497.95,6004.7,145325,1213,5281,149988,1223,5208,10718,1342.631088,5892.002892,58631,1557.128601,5976.809316,412859,1426.856726,5337.455221,91842,1353.039002,5741.396943,9964,874.9085709,5379.399338,685,223,1948.829055,0.114428,347.86848,0.196818,0.18932,0.598684,3871.410536,65.504794,1209.063325,1824.89397,123.935085,0,343.058419,41.793321,0,1077.765733,131.297592,0,54.239548,11.265246,0
d21_40_G05_1_4_S,glasshouse_b1,Hartog,T1,R4,S,3535,1647,2172,50,1134.04,1302.68,11348,1652,2407,12363,2432,2489,3535,1649.359547,2171.597171,5096,1648.800628,2049.843799,317277,2533.452661,2054.012724,6328,2500.307048,2238.997314,3535,1649.359547,2171.597171,71,37,343.212345,0.107805,133.487554,0.419181,0.435429,0.615789,677.912318,49.318825,454.11647,28.126036,315.013737,0.072571,6.89536,137.609714,0.044689,21.662411,432.313665,0.140394,1.404025,47.893186,0.021613
d29_13_G02_1_1_T,glasshouse_b1,5489,T1,R1,T,8463,1277,2043,64,1494.90625,2740.59375,16718,1809,1881,16149,1743,2600,8463,1270.849817,2044.773603,7389,1606.995534,2262.735553,398025,1373.684723,1669.599495,7512,1654.183307,812.4530085,10136,1714.776539,1726.654203,107,67,579.48071,0.115621,210.137829,0.396164,0.410526,0.725714,1143.352887,74.576366,719.408372,85.117678,489.137005,5.226028,22.009673,203.614009,3.371116,69.145426,639.672274,10.590673,4.644569,68.218484,1.713314
d33_15_G02_1_3_T,glasshouse_b1,5489,T1,R3,T,15147,1005,2903,62,1642.387097,3580.403226,22519,957,2656,25614,958,2665,15147,1085.747871,2892.762659,9865,955.5721237,3173.9259,380013,1463.141029,3342.068521,12886,1546.819106,4009.458792,14243,1092.894545,2943.852489,218,144,797.074782,0.180661,291.159391,0.401576,0.435429,0.821052,1549.391182,108.186229,1010.399821,128.780409,659.699115,8.595258,30.431034,285.585517,5.603701,95.601913,897.193362,17.604545,6.013697,99.285517,2.887015
d33_28_G04_0_4_S,glasshouse_b1,Forrest,T0,R4,S,6655,1284,3762,60,1559.566667,765.45,17101,1503,3257,18991,1503,3257,6655,1272.757325,3762.263711,7350,1445.692245,2752.190612,392837,1441.606038,3382.091063,13496,1529.966657,721.8310611,4808,1234.782654,3915.483777,215,141,682.148159,0.2067,237.550545,0.385608,0.410526,0.917964,1322.910189,86.697138,832.487782,135.345955,531.002996,15.799208,31.260368,223.197322,10.486712,98.207343,701.195067,33.085372,6.012795,75.112018,5.572324
d09_29_G04_1_1_S,glasshouse_b1,Forrest,T1,R1,S,2000,1150,1186,65,1445.753846,175.1230769,2833,1398,592,2833,1398,592,2000,1152.508,1188.1885,1418,1335.758815,700.5557123,346377,875.8113732,885.6410097,2000,1152.508,1188.1885,2000,1152.508,1188.1885,28,16,90.102706,0.177575,33.938049,0.40754,0.435429,0.580571,176.903596,12.478752,116.920902,9.565726,80.536981,0,2.420781,34.796298,0,7.605108,109.315793,0,0.503422,11.97533,0
d11_34_G05_0_2_S,glasshouse_b2,Hartog,T0,R2,S,8318,2103,1060,70,1490,448.4571429,19313,1595,622,24277,1626,1424,8318,2089.530176,1065.465497,12432,1534.262387,443.0814028,224012,2171.591165,894.9351731,9414,1480.466858,380.2398555,7693,2111.469258,1112.859873,114,62,502.536502,0.123374,194.006195,0.416,0.435429,0.973648,990.069945,72.356961,659.22918,53.474247,445.377837,3.684419,11.486809,195.47165,2.857153,36.086874,614.166293,8.976012,2.087569,68.493623,1.775769
d49_11_G02_0_3_T,glasshouse_b2,5489,T0,R3,T,22837,1539,3946,57,1844.947368,1110.719298,66951,1642,3790,85656,1684,3539,22832,1518.250964,3935.707954,27794,1104.692488,2927.508851,496387,1423.36146,3579.954403,21091,1428.094875,4456.881751,14522,1455.998967,4219.26422,696,516,1759.892935,0.2932,629.781492,0.406509,0.435429,1.306286,3320.375764,259.2463,2261.078568,417.795018,1261.331656,80.766261,94.691923,564.640884,60.312857,297.48345,1773.976297,189.618821,18.109187,204.859054,36.278059
d27_03_G01_0_3_T,glasshouse_b2,Gladius,T0,R3,T,14902,1341,1661,60,1576.716667,1334.333333,33842,1493,3425,32422,1688,1521,14902,1329.219165,1657.079117,15100,1351.554106,2753.618808,639656,1297.00307,2991.240551,10988,1158.875046,2538.158719,14816,1327.551296,1660.627025,223,141,899.616226,0.156734,339.032897,0.412594,0.435429,0.846321,1756.736754,127.97619,1172.506308,103.774944,784.005212,11.83607,23.930077,341.250605,7.986322,75.178554,1072.237983,25.08977,4.638204,119.081258,4.256729
d3_T021_08.10.23,field,Gladius,na,R9,T,19584,318,2714,71,1615.535211,2031.15493,164729,1015,1843,165578,975,1864,19584,328.6025837,2714.318781,89393,1109.872373,5374.303391,398355,261.7870141,3131.743033,94625,1237.739223,1289.388132,15972,305.9913599,2757.478963,1123,315,3166.499529,0.099479,572.914625,0.199595,0.18932,0.838157,6321.402039,109.510407,1989.354726,2960.600739,203.308677,2.590113,561.051604,70.326269,1.848335,1762.611521,220.936489,5.806716,88.885876,19.580306,1.044225
d13_02_G01_0_2_T,glasshouse_b1,Gladius,T0,R2,T,7553,1725,1929,56,1868.410714,1583.875,12773,1755,1350,12695,1756,1342,7553,1754.438634,1928.871839,5990,1883.873456,2194.135559,379150,1599.978642,1480.657199,6179,1481.231915,387.9877003,7553,1754.438634,1928.871839,101,63,437.522791,0.143992,177.974628,0.439179,0.435429,0.846321,855.881934,69.923315,608.917838,29.827375,404.93468,2.760735,6.699153,185.230655,1.841051,21.046009,581.919266,5.952563,1.271795,67.622059,1.029461
d41_42_G06_0_2_S,glasshouse_b1,3811,T0,R2,S,13630,1176,4149,80,1501.4625,660.95,52386,1055,2847,54205,1010,2866,13168,845.4628645,3223.368925,24731,564.2853099,3456.978974,611895,599.4846747,3337.44538,42012,620.4201657,3049.232267,13986,858.2474617,3133.974045,680,462,1934.602513,0.238809,678.376523,0.393179,0.410526,1.563236,3710.339886,269.889051,2415.50817,503.524793,1369.742993,61.334727,112.263738,609.32401,47.215644,352.686933,1914.488916,148.33232,21.2004,218.568187,30.120465
d31_17_G03_0_1_T,glasshouse_b2,CALINGIRI,T0,R1,T,21762,1371,3494,75,1520.173333,1106.88,38164,1404,3516,39776,1248,2913,13691,1305.975385,3344.465707,21459,1693.860105,1109.025817,506383,1428.040617,2958.911685,17322,1258.098545,2604.60478,8468,2537.674658,2706.773264,252,184,1116.595152,0.164787,393.5318,0.392136,0.410526,0.740086,2174.8159,143.211627,1381.026187,221.511892,881.958513,13.124747,58.265354,372.501246,8.804135,183.046009,1170.321172,27.659007,12.46363,126.085259,4.662739
d29_46_G06_1_2_S,glasshouse_b1,3811,T1,R2,S,9899,1043,2608,62,1329.548387,3600.225806,17550,1781,2398,17129,1768,2344,9899,1033.089706,2604.62875,8717,1327.050476,3866.018011,406549,1418.695409,2079.314552,10929,1070.063684,2351.161771,10598,1043.983865,2558.295056,141,79,616.569197,0.128128,219.106869,0.392065,0.435429,0.649099,1212.068511,78.445908,763.166034,91.728453,524.182444,0.6583,21.940901,220.507217,0.421466,68.929374,692.912586,1.324074,4.38469,73.849176,0.212041
d05_25_G04_0_1_S,glasshouse_b1,Forrest,T0,R1,S,1482,1567,647,66,1572.909091,684.1060606,2925,1303,527,2767,1302,527,1482,1567.435223,647.2483131,1678,1372.220501,394.3837902,305283,1454.832519,280.9505377,2184,1378.759158,365.396978,2418,1385.762614,355.8573201,27,13,89.374489,0.145455,30.941347,0.377849,0.410526,0.929368,176.409084,11.044792,106.785483,21.011015,66.158408,2.205067,5.198633,27.094192,1.698049,16.331989,85.118915,5.334579,1.059315,8.945537,1.039941
d49_23_G03_1_3_T,glasshouse_b2,CALINGIRI,T1,R3,T,15512,1572,3121,53,745.9056604,4113.641509,53189,1430,2073,63116,1461,2230,15512,1522.338512,3120.779139,29819,1817.082632,2876.586103,760594,1906.739891,3628.729312,52041,1436.094925,2688.739321,11003,2034.833591,4133.711806,411,273,1479.002153,0.184584,526.018698,0.392961,0.435429,0.740086,2883.19052,193.269506,1833.358303,338.775691,1134.68311,5.543352,83.554474,496.085925,3.835382,262.494121,1558.814974,12.049207,17.106289,174.07115,2.092067
d29_36_G05_0_4_S,glasshouse_b1,Hartog,T0,R4,S,8398,737,4480,74,881.5,2380.472973,27262,1096,2156,29616,1074,2344,8398,748.4025959,4482.538223,13713,769.9585065,2705.980238,411476,873.8020395,3842.434929,14218,766.6379941,2729.53587,8398,748.4025959,4482.538223,310,192,888.969526,0.21598,320.067826,0.397927,0.435429,0.870857,1720.239305,122.074025,1119.568101,180.339874,688.02489,20.604762,39.240575,302.935726,14.148605,123.277901,951.700653,44.589548,7.235113,107.121567,7.717345
d45_04_G01_0_4_T,glasshouse_b1,Gladius,T0,R4,T,19215,2067,3487,58,1592.413793,2728.913793,59520,1782,2328,61599,1753,2408,17329,2092.507531,3615.297421,30686,1740.186926,3008.206511,391901,1476.677487,2117.23323,42468,1668.17844,1000.51905,17206,2092.737127,3612.041323,874,685,2169.90261,0.315682,754.658135,0.404813,0.410526,1.429491,4048.791843,325.879659,2776.867283,581.011941,1434.208517,154.682151,133.305306,633.145755,116.817296,418.790969,1989.52044,368.555873,25.718949,226.796259,73.364451
d3_T011_08.10.23,field,Gladius,na,R4,T,74487,1392,5770,59,336.779661,6628,275561,1119,5571,252905,1113,5696,68256,1370.889255,5745.063027,112298,1181.575407,4759.588523,662720,1418.361865,5292.392771,203654,1212.252919,5940.618696,61762,1375.819436,5698.244924,1346,634,4533.983482,0.139833,808.485838,0.198992,0.18932,0.592667,8944.134044,154.527301,2836.083697,4233.058769,300.924713,0,799.674143,103.020793,0,2512.298186,323.785511,0,126.252591,28.27471,0
d2_T001_02.10.23,field,Gladius,na,R1,T,195590,1293,5739,147,1379.496599,6397,354932,1214,5544,351814,1218,5555,171616,1276.590825,5720.699603,134441,1351.113113,4844.352273,1892302,1351.707114,5469.597208,347178,1225.797029,5577.037309,160204,1250.300935,5768.790305,1186,718,4262.387421,0.16845,833.815537,0.219028,0.18932,0.83387,8342.748278,179.909202,2936.128297,3729.321027,528.646922,4.419472,741.230669,190.377951,2.939356,2328.708521,598.185518,9.234258,122.802396,55.560618,1.546188
d17_14_G02_1_2_T,glasshouse_b1,5489,T1,R2,T,8561,2188,2280,57,2013.052632,2266.157895,10954,2086,1773,14805,2175,2175,8561,2143.397033,2264.325546,5173,2204.08525,2194.612797,478656,2060.751414,1267.776129,6078,1973.510859,1269.984205,11773,2083.122823,1978.181177,50,28,394.285692,0.071014,143.035922,0.396807,0.435429,0.580571,782.714095,49.657018,488.296718,41.874384,352.411308,0,10.046441,145.383232,0,31.561826,456.734892,0,2.003717,47.653301,0
d05_47_G06_1_3_S,glasshouse_b1,3811,T1,R3,S,1651,1513,406,62,1562.645161,273.6935484,2019,1534,376,2107,1534,376,1651,1513.866747,406.399152,850,1486.811765,460.5694118,323326,1455.876672,286.8902532,893,1455.600224,670.3975364,2156,1529.160019,369.1618738,21,13,59.185875,0.219647,21.066449,0.395797,0.410526,0.725714,114.248881,7.918831,74.67078,12.2032,45.931457,1.051218,3.259825,19.807457,0.701166,10.241041,62.226962,2.202777,0.703447,6.846905,0.368478
d33_11_G02_0_3_T,glasshouse_b1,5489,T0,R3,T,14273,1436,4235,52,1464.365385,1697.826923,26663,1631,2806,26563,1630,2804,14222,1452.883561,4234.406624,11895,1418.722068,4358.469273,373934,1446.463603,3864.868019,12905,1431.843084,4316.884773,8567,1423.636746,4240.876269,252,178,935.105361,0.190353,354.174407,0.41615,0.435429,0.88287,1811.081428,136.635784,1226.94686,116.292599,789.527719,29.285043,26.143755,343.324354,20.989412,82.133028,1078.585269,66.228563,4.954281,119.66149,12.020013
d19_21_G03_1_1_T,glasshouse_b2,CALINGIRI,T1,R1,T,14210,1873,2696,58,1382.37931,2494.672414,20102,1864,2712,20279,1864,2712,14210,1875.795496,2696.818719,10210,1562.287855,1807.712831,439702,1900.30351,2219.357067,8276,1903.477767,3026.796278,14210,1875.795496,2696.818719,99,69,585.042012,0.11794,206.193136,0.394233,0.435429,0.846321,1150.185597,74.379902,725.780335,100.175914,482.526203,2.339894,26.415843,202.894274,1.67963,82.987818,637.515804,5.276713,5.6759,67.754142,0.94986
d11_28_G04_0_4_S,glasshouse_b2,Forrest,T0,R4,S,3151,1689,1076,77,1548.077922,364.3246753,10325,1541,552,8898,970,1006,3151,1679.110124,1076.060298,7270,1522.595873,439.5364512,383732,1820.460053,269.1007552,7012,1527.318882,433.0029949,3151,1679.110124,1076.060298,84,48,243.659084,0.196997,89.521875,0.399794,0.410526,0.615789,474.322207,32.638462,309.043138,31.701415,211.855038,0.102631,7.48367,90.824617,0.063199,23.510642,285.333949,0.198547,1.470274,31.137622,0.030566
d25_47_G06_1_3_S,glasshouse_b1,3811,T1,R3,S,6541,1715,2162,96,1558.46875,1977.072917,11857,1445,2503,14946,1431,2434,6541,1716.73261,2163.535851,6522,1526.972094,2586.180466,361892,1459.459825,1608.653258,8048,1536.458623,2511.962848,6488,1466.908292,2078.557491,112,66,476.508539,0.138507,164.992428,0.383241,0.410526,0.725714,937.408546,57.676128,577.956299,76.660116,399.280303,0.56812,20.297643,163.295093,0.376468,63.766926,513.006665,1.182708,4.352801,53.126718,0.196608
d17_17_G03_0_1_T,glasshouse_b1,CALINGIRI,T0,R1,T,11305,1217,2750,55,1414.290909,1405.654545,18316,1381,2791,20041,1379,2720,11305,1241.202654,2748.077311,9065,1377.82791,1478.410149,533290,998.2638996,2323.409704,15993,1284.16007,2668.207216,11252,1240.638642,2747.086385,101,75,671.915195,0.111621,255.852023,0.416167,0.435429,0.870857,1322.410101,94.250225,880.354373,48.815821,617.285482,5.813893,13.059307,263.138034,4.02816,41.027022,826.672513,12.654838,2.817215,89.224555,2.208455
d45_32_G04_1_4_S,glasshouse_b1,Forrest,T1,R4,S,5150,616,2521,98,1748.795918,4865.469388,13872,551,2744,13869,551,2744,5150,615.5576699,2520.587767,7408,731.6796706,2143.979482,337625,856.2672284,2076.649792,8477,1443.211514,682.6624985,4010,2498.647132,3133.831421,249,141,606.155103,0.232614,193.279403,0.355151,0.410526,0.740086,1176.495353,67.564296,682.312889,197.775511,406.156917,2.222675,44.034507,171.632331,1.476671,138.338485,539.335307,4.639097,8.30153,58.487669,0.775097
d15_30_G04_1_2_S,glasshouse_b2,Forrest,T1,R2,S,3059,1059,1714,69,1362.42029,492.4492754,6429,1050,1754,5020,1334,920,3059,1057.044132,1712.515201,2754,1369.576616,575.8776325,301638,883.4143079,2033.340295,1737,803.6338515,2145.001151,3059,1057.044132,1712.515201,52,22,151.948088,0.144786,51.691799,0.367661,0.410526,0.580571,299.741111,17.651935,178.451779,33.842455,118.105633,0,8.077947,48.701466,0,25.377618,153.074161,0,1.602779,16.049156,0
d21_21_G03_1_1_T,glasshouse_b1,CALINGIRI,T1,R1,T,15564,1874,2788,55,1437.709091,1793.636364,18208,1443,2299,19353,1452,2335,15564,1884.159985,2791.49396,6829,1373.36345,2135.346024,448820,1898.896137,2226.623254,8315,1403.120265,2721.201563,15564,1884.159985,2791.49396,107,79,657.763008,0.120104,232.099602,0.395705,0.435429,0.870857,1294.406326,84.17619,819.519997,108.064318,546.235006,3.463683,29.027719,229.376172,2.457426,91.193269,720.606496,7.720232,6.306018,76.493119,1.377053
d2_T020_02.10.23,field,Gladius,na,R8,T,311943,1125,4413,113,1493.283186,4771.99115,301357,1043,2824,316354,1039,2881,229706,1153.783854,4238.381949,158654,975.5763233,5895.299747,1104613,1127.193583,4861.205123,243311,1041.875061,3031.105343,120493,1142.525624,4580.946487,1275,1031,5380.104131,0.191632,1064.433355,0.22359,0.239473,1.019522,10445.94515,236.77906,3775.844344,4672.023979,691.948571,16.131581,940.885399,249.376126,11.550731,2955.878657,783.590051,36.375636,157.131926,72.980416,6.666718
d3_T015_08.10.23,field,3811,na,R6,S,20995,221,892,64,906.15625,3512.390625,187140,747,1644,186779,1049,5059,17263,556.2818745,2637.042113,108358,675.0569501,866.8022112,520389,411.1781629,481.1988013,93664,505.4637,807.642125,11817,704.5766269,6529.816874,1184,459,3704.509699,0.123903,667.287196,0.199078,0.18932,0.644802,7353.592764,125.922067,2319.895544,3487.725955,216.61441,0.169333,663.883269,74.421853,0.105083,2085.682651,233.882767,0.330127,105.323896,20.546928,0.051243
d11_16_G02_1_4_T,glasshouse_b2,5489,T1,R4,T,5230,1725,1549,60,1672.716667,1378.166667,7165,1728,1568,9903,1569,1053,5230,1725.945507,1547.899426,4216,1674.039611,611.6212049,349471,2024.134103,1479.003228,2246,2245.352627,1462.723063,5230,1725.945507,1547.899426,37,19,177.99644,0.106744,69.698346,0.426409,0.435429,0.580571,350.263125,26.371086,237.789399,17.05694,160.9395,0,3.796089,71.894627,0,11.925765,225.863634,0,0.713545,25.657541,0
d05_21_G03_1_1_T,glasshouse_b1,CALINGIRI,T1,R1,T,1332,1578,938,46,1674.847826,479.9130435,3033,1599,503,3129,1599,503,1332,1578.427928,937.8596096,1332,1578.427928,937.8596096,293287,1460.892014,275.2007181,1904,1579.522059,381.0745798,1332,1578.427928,937.8596096,37,19,98.700468,0.192502,34.959772,0.38759,0.435429,0.580571,193.256185,12.481135,121.000491,20.81091,77.889558,0,5.040945,33.474707,0,15.836596,105.163895,0,1.011527,11.469608,0
d09_07_G01_1_3_T,glasshouse_b1,Gladius,T1,R3,T,9571,1464,1130,86,1412.05814,1320.44186,10418,1536,1006,12781,1432,1269,8539,1441.9603,1174.708748,4457,1514.532421,899.9028495,392289,1847.545858,884.6902284,6509,1370.394531,1552.382855,8482,1441.227187,1176.944471,51,29,320.780694,0.090404,126.261762,0.423864,0.435429,0.740086,635.084038,46.61065,427.952699,21.468325,298.351332,0.961037,5.272238,130.258719,0.690618,16.563223,409.219835,2.169642,1.073594,45.146824,0.390233
d37_25_G04_0_1_S,glasshouse_b1,Forrest,T0,R1,S,6198,1000,2903,63,1341.555556,1109.47619,23785,850,4091,33882,949,3040,6198,1010.029848,2908.005486,13757,828.3651232,2902.557316,520290,1259.175143,2766.457839,17372,1411.288453,829.4801405,4807,964.6634075,3024.787809,274,180,871.00828,0.206657,314.643215,0.405468,0.435429,1.231578,1677.600234,124.014703,1116.709155,154.23125,693.409763,23.367267,36.103919,300.710624,18.645021,113.423808,944.710286,58.575061,7.090748,104.758477,12.165478
d31_41_G06_0_1_S,glasshouse_b2,3811,T0,R1,S,8161,1446,3582,67,1640.61194,900.0597015,28739,1392,3002,30814,1393,2786,8161,1428.233305,3580.214557,12548,1494.172059,3548.558017,536047,1223.537266,3323.186665,11212,1477.405102,3336.807706,8161,1428.233305,3580.214557,280,198,864.756734,0.228966,291.312123,0.382004,0.410526,1.133602,1662.660657,108.748273,1043.990788,219.85874,622.873115,22.024879,55.552787,259.763162,16.922158,174.524229,816.163638,53.302922,11.537725,86.667203,10.543345
d05_11_G02_0_3_T,glasshouse_b1,5489,T0,R3,T,2353,1517,1156,74,1435.945946,436.6891892,2917,1445,527,3302,1446,561,2353,1517.050999,1155.832979,2265,1516.715232,1163.133775,351810,1455.61998,847.0577499,2348,1517.038756,1156.255111,2353,1517.050999,1155.832979,39,29,107.890885,0.26879,40.405449,0.407868,0.435429,0.580571,208.497955,15.057347,139.148902,15.815932,92.074953,0,3.648314,40.644157,0,11.461516,127.687386,0,0.703129,14.354218,0
d05_40_G05_1_4_S,glasshouse_b1,Hartog,T1,R4,S,1479,1423,403,50,1593.98,460.94,2274,1598,399,2279,1598,399,1479,1422.741041,402.9614604,1063,1441.362183,376.2935089,305815,1457.551301,276.2859899,1671,1696.298025,317.6582885,1817,1440.823886,381.9620253,36,28,78.742958,0.355587,28.40284,0.401437,0.410526,0.846321,148.700868,11.200731,101.500152,15.294596,62.14937,1.298992,3.574143,27.858918,0.875441,11.2285,87.521372,2.750279,0.701779,10.030884,0.468068
d31_10_G02_0_1_T,glasshouse_b2,5489,T0,R2,T,15694,2517,2848,55,2466.490909,3006.763636,45084,2236,3415,68055,2345,2087,15694,2515.080923,2849.009303,21438,1790.397705,750.0274279,516436,2576.482819,2416.663585,19018,1767.514775,697.2403512,15664,2515.438138,2850.273557,306,234,1234.166291,0.189602,455.904289,0.408851,0.435429,1.231578,2388.86516,173.982078,1585.487428,167.18824,1046.084255,20.893796,37.76047,451.069487,15.748331,118.721612,1417.15058,49.615236,7.200343,156.997683,9.784052
d07_04_G01_0_4_T,glasshouse_b2,Gladius,T0,R4,T,8080,1642,882,74,1619.216216,270.5540541,11458,1643,474,11129,1635,1047,8080,1628.732673,876.8285891,6834,1624.1753,354.976295,388929,1450.855817,354.5865672,9759,1626.609489,433.0012296,8080,1628.732673,876.8285891,38,22,284.288984,0.077386,108.560678,0.412837,0.435429,0.615789,563.010965,39.262697,368.051733,27.201986,256.941855,0.145143,6.508625,110.556503,0.089377,20.447447,347.323499,0.280787,1.289581,37.929889,0.043226
d11_42_G06_0_2_S,glasshouse_b2,3811,T0,R2,S,3338,1933,2097,51,1093.666667,1060.745098,14996,1313,710,15359,1306,726,3338,1923.155782,2099.79269,6217,1090.707254,944.5333762,376434,864.2205566,1291.041062,4810,954.1629938,1557.880457,2375,873.1174737,1594.399579,87,47,333.32975,0.141002,122.217004,0.39614,0.410526,0.598439,657.262935,44.295176,419.260843,50.065007,283.264743,0,11.538341,121.91653,0,36.248768,383.012076,0,2.249721,42.045455,0
d17_46_G06_1_2_S,glasshouse_b1,3811,T1,R2,S,5192,1107,2288,66,1765.545455,2487.530303,10946,1897,2279,10951,1897,2279,5192,1114.561441,2287.595917,4658,1790.409618,2591.237012,369452,1008.390838,2059.776737,3970,1127.964736,2041.49597,5192,1114.561441,2287.595917,84,42,350.715126,0.119755,126.035298,0.39239,0.435429,0.580571,693.93388,44.685768,435.135356,52.652676,298.06245,0,12.825459,125.682427,0,40.292366,394.842989,0,2.603626,42.082142,0
d11_08_G01_1_4_T,glasshouse_b2,Gladius,T1,R4,T,20544,1890,1235,55,1922.054545,1387.709091,14513,1862,1668,14345,1706,848,20544,1856.695775,1247.172264,7510,1718.573236,992.3455393,462536,1555.068496,494.3862964,9169,1704.494601,704.7010579,20544,1856.695775,1247.172264,38,28,386.813856,0.072386,150.266981,0.423899,0.435429,0.88287,764.308876,56.707858,514.594485,22.557781,352.815943,11.440132,5.720622,149.34538,8.73451,17.971863,469.18235,27.440273,1.188923,50.24385,5.275084
d13_12_G02_0_4_T,glasshouse_b1,5489,T0,R4,T,8318,1135,1313,49,1085.408163,1504.489796,13277,1195,1093,13854,1176,1145,8318,1135.427867,1313.210507,8196,1461.607491,903.3961689,432221,1050.03343,951.9046067,8237,1390.56052,877.8159524,7654,1124.942775,1366.705775,71,45,427.562315,0.105248,168.241928,0.422829,0.435429,0.725714,843.437976,62.126489,568.933973,31.995973,393.651561,1.914781,7.715711,172.104923,1.276674,24.23962,540.683563,4.010791,1.545067,59.908915,0.672508
d25_36_G05_0_4_S,glasshouse_b1,Hartog,T0,R4,S,4770,730,2747,61,1270.491803,1048.754098,18660,701,3195,26789,999,2779,4770,744.7607966,2750.675052,7082,2689.648546,2028.907371,316466,867.6921059,3691.451853,8163,808.2352076,2899.791498,4653,744.3793252,2748.046207,226,122,676.919173,0.180228,237.898142,0.38438,0.435429,0.649099,1324.745597,85.705036,822.464018,145.826667,530.609408,0.483097,31.390488,230.09678,0.311161,98.616126,722.870353,0.97754,5.722737,79.824838,0.157461
d49_27_G04_0_3_S,glasshouse_b2,Forrest,T0,R3,S,11579,1419,619,77,1384.792208,709.987013,45939,1650,1119,51110,760,3222,11579,1418.720615,619.0517316,27179,1427.981935,763.531219,478684,838.3867854,2332.285211,29508,1398.179443,842.861563,10965,1422.336799,607.2725034,514,364,1304.324887,0.279072,450.890474,0.401435,0.410526,1.692642,2447.853495,195.635402,1658.550105,365.17225,855.312955,83.839682,86.009721,372.359046,69.302702,270.207506,1170.333359,218.00924,16.940872,131.127747,47.566783
d6_T012_28.10.23,field,Gladius,na,R5,T,87815,971,5616,60,753.85,4853.166667,196153,1081,5652,203045,1082,5608,62751,917.9126707,5553.984988,107021,1034.668336,6163.746293,662612,541.4215001,5692.125897,75894,1388.602551,3769.377645,53899,931.2765728,5647.612015,1081,445,3349.53994,0.132854,599.697725,0.199544,0.18932,0.931333,6621.928379,115.579547,2101.668532,3128.430934,219.456244,1.652762,591.970713,75.734197,1.243833,1859.730845,238.030071,3.907617,93.83281,20.996721,0.750016
d19_13_G02_1_1_T,glasshouse_b2,5489,T1,R1,T,10935,1707,1719,53,2550.566038,2164.358491,17326,1830,2192,17811,1830,2192,10935,1690.392867,1726.491907,8100,2001.424691,1686.718148,536772,1531.012633,1263.269435,5826,1649.508239,971.1004119,10935,1690.392867,1726.491907,68,44,481.065371,0.091464,180.802798,0.405918,0.435429,0.580571,951.20804,63.721139,612.293536,35.878361,445.187009,0,8.734696,186.16439,0,27.440857,584.852679,0,1.757314,61.963825,0
d45_29_G04_1_1_S,glasshouse_b1,Forrest,T1,R1,S,4128,865,4600,46,1363.173913,1127.478261,13170,2512,2913,13083,2513,2927,4128,871.1877422,4600.021318,5837,921.6087031,3528.419394,377937,874.820605,3902.703977,6291,1549.302337,669.09299,4128,871.1877422,4600.021318,181,93,512.381832,0.181505,173.366342,0.37096,0.410526,0.846321,1002.246625,61.179277,603.527324,135.783886,375.316563,1.281383,31.252807,159.886947,0.8983,98.18359,502.521641,2.822093,6.032655,54.64848,0.498143
d31_37_G05_1_1_S,glasshouse_b2,Hartog,T1,R1,S,4859,2361,2581,65,1046.784615,2879.415385,10596,1088,2189,10596,1088,2189,4859,2375.379708,2584.154353,4361,979.6308186,2186.462509,186227,2574.185263,2631.044199,4853,2370.325366,2423.608696,4859,2375.379708,2584.154353,80,38,279.81217,0.135805,98.35925,0.387949,0.435429,0.580571,551.158752,35.189929,342.369245,51.114974,228.697196,0,11.813029,97.128509,0,37.111724,305.257521,0,2.310123,32.879806,0
d37_16_G02_1_4_T,glasshouse_b1,5489,T1,R4,T,11952,1949,3335,69,1537.565217,795.2463768,26148,2016,3545,32589,2154,2991,11952,2037.674448,3306.603079,11152,2040.894817,3027.401811,589591,2024.253469,2560.720773,20519,2219.360251,3522.858083,11586,2034.562748,3294.56223,246,172,862.313564,0.199463,303.030335,0.389471,0.410526,1.105375,1668.182609,112.421398,1059.258316,184.631537,664.161341,13.520685,43.458506,282.81215,10.834755,136.528924,888.691004,34.038388,8.568383,96.82282,7.030195
d35_01_G01_0_1_T,glasshouse_b2,Gladius,T0,R1,T,8037,954,2769,65,2455.861538,2320.630769,38201,2071,3418,37811,1841,1800,8036,955.9753609,2767.84333,19361,2387.784877,2387.57497,467028,938.9846626,2319.753957,22146,2206.327689,3785.245643,8037,955.9871843,2767.909419,298,186,1062.14317,0.175118,387.533129,0.402039,0.435429,1.026315,2067.208425,145.892289,1343.211584,202.108952,846.518691,13.515528,46.13756,371.393336,9.913103,144.945419,1166.871218,31.394947,8.829878,131.164996,5.897416
d45_40_G05_1_4_S,glasshouse_b1,Hartog,T1,R4,S,20992,2352,3486,53,1625.150943,969.490566,42258,1508,4158,40191,1678,2480,18603,2355.579154,3476.84524,23710,2006.237706,4437.419528,471055,2488.208753,2935.000957,30804,1554.394299,953.0556097,13579,2314.636277,3724.374181,634,464,1637.172184,0.283416,562.632186,0.396551,0.410526,1.654883,3091.84731,237.491148,2052.842507,486.744802,1068.748118,81.679263,112.588235,473.882344,66.855289,353.706371,1488.938596,210.19754,21.903472,169.736781,45.850896
d43_21_G03_1_1_T,glasshouse_b2,CALINGIRI,T1,R1,T,31719,1864,3722,56,1795.982143,4389,46466,1870,4009,45590,1871,4020,31708,1803.83512,3725.175981,18680,1711.817559,3822.677248,548007,1562.811451,3887.156597,16027,1380.416921,1115.445623,29059,1802.517189,3839.980729,413,341,1389.475468,0.245416,464.789064,0.378321,0.410526,0.917964,2662.972641,171.41152,1662.830928,376.997853,981.528953,30.948662,92.781215,414.99748,21.483519,291.480784,1303.857678,67.492466,18.947788,140.62664,11.837092
d09_03_G01_0_3_T,glasshouse_b1,Gladius,T0,R3,T,8150,1451,1265,104,1668.067308,362.0096154,13364,1416,1148,11384,1577,909,8150,1440.801227,1259.829571,4950,1449.481818,1178.405657,515874,1696.65005,988.1847428,7703,1380.976892,1373.720628,8097,1439.371866,1263.395949,72,50,352.562797,0.141819,143.204454,0.442915,0.435429,0.917964,688.012805,57.562331,494.661089,24.745239,319.625531,8.192026,5.885229,145.910903,5.614695,18.488991,458.39262,17.779478,1.17261,53.291455,3.098265
d09_43_G06_0_3_S,glasshouse_b1,3811,T0,R3,S,2743,1491,1545,68,1708.323529,835.0294118,6243,1696,647,6780,1697,676,2743,1490.808239,1544.975939,2854,1691.925718,525.3083392,358950,1453.932576,1393.674818,5796,1713.829193,342.7020359,3049,1716.062316,419.6575927,75,59,235.702748,0.250315,84.134131,0.396503,0.410526,0.725714,454.63582,31.223809,295.807045,39.044465,196.222854,0.435429,9.758793,84.089077,0.310437,30.658153,264.173627,0.975265,1.999324,29.050378,0.174106
d07_24_G03_1_4_T,glasshouse_b2,CALINGIRI,T1,R4,T,2678,1149,890,58,1411.206897,569.4310345,8805,1726,475,9721,1526,602,2678,1148.750934,890.0881255,3463,1434.330927,672.1874098,353304,1455.898626,778.5770045,3050,1606.932787,353.8268852,2603,1146.104879,896.4037649,69,37,211.89401,0.174616,73.442908,0.376165,0.410526,0.580571,416.298942,25.446987,252.73393,46.537816,165.356194,0,11.227274,69.220434,0,35.271522,217.462407,0,2.247578,23.199408,0
d43_22_G03_1_2_T,glasshouse_b2,CALINGIRI,T1,R2,T,12703,2008,4080,61,2009.065574,2687.672131,35248,2010,4123,33981,1997,4169,12703,1942.993309,4085.786979,18198,1931.040774,4603.169579,549650,1937.105076,3569.728291,21119,1923.536389,4522.524457,12703,1942.993309,4085.786979,247,192,1033.12193,0.185844,356.059854,0.385621,0.435429,1.105375,2006.48898,127.24578,1254.185,202.061864,824.763075,6.29699,51.667139,342.581677,4.970668,162.317106,1076.252079,15.615815,10.850979,113.234052,3.160748
d17_38_G05_1_2_S,glasshouse_b1,Hartog,T1,R2,S,4472,2186,1840,58,839.4655172,2549.87931,13538,1056,2261,13538,1056,2261,4472,2185.556798,1840.35085,4924,912.9821284,1821.288383,383736,870.3103853,2447.543668,4288,1318.697295,819.3355877,3243,2224.933703,1941.623497,94,48,410.509129,0.116928,154.053675,0.404617,0.435429,0.580571,810.135047,55.800893,524.162493,56.689637,353.819492,0,13.405534,153.440569,0,42.114728,482.047764,0,2.649013,53.15188,0
d37_22_G03_1_2_T,glasshouse_b1,CALINGIRI,T1,R2,T,12185,2003,4001,67,2029.925373,4346.164179,25814,1996,4237,25935,1996,4237,10386,1959.935394,3867.464471,14114,2041.08318,4551.216168,568770,1940.893493,3576.174665,17106,2022.538057,2515.102829,10388,1959.931171,3867.458125,174,132,953.801055,0.138394,346.516753,0.402067,0.435429,0.615789,1868.981506,125.437254,1204.575434,120.445009,833.253414,0.102631,30.361558,353.003512,0.063199,95.383648,1108.993239,0.198547,6.316137,119.090551,0.030566
d17_21_G03_1_1_T,glasshouse_b1,CALINGIRI,T1,R1,T,12613,1869,2635,52,1878.826923,2753.903846,16203,1431,1987,16896,1850,2431,12613,1869.385872,2634.928883,6003,1897.557221,2954.829918,431445,1995.279092,2210.938597,6739,1895.800415,2921.750853,12613,1869.385872,2634.928883,119,73,556.792866,0.131108,193.626999,0.390149,0.435429,0.725714,1092.873547,69.940573,684.247324,97.306138,456.053104,3.433623,24.221885,191.158989,2.398262,76.095295,600.617669,7.534361,4.999234,63.622092,1.319247
d37_20_G03_0_4_T,glasshouse_b1,CALINGIRI,T0,R4,T,17548,1823,2399,49,917.7346939,2604.795918,44207,1746,2124,46340,1180,3867,17548,1889.239571,2388.713928,20655,1497.608376,3079.978698,582302,1967.076886,1821.889707,25910,1652.798726,913.2940563,18276,1889.728496,2348.286387,354,284,1674.846704,0.169568,611.237751,0.406205,0.435429,1.133602,3246.031625,233.113058,2148.61331,279.451753,1362.214184,33.180767,71.450869,588.662739,23.735294,224.469525,1849.338536,74.80525,14.993576,204.379924,13.739557
d41_18_G03_0_2_T,glasshouse_b1,CALINGIRI,T0,R2,T,13339,1088,2687,70,1022.585714,2606.928571,44006,1583,2339,41988,1590,2301,13339,1179.217782,2685.910113,22521,1059.846765,2230.759158,443143,972.6254347,2311.494105,25693,1066.065621,2234.733274,16821,1195.501932,2393.80881,374,238,1471.663098,0.161722,520.241224,0.390987,0.435429,0.870857,2871.472365,193.950572,1813.677015,419.499959,1039.263399,12.899739,102.316126,466.205607,8.766038,321.435591,1464.702103,27.539321,20.759156,168.481916,4.7095
d45_20_G03_0_4_T,glasshouse_b1,CALINGIRI,T0,R4,T,17328,1824,2402,66,1504.378788,4031.333333,64324,1133,2252,66251,1285,2523,17328,1888.682018,2399.610111,31271,1374.149212,4386.131719,305540,912.9367284,1725.900736,42336,1655.377173,959.0215892,17942,1888.943373,2364.201427,689,613,2349.638843,0.260891,868.975221,0.420984,0.435429,1.603155,4439.427727,371.162191,3130.073436,488.320011,1727.323444,133.995388,119.240466,772.93737,103.87412,374.604972,2428.717427,326.751037,24.20987,280.015965,66.936356
d7_T010_04.11.23,field,Gladius,na,R3,T,14744,718,5141,91,507.3846154,5049.978022,146566,1125,5327,152171,1050,5257,14744,709.1656267,5140.602618,65211,853.4753953,5074.670209,390500,855.4162561,4963.770784,128525,1181.782618,5488.815491,14485,709.1490507,5140.14408,664,253,1886.464437,0.134113,335.237681,0.196856,0.18932,0.515007,3740.099304,63.124812,1168.657509,1761.519672,124.944765,0,329.864943,42.130296,0,1036.301281,132.356228,0,51.808716,11.316096,0
d4_T010_14.10.23,field,Gladius,na,R3,T,18007,797,5275,101,1072.722772,5200.514851,145474,1147,5294,149009,1147,5282,18007,796.565891,5271.845616,56902,1483.932111,6007.648114,593913,1239.921669,5331.256868,127471,1249.985526,5476.041641,12000,811.32,5320.3535,651,224,1891.939839,0.118397,335.336247,0.195991,0.18932,0.762,3758.795861,63.121052,1168.092945,1771.315565,120.250536,0.373737,330.75011,40.776313,0.260696,1039.113964,128.159981,0.819,51.929345,11.048212,0.143495
d41_32_G04_1_4_S,glasshouse_b1,Forrest,T1,R4,S,5077,589,2507,82,1517.219512,611.597561,14503,525,2731,14500,525,2731,5077,589.7075044,2506.954107,7799,2450.629953,2799.885883,333572,862.7083808,2068.301323,8714,1415.433211,678.3184531,3840,565.0388021,2577.548177,205,109,554.872587,0.196441,182.872577,0.363758,0.410526,0.821052,1083.776902,63.872772,639.253523,159.443057,392.776583,2.652946,36.498171,165.189499,1.793046,114.662387,518.958117,5.633019,7.030368,55.884428,0.957976
d05_20_G03_0_4_T,glasshouse_b1,CALINGIRI,T0,R4,T,2544,1799,826,81,1571.259259,402.382716,4934,1818,949,5146,1813,930,2544,1794.032233,826.9508648,2520,1545.74881,426.1349206,357156,2039.222225,874.4522366,4017,1298.506348,365.21882,2513,1794.466375,828.4878631,30,14,178.940539,0.078238,66.917575,0.404476,0.410526,0.649099,352.479847,23.970569,226.61267,20.231223,158.32885,0.380466,4.591011,67.30192,0.240123,14.423086,211.435217,0.754368,0.872356,22.979105,0.119108
d13_38_G05_1_2_S,glasshouse_b1,Hartog,T1,R2,S,4514,2180,1628,61,904.0163934,1993.918033,9720,1025,1651,9720,1025,1651,4514,2179.9856,1628.2572,3712,1051.648438,1922.168912,384295,881.862374,1326.383708,4767,1322.179148,595.1139081,4514,2179.9856,1628.2572,82,44,305.799087,0.143885,114.101154,0.404558,0.435429,0.580571,601.338046,42.006724,390.614452,44.136917,261.662171,0,9.557785,114.778657,0,30.026666,360.587785,0,1.759033,40.247691,0
d3_T019_08.10.23,field,Gladius,na,R7,T,217433,975,4829,55,276.9636364,4862.654545,351036,989,5395,363879,1330,2874,192819,954.3082995,4880.640891,158733,1458.464812,3865.549879,1073726,1136.052287,5275.765849,293115,959.2128277,5607.553397,165182,946.8639803,5127.74559,1589,1079,6323.97977,0.17062,1198.68219,0.212917,0.18932,0.83387,12336.25466,247.257042,4230.355317,5712.127466,607.189104,4.6632,1131.902548,211.441609,3.149707,3555.976728,664.483494,9.895095,186.265556,59.309385,1.682101
d4_T023_14.10.23,field,3811,na,R8,S,52867,600,3796,73,1502.739726,3395.520548,266234,1060,4873,317737,1081,4549,50683,597.4853304,3793.79794,152207,1071.801823,4242.433232,412694,842.2168677,3773.157162,220195,1031.841813,3833.720239,49427,596.9083902,3796.021729,1465,728,4558.1731,0.159713,820.362159,0.20111,0.18932,0.682604,8985.829848,159.885134,2880.845071,4235.34516,322.232265,0.595675,802.740531,113.761018,0.384308,2521.915603,357.72213,1.207339,127.24163,32.448408,0.195097
d25_30_G04_1_2_S,glasshouse_b1,Forrest,T1,R2,S,2491,688,2204,63,729.8571429,2414.063492,8462,768,2283,8458,768,2283,2491,692.4592533,2205.5833,4598,732.6100478,2259.379513,358253,1947.225321,2055.149883,5661,749.7028793,2255.376435,2289,684.0096112,2221.437746,81,35,269.482428,0.129879,88.774016,0.361008,0.410526,0.598439,531.370126,29.987236,308.748987,70.690399,198.792029,0,17.032963,81.244892,0,53.510633,255.238355,0,3.427553,26.559683,0
d25_46_G06_1_2_S,glasshouse_b1,3811,T1,R2,S,10298,1045,2528,68,1646.485294,3308.367647,16093,1751,2203,22310,1015,2697,10298,1036.295786,2528.274811,8154,1078.815305,2228.977925,437409,1293.473648,2149.343573,10831,1070.01348,2290.676207,10797,1043.915254,2495.506715,109,61,536.390801,0.113723,191.583554,0.393792,0.435429,0.725714,1059.109732,68.514243,666.85556,75.18467,460.753094,0.453037,18.658384,193.295284,0.313049,58.617043,607.255044,0.983473,3.838269,64.505562,0.170413
d09_46_G06_1_2_S,glasshouse_b1,3811,T1,R2,S,4007,1651,1351,53,1715.773585,496.9433962,5014,1649,1330,5374,1652,1305,4007,1659.192413,1354.880459,2535,1334.692702,717.5786982,379663,1452.116045,1349.605877,2558,1559.818217,375.9468335,4007,1659.192413,1354.880459,58,36,173.720768,0.207229,68.271095,0.425308,0.435429,0.88287,337.22694,26.765962,234.837631,19.44664,149.748912,4.525216,4.685681,66.7831,3.282358,14.720502,209.805297,10.311832,0.937187,23.94325,1.885525
d45_07_G01_1_3_T,glasshouse_b1,Gladius,T1,R3,T,28457,1390,2478,52,1497.5,2282.961538,39507,1414,2096,37562,1447,3134,15317,1444.547562,2466.244565,18030,1433.980588,3162.354908,354577,1685.202131,2139.098388,29108,1271.860038,3062.473409,11616,1470.153753,2578.891185,592,418,1527.297119,0.273686,509.808065,0.378479,0.410526,1.133602,2913.759527,194.261956,1827.187176,504.02852,989.052971,34.215627,120.681666,435.663753,25.142478,379.132637,1368.919127,79.135413,24.061902,155.375961,14.824093
d5_T002_21.10.23,field,Gladius,na,R2,T,176380,1181,5228,99,1622.090909,4792.828283,357329,1141,5429,372011,1351,5251,87098,494.5259937,3638.812315,176319,1087.159705,5183.989564,917215,550.4647187,3288.051087,285121,1035.448957,5646.154727,63636,919.8201804,5406.362499,1622,1185,6042.051651,0.196125,1139.101664,0.213488,0.18932,0.871697,11756.3433,240.368897,4041.708889,5368.067029,667.588248,6.396374,1043.538545,238.634756,4.291906,3278.388952,749.836516,13.483422,169.030839,69.058094,2.279964
d35_15_G02_1_3_T,glasshouse_b2,5489,T1,R3,T,14023,1015,2951,59,946.1186441,2816.169492,34926,1351,3644,33282,1330,3603,14023,1100.738358,2959.440277,17982,1613.855522,4102.244077,445756,898.4954863,2333.561401,16502,1564.519695,4159.514847,10799,1157.446338,3206.89499,283,179,921.820884,0.194181,324.760377,0.389336,0.435429,0.725714,1789.679266,119.156738,1131.713024,193.547508,726.393813,1.879563,43.557101,315.407035,1.184486,136.83867,991.012789,3.861565,8.297427,110.22633,0.632981
d29_20_G03_0_4_T,glasshouse_b1,CALINGIRI,T0,R4,T,15177,1817,2497,54,806.6666667,3390.074074,30360,1199,4059,34528,948,2713,15177,1844.144561,2494.448573,17651,1491.371707,4376.244462,589840,1543.974429,3550.843781,16982,1481.110823,4393.358556,17695,1852.141339,2362.215372,196,146,1168.754568,0.124919,419.3066,0.396119,0.435429,0.846321,2294.53675,151.636804,1457.540614,199.104929,962.381296,7.268343,52.177589,406.644407,5.097799,164.014326,1277.511082,16.015206,11.115582,137.689764,2.831458
d43_34_G05_0_2_S,glasshouse_b2,Hartog,T0,R2,S,20730,1909,865,61,1165.278689,2934.393443,70555,1595,1024,91782,1559,2843,20730,1905.931838,867.2696575,53130,1634.010728,789.341709,546974,1590.293965,480.970101,50856,1579.796661,777.7551125,12871,1824.917334,676.3320643,792,662,1945.1135,0.34034,725.460037,0.451571,0.435429,2.07813,3519.441544,388.018306,2784.793153,449.854499,1253.200394,242.058607,104.146675,574.138629,207.828702,327.186428,1804.096312,653.510414,20.268995,213.389756,154.359555
d19_09_G02_0_1_T,glasshouse_b2,5489,T0,R1,T,7354,1072,2944,57,1717.684211,1692.385965,27871,2101,2817,24303,2108,2876,7354,1092.058608,2953.261762,10112,2305.251187,3207.668018,349851,2028.446885,1588.796845,8956,2297.595132,3252.318669,6505,2194.06103,3157.60661,107,61,610.280841,0.099954,237.566345,0.419911,0.435429,0.615789,1205.640625,87.25771,804.81183,43.815319,566.290319,0.175203,10.236531,245.835143,0.107888,32.159011,772.313879,0.33894,1.994912,85.210619,0.052179
d15_13_G02_1_1_T,glasshouse_b2,5489,T1,R1,T,11577,1727,1633,64,1413.65625,1409.4375,15593,1594,1160,17179,1602,1232,11577,1711.632547,1640.502635,6941,1893.317822,1418.631897,469887,1509.596341,1196.91366,5824,1184.781937,1566.499141,11577,1711.632547,1640.502635,59,33,398.748955,0.082759,155.033265,0.416022,0.435429,0.598439,789.733134,55.507257,520.471298,25.163944,373.585011,0,5.809689,159.861471,0,18.251676,502.219622,0,1.117527,54.389731,0
d41_13_G02_1_1_T,glasshouse_b1,5489,T1,R1,T,7372,1284,2034,63,1294.650794,1539.253968,32519,1901,1580,33596,1910,2617,7372,1277.614352,2036.046392,15572,2230.232982,1478.417159,550004,1514.501118,1731.913992,16662,2243.60635,1197.774097,7372,1277.614352,2036.046392,402,252,1275.012742,0.197645,426.837856,0.370362,0.410526,0.781618,2477.542529,153.00798,1489.087354,431.14227,829.666584,14.203888,103.932086,360.782568,9.191601,326.512277,1133.698812,28.876265,20.848642,127.46551,4.693828
d27_15_G02_1_3_T,glasshouse_b2,5489,T1,R3,T,14376,974,2824,51,1633.254902,3534.843137,24416,1177,3203,23429,1086,1835,14376,1050.238592,2810.31323,10699,1605.967006,3527.101131,541612,922.327742,1884.7551,10385,909.5433799,2930.730188,9879,1113.549853,3126.970341,134,76,624.38924,0.121719,230.809282,0.404079,0.435429,0.870857,1227.510627,85.081031,792.323297,98.743497,518.585684,7.060059,22.927923,224.149837,5.126578,72.030196,704.187481,16.105621,4.463061,77.662161,2.955809
d43_23_G03_1_3_T,glasshouse_b2,CALINGIRI,T1,R3,T,11418,2037,4151,50,1800.22,1314.18,39297,1586,4071,39192,1448,1959,11418,2060.947189,4151.210807,18487,1835.188565,4389.469086,653528,2031.117101,3757.4105,17921,1851.256236,4408.522794,11418,2060.947189,4151.210807,299,193,1125.31395,0.171508,403.51203,0.396424,0.435429,0.846321,2192.558887,149.856228,1406.417958,244.882913,872.700226,7.73081,58.796068,383.450135,5.406984,184.713296,1204.718121,16.986541,11.82421,135.049131,2.982887
d41_09_G02_0_1_T,glasshouse_b1,5489,T0,R1,T,14400,768,4446,60,2196.35,2426.866667,45611,2430,3222,42670,2425,3475,12629,800.3605986,4377.815029,19503,2448.798339,4184.60201,535205,844.3543427,3890.564079,23971,2423.368654,4018.685412,11935,801.4352744,4365.856221,387,257,1371.714202,0.187357,504.625719,0.410273,0.435429,1.248566,2654.806669,200.221194,1770.343147,281.221909,1048.183883,42.30841,61.992374,471.343872,30.157926,194.754788,1480.84444,94.743919,11.553209,171.460816,17.207169
d25_20_G03_0_4_T,glasshouse_b1,CALINGIRI,T0,R4,T,15547,1832,2439,49,1586.020408,4184.836735,26944,1799,2344,29381,956,2608,15547,1857.210137,2434.036985,15865,1551.237756,4060.279105,483391,1952.769187,3328.395047,14433,1847.326058,2601.332155,18143,1865.854875,2299.200739,159,111,1007.805486,0.11014,365.360691,0.402788,0.435429,1.026315,1979.46207,134.0802,1275.441429,130.220271,863.96492,13.620296,33.46517,362.961275,9.482273,105.227527,1140.276475,29.937427,7.038602,121.723632,5.317966
d25_14_G02_1_2_T,glasshouse_b1,5489,T1,R2,T,9001,2194,2597,54,2011.833333,1672.722222,14830,2206,2230,14816,2206,2230,9001,2177.963226,2593.240084,6959,2142.258802,2523.650956,656039,2132.397136,2141.825661,5903,2013.019143,1265.91445,12247,2115.25002,2055.116355,59,37,566.279548,0.065339,200.700059,0.393225,0.435429,0.615789,1122.288653,69.885031,693.98273,75.583782,490.593135,0.102631,19.600869,201.237496,0.063199,61.577945,632.206239,0.198547,4.146841,65.707624,0.030566
d19_41_G06_0_1_S,glasshouse_b2,3811,T0,R1,S,5581,1536,2021,56,1401.196429,1484.089286,21865,1561,1334,21823,1373,2504,5581,1535.02401,2021.432718,11142,1397.306408,2237.9317,358441,1453.196244,1599.872696,14001,1369.492679,2850.798657,5581,1535.02401,2021.432718,118,74,614.242487,0.120474,228.750036,0.409472,0.435429,0.870857,1208.760867,84.582737,792.66381,63.835604,541.695291,8.711593,15.995286,229.95866,6.358781,50.250672,722.436438,19.9767,3.307203,77.615563,3.659972
d11_06_G01_1_2_T,glasshouse_b2,Gladius,T1,R2,T,9368,1648,1472,79,1785.177215,1085.620253,14249,1681,788,15091,1632,1667,9368,1601.89272,1472.455807,8048,1642.838718,975.1780567,544968,1882.314356,1169.207667,8598,1618.186904,893.4504536,9368,1601.89272,1472.455807,51,33,395.088617,0.083526,146.006291,0.403927,0.435429,0.598439,781.530034,52.274606,503.270648,35.261687,359.82693,0,9.533853,150.66217,0,29.951481,473.319167,0,2.081015,50.193591,0
d09_37_G05_1_1_S,glasshouse_b1,Hartog,T1,R1,S,3526,1305,919,70,1081.785714,1405.885714,2911,1343,866,3587,1307,916,3526,1301.595009,916.1554169,1304,1410.187883,739.3443252,267188,1441.737234,877.7742488,1845,1384.737669,789.6281843,3509,1301.980621,915.4559704,27,15,100.413525,0.149382,38.05654,0.409137,0.435429,0.580571,196.962271,14.193574,131.317441,10.704102,89.709423,0,2.607823,39.191816,0,8.192719,123.124722,0,0.528502,13.665072,0
d13_34_G05_0_2_S,glasshouse_b1,Hartog,T0,R2,S,7037,2145,1165,61,1557.836066,541.6721311,19724,1648,1432,17106,1569,1150,7037,2144.582493,1164.780304,7717,1793.818842,954.8394454,212660,2176.446896,893.2851829,11110,1523.032403,426.8008101,7646,2125.36542,1118.397463,130,76,569.212188,0.133518,222.124638,0.421293,0.435429,0.973648,1121.301273,83.46238,755.47862,56.419615,509.4285,3.364073,12.721752,225.136342,2.618219,39.966562,707.286679,8.225379,2.410425,79.419223,1.632732
d29_28_G04_0_4_S,glasshouse_b1,Forrest,T0,R4,S,6775,1251,3775,59,1375.898305,791.8135593,17738,1535,1935,16476,1464,3258,4429,2544.689095,2991.962971,7844,1434.371494,2468.723355,387118,1486.416718,2639.50675,12194,1456.324176,780.9982778,4409,2544.92606,2991.146292,195,115,622.384949,0.184773,222.835631,0.391767,0.435429,0.725714,1216.722842,80.685365,771.360167,105.765836,509.492892,7.126221,24.979187,215.683437,4.845391,78.47443,677.663494,15.222244,4.900625,73.184656,2.600084
d21_46_G06_1_2_S,glasshouse_b1,3811,T1,R2,S,7664,1057,2487,70,1089.571429,2257.9,11686,1090,2359,12091,1808,2561,7664,1056.874739,2487.049582,6983,1092.016469,2142.599599,416687,1294.550867,2137.068058,7113,1091.352313,2148.238015,7670,1056.988657,2486.522816,84,44,449.616066,0.097861,162.290656,0.395843,0.435429,0.580571,890.231504,57.721142,561.671132,59.854856,389.761209,0,15.091289,163.694185,0,47.410682,514.26045,0,3.139836,54.581306,0
d09_10_G02_0_1_T,glasshouse_b1,5489,T0,R2,T,6226,1764,781,54,1641.166667,281.4444444,9515,1784,642,8353,1774,611,6226,1763.805493,780.5107613,5218,1937.233806,1053.978727,433192,1520.655806,382.9322471,5414,1935.220724,1053.434429,5629,1898.717357,1334.716646,49,35,300.813844,0.116351,116.639661,0.41681,0.435429,0.598439,593.247122,42.162939,393.523566,19.039135,281.774709,0,4.716971,120.54547,0,14.818801,378.704764,0,0.960478,41.202461,0
d19_10_G02_0_1_T,glasshouse_b2,5489,T0,R2,T,12342,1882,1112,58,2479.672414,2820.603448,21955,2325,2333,22059,2323,2337,9219,2396.317605,2371.411975,9937,2283.13334,2209.317601,369969,2030.466996,1016.82621,12838,2328.739212,2432.599704,9219,2396.317605,2371.411975,90,56,632.022147,0.088604,227.601915,0.393551,0.410526,0.870857,1243.321794,79.456898,778.134533,69.882317,558.074945,4.064885,16.763666,228.119936,2.74745,52.664611,716.838554,8.631369,3.353162,74.624948,1.478788
d37_07_G01_1_3_T,glasshouse_b1,Gladius,T1,R3,T,14910,1469,2592,54,1329.222222,2629.888889,23695,1398,2888,24446,1395,2855,10590,1464.925024,2358.562229,12860,1510.839347,2280.776361,414848,1611.07644,2113.265114,15209,1313.475968,2709.239463,6051,1522.020988,2419.932573,246,152,965.211215,0.157478,330.595784,0.379098,0.410526,0.781618,1887.935278,119.318823,1156.20079,311.063569,647.422521,6.725125,80.931732,282.456529,4.594775,254.254535,887.511344,14.43491,17.189135,99.651021,2.478667
d33_10_G02_0_1_T,glasshouse_b1,5489,T0,R2,T,15470,2515,2832,54,2093.185185,3671.018519,36999,2053,2176,37954,2053,2176,15470,2510.743504,2836.01267,17463,2452.61198,3389.998683,468978,2558.557047,2293.138761,29156,1834.728598,841.7085677,15450,2510.997411,2836.487573,362,302,1321.897425,0.228459,494.508557,0.414776,0.435429,1.240101,2544.093184,192.363541,1725.225351,169.79013,1123.839503,28.267791,39.939426,487.26344,21.953419,125.473407,1530.783244,68.968701,7.836864,170.612172,13.914505
d07_41_G06_0_1_S,glasshouse_b2,3811,T0,R1,S,3954,1555,957,69,1676.115942,710.5072464,7591,1623,381,9754,1582,578,3524,1564.367196,920.4636776,3639,1644.361363,257.3632866,387243,1453.109735,351.2918426,3490,1641.735817,249.7475645,3524,1564.367196,920.4636776,49,27,185.835406,0.14529,69.571948,0.406142,0.435429,0.580571,365.165537,25.438327,238.944614,23.551015,162.284391,0,5.610488,70.447945,0,17.625867,221.318747,0,1.118633,24.319694,0
d27_36_G05_0_4_S,glasshouse_b2,Hartog,T0,R4,S,6848,743,4404,89,755.2247191,2260.808989,32001,1298,1562,39328,798,2622,6848,742.7686916,4403.733645,13887,795.5387053,2797.488226,386158,869.0790842,2239.461164,14147,809.0062911,2733.689758,6848,742.7686916,4403.733645,283,155,816.581175,0.189816,291.738719,0.391186,0.435429,0.725714,1591.264315,107.69802,1011.190029,169.813996,640.130098,6.637081,37.316791,279.913048,4.564683,117.234155,879.6155,14.340373,6.933529,98.290171,2.474321
d17_39_G05_1_3_S,glasshouse_b1,Hartog,T1,R3,S,3518,1011,2101,51,1740.27451,2066.333333,6439,991,2356,6439,991,2356,3518,1012.669414,2102.827175,2272,1768.424296,1830.080546,298756,894.5257769,2071.27888,2880,1017.636458,2050.428819,2113,1778.12778,1274.296261,59,35,196.351702,0.178252,76.070947,0.418751,0.435429,0.580571,385.504612,28.506303,260.294036,22.814986,173.536716,0,5.706345,77.147819,0,17.927013,242.367023,0,1.179529,27.326773,0
d29_34_G05_0_2_S,glasshouse_b1,Hartog,T0,R2,S,6081,972,1582,64,1645.6875,703.859375,25937,1665,1913,27131,1972,2422,5815,841.2995701,2576.126225,10597,1879.621402,1522.088138,344865,2187.919467,3209.938564,14247,1525.361339,650.8989261,6499,2103.117249,1339.939375,210,138,864.218459,0.159682,319.667563,0.405477,0.435429,1.04664,1686.909918,120.251709,1105.014259,121.469188,722.683821,20.06545,28.90501,306.808161,16.008896,90.854565,963.866263,50.29343,5.749585,104.15974,10.342383
d1_T020_27.09.23,field,Gladius,na,R8,T,307955,1043,4447,93,1213.55914,4875.88172,313639,1090,2831,339475,1057,2925,209022,906.0828477,4197.439183,166976,937.208539,5865.621622,873757,455.8429827,2887.44602,317787,1141.091193,3417.049168,145404,929.0497029,4766.168118,1323,962,5331.2264,0.180446,1068.19858,0.226186,0.239473,1.070958,10362.86242,241.890856,3786.638634,4598.395686,711.725073,21.105641,931.245583,258.629028,15.404283,2925.642054,812.602599,48.393981,156.495107,76.383006,9.012744
d27_27_G04_0_3_S,glasshouse_b2,Forrest,T0,R3,S,11833,758,3199,58,1366.275862,813.3103448,24493,746,2902,25001,742,2736,8838,694.2270876,2636.505318,9903,1432.652025,734.3625164,435639,851.6974559,2257.43655,11995,800.2080867,2228.695873,8115,874.9617991,3506.743192,135,93,620.641528,0.149845,230.62495,0.406337,0.435429,0.649099,1215.215173,84.806841,796.881768,70.184169,548.307255,2.150104,16.411193,235.852109,1.344937,51.557284,741.099241,4.225243,3.191273,80.954435,0.661133
d31_23_G03_1_3_T,glasshouse_b2,CALINGIRI,T1,R3,T,10259,1451,2353,56,1616.071429,4040.375,26652,1420,2057,26259,1539,3697,10259,1497.987036,2341.881567,14981,1825.926507,3140.032508,394591,1903.228421,1492.084351,8246,1645.619331,1682.755518,10259,1497.987036,2341.881567,180,122,740.005385,0.164864,275.643952,0.408609,0.435429,0.598439,1449.88014,101.467115,954.983519,77.587706,662.417679,0,18.607525,285.37317,0,58.457265,896.526254,0,3.718436,97.748678,0
d13_33_G05_0_1_S,glasshouse_b1,Hartog,T0,R1,S,3117,1224,790,59,1163.898305,777.3728814,9444,1276,2107,9369,1276,2107,3117,1227.046519,790.5107475,5569,1144.558449,780.6518226,382208,1023.841529,2052.082615,4923,1161.490148,1963.761731,3162,1228.507274,786.8598988,81,43,316.389359,0.135908,120.163025,0.410608,0.435429,0.580571,622.465762,44.064894,410.059942,32.639686,283.749673,0,7.520253,123.005881,0,23.62557,386.434372,0,1.451687,42.613207,0
d07_03_G01_0_3_T,glasshouse_b2,Gladius,T0,R3,T,5040,1527,1081,66,1639.863636,366.3181818,11175,1536,1070,15856,1570,918,5040,1510.943651,1076.817659,6310,1645.238669,329.4339144,377504,1833.457831,876.3770874,6197,1644.956431,324.7292238,5040,1510.943651,1076.817659,76,52,297.81623,0.174604,116.234132,0.427135,0.435429,0.870857,579.433041,45.471996,403.200052,29.177254,264.857084,3.781893,6.824803,118.884826,2.632934,21.440751,373.487695,8.271607,1.344024,42.673222,1.45475
d05_15_G02_1_3_T,glasshouse_b1,5489,T1,R3,T,938,1574,309,53,1574.018868,313.7169811,1141,1570,297,1141,1570,297,728,1574.092033,329.6428571,367,1574.643052,358.2479564,336449,1455.951981,292.5796272,446,1574.786996,351.9910314,728,1574.092033,329.6428571,16,12,32.042757,0.3745,10.001297,0.348791,0.410526,0.580571,61.48753,3.444567,35.301389,10.25195,21.790807,0,2.079355,9.157426,0,6.532486,28.768902,0,0.360123,3.084444,0
d15_42_G06_0_2_S,glasshouse_b2,3811,T0,R2,S,7585,1927,2484,68,1505.102941,647.0147059,20079,1001,2123,23185,998,2093,7585,1913.408438,2484.001978,11528,859.1407009,1952.552828,394376,1444.490836,355.2341649,8482,1464.65244,596.9438812,6163,1914.935097,2592.509979,127,71,554.160575,0.128122,207.551922,0.408255,0.435429,0.740086,1086.63975,77.605006,716.54316,76.478505,476.45565,1.22642,17.699679,209.550031,0.833062,55.605182,658.320837,2.617141,3.461535,73.696262,0.447208
d3_T020_08.10.23,field,Gladius,na,R8,T,286217,1334,4497,90,943.0888889,2680.188889,318912,1017,2805,325942,997,2849,256844,1269.40715,4491.024338,156089,1105.728841,5890.651776,1038714,1086.129546,3123.317966,343518,1119.315928,3312.459359,165827,1240.515139,4817.297774,1262,1035,5543.151639,0.186717,1102.904604,0.224962,0.239473,1.084262,10766.3816,247.048484,3911.334499,4805.932571,716.955839,20.263229,972.093568,258.466183,14.294875,3053.953859,812.371253,45.009387,163.146423,75.80421,8.097852
d41_02_G01_0_2_T,glasshouse_b1,Gladius,T0,R2,T,13021,1730,3884,54,1799.833333,4314.222222,35573,1546,4061,35004,1639,4090,9782,1789.368023,3662.728992,16844,1771.033721,4327.086975,341259,1859.770992,3006.804187,23067,1557.696623,3117.392639,9366,1796.008008,3643.714606,404,268,1301.594337,0.205901,474.532296,0.407062,0.435429,1.105375,2516.093075,183.505487,1669.883668,235.968131,1040.716079,24.910127,54.15574,459.612178,17.618346,170.135274,1444.092878,55.655516,10.402765,163.081571,10.021151
d2_T022_02.10.23,field,3811,na,R7,S,37955,813,5248,59,1297.694915,4514.694915,175198,1212,5308,178282,1225,5303,35905,806.7647681,5241.686506,80789,774.5543824,5636.088762,539757,464.720489,4874.878873,157123,1166.732751,5416.817201,31053,833.4641742,5289.340064,1031,384,2853.951805,0.13455,525.604684,0.204171,0.18932,0.661268,5656.614944,104.305394,1836.406624,2611.012632,241.617814,1.321359,499.471864,84.21428,0.827112,1569.137138,264.671037,2.598448,80.20079,23.697485,0.407118
d35_13_G02_1_1_T,glasshouse_b2,5489,T1,R1,T,9445,1740,1734,59,1746.338983,560.4745763,34087,1632,1059,34900,1621,1093,9445,1729.571837,1740.190789,20238,1719.506671,790.6795632,485376,1566.339974,1023.297674,18895,1742.18841,768.9673459,9445,1729.571837,1740.190789,286,196,906.835952,0.216136,311.441115,0.384417,0.410526,0.917964,1752.720145,115.214844,1096.701302,243.836424,645.598591,17.400937,61.049314,275.647918,12.393634,191.792077,865.973474,38.935751,12.572228,95.636849,7.005767
d19_43_G06_0_3_S,glasshouse_b2,3811,T0,R3,S,8240,1809,2958,62,1632.112903,2044.387097,27335,1250,2781,29266,1307,2627,8240,1770.286286,2949.513956,14118,1691.96168,2084.225528,378354,1488.064233,2569.301519,12434,1538.985524,2117.865691,8240,1770.286286,2949.513956,135,73,727.715785,0.100314,272.394452,0.405285,0.435429,0.725714,1437.104814,99.545125,929.274611,108.100939,619.251989,0.362857,24.594419,270.961061,0.241816,77.265645,851.24928,0.759686,4.709532,94.708315,0.127278
d29_31_G04_1_3_S,glasshouse_b1,Forrest,T1,R3,S,3843,667,3139,53,620.2830189,2361.528302,11752,777,2502,11752,777,2502,3843,656.3814728,3139.162633,6119,810.9297271,2090.061938,360440,1320.754866,2057.13104,3843,656.3814728,3139.162633,3843,656.3814728,3139.162633,103,47,355.067364,0.132369,117.266388,0.361617,0.410526,0.580571,700.840795,39.457873,405.860749,90.18309,264.884274,0,21.105033,108.084455,0,66.303418,339.557331,0,4.11308,35.344794,0
d09_30_G04_1_2_S,glasshouse_b1,Forrest,T1,R2,S,1404,1134,1406,70,1388.828571,270.8142857,2605,1148,1293,2605,1148,1293,1404,1131.687322,1405.235755,1330,1367.43985,655.3037594,308157,1447.456686,880.778814,1838,1401.07889,259.2742111,1390,1132.034532,1404.360432,21,9,79.614182,0.113045,30.404152,0.414306,0.435429,0.580571,156.839916,11.371578,104.322476,10.001154,69.613028,0,2.545683,30.661193,0,7.997498,96.324978,0,0.531245,10.840333,0
d25_38_G05_1_2_S,glasshouse_b1,Hartog,T1,R2,S,2980,1079,2440,60,835.6333333,2777.416667,16755,606,2406,16752,606,2406,2980,1077.742953,2439.939933,7687,834.4169377,2043.322623,383552,871.6881909,2449.970134,7777,820.1038961,2211.761862,2980,1077.742953,2439.939933,159,75,538.17466,0.13936,188.407786,0.381676,0.435429,0.725714,1062.284533,65.936389,648.389668,114.208505,423.790952,0.175203,27.039057,179.2305,0.119284,84.945703,563.069224,0.374742,5.360628,60.511781,0.06398
d09_39_G05_1_3_S,glasshouse_b1,Hartog,T1,R3,S,2417,1770,1002,77,1774.571429,1038.571429,4160,1750,848,4160,1750,848,2417,1769.78403,1002.252793,1322,1715.608169,615.3502269,312481,1486.696634,876.0161866,2878,1753.339124,511.5993746,2417,1769.78403,1002.252793,37,23,89.981215,0.255609,33.795851,0.405861,0.435429,0.615789,174.805952,12.603045,116.027504,14.499332,74.853643,0.62824,3.304203,33.241635,0.386863,10.380461,104.431676,1.215367,0.624534,11.791409,0.187102
d37_26_G04_0_2_S,glasshouse_b1,Forrest,T0,R2,S,7218,959,3959,50,1701.3,3307.52,21375,1597,4013,23642,1595,3982,7218,970.413688,3960.544472,12059,1627.878763,3507.250518,336207,861.1450178,3770.044035,10656,1651.250469,4225.915728,7061,967.6180428,3972.520606,226,148,786.104689,0.18827,292.628776,0.411652,0.435429,0.973648,1529.849759,113.068139,1023.61336,118.659014,652.61141,14.834265,27.393957,287.429762,11.002533,86.060655,902.987228,34.565477,5.324629,101.246094,6.497415
d21_06_G01_1_2_T,glasshouse_b1,Gladius,T1,R2,T,9011,1518,1933,58,1646.517241,1953.12069,10733,1537,1440,10879,1459,2119,9011,1469.980912,1933.498169,5731,1681.689234,1397.983947,507830,1489.097861,1149.332749,8194,1605.076641,894.2734928,10643,1492.526731,1778.454289,72,44,437.043233,0.100677,149.213658,0.377804,0.410526,0.781618,863.138862,51.523773,521.101677,89.141151,345.502068,2.400015,23.823664,140.318378,1.729773,74.844248,440.823187,5.434242,5.151433,45.39099,0.98135
d11_02_G01_0_2_T,glasshouse_b2,Gladius,T0,R2,T,5674,1772,1880,57,1939.596491,1910.719298,16617,1777,1718,17821,1762,1666,5674,1769.894078,1879.724357,7004,1976.69703,1328.548401,372689,1618.727803,1478.511982,5650,1540.216106,478.1895575,5674,1769.894078,1879.724357,66,38,361.3303,0.105167,146.080024,0.433795,0.435429,0.821052,713.617461,55.642493,494.590702,26.214277,333.671888,1.444135,6.24878,150.17343,1.0109,19.631121,471.783745,3.175836,1.242047,53.841072,0.559374
d41_22_G03_1_2_T,glasshouse_b1,CALINGIRI,T1,R2,T,12658,2001,4050,59,1869.661017,4674.79661,27550,1938,4385,27489,1943,4385,12658,1942.676963,4060.074656,15904,1920.813066,4685.946994,547119,1936.824206,3544.988105,22119,1940.48429,4527.682535,12658,1942.676963,4060.074656,198,158,997.906141,0.158332,358.545695,0.399095,0.435429,0.929368,1947.321447,131.096705,1252.930857,150.031019,844.448792,3.42633,36.953186,359.305196,2.528587,116.091858,1128.895208,7.94379,7.584698,122.026615,1.485393
d09_38_G05_1_2_S,glasshouse_b1,Hartog,T1,R2,S,1696,856,1060,62,1316.145161,615.7419355,5630,1155,914,5630,1155,914,1696,856.4946934,1060.474646,2174,1252.170653,618.0096596,175491,903.8343448,855.6987196,1903,1178.25959,585.4261692,3409,1412.477266,474.7735406,36,16,151.455927,0.105641,57.627271,0.408527,0.435429,0.598439,299.322773,21.062785,196.082358,18.075077,133.380851,0,4.438306,57.976648,0,13.943348,182.13901,0,0.89892,20.163865,0
d49_45_G06_1_1_S,glasshouse_b2,3811,T1,R1,S,10137,1877,4055,56,1639.642857,3063.892857,69191,1588,4039,69449,1682,4047,9819,1956.011916,4057.03758,30194,1851.654633,4503.161588,519279,1564.575303,3484.996318,46695,1843.103459,4085.805118,9629,1955.108007,4052.180808,785,480,1841.222374,0.260696,574.645329,0.357633,0.324549,1.04664,3523.192214,211.898701,2073.823563,723.872091,1073.363666,43.986616,163.400526,465.126342,31.442137,513.337892,1461.566889,98.918782,31.068055,162.849453,17.981192
d15_37_G05_1_1_S,glasshouse_b2,Hartog,T1,R1,S,3670,2381,2349,54,1016.277778,2043.518519,11074,1103,1617,11074,1103,1617,3670,2380.528065,2349.077657,5543,1021.0884,2076.010464,297355,2563.528812,2071.962217,3305,1059.418759,2017.179123,3670,2380.528065,2349.077657,51,23,233.204955,0.098626,86.698971,0.400877,0.435429,0.580571,461.882559,31.417065,295.494903,37.603718,195.601237,0,8.678159,85.38079,0,27.26324,268.231663,0,1.687087,29.729978,0
d19_45_G06_1_1_S,glasshouse_b2,3811,T1,R1,S,7077,763,2127,79,966.4556962,1146.746835,16370,1309,1407,16072,1360,1501,7077,768.8854034,2126.712731,10198,1447.97931,1900.058051,364102,868.3369193,1472.706527,5090,1467.41611,1513.024558,7077,768.8854034,2126.712731,114,56,421.824596,0.132757,154.696201,0.398369,0.435429,0.580571,831.974104,55.196234,528.226802,63.060969,358.763627,0,14.640734,153.499079,0,45.995223,482.231578,0,2.845573,52.35066,0
d15_11_G02_0_3_T,glasshouse_b2,5489,T0,R3,T,6550,2257,1405,55,2312.254545,1523.054545,19694,1503,2418,24982,1418,1888,6549,2242.639334,1413.376241,8715,1527.328055,2699.260241,358814,1458.089645,2194.828658,12128,1395.868321,2431.493651,6428,2245.92906,1418.39468,103,69,481.096682,0.143422,187.45453,0.41856,0.435429,0.725714,944.64942,69.075803,633.292099,50.744823,429.741228,0.610631,12.243394,188.932262,0.40748,38.463756,593.548206,1.280137,2.45527,66.406461,0.214072
d2_T006_02.10.23,field,3811,na,R3,S,40460,1796,6080,59,1224.677966,5323.338983,219777,1263,5310,269626,1148,2602,35415,1776.204151,6076.336355,118726,1405.385813,5948.5416,763077,1937.653213,5752.635747,175800,1319.133288,5604.934886,34296,1783.686815,6074.646606,1295,532,4486.044458,0.11859,787.595199,0.194193,0.18932,0.661268,8870.225145,146.43021,2749.86553,4247.200402,238.597319,0.246737,793.387521,81.678974,0.15279,2492.564104,256.821421,0.480004,123.9665,22.389329,0.074381
d27_21_G03_1_1_T,glasshouse_b2,CALINGIRI,T1,R1,T,19948,1889,3070,49,1689.428571,3144.836735,30276,1423,2020,30346,1423,2022,19948,1862.202326,3076.316022,13728,1646.61553,2835.360358,656373,1388.834893,2371.220434,16510,1800.912417,3880.467111,18664,1865.575386,3128.781612,145,123,898.365976,0.136915,312.842034,0.391729,0.435429,0.740086,1757.075971,112.960339,1107.967231,157.330155,735.4448,5.591021,41.731944,307.09329,3.851689,131.104768,964.762024,12.100439,8.993218,101.876005,2.091116
d3_T024_08.10.23,field,3811,na,R9,S,37242,1218,3758,94,518.0106383,2799.074468,203175,981,2118,213163,988,2122,28170,1207.154739,3706.305644,101671,1283.636199,3677.825122,458964,904.57971,3212.982297,84383,1343.003295,3724.477999,27775,1207.774653,3710.598992,1043,486,3515.062522,0.138262,645.961074,0.203546,0.18932,0.616383,6947.390528,124.779217,2251.114017,3270.117179,244.716141,0.229202,633.476354,82.896082,0.140431,1990.12466,260.548179,0.441179,102.183046,22.528592,0.067579
d07_44_G06_0_4_S,glasshouse_b2,3811,T0,R4,S,4954,1794,498,73,1565.123288,199.2739726,11698,1747,396,9393,1272,601,4954,1801.721034,494.2652402,4569,1745.603852,332.9266798,376561,1821.224922,268.9621097,2937,1727.685393,293.5274089,4884,1803.925471,498.6007371,90,64,278.352285,0.229924,93.298036,0.369753,0.410526,0.88287,537.356289,31.883824,325.611488,49.414519,227.946668,0.991097,11.959692,90.96492,0.720744,37.572481,285.774725,2.264283,2.40227,29.06369,0.417864
d33_04_G01_0_4_T,glasshouse_b1,Gladius,T0,R4,T,20098,2077,3488,81,1686.617284,725.0987654,32656,1729,2024,33768,1743,2036,20096,2059.068869,3483.875498,15131,1667.373207,1474.470227,356420,2025.942326,2198.80881,23407,1644.639168,810.6143889,17522,2101.803162,3663.749115,330,242,1242.54683,0.194761,456.599482,0.410471,0.435429,1.231578,2402.666283,177.618491,1603.338592,216.91102,991.969809,33.666001,52.688703,431.917263,25.705453,165.526441,1356.908102,80.904049,10.593004,151.179543,15.845944
d6_T002_28.10.23,field,Gladius,na,R2,T,204860,727,5500,55,565.1090909,5598.781818,352025,941,5523,356763,1235,3516,145017,900.3558272,5360.382176,185802,1065.28222,5140.707204,1372940,918.3113537,5086.660989,266822,753.5568844,5729.895293,139486,901.4772952,5372.394871,1563,1260,6099.699593,0.206568,1166.972576,0.216989,0.18932,0.757282,11832.8686,249.450147,4145.201097,5363.107443,732.701222,3.890928,1055.245221,261.590397,2.515282,3315.166559,822.132546,7.901992,172.635058,75.533828,1.281261
d17_35_G05_0_3_S,glasshouse_b1,Hartog,T0,R3,S,3992,971,2222,72,1564.5,691.0972222,10355,796,2546,12069,913,2335,3992,970.5784068,2221.61022,5989,835.3045584,2830.450493,376622,867.928326,2221.798838,3939,1485.317339,657.4267581,3992,970.5784068,2221.61022,119,55,386.825145,0.142183,134.461877,0.380619,0.410526,0.649099,764.854926,48.210145,466.393217,83.007064,303.467675,0.350406,18.702271,129.533689,0.221612,58.754918,406.942085,0.696215,3.533982,44.566007,0.110155
d27_43_G06_0_3_S,glasshouse_b2,3811,T0,R3,S,15485,1775,3555,47,2054.617021,3560.829787,42730,1718,3667,44457,1397,2072,15406,1795.116967,3553.928534,21387,1729.775985,2376.253051,412864,352.9792958,3311.812839,19682,715.8198862,3904.643431,15387,1795.082277,3553.477481,274,174,1190.588557,0.146146,446.608718,0.408092,0.435429,0.821052,2333.400425,165.826602,1534.446789,157.1985,1030.356644,3.033412,34.812235,451.497582,2.119765,109.365863,1418.421488,6.659438,6.528594,158.127956,1.170053
d35_37_G05_1_1_S,glasshouse_b2,Hartog,T1,R1,S,4689,2377,2581,53,2387.150943,2737.226415,12911,1100,1976,11234,2373,2607,4689,2391.695671,2581.065899,5716,1022.33345,2074.179846,198502,2584.718794,2631.338374,4843,2381.9777,2367.844724,4689,2391.695671,2581.065899,99,49,320.568289,0.152854,109.824665,0.375689,0.435429,0.580571,631.955592,38.215141,380.480778,76.357013,244.211277,0,18.137273,102.97352,0,56.979924,323.500854,0,3.615032,34.600109,0
d29_16_G02_1_4_T,glasshouse_b1,5489,T1,R4,T,10047,1886,3143,61,2096.344262,2004.213115,27004,2156,2876,27004,2156,2876,10047,1963.159849,3123.411765,9203,2008.200261,2906.001739,457397,1992.07929,2293.527594,14312,2118.881708,3382.565539,6011,2304.350358,1984.891699,160,112,677.069259,0.165419,249.052826,0.403206,0.435429,0.725714,1320.033182,91.278394,860.364524,90.825918,581.567825,4.675516,22.057045,248.773704,3.031784,69.294252,781.54564,9.524632,4.446177,85.282309,1.549908
d11_03_G01_0_3_T,glasshouse_b2,Gladius,T0,R3,T,9831,1409,1478,76,1690.894737,573.7763158,15881,1334,1634,23286,1435,1169,9831,1398.332418,1467.167633,9058,1488.225326,1177.600464,386813,1435.167598,1060.934072,7519,1277.619364,1845.297912,9831,1398.332418,1467.167633,77,57,418.334177,0.136255,167.004274,0.432097,0.435429,0.740086,818.337325,64.690203,572.830409,24.834535,387.011977,6.487666,5.744115,172.217931,4.375536,18.045671,541.038586,13.746152,1.118413,61.242736,2.329054
d05_12_G02_0_4_T,glasshouse_b1,5489,T0,R4,T,2224,1835,531,66,1447.545455,301.7121212,4958,1504,823,7294,1509,718,2224,1831.534622,532.381295,2224,1831.534622,532.381295,351924,1458.101397,767.0299639,3201,1444.729147,335.4823493,3405,1774.88047,445.0992658,41,25,175.681448,0.142303,66.875442,0.412414,0.435429,0.580571,344.617141,24.508485,228.255047,20.57345,155.107998,0,5.233099,67.422739,0,16.440265,211.814782,0,1.08765,23.420835,0
d11_39_G05_1_3_S,glasshouse_b2,Hartog,T1,R3,S,2362,1804,1067,85,1054.364706,1766.482353,5203,1784,904,5203,1784,904,2362,1803.584251,1066.574936,2412,1803.943201,1070.901741,279330,2011.912376,880.6619196,2412,1803.943201,1070.901741,2362,1803.584251,1066.574936,32,18,114.942765,0.1566,45.329732,0.424715,0.435429,0.598439,225.875608,17.118839,154.195535,12.459153,102.483612,0,3.061191,46.020773,0,9.617014,144.578521,0,0.619049,16.49979,0
d19_18_G03_0_2_T,glasshouse_b2,CALINGIRI,T0,R2,T,17239,1198,2227,55,1438.963636,2058.581818,29827,1449,1147,34287,1419,1269,17239,1203.372237,2231.687859,12523,1513.646091,790.5267109,332801,993.1670307,2179.094074,11922,1386.232847,2005.115752,17210,1203.303544,2231.914991,117,75,716.022418,0.104745,256.752614,0.395327,0.435429,0.725714,1411.092172,91.391339,890.387775,100.178569,612.962874,2.880976,25.921733,255.591526,1.905971,81.435527,802.964462,5.987786,5.476128,84.920372,0.99484
d07_18_G03_0_2_T,glasshouse_b2,CALINGIRI,T0,R2,T,8237,1615,384,79,1493.708861,249.8987342,11907,1472,422,11327,1474,412,8237,1540.155518,399.240136,6288,1489.298664,296.7380725,380608,1815.50716,269.2969197,6847,1481.790127,307.6838031,5680,1306.108803,1011.863556,51,41,225.741817,0.181623,86.519906,0.424821,0.435429,0.88287,435.382573,34.098234,303.12601,22.132668,193.900416,9.708732,5.302158,84.350832,6.835015,16.657222,264.995954,21.472833,1.051542,29.232807,3.813885
d17_05_G01_1_1_T,glasshouse_b1,Gladius,T1,R1,T,6231,2391,1895,68,1507.558824,2484.029412,13875,1542,1853,18981,1380,2302,6231,2389.843845,1895.534264,7245,1498.527674,2338.750035,409621,1453.505309,2085.15101,7962,1474.604748,1291.228586,5517,1494.322639,2945.211528,83,43,480.12112,0.089561,183.404505,0.41273,0.435429,0.580571,949.136157,66.562008,623.722175,46.168917,433.952203,0,11.259184,187.244441,0,35.37177,588.350405,0,2.27898,64.283028,0
d15_08_G01_1_4_T,glasshouse_b2,Gladius,T1,R4,T,21886,1914,1537,58,1748.827586,676.8793103,17601,1777,1060,18963,1804,1089,21830,1913.807467,1538.819285,9130,1820.466484,1314.733954,704496,1924.089156,896.1959145,10264,1741.171765,862.1760522,21080,1922.349905,1567.402609,66,48,488.102726,0.09834,180.03914,0.406296,0.435429,0.870857,963.279925,66.046932,622.767542,56.31735,421.286536,10.498839,14.409003,176.12277,7.701292,45.267219,553.306,24.194323,3.029833,58.551791,4.465308
d35_42_G06_0_1_S,glasshouse_b2,3811,T0,R2,S,14028,900,3150,68,1904.794118,2545.220588,52812,1162,3792,58461,1499,3579,14028,850.7820787,3144.909894,21548,1392.664702,879.104418,344076,1455.119709,773.1276346,21831,734.8788878,2355.517842,13903,852.220456,3136.106668,503,341,1434.142292,0.237773,512.578303,0.39857,0.435429,1.338151,2746.917143,203.276976,1818.879291,312.985795,1063.495874,57.660623,69.876081,465.630421,43.392517,219.522183,1462.895102,136.462006,13.215661,163.476329,26.584986
d5_T010_21.10.23,field,Gladius,na,R3,T,11242,812,5403,82,973.7317073,4871.304878,140698,1258,5322,145093,1240,5276,11242,820.6698986,5406.139655,56617,1495.657912,6042.35212,397138,1421.455756,5308.972166,121483,1290.125837,5525.563931,9472,834.1792652,5396.256229,650,229,1802.458977,0.127049,318.114059,0.195639,0.18932,0.677333,3579.912787,59.986861,1110.090687,1688.196008,113.966636,0.296333,314.25225,38.900553,0.200036,987.252561,122.209693,0.628433,49.247822,10.632977,0.106061
d25_08_G01_1_4_T,glasshouse_b1,Gladius,T1,R4,T,15562,1939,2220,63,1769.412698,1032.698413,13981,1875,1819,15255,1977,2669,9234,1978.631904,2574.367013,6563,1836.406674,1569.002895,403111,1468.684722,1027.411314,9381,1739.044665,1016.768148,9750,1938.429641,1516.792205,95,71,566.259803,0.125384,194.638189,0.381448,0.410526,0.740086,1111.934957,68.886398,676.953368,149.992414,404.938068,11.329322,39.508707,168.123617,7.848626,124.120263,528.175919,24.657186,8.461748,56.139855,4.284795
d1_T022_27.09.23,field,3811,na,R7,S,43732,554,5251,83,828.8192771,4514.771084,183685,1061,5330,188965,1081,5267,43732,559.241768,5255.934259,76848,1204.745472,5974.339319,516819,731.5141278,4919.847718,88170,851.6415788,3525.03178,40179,564.4146196,5259.897011,993,455,3072.032411,0.14811,571.287388,0.206991,0.18932,0.72833,6060.040065,115.411727,2003.148888,2782.441639,286.74666,2.844113,536.273449,99.472109,1.866398,1684.784578,312.500847,5.863463,86.56668,27.879392,0.965655
d25_10_G02_0_1_T,glasshouse_b1,5489,T0,R2,T,13870,2453,2652,83,2389.180723,2613.650602,24067,1956,1900,40231,2269,2428,13870,2467.538861,2645.873107,10341,2335.743062,2777.994391,534473,2518.543113,2331.157853,14841,2306.161377,2387.840105,13773,2468.513323,2650.402454,154,114,860.077704,0.132546,313.210697,0.398329,0.410526,0.917964,1684.507578,111.5202,1073.760842,90.009657,762.060654,8.007393,21.442504,314.822423,5.476658,67.363613,989.191801,17.205429,4.25448,104.282499,2.98322
d41_29_G04_1_1_S,glasshouse_b1,Forrest,T1,R1,S,3810,2208,3651,47,934.0638298,3440.617021,11235,832,3917,12408,831,3726,3810,2204.209711,3651.111286,4954,858.8909972,3724.13908,385619,872.1969794,3341.517581,5280,866.9257576,3698.356061,3713,970.9563695,3326.872071,137,73,426.188401,0.171286,147.760073,0.379418,0.410526,0.725714,833.165851,52.439568,512.762431,97.907858,327.036514,1.244029,22.684215,139.655718,0.806131,71.264564,438.965331,2.532535,4.406392,47.621514,0.411663
d25_45_G06_1_1_S,glasshouse_b1,3811,T1,R1,S,8661,777,2353,56,999.6785714,1703.446429,16679,1221,2056,16048,1308,3018,8661,777.4714236,2353.07782,8583,1004.890015,1988.690668,501779,817.7907386,1791.516652,10312,1576.596683,3189.765807,6914,769.693665,2131.690338,162,80,605.660198,0.132087,213.271463,0.384763,0.435429,0.649099,1194.409851,74.63997,732.478032,120.393068,484.536259,0.730872,27.578081,205.105929,0.470989,86.639096,644.35928,1.479656,5.318216,69.083296,0.238457
d33_33_G05_0_1_S,glasshouse_b1,Hartog,T0,R1,S,5537,1351,3660,44,1154.636364,2704.477273,17335,1195,2872,18175,1198,2866,5489,1357.749681,3660.487156,9079,1333.599185,2243.883577,343527,1453.326044,3081.051976,10738,1169.207394,2413.994971,5469,1358.269336,3661.827025,184,92,634.761949,0.144936,224.094351,0.387022,0.435429,0.615789,1248.274904,80.995393,775.113829,131.832833,501.394801,1.534315,28.817825,216.963755,0.944814,90.533868,681.61174,2.968221,5.337074,75.201369,0.45695
d43_42_G06_0_2_S,glasshouse_b2,3811,T0,R2,S,16073,1349,3940,63,952.0634921,2526.555556,97059,1135,3802,139372,1130,3153,14311,845.5194606,3158.206205,39963,1380.234992,2320.540125,893877,440.0359938,3031.388396,35097,1315.666752,750.8719549,14198,846.7859558,3151.574306,1123,898,2565.360367,0.350048,884.501193,0.398972,0.410526,1.622746,4782.421891,381.975155,3256.392187,763.394193,1630.339662,171.626512,172.792282,731.365732,132.095321,542.936559,2298.18515,415.270478,33.024393,265.403961,83.546801
d25_37_G05_1_1_S,glasshouse_b1,Hartog,T1,R1,S,5014,2391,2502,58,1038.810345,2120.775862,7692,2394,2557,7694,2394,2557,5014,2405.398484,2502.095732,4288,1011.909981,2121.366371,498539,2578.385258,2263.507563,4429,1015.075412,2113.888011,5014,2405.398484,2502.095732,75,37,289.885896,0.127636,103.883927,0.392628,0.435429,0.598439,570.540999,37.294044,359.480365,50.410256,239.47564,0,12.024238,102.401916,0,37.775258,321.705107,0,2.394719,34.899325,0
d17_06_G01_1_2_T,glasshouse_b1,Gladius,T1,R2,T,9063,1531,1933,58,1671.87931,1358.344828,11052,1543,1443,10843,1479,2130,9063,1487.48207,1922.991725,6121,1692.041006,1409.704623,547789,1482.251078,1291.663347,7980,1625.316917,882.3246867,10536,1508.714313,1777.787775,55,29,429.486741,0.067522,151.789032,0.388514,0.410526,0.725714,852.588448,52.925857,526.283046,63.758241,365.553297,0.175203,17.095339,150.306473,0.119284,53.706591,472.201713,0.374742,3.706171,49.155706,0.06398
d5_T020_21.10.23,field,Gladius,na,R8,T,297911,994,4595,116,670.1982759,3798.318966,307327,1080,2888,328152,1098,3011,227398,1020.836612,4854.298059,171419,900.5147096,5883.072909,1628073,1179.130655,5268.00747,222384,947.6032538,5663.076444,208470,1037.682017,4847.030868,1257,993,5316.45666,0.186779,1075.234409,0.22867,0.239473,1.378273,10324.06346,246.95555,3815.341407,4555.078878,734.627495,26.750287,928.753464,265.955526,19.674723,2917.780985,835.750458,61.809964,156.691688,78.450045,11.813817
d33_37_G05_1_1_S ,glasshouse_b1,Hartog,T1,R1,S,4943,2394,2562,67,1080.850746,2866.955224,7378,2397,2636,7381,2397,2636,4943,2408.786567,2561.651831,3795,1005.315415,2193.48643,167088,2585.485164,2629.240694,4957,2402.82671,2387.682671,4943,2408.786567,2561.651831,91,49,290.916483,0.168433,102.941203,0.386692,0.435429,0.598439,570.191845,36.70061,357.156583,55.930842,234.985642,0,13.793018,99.8699,0,43.332044,313.824539,0,2.820582,33.880028,0
d13_01_G01_0_1_T,glasshouse_b1,Gladius,T0,R1,T,5493,1987,1844,66,1699.469697,463.2272727,14992,1973,1806,17670,2101,1590,5493,1988.072456,1843.545603,6808,2219.967391,2133.659812,368601,1605.456797,1467.07007,7652,1632.086121,382.4290382,5493,1988.072456,1843.545603,99,57,416.558282,0.136836,164.671165,0.431511,0.435429,0.725714,818.163311,64.026114,564.340545,47.652175,367.22665,1.679458,11.326693,167.217009,1.091472,35.583856,525.327728,3.428962,2.23759,61.228844,0.55968
d4_T001_14.10.23,field,Gladius,na,R1,T,162398,1284,5725,64,1761.890625,5622.0625,349327,1254,5581,351669,1289,5558,115563,1113.216081,5703.367635,135441,1397.229701,4875.417783,1173477,1154.949427,5453.563288,342653,1273.672301,5599.076065,114335,1105.943412,5705.545196,1146,612,4128.732814,0.148229,803.83531,0.217129,0.18932,0.900019,8106.113799,170.616149,2820.795302,3631.171499,495.086684,2.474631,719.525901,176.624165,1.696415,2260.457284,555.008574,5.329444,118.731637,50.957555,0.926956
d13_23_G03_1_3_T,glasshouse_b1,CALINGIRI,T1,R3,T,7855,1413,1812,64,1643.859375,1254.34375,10527,1448,1597,9298,1407,1762,7855,1451.494335,1806.025461,3942,717.0266362,1351.853374,523665,1702.038865,1609.002355,4591,1442.223916,2069.369636,7855,1451.494335,1806.025461,60,34,266.124246,0.12776,101.603483,0.413338,0.435429,0.598439,524.791609,37.519376,347.180644,30.23665,235.887596,0,7.230305,103.280726,0,22.714674,324.465969,0,1.436439,36.082937,0
d07_35_G05_0_3_S,glasshouse_b2,Hartog,T0,R3,S,1839,1460,544,70,1452.857143,603.5428571,4169,1517,262,7615,1482,402,1839,1460.487221,543.6378467,2224,1425.553957,277.9842626,256227,1459.187947,256.2555546,2232,1428.885753,255.5291219,1839,1460.487221,543.6378467,31,11,132.834612,0.08281,42.28563,0.347267,0.324549,0.580571,265.056456,13.215335,144.272091,42.068448,90.766164,0,10.505283,35.417949,0,33.003321,111.26877,0,2.146646,11.068689,0
d31_30_G04_1_2_S,glasshouse_b2,Forrest,T1,R2,S,2471,690,2288,81,754.1728395,2447.654321,13396,791,2557,10995,1740,2479,2471,694.8170781,2289.259409,6461,739.4816592,2496.655471,376177,871.758696,2482.24623,5167,746.6495065,2324.51287,2257,685.6663713,2306.628268,80,32,297.125001,0.107699,95.273016,0.350545,0.324549,0.598439,588.871903,31.229556,329.659757,96.62559,200.499411,0,23.326432,81.607528,0,73.282147,256.37761,0,4.680842,26.548715,0
d13_40_G05_1_4_S,glasshouse_b1,Hartog,T1,R4,S,3047,1612,1459,72,1113.805556,1143.111111,4813,1645,1591,4813,1645,1591,3047,1614.264851,1456.906465,1678,1644.75447,1842.983909,388850,1904.489592,1469.421687,1725,1645.045797,1839.321739,3140,1122.892357,1125.606051,32,14,128.750715,0.108737,49.743153,0.413103,0.435429,0.580571,254.938664,18.290195,168.500442,15.704237,113.046478,0,3.868196,49.767161,0,12.152296,156.348146,0,0.792543,17.497652,0
d07_26_G04_0_2_S,glasshouse_b2,Forrest,T0,R2,S,2710,1568,453,75,1510.266667,253.5066667,5017,1563,406,4431,1468,1013,2710,1564.064945,453.1435424,2700,1488.9,288.5185185,260778,1457.926309,267.2859482,2228,1488.986984,272.4829443,2710,1564.064945,453.1435424,25,15,113.302431,0.132389,44.992668,0.432499,0.435429,0.846321,220.785811,17.540753,155.693567,5.626239,106.039246,1.636946,1.39276,46.990241,1.142492,4.375484,147.728839,3.589244,0.284859,16.622442,0.633451
d19_36_G05_0_4_S,glasshouse_b2,Hartog,T0,R4,S,4712,760,2781,52,1216.865385,1731.346154,22704,2094,1113,28751,1121,1973,4712,774.1090832,2786.393888,10197,853.9470432,2891.899873,382677,868.0507974,2235.432035,10534,860.7560281,2876.097779,4712,774.1090832,2786.393888,179,95,566.78837,0.167611,202.164178,0.388432,0.435429,0.725714,1111.052407,73.093661,696.783742,115.170428,450.403973,1.213969,25.507505,195.487773,0.797876,80.13419,614.142951,2.506602,4.794549,67.886212,0.412899
d15_03_G01_0_3_T,glasshouse_b2,Gladius,T0,R3,T,16477,1371,1528,57,1540.596491,820.9298246,19997,1584,1010,28154,1384,1549,16477,1358.878133,1525.847424,10247,1375.279887,1523.322826,420148,1413.73362,1145.970601,10721,1464.571868,1260.083761,16387,1359.43327,1523.591444,101,65,539.607532,0.120458,203.070035,0.409694,0.435429,0.725714,1060.27554,75.058933,696.946562,64.794505,467.769693,7.043335,15.690004,201.426054,4.728922,49.291601,632.798613,14.856348,3.151896,69.402184,2.504853
d25_18_G03_0_2_T,glasshouse_b1,CALINGIRI,T0,R2,T,16292,1119,2393,86,1462.825581,1400.94186,31927,1344,1841,33660,1641,1929,16292,1185.387,2428.725755,13023,1129.711894,1628.940183,456541,1400.177892,1303.201999,14985,1205.91705,2060.388922,18559,1204.897301,2246.488604,172,122,875.398276,0.139365,320.520755,0.405451,0.435429,0.740086,1713.563718,118.669705,1116.395526,127.023222,736.528669,11.846385,33.007931,314.423579,7.904669,103.697474,987.864801,24.833251,6.994017,107.514106,4.161582
d15_04_G01_0_4_T,glasshouse_b2,Gladius,T0,R4,T,13548,2003,2502,48,1559.416667,761.4166667,20004,1896,2314,20947,1881,2306,11194,2084.195641,2565.452743,10975,1590.088109,746.7951708,366199,2026.586353,2209.160325,8754,2078.378684,2696.615376,11195,2084.180616,2565.430817,89,55,553.483111,0.099371,210.264227,0.411736,0.435429,0.870857,1092.420473,76.533844,715.877996,57.159917,495.332097,0.991097,14.074186,213.052824,0.744033,44.215359,669.325188,2.337449,2.874506,73.217048,0.442291
d7_T020_04.11.23,field,Gladius,na,R8,T,253158,1095,4912,75,1208.2,5520.48,311299,1133,5276,309837,979,2714,184546,1085.604521,4712.735925,166519,996.6469532,5890.271194,1135861,1070.328188,4609.508426,223928,1059.43443,5649.672627,180994,1085.619827,4715.368443,1277,1112,5535.204114,0.200896,1104.384888,0.22595,0.239473,0.965349,10733.15292,247.990835,3922.073041,4767.819984,752.056883,15.327248,965.195954,272.273755,10.748993,3032.284367,855.891332,33.897343,161.761699,80.173497,6.055639
d09_04_G01_0_4_T,glasshouse_b1,Gladius,T0,R4,T,4533,1643,858,58,1575.689655,698.6551724,11945,1643,814,15543,1921,1183,4533,1633.570704,859.3745864,6233,1719.805391,1195.233275,384775,1448.778257,347.730232,9971,1625.202989,408.2788085,6573,1398.726913,655.2210558,59,41,350.502354,0.116975,140.555348,0.43315,0.435429,0.725714,689.781406,53.521486,477.067816,20.948759,329.130618,0.422977,4.774,146.804821,0.276581,14.997964,461.200947,0.868905,0.915503,52.463322,0.142661
d37_19_G03_0_3_T,glasshouse_b1,CALINGIRI,T0,R3,T,9860,1483,3177,60,1770.6,909.05,37531,1491,2467,38676,1488,2476,9860,1469.971805,3180.640365,21376,1348.314418,3277.360638,555415,1491.305676,2274.049621,30559,1593.494388,1149.88658,9860,1469.971805,3180.640365,340,240,1362.747945,0.176115,495.282749,0.402329,0.435429,0.870857,2653.311766,184.490621,1731.932208,249.344103,1102.984868,10.418974,65.123489,479.097305,6.95742,204.591474,1505.202567,22.138168,13.886144,166.830692,3.773785
d13_44_G06_0_4_S,glasshouse_b1,3811,T0,R4,S,8633,1049,1511,68,1210.014706,606.6911765,18848,1148,1294,18846,1148,1294,8633,1066.506429,1522.215684,8544,1114.629331,889.4015684,417021,840.2234036,917.4065742,13287,1641.450365,426.9914202,8580,1065.486014,1524.539277,143,103,568.079121,0.181313,214.056188,0.411379,0.435429,1.105375,1101.418257,81.147695,740.053162,58.92867,495.647374,13.503077,13.212707,212.396149,9.957382,41.508944,667.262181,31.282037,2.497019,72.746823,5.903852
d21_38_G05_1_2_S,glasshouse_b1,Hartog,T1,R2,S,3564,2218,1875,78,808.6410256,2731.474359,16753,605,2443,16751,605,2443,3564,2208.508418,1879.459596,7316,858.7885457,2027.975806,386034,875.4826,2444.08413,7929,810.4044646,2258.042376,3133,2223.863709,1915.928184,109,51,499.149574,0.102174,184.831757,0.399928,0.435429,0.649099,987.713515,66.27431,629.153321,71.660867,427.313504,0.175203,16.566379,183.585619,0.113724,52.044814,576.751232,0.357274,3.230006,62.986328,0.057977
d17_26_G04_0_2_S,glasshouse_b1,Forrest,T0,R2,S,3995,1345,2160,53,1538.603774,749.1698113,9881,1371,2549,11080,1367,2491,3995,1344.797747,2160.185482,3487,899.2317178,2410.409234,373753,1456.02156,1521.816376,3487,899.2317178,2410.409234,3903,1345.669229,2168.06431,44,28,261.445923,0.107097,103.620596,0.429694,0.435429,0.598439,515.477475,39.36634,354.841729,15.309184,246.136739,0,3.910457,109.039173,0,12.285064,342.556665,0,0.819607,38.546733,0
d33_36_G05_0_4_S,glasshouse_b1,Hartog,T0,R4,S,8522,727,4494,61,926.7213115,2257.836066,30192,724,3451,28375,1064,2399,8522,739.4476649,4494.037785,17291,695.795327,2986.43219,617699,844.22233,4093.929296,16179,695.8977069,2835.713085,8468,739.4465045,4495.99008,394,258,1030.562514,0.250349,365.534489,0.395998,0.435429,1.056656,1975.659448,141.418648,1292.893605,223.867044,784.776244,21.919226,49.320551,346.337076,15.776814,154.945081,1088.218745,49.72978,9.211014,123.078784,9.12885
d17_15_G02_1_3_T,glasshouse_b1,5489,T1,R3,T,7095,910,2211,72,908.2916667,2235.277778,11476,947,2013,11476,947,2013,7095,891.4042283,2211.089359,4606,812.4413808,1874.231871,384984,868.968326,1656.557252,6911,904.9739546,2216.216467,7095,891.4042283,2211.089359,70,42,323.288069,0.129915,120.27889,0.404879,0.435429,0.740086,633.817635,44.105884,412.96057,43.530558,275.568113,4.189398,10.566729,117.859819,3.022884,33.196357,370.267542,9.496671,2.134813,40.256476,1.714595
d21_23_G03_1_3_T,glasshouse_b1,CALINGIRI,T1,R3,T,9324,1470,2433,63,1443.349206,2047.269841,15309,1405,2146,18084,1404,2167,9324,1492.290755,2422.92396,7294,683.4840965,2218.961064,496046,1506.193532,1791.285088,6702,1600.108027,1504.884363,10671,1491.946397,2304.924937,101,69,477.963204,0.144363,175.425587,0.402327,0.435429,0.580571,936.252105,63.44319,605.908661,59.373529,418.589675,0,14.157318,178.709399,0,44.476526,561.432135,0,2.812733,60.630457,0
d17_29_G04_1_1_S,glasshouse_b1,Forrest,T1,R1,S,3090,241,1741,49,1231.673469,2464.081633,5006,1275,2020,5006,1275,2020,3090,241.3168285,1741.986408,2399,1178.393914,1337.999583,327580,280.3567953,1478.336748,2487,214.9107358,1790.449136,3046,239.2892318,1745.605384,64,30,189.739461,0.158112,62.872817,0.362269,0.410526,0.580571,374.577512,21.569903,218.890236,47.170329,142.569132,0,10.972103,58.702823,0,34.469877,184.420359,0,2.147774,19.42213,0
d43_40_G05_1_4_S,glasshouse_b2,Hartog,T1,R4,S,20594,2346,3487,55,2212.563636,4308.309091,53340,1608,3803,58089,1620,3707,17269,2338.399792,3546.485378,22528,1982.42112,4366.347257,462495,2484.308455,2931.010465,23868,1673.146682,1055.419977,17280,2338.585127,3545.237269,469,313,1399.532774,0.223646,482.727145,0.391044,0.410526,1.429491,2683.500799,189.84421,1727.711749,391.049305,957.114312,51.369157,92.258811,418.593637,39.018544,289.839602,1315.291776,122.580372,18.251988,147.515343,24.076878
d31_47_G06_1_3_S,glasshouse_b2,3811,T1,R3,S,5742,1459,2228,79,1294.126582,3219.658228,18918,1493,2794,19208,1484,2758,5690,1445.130404,2224.975395,9809,1374.549699,2514.477011,560730,1490.054748,1783.180302,8444,1502.024159,1856.282568,5649,1445.049743,2228.78775,158,90,546.837333,0.164583,181.571724,0.369868,0.410526,0.870857,1071.069582,63.739934,638.743498,150.764027,390.65233,5.420976,36.523548,162.800418,3.994404,114.742109,511.452597,12.548792,7.358657,54.054559,2.326718
d17_47_G06_1_3_S,glasshouse_b1,3811,T1,R3,S,6702,1428,2126,75,1548.946667,968.3466667,9295,1438,2252,9676,1452,1624,6702,1428.276932,2125.542077,4637,1295.467328,2423.650205,365516,1457.426933,1610.047546,6162,1285.332197,1655.64492,6653,1428.124305,2129.026154,60,30,355.936148,0.084285,128.821336,0.396761,0.435429,0.725714,704.262977,45.961676,445.490906,42.211821,312.76329,0.961037,10.626003,130.526662,0.651494,33.382574,410.061602,2.04673,2.207916,43.405638,0.348122
d17_23_G03_1_3_T,glasshouse_b1,CALINGIRI,T1,R3,T,10695,1457,2363,61,1535.786885,2742.754098,12467,1434,1904,11621,1437,1893,10695,1498.822253,2351.028612,5289,670.4811874,1989.24447,368330,1458.096794,1580.767054,5065,666.8238894,2012.823692,10839,1498.969554,2338.707076,87,49,374.057857,0.130996,136.247259,0.39815,0.435429,0.580571,734.102501,49.103645,469.756953,45.973969,328.083888,0,9.685552,139.84273,0,30.42806,439.328893,0,1.733938,47.369706,0
d33_16_G02_1_4_T,glasshouse_b1,5489,T1,R4,T,10256,1908,3163,63,2228.904762,1853.777778,23882,1972,3391,31343,2181,2868,10256,1994.795924,3162.772523,10888,2040.731172,2942.601029,595480,2022.903475,2566.402553,21651,2180.215233,3283.007898,10256,1994.795924,3162.772523,195,139,779.164012,0.178396,285.987578,0.403387,0.410526,1.04664,1511.008645,107.648685,991.167103,119.406761,643.941318,15.815932,28.247042,274.74268,12.420448,88.7407,863.266022,39.16038,5.575867,94.125811,7.947008
d05_36_G05_0_4_S,glasshouse_b1,Hartog,T0,R4,S,2017,1419,841,61,1057.52459,821.9344262,3920,1399,894,3816,1398,901,2017,1419.858205,841.062469,1790,1063.997765,803.2206704,166030,1447.218768,220.9517557,2255,1551.516186,278.5587583,2017,1419.858205,841.062469,49,25,152.725744,0.163692,51.144072,0.366557,0.410526,0.580571,300.751069,17.524883,177.535085,37.487384,115.23836,0,8.678597,47.832576,0,27.264617,150.270468,0,1.679067,15.845816,0
d45_25_G04_0_1_S,glasshouse_b1,Forrest,T0,R1,S,6432,707,3121,88,1450.227273,763.0227273,31940,878,4095,31401,1317,2296,6432,711.2361629,3122.758085,16797,792.4999702,4294.980592,407871,861.491626,2855.229565,20603,1398.421492,776.0514003,4585,975.931952,3025.467176,520,336,1251.842408,0.268404,419.375066,0.381613,0.410526,1.338151,2387.511054,167.585915,1513.276668,369.601762,825.952471,56.288175,82.1567,355.547303,43.939815,258.102884,1117.132782,138.041001,15.451676,123.801907,28.332332
d43_29_G04_1_1_S,glasshouse_b2,Forrest,T1,R1,S,3771,2214,3664,54,846.0555556,3970.055556,21200,998,3324,23158,1056,3211,3771,2210.827102,3663.664545,7468,858.7915104,4231.539502,393776,873.7079685,3328.153303,4919,2250.06607,3593.399878,3656,871.8142779,4591.244256,156,84,469.9436,0.178745,160.247211,0.371511,0.410526,0.649099,922.655424,56.246033,555.280013,123.608092,345.441885,0.893623,28.778665,147.415333,0.557121,90.410841,463.118926,1.750246,5.617211,50.355891,0.272931
d35_07_G01_1_3_T,glasshouse_b2,Gladius,T1,R3,T,14311,1457,2575,59,1627.135593,1569.305085,30510,1588,1204,31311,1460,2569,13935,1347.176893,2088.229709,17705,1599.842417,1482.196385,535350,1427.696399,2464.691155,13483,1330.609953,2476.723281,9749,1499.61832,2725.05857,219,137,920.154888,0.148888,317.439786,0.381422,0.410526,0.821052,1804.776662,114.803137,1109.836547,278.104422,636.861792,5.188674,72.265219,277.445695,3.527722,227.02788,871.726002,11.082665,15.330591,97.573187,1.899359
d17_22_G03_1_2_T,glasshouse_b1,CALINGIRI,T1,R2,T,9595,2060,2265,50,1848.38,2071.94,12921,1732,1798,17650,2024,2198,9595,2066.634184,2260.874101,6039,1896.264282,2240.651929,466626,1997.586532,1776.289525,8358,1880.729481,1957.99653,7535,1769.97359,2226.175182,55,27,437.453089,0.061721,166.014151,0.412901,0.435429,0.580571,869.104736,59.43121,566.519686,26.497268,410.955821,0,6.839956,173.455552,0,21.488356,545.03133,0,1.441448,57.989762,0
d45_35_G05_0_3_S,glasshouse_b1,Hartog,T0,R3,S,16380,1443,4230,49,1690.102041,4632.469388,51684,1095,3927,52281,1095,3927,12024,1509.007651,4398.400033,23447,1200.590992,3351.385593,345176,1457.498627,3970.550038,36975,1791.791995,791.2670453,11916,1508.397617,4398.565626,1002,771,1834.248767,0.420336,617.757816,0.413622,0.410526,1.818635,3292.203944,306.781187,2402.459337,601.431703,1037.509715,195.307349,133.369488,473.990914,156.947109,418.992605,1489.786879,493.679853,24.942183,176.237201,105.601803
d35_45_G06_1_1_S,glasshouse_b2,3811,T1,R1,S,8904,787,2403,77,1254.74026,2188.454545,34581,1232,2112,38008,1231,2197,6720,1713.643006,4560.154762,19519,1192.256827,1791.671448,391877,857.144895,1526.265994,20388,1186.221944,1816.83142,6720,1713.643006,4560.154762,350,184,1022.305488,0.179985,351.936097,0.380907,0.435429,0.88287,2000.530273,126.545183,1225.716033,241.948163,775.867326,4.489998,53.786275,333.095954,3.208684,168.974567,1046.661087,10.080379,10.125961,114.597438,1.821783
d13_08_G01_1_4_T,glasshouse_b1,Gladius,T1,R4,T,15543,1875,1550,73,1785.205479,948.4931507,12043,1885,1192,11951,1885,1192,15543,1922.501641,1559.831114,6762,1833.369269,1444.708814,558017,1604.174937,745.607693,5244,1630.948703,518.914569,21715,1862.584435,1295.323647,55,45,431.989021,0.104169,163.733708,0.416655,0.435429,0.870857,849.640576,60.9191,565.855236,23.883812,397.426009,10.6792,6.220046,166.071444,7.825825,19.540851,521.728829,24.585556,1.313338,55.079194,4.526568
d37_03_G01_0_3_T,glasshouse_b1,Gladius,T0,R3,T,13579,1532,3291,63,1893.777778,999.9365079,35136,1556,4055,36607,1553,3965,13579,1482.782385,3303.33677,18130,1660.469277,1942.704799,531432,1440.700302,2701.458612,23674,1785.244319,1092.75095,14323,1360.15723,1679.568387,308,220,1290.532321,0.170472,475.733084,0.405151,0.435429,0.846321,2515.087479,177.677364,1647.598133,217.541612,1063.136834,9.853875,52.696583,465.044073,6.649089,165.597995,1461.111408,20.88873,10.632233,163.496476,3.548655
d3_T023_08.10.23,field,3811,na,R8,S,41189,570,3769,57,1228.052632,5884.719298,249107,1071,4869,298459,899,4569,37804,564.0971061,3770.404137,139185,1086.178791,4225.859633,405852,870.1320752,3767.321484,203272,1039.714742,3794.580975,36510,564.4225418,3777.906409,1404,603,4273.081924,0.141116,779.270843,0.202892,0.18932,0.757282,8453.114952,152.609394,2726.160103,3950.346127,320.469824,2.265973,754.425304,111.784902,1.518024,2370.16069,351.2304,4.769013,120.42696,31.381469,0.800965
d49_34_G05_0_2_S,glasshouse_b2,Hartog,T0,R2,S,21825,1518,698,75,1596.173333,1264.106667,93593,1684,1107,121146,1533,2892,23250,1893.080903,878.7110538,68093,1643.046686,821.6335747,401463,1466.134747,351.8010377,70897,1633.384995,848.1807693,20421,1530.681798,694.8309583,1129,903,2621.244854,0.344493,925.51757,0.428795,0.435429,1.892431,4754.164603,484.850717,3564.297239,817.387121,1498.531124,305.326609,187.204953,685.099592,262.083422,588.121705,2152.81618,823.359354,36.122859,254.838354,193.889504
d5_T024_21.10.23,field,3811,na,R9,S,31493,1143,3751,54,405.3333333,3014.666667,207910,971,2138,212871,972,2139,29110,1135.04641,3743.903195,94259,1235.65303,3720.45758,467771,896.5983013,3157.428797,85198,1162.01986,3788.36711,18554,1084.924814,3707.397219,1107,571,3655.185281,0.156216,663.518386,0.202081,0.18932,0.965349,7204.102362,128.421677,2321.596571,3403.186044,250.476483,1.522754,651.661837,86.098734,1.099453,2047.383435,270.759102,3.454034,103.987115,23.797535,0.637027
d31_07_G01_1_3_T,glasshouse_b2,Gladius,T1,R3,T,14307,1317,2066,61,1711.606557,711.3934426,26248,1597,1211,33278,1477,2248,14307,1366.010484,2081.873768,14249,1715.788055,1460.07018,664349,1765.001851,2021.990687,8714,1837.604774,1260.85529,9339,1432.263733,2718.04176,155,109,766.891968,0.142132,268.286494,0.388779,0.410526,0.781618,1503.351454,97.445632,940.55902,189.325243,571.556999,6.009726,50.565727,244.853745,3.931785,158.856916,769.350037,12.352067,10.923571,84.491315,2.030745
d07_36_G05_0_4_S,glasshouse_b2,Hartog,T0,R4,S,3529,1452,710,64,1427.28125,793.1875,9206,1507,421,8819,1511,410,3529,1445.873335,706.488807,6362,1409.275228,317.7236718,348631,1452.877851,777.9450795,3216,1286.266791,335.1968284,2663,1430.883965,780.1430717,80,48,257.463128,0.186434,86.698971,0.37075,0.410526,0.580571,502.241211,29.986578,302.321479,58.183211,199.279917,0,13.924165,82.292854,0,43.790852,258.530627,0,2.778297,27.208281,0
d07_39_G05_1_3_S,glasshouse_b2,Hartog,T1,R3,S,1971,1768,962,57,1713.245614,609.0701754,3489,1703,460,5460,1723,653,1971,1768.091324,962.1577879,1971,1768.091324,962.1577879,334488,2026.359143,881.6724427,1971,1768.091324,962.1577879,1971,1768.091324,962.1577879,38,22,91.463588,0.240533,31.810338,0.378691,0.435429,0.615789,178.000865,11.193196,109.720363,19.610277,71.78074,0.072571,4.372989,30.507399,0.044689,13.73815,95.841819,0.140394,0.819921,10.351661,0.021613
d49_18_G03_0_2_T,glasshouse_b2,CALINGIRI,T0,R2,T,24662,1176,2414,54,1058.722222,2481.203704,81222,1380,1579,75516,1228,1648,24662,1198.117428,2422.33282,38361,1035.945465,2277.261776,367734,1459.862833,2045.677658,32641,1554.621703,994.2827426,15419,2628.202023,3224.505934,608,462,2076.422468,0.222498,767.361204,0.411393,0.435429,1.04664,3993.523219,310.391568,2702.757,576.252198,1425.123815,75.046455,139.953565,668.404514,51.932641,439.677091,2099.928705,163.151204,28.271436,253.594308,28.525824
d29_14_G02_1_2_T,glasshouse_b1,5489,T1,R2,T,13224,2345,3022,65,2210.907692,2366.215385,18028,2149,2409,18093,2149,2409,12111,2344.853191,3121.158286,7880,2103.156599,2721.620939,622459,2119.048954,2095.824106,9060,2188.860817,3022.430684,13686,2075.262823,2240.356423,87,63,633.928356,0.09938,229.766492,0.398665,0.435429,0.598439,1249.236649,80.791863,790.102377,74.720218,559.208138,0,19.900857,231.59654,0,62.520387,727.58199,0,4.28396,76.507903,0
d13_32_G04_1_4_S,glasshouse_b1,Forrest,T1,R4,S,2283,1356,726,64,1535.078125,376.40625,3871,1417,596,3871,1417,596,2283,1354.249233,725.0477442,1266,1395.916272,640.3246445,311226,1452.226205,284.7189631,1261,1388.180809,653.88977,2283,1354.249233,725.0477442,32,22,97.514941,0.225606,34.928172,0.3886,0.435429,0.598439,191.302951,12.823553,120.917518,21.056548,76.458393,0,4.641431,33.832914,0,14.628284,106.289234,0,0.868639,11.954914,0
d4_T008_14.10.23,field,3811,na,R4,S,32998,1351,6442,72,902.8194444,4313.388889,171403,984,3000,222140,1014,3424,20270,1269.087469,6298.815935,87907,765.5660869,3292.177551,432594,918.4576809,5994.780117,92556,995.3086024,2813.138003,19702,1275.134453,6303.288143,947,440,3061.27184,0.143731,576.040067,0.209755,0.18932,0.83387,6038.297198,116.884284,2016.067407,2747.583432,311.637111,2.051297,531.562493,108.795348,1.376346,1669.952823,341.790666,4.323918,85.641768,30.51018,0.732337
d13_39_G05_1_3_S,glasshouse_b1,Hartog,T1,R3,S,2055,1035,1775,63,1770.873016,1736.52381,4525,1814,1540,4525,1814,1540,2055,1034.817518,1773.981509,2320,1765.189655,1747.486638,323878,877.0542673,2048.351305,2324,1783.923408,1061.288296,2324,1783.923408,1061.288296,43,21,152.409001,0.137787,59.618051,0.419699,0.435429,0.598439,300.935613,22.064562,202.239538,15.076882,137.332119,0,3.848007,60.526838,0,12.088869,190.150669,0,0.805504,21.259058,0
d05_44_G06_0_4_S,glasshouse_b1,3811,T0,R4,S,2532,1688,404,55,1478.272727,147.6363636,4434,1694,418,4434,1694,418,2532,1687.733017,403.6176935,1558,1659.476893,300.6752246,258760,1466.318608,253.8361377,2820,1665.136525,307.8471631,1968,1699.794207,437.3714431,43,25,124.833413,0.200267,41.074309,0.359313,0.410526,0.580571,244.237671,13.487212,141.558732,27.512902,97.320511,0,6.59196,38.444031,0,20.709253,120.849479,0,1.306215,12.180997,0
d6_T006_28.10.23,field,3811,na,R3,S,47052,970,5876,63,1493.095238,6112.492063,223468,1219,5330,275730,1110,2760,42140,996.7602515,5868.883507,125092,1339.212148,5935.446855,833676,1082.261943,5644.84333,180834,1257.257031,5608.672567,35241,1768.768707,6020.12826,1334,543,4520.472334,0.12012,785.648966,0.192273,0.18932,0.757282,8946.638109,144.395489,2742.949126,4295.621617,223.846235,1.004482,796.360976,76.05396,0.677681,2501.841792,238.978336,2.128998,123.387487,20.647746,0.360255
d07_12_G02_0_4_T,glasshouse_b2,5489,T0,R4,T,4787,1836,411,76,1563.855263,246.1842105,10672,1562,435,10205,1559,822,4787,1820.450595,425.56737,5373,1568.557231,284.048204,343442,2036.95431,292.930457,5223,1549.364733,284.6586253,4787,1820.450595,425.56737,60,44,240.44162,0.182997,93.487634,0.421535,0.435429,0.725714,468.838886,35.091796,320.148515,18.833872,221.329914,0.277834,4.693787,97.027864,0.184787,14.745967,304.822024,0.580524,0.965451,34.029312,0.097033
d15_39_G05_1_3_S,glasshouse_b2,Hartog,T1,R3,S,3549,1009,1990,53,1772.245283,923.1320755,7603,992,2148,8578,1001,2027,3549,1012.399267,1990.475909,4188,1714.120344,974.1174785,310971,886.8292638,2069.325667,3114,1747.013809,1937.998073,3549,1012.399267,1990.475909,71,47,186.350181,0.252213,70.398806,0.409319,0.435429,0.580571,362.007827,25.92694,241.92241,23.766593,162.583588,0,5.918946,71.087349,0,18.594916,223.327494,0,1.211361,24.71558,0
d43_46_G06_1_2_S,glasshouse_b2,3811,T1,R2,S,12419,1428,3948,54,1372.944444,1936.592593,42799,1475,3825,48227,1609,3555,12419,1497.711732,3966.619132,23119,1205.44258,4302.063671,511649,1391.13546,3488.28251,23357,1208.826776,4295.732543,11405,1502.431565,3911.463656,493,319,1278.31203,0.249548,413.070932,0.372158,0.410526,1.376946,2435.35269,161.810421,1504.837617,425.629926,805.329645,47.352459,97.324361,344.004353,37.62331,305.753499,1080.721548,118.362571,18.772654,118.258937,24.77883
d19_01_G01_0_1_T,glasshouse_b2,Gladius,T0,R1,T,9656,863,2475,61,2404.131148,2909.590164,23951,2303,2737,33503,2000,2053,9656,903.0259942,2465.887635,13104,2366.250763,2919.038996,286505,1053.074637,2069.231884,17515,2326.318127,2750.058807,9656,903.0259942,2465.887635,163,97,613.242049,0.158176,237.634811,0.421689,0.435429,0.598439,1203.065255,90.146953,812.613924,69.230059,544.01199,0,15.463898,243.199147,0,48.581269,764.032655,0,2.905657,87.241296,0
d43_11_G02_0_3_T,glasshouse_b2,5489,T0,R3,T,21808,1550,3899,53,2804,4021.962264,47010,1676,3715,46354,1676,3715,12522,1458.526992,4133.058617,19329,1391.865901,2676.425475,508499,1960.315397,3828.700186,14333,2871.365241,3232.154399,9066,1413.694573,4258.544452,418,288,1263.89192,0.227868,451.095872,0.398065,0.435429,1.248566,2428.866239,174.947514,1588.875783,275.92508,948.179936,39.786903,61.865045,414.171925,29.639901,194.354772,1301.264121,93.25689,11.726429,145.431236,17.789849
d45_30_G04_1_2_S,glasshouse_b1,Forrest,T1,R2,S,2089,1004,3781,57,1388.789474,596.5614035,11614,1022,3245,11745,1024,3237,2089,1004.786979,3781.117281,7538,950.2301672,3410.909658,356020,868.4932953,3628.353831,7383,867.0487607,2139.920764,1916,1025.185804,3145.940501,235,113,505.568297,0.223511,152.784421,0.336366,0.324549,0.781618,985.181657,51.368961,540.625636,212.170959,289.833158,3.564179,48.375768,121.368952,2.341765,151.976958,381.291807,7.356871,9.284639,40.867588,1.216734
d6_T023_28.10.23,field,3811,na,R8,S,57832,550,3788,75,1349.573333,3200.84,273628,1009,4854,330013,919,4546,56250,550.59888,3791.369973,145651,1013.436763,4296.285381,505549,368.5506529,3479.965695,253718,950.5139998,3737.651657,54738,553.1717819,3792.748803,1518,754,4700.012655,0.160425,847.227696,0.201755,0.18932,0.723392,9254.396778,165.613365,2978.095875,4368.637121,330.251316,1.124219,830.483092,116.601098,0.728847,2609.190419,366.615715,2.289741,131.980072,33.260915,0.372378
d21_16_G02_1_4_T,glasshouse_b1,5489,T1,R4,T,5385,2350,2020,54,533.0925926,2702.907407,18069,2037,2372,18069,2037,2372,5385,2333.834355,2023.793129,5615,2003.819947,2897.615494,387932,2038.540329,1597.573696,8347,2034.57302,2790.934467,6157,2320.943804,1959.336203,69,41,404.739151,0.1013,151.752165,0.408779,0.435429,0.725714,798.297511,55.165429,519.426833,40.168254,362.626056,1.944841,9.169114,154.943181,1.226401,28.805622,486.768358,3.852853,1.758806,52.79813,0.608492
d09_08_G01_1_4_T,glasshouse_b1,Gladius,T1,R4,T,12808,1899,1107,62,1614.935484,340.2580645,9191,1756,868,9186,1899,1388,12808,1875.78654,1110.023891,4477,1798.776636,768.6028591,486129,1575.734924,513.8044367,6630,1636.695023,429.8683258,17079,1827.981498,941.7433105,38,32,317.97473,0.100637,128.542205,0.437022,0.435429,0.870857,624.538504,49.534794,436.968896,12.89156,294.706707,10.376463,3.113857,128.284058,7.693605,9.782469,403.016253,24.170173,0.625194,44.411259,4.498342
d37_36_G05_0_4_S,glasshouse_b1,Hartog,T0,R4,S,9122,732,4528,73,735.1369863,2822.369863,32105,1071,2359,31957,1075,2542,8333,743.5814233,4488.100684,17141,683.2628201,3116.155125,487187,851.3947355,3855.007408,21170,696.6666037,2989.435805,8247,743.849036,4483.939857,454,300,1215.674127,0.246777,420.554788,0.384462,0.410526,0.846321,2338.00547,157.702859,1483.066109,294.566873,912.024626,9.082628,64.158294,401.545314,6.283978,201.559225,1261.765185,19.741699,11.871195,142.393899,3.437765
d41_11_G02_0_3_T,glasshouse_b1,5489,T0,R3,T,12197,1464,4117,51,1555.666667,2806.45098,28413,1915,2665,30300,1920,2731,8759,1416.021121,4248.15447,11922,1471.466029,2439.755913,352216,1460.162906,2177.253188,12347,1424.568964,4300.233012,8757,1416.06943,4247.861482,326,222,1118.994978,0.198392,393.468601,0.389511,0.410526,0.88287,2166.515707,145.995426,1374.641841,249.848652,845.482364,23.663962,57.407662,363.076125,17.010059,180.35149,1140.711281,53.57907,11.091977,125.171793,9.731656
d21_41_G06_0_1_S,glasshouse_b1,3811,T0,R1,S,6968,1440,3420,61,1366.327869,2303.983607,20338,1560,1965,22636,1358,2748,6968,1434.453358,3420.541332,9947,1449.458932,1856.372575,355373,1454.385088,1594.920264,10125,1346.792198,2722.177877,6968,1434.453358,3420.541332,149,97,667.486416,0.145321,247.019914,0.406699,0.435429,0.870857,1309.454577,91.045411,856.438767,81.464052,577.618667,8.403698,21.023762,245.483544,6.10562,66.048096,771.209298,19.181372,4.437131,83.119303,3.488977
d17_12_G02_0_4_T,glasshouse_b1,5489,T0,R4,T,10397,1889,2432,54,1567.888889,854.8703704,15028,1107,1716,15738,1104,1722,10397,1876.555641,2435.420314,7225,2084.816471,2740.934533,434107,1408.326274,2037.835262,8700,1356.05069,1166.98908,11600,1139.148793,1778.0275,95,59,540.042291,0.109251,210.738222,0.420053,0.435429,0.615789,1064.026033,77.675422,713.742257,47.245922,492.621166,0.175203,11.031196,216.02858,0.107888,34.655524,678.747793,0.33894,2.155213,75.46803,0.052179
d49_46_G06_1_2_S,glasshouse_b2,3811,T1,R2,S,13373,1410,4040,58,1364.086207,4491.965517,70883,1435,3918,78131,1527,3715,11931,1504.241975,4040.296371,34743,1161.589903,4439.638258,375286,1841.383086,875.5771492,32769,1169.152858,4484.214868,7443,1787.116754,711.794169,738,481,1838.083157,0.261686,598.776946,0.383287,0.410526,1.818635,3467.498743,264.114995,2224.776028,659.834827,1089.895364,88.352965,152.507374,470.120337,85.371497,479.116045,1477.105234,268.554748,29.588165,163.725724,70.801106
d4_T017_14.10.23,field,Gladius,na,R6,T,19724,1310,4897,68,1446.441176,5243.441176,176472,1247,4994,187773,1241,4907,12108,1323.96366,5109.286835,87854,1134.087213,4617.829342,393739,1211.513757,2491.714872,77504,1576.033211,3642.163746,12065,1323.983589,5109.393121,1010,300,3331.207313,0.090057,602.565103,0.199279,0.18932,0.598684,6618.587326,114.179184,2093.7678,3121.099472,210.107841,0,594.604584,71.842131,0,1868.021317,225.746482,0,94.493374,19.68581,0
d4_T019_14.10.23,field,Gladius,na,R7,T,166513,516,4970,67,699.1044776,3452.820896,343912,1019,5311,326714,1037,5431,109165,486.6492832,4929.751193,172629,899.2654073,4080.879424,741562,1336.589988,3603.486305,168679,1023.768809,3965.391139,101486,481.9085884,4998.35663,1566,927,6017.923396,0.15404,1143.558645,0.212425,0.18932,0.846667,11789.36988,234.148962,4021.747418,5447.150286,566.822313,3.950797,1081.395965,195.946493,2.7468,3397.321543,615.796549,8.629327,178.129678,54.506924,1.51236
d49_04_G01_0_4_T,glasshouse_b2,Gladius,T0,R4,T,25028,2073,3666,116,1139.293103,4985.137931,86313,1614,1548,93347,1638,1639,25020,2107.798881,3645.321503,44721,1653.929787,4387.207062,403061,1460.42305,366.1528677,41032,1583.846315,915.9153831,17225,2101.723135,3603.678433,997,719,2562.012285,0.280639,874.979159,0.397087,0.410526,1.818635,4816.86982,383.710666,3213.229279,828.599161,1524.899393,208.513731,190.147616,667.736992,164.694797,597.366353,2098.458963,517.403963,36.67103,237.802433,109.237204
d45_43_G06_0_3_S,glasshouse_b1,3811,T0,R3,S,25678,667,3883,48,1820.729167,4017.5625,70504,1681,4238,68342,1327,2660,25678,737.1615391,3862.939949,36927,1997.684486,4228.12977,475889,1976.291244,3118.417881,37379,2000.344552,4216.953102,24732,735.4022724,3864.440725,985,761,2575.405865,0.295487,953.509614,0.430118,0.435429,1.642104,4788.022468,439.098625,3505.233287,589.421011,1734.826528,251.158326,133.992991,786.576866,194.884391,420.951395,2471.236468,613.045424,25.657463,288.522964,124.918198
d31_19_G03_0_3_T,glasshouse_b2,CALINGIRI,T0,R3,T,10188,1461,3190,60,1631.833333,3570.766667,42005,1463,1749,42510,1461,1762,10188,1446.610326,3190.329505,20041,1158.374432,2147.777656,368903,1451.293863,1387.091287,14168,878.2801383,2491.210757,10188,1446.610326,3190.329505,216,152,1155.556124,0.131538,426.848389,0.407215,0.435429,0.781618,2265.909892,158.327847,1487.187807,158.143028,995.37078,2.042315,41.746968,430.260015,1.379598,131.151969,1351.701702,4.334136,8.956428,148.634271,0.737147
d07_32_G04_1_4_S,glasshouse_b2,Forrest,T1,R4,S,3016,1477,310,70,1520.628571,269.0142857,3397,1481,293,2787,1360,625,2130,1331.546009,685.5788732,1958,1519.138407,268.9167518,309246,1451.717707,282.4755114,1151,1365.280626,611.9339705,2102,1332.733111,683.4400571,21,9,82.903547,0.10856,29.108566,0.380895,0.410526,0.580571,164.415786,10.295641,99.823772,19.05888,63.844667,0,4.383084,27.39181,0,13.769863,86.053909,0,0.84353,9.452111,0
d49_16_G02_1_4_T,glasshouse_b2,5489,T1,R4,T,11976,1439,579,61,2324.098361,4281.262295,90339,1846,3790,117945,1927,3298,11473,2033.412447,3312.988669,43794,2333.71455,4134.923688,371408,1454.751939,320.6735154,44272,2334.310083,4122.187816,7894,1453.809222,596.5741069,1047,755,2313.482244,0.326348,757.660104,0.382633,0.410526,1.494337,4309.621814,313.953121,2797.786337,740.527051,1449.195397,123.759796,169.15199,623.454936,97.76393,531.406648,1958.939395,307.440294,32.587294,218.086827,63.279
d09_45_G06_1_1_S,glasshouse_b1,3811,T1,R1,S,3762,1545,1229,48,1645.958333,429.9375,4894,1552,1240,5586,1538,1150,3762,1541.053695,1229.153907,2340,1012.323077,714.2209402,319380,1460.951271,1447.64928,2386,1010.704946,716.0611903,3762,1541.053695,1229.153907,52,28,184.197878,0.15201,66.338248,0.389392,0.410526,0.580571,362.08543,23.343177,226.608664,28.440858,155.75702,0,6.503951,65.627827,0,20.432766,206.175898,0,1.244074,22.099103,0
d6_T005_28.10.23,field,3811,na,R2,S,28684,1840,4938,69,1850.086957,4248.971014,182693,1316,5347,160216,1589,5294,25456,1848.660002,4901.384035,81690,1787.849308,4895.135378,457127,1527.634393,4835.038685,80269,1783.988576,4963.848161,19167,1923.512913,4881.453175,960,325,2741.421989,0.118552,479.470367,0.193193,0.18932,0.677333,5456.367202,88.42081,1669.660486,2603.148882,138.02637,0.246737,484.036956,47.21728,0.154921,1520.678792,148.494996,0.486698,75.369542,12.974742,0.076526
d41_47_G06_1_3_S,glasshouse_b1,3811,T1,R3,S,4181,994,3356,62,1544.693548,2494.887097,22155,1661,2345,21636,1284,3375,3950,2028.428101,2105.051899,10973,1284.522464,3373.697895,363696,1452.060105,2141.488708,12043,1529.431288,764.2646351,3950,2028.428101,2105.051899,295,183,866.616704,0.211166,282.327283,0.365779,0.410526,0.917964,1677.74123,102.587146,1002.416829,312.477795,537.549593,16.589315,74.467198,232.901427,11.677252,233.945603,731.786056,36.68517,14.834524,81.224459,6.528162
d25_04_G01_0_4_T,glasshouse_b1,Gladius,T0,R4,T,18865,2074,3231,60,1595.083333,640.85,26664,2062,3694,26871,1751,2212,18865,2029.625073,3231.000318,15348,2046.628681,4029.351903,381000,1975.416591,3510.191696,20475,1605.336752,890.9830525,18422,2037.535121,3253.878243,202,132,971.788695,0.135832,365.292225,0.412588,0.435429,0.973648,1902.537393,137.749737,1258.755635,143.180648,817.265389,11.342658,33.297023,359.436077,7.941263,104.605684,1129.201738,24.948213,6.484348,126.85418,4.411209
d45_34_G05_0_2_S,glasshouse_b1,Hartog,T0,R2,S,13740,1063,4354,96,1603.09375,846.2604167,58990,1366,3508,82448,1552,3118,12490,1069.630825,4349.705845,31747,1631.001732,1299.454563,433205,1389.650627,3725.892263,62332,1670.902089,875.5153854,12446,1068.890487,4351.723204,942,741,2187.73919,0.338706,791.150491,0.427896,0.435429,1.603155,4007.420212,382.924006,2971.895906,606.542344,1325.545867,255.650979,137.526391,606.534804,201.775187,432.051901,1905.485286,634.35872,26.304667,225.338719,131.280621
d13_17_G03_0_1_T,glasshouse_b1,CALINGIRI,T0,R1,T,5552,1216,1062,62,1538.870968,451.1129032,16817,1587,1071,16566,1588,1066,5552,1229.822767,1072.714878,7669,1433.325727,958.1011866,436937,1437.662132,414.8391072,11378,1395.739409,1078.334242,7846,2134.240632,862.9871272,92,62,551.169737,0.112488,213.977189,0.420388,0.435429,0.598439,1087.445089,79.048262,731.177832,37.069931,514.099806,0,9.629015,223.112118,0,30.250442,700.927389,0,2.037033,77.01123,0
d41_21_G03_1_1_T,glasshouse_b1,CALINGIRI,T1,R1,T,35095,1848,3716,61,1686.131148,3648.918033,31562,1756,4324,32300,1754,4307,31066,1786.412895,3761.57851,12727,1805.415023,4756.914827,536345,1552.248267,3892.541789,17660,1773.968573,4642.358834,28602,1814.272883,3629.913712,350,278,1277.696,0.217579,431.467208,0.381551,0.410526,1.016,2466.145412,158.071398,1538.073941,307.534759,949.309956,20.851285,75.353358,399.504537,14.726246,236.729555,1255.080519,46.263867,15.342797,134.468757,8.259844
d43_30_G04_1_2_S,glasshouse_b2,Forrest,T1,R2,S,2560,1495,585,62,934.2903226,3406.741935,16275,1011,3000,15329,950,1746,2025,999.3101235,3148.382716,8746,1084.407615,3306.520466,345973,1317.343579,3204.56753,6539,906.2189937,3309.102309,2025,999.3101235,3148.382716,190,80,453.168034,0.176535,139.412493,0.33996,0.324549,0.725714,890.325554,46.702977,489.217686,185.76085,266.03562,1.371563,42.789213,112.039567,0.870494,134.426276,352.056673,2.734736,8.27898,37.989307,0.434689
d29_27_G04_0_3_S,glasshouse_b1,Forrest,T0,R3,S,11490,759,3200,61,1462.295082,723.6885246,23608,735,2761,23608,735,2761,11490,830.8697128,3157.075631,9831,704.0462822,2954.315736,433394,855.2233557,2255.284632,11876,788.2121927,2247.948973,7740,860.5232558,3487.421189,143,93,638.773703,0.145591,234.227313,0.403428,0.435429,0.725714,1253.72106,85.771279,812.224205,76.050888,561.453883,1.268932,18.022285,239.690318,0.826392,56.618677,753.009341,2.596187,3.541122,81.805621,0.424536
d4_T015_14.10.23,field,3811,na,R6,S,13057,415,871,61,670.3442623,5583.606557,188436,1030,5043,186976,1046,5066,13057,413.0346174,868.6758061,103898,788.156644,5806.045795,427081,242.324353,463.5485119,77033,522.7320629,5267.744837,12003,405.4935433,6558.019745,1143,478,3607.726584,0.132493,654.113387,0.201143,0.18932,0.83387,7141.450925,126.052655,2284.42997,3360.243432,246.887478,0.595675,641.577303,85.125262,0.404793,2015.574541,267.583735,1.271693,102.197614,23.636843,0.218198
d07_38_G05_1_2_S,glasshouse_b2,Hartog,T1,R2,S,3310,1411,476,72,1448.375,340.5833333,4736,1388,528,6069,1297,644,3310,1394.982175,469.6610272,1751,1444.856082,354.8463735,305765,1440.87595,286.3247527,2552,1425.373433,414.0336991,3227,1398.884103,463.3969631,22,12,96.069554,0.124909,34.454177,0.387723,0.410526,0.580571,189.395982,12.114198,118.093059,14.308656,81.760898,0,3.495609,34.09458,0,10.981778,107.111281,0,0.701779,11.41242,0
d31_15_G02_1_3_T,glasshouse_b2,5489,T1,R3,T,14993,993,2943,60,1574.183333,3602.933333,30179,1215,3346,31750,1205,3309,14993,1076.604215,2924.86387,14198,1530.554726,3747.469503,634865,1232.449485,2362.565797,11475,919.8115033,2952.63329,10909,1140.910808,3226.009992,198,126,767.115966,0.164252,274.1693,0.392308,0.435429,0.725714,1501.174793,99.914957,948.613573,148.680086,617.444783,0.991097,33.825984,267.442551,0.684544,106.267461,840.195554,2.150558,6.507896,93.034584,0.372478
d09_06_G01_1_2_T,glasshouse_b1,Gladius,T1,R2,T,7537,1582,1239,59,1670.830508,954.779661,9903,1623,893,10219,1607,1363,7537,1592.301579,1235.381452,4716,1714.686175,813.3131891,458680,1813.300608,963.1533357,5010,1725.763473,688.4728543,8123,1597.338299,1188.069679,36,18,323.139601,0.055703,127.847012,0.425626,0.435429,0.580571,643.28528,47.153112,433.923547,14.783575,308.356026,0,3.894064,134.228091,0,12.233563,421.689984,0,0.836417,46.316696,0
d27_35_G05_0_3_S,glasshouse_b2,Hartog,T0,R3,S,4075,1304,4138,63,1063.809524,2131.952381,19844,1168,3199,22026,1168,3198,4075,1344.465521,4131.401472,11035,897.0340734,2994.440507,409466,1009.859046,900.274306,8261,1512.267159,693.0070209,3864,968.2968427,2219.999482,201,97,607.274771,0.15973,204.929149,0.370342,0.410526,0.725714,1192.492834,73.328518,712.35409,175.057632,426.865713,5.351426,38.650714,184.773968,3.324667,121.424799,580.48454,10.444751,7.218703,64.486448,1.623367
d37_41_G06_0_1_S,glasshouse_b1,3811,T0,R1,S,6162,1179,3881,54,1279.407407,3571.407407,34004,1306,3630,48682,1364,3230,6162,1180.258033,3881.655307,24452,1247.110502,3786.992311,498388,1373.468787,3467.039523,29190,1285.187496,3717.342412,6162,1180.258033,3881.655307,382,248,1334.991719,0.185769,469.244618,0.391179,0.410526,0.917964,2593.612053,175.487216,1651.604646,326.348368,980.060005,28.583346,82.608109,422.206466,20.883959,259.521029,1326.474726,65.608891,17.211636,146.179322,12.096258
d17_20_G03_0_4_T,glasshouse_b1,CALINGIRI,T0,R4,T,21413,1815,2530,55,1579.6,996.1818182,17458,1717,1994,17171,1788,3005,21413,1841.435763,2525.203241,7859,1852.927217,2543.600713,743342,1477.393224,2134.668398,12139,1825.77321,2975.508856,18442,1846.453042,2361.694881,108,56,666.098281,0.084072,240.257584,0.398604,0.435429,0.725714,1321.065576,86.878824,833.988542,90.776479,568.92218,6.399622,22.405368,238.668918,4.392512,70.388541,749.80052,13.799482,4.578609,79.924956,2.37526
d17_10_G02_0_1_T,glasshouse_b1,5489,T0,R2,T,15304,2174,1713,54,1899.648148,1408.37037,15381,2026,1363,16054,2036,1379,8226,1953.806954,1817.751155,6875,2241.752582,2135.237818,479588,1684.710906,1598.067604,8761,2258.275768,2237.478028,8226,1953.806954,1817.751155,104,70,561.369986,0.124695,202.179977,0.39259,0.410526,0.88287,1102.304738,70.787978,691.755378,63.794862,495.955787,1.619338,15.257907,203.652421,1.282248,47.934128,639.792949,4.028301,3.041566,66.937838,0.808573
d49_40_G05_1_4_S,glasshouse_b2,Hartog,T1,R4,S,24427,2324,3736,60,2095.75,1216.216667,70075,1622,3809,98400,1681,3291,18506,2361.356479,3497.941046,44057,1563.976576,958.4198425,383049,1452.318774,333.4165342,44177,1572.944451,959.0836408,13275,2321.969266,3736.895367,952,680,2074.407584,0.327804,699.9907,0.396485,0.410526,1.741714,3870.490074,312.917053,2601.866492,677.402422,1255.981545,141.023617,154.214709,553.474299,120.443837,484.479795,1739.001225,378.385472,29.570969,197.228457,86.117627
d09_24_G03_1_4_T,glasshouse_b1,CALINGIRI,T1,R4,T,4300,2114,1109,62,1672.225806,356.2258065,10675,1396,1167,8686,1067,1139,4300,2113.500698,1109.329302,4606,1255.603561,1432.779418,355026,2040.709413,871.9154372,5736,1576.669282,367.7937587,4300,2113.500698,1109.329302,100,66,304.633305,0.216654,114.669948,0.410743,0.435429,0.929368,592.180495,43.630268,398.341825,41.390769,261.435545,1.806992,9.998683,115.386608,1.41085,31.411789,362.497719,4.432317,2.012715,40.735117,0.882436
d27_01_G01_0_1_T,glasshouse_b2,Gladius,T0,R1,T,11158,918,2649,60,2434.45,2370.6,33814,2185,3260,39201,2333,2953,9759,913.1165078,2544.280971,20732,2377.914094,2336.290806,398368,995.4733814,2262.857735,15843,2209.12485,2309.550401,9758,913.0983808,2544.210904,255,147,897.867888,0.163721,334.772207,0.408122,0.435429,0.781618,1756.462396,125.027068,1152.285306,139.343793,755.780968,2.743127,31.616199,333.296902,1.870703,99.325218,1047.0831,5.876988,6.043785,117.976132,1.00715
d41_33_G05_0_1_S,glasshouse_b1,Hartog,T0,R1,S,5528,1346,3674,55,1220.545455,1198.436364,34183,1993,2884,41951,1707,2695,5444,1988.420096,2709.808229,15307,1429.216698,2430.025805,347645,1439.774624,3209.785649,22062,1464.951772,690.3050494,5470,1334.315905,573.6124314,418,266,1085.493132,0.24505,389.223711,0.406563,0.435429,1.818635,2070.851673,166.806155,1396.415404,244.945107,795.12582,45.422206,53.083597,349.944259,41.411264,166.767037,1099.551046,130.097322,9.785444,124.035997,32.984713
d11_25_G04_0_1_S,glasshouse_b2,Forrest,T0,R1,S,3551,1533,1460,89,1342.404494,436.3258427,7676,1261,604,7827,1259,609,3551,1547.410025,1456.699803,3848,1334.017931,453.4475052,341452,1456.938665,1448.089969,2712,1368.124263,406.5427729,3551,1547.410025,1456.699803,40,16,166.277741,0.096225,60.592374,0.396607,0.410526,0.929368,328.853454,22.210051,208.218669,32.284123,131.976206,2.017412,7.839554,56.8999,1.538607,24.628684,178.756308,4.833677,1.578446,19.700539,0.931065
d49_02_G01_0_2_T,glasshouse_b2,Gladius,T0,R2,T,8700,1876,3602,72,2156.333333,3343.402778,64149,1773,3792,61901,1772,3811,8700,1817.967126,3599.017931,25870,1429.386007,4243.944376,397353,1077.275229,2650.027542,29162,1622.275393,4298.385262,8353,1825.550581,3577.082246,555,337,1657.005547,0.203379,593.836864,0.398847,0.435429,0.870857,3212.64117,227.598869,2086.699162,359.274371,1282.483364,15.247812,79.43007,574.330703,10.432647,249.536923,1804.38711,32.775128,14.825534,207.119368,5.653967
d31_22_G03_1_2_T,glasshouse_b2,CALINGIRI,T1,R2,T,11100,1177,2684,58,1884.155172,1959.758621,26839,1756,1836,27206,1768,1868,9889,1140.193548,2577.500556,12873,1749.239571,3338.228074,349862,2018.400244,1584.287293,10850,2201.116037,4051.660829,9890,1140.208291,2577.588979,145,103,777.348511,0.132502,282.54848,0.401862,0.435429,0.580571,1526.749577,101.404695,981.614777,81.330109,696.018402,0,21.190433,291.233946,0,66.571709,915.043067,0,4.501064,96.90363,0
d09_42_G06_0_2_S,glasshouse_b1,3811,T0,R2,S,2679,1139,991,63,1453.396825,288.4603175,6107,1138,900,6780,1150,855,2679,1137.169839,988.9051885,2824,1170.086756,864.6607649,365899,858.3971697,864.5682552,3536,1158.103224,904.6730769,2147,1336.128086,606.7102934,77,41,229.48135,0.178664,81.068962,0.383982,0.410526,0.598439,450.044075,28.67749,279.975773,41.834376,187.646974,0,10.245439,78.873618,0,32.186995,247.788778,0,2.081065,26.596425,0
d37_43_G06_0_3_S,glasshouse_b1,3811,T0,R3,S,24938,664,3883,58,871.3793103,3091.017241,45324,1786,4191,48315,1788,3494,24938,738.5583848,3863.498516,22704,690.282241,4190.239605,635508,863.5037057,3118.754979,25675,691.0006621,4086.078793,24647,737.0764799,3863.649531,510,398,1630.765053,0.244057,597.971154,0.420776,0.435429,1.642104,3075.536284,258.029356,2164.250867,317.801449,1240.725921,72.237684,74.315029,551.245835,63.171276,233.467548,1731.968501,198.814818,14.537118,196.916882,46.575357
d45_05_G01_1_1_T,glasshouse_b1,Gladius,T1,R1,T,11632,1406,4083,47,1153.042553,3526.170213,44837,1644,2463,44468,1360,3987,8465,1427.575074,4234.00886,23762,1128.49777,4149.196154,395160,1085.307124,2631.900208,49289,1150.792144,3230.816308,6738,1407.501039,4098.081033,735,430,1864.420695,0.230635,622.113305,0.372663,0.410526,1.04664,3607.264628,231.386389,2200.458384,638.569111,1181.571661,44.279923,152.7105,515.201043,32.471427,479.754184,1618.551812,102.152389,30.508025,181.778081,19.100283
d5_T012_21.10.23,field,Gladius,na,R5,T,82748,998,5738,72,979.9027778,5960.777778,209785,1111,5627,213605,1147,5602,40088,985.2994163,5934.176237,106616,1124.511415,6228.378151,958991,624.6013466,5904.736086,116570,1086.366055,6168.362083,37358,1001.616414,5935.684244,1079,455,3471.734713,0.131058,621.341051,0.19906,0.18932,0.644802,6873.09156,118.834236,2172.068441,3247.85152,223.354649,0.528544,613.498814,77.564898,0.327146,1927.363369,243.677314,1.027758,97.034214,21.640919,0.159104
d19_48_G06_1_4_S,glasshouse_b2,3811,T1,R4,S,8410,565,2013,46,1372.152174,1066.195652,19481,1166,2430,20848,1165,2388,8410,632.0565993,2018.505232,7793,1556.275504,943.3382523,402232,1422.207594,1012.05862,5665,1480.281553,791.4026478,8410,632.0565993,2018.505232,108,60,493.104416,0.121678,176.894972,0.392046,0.435429,0.580571,974.699516,62.718257,609.842082,68.265115,424.8393,0,15.348086,178.770678,0,48.217434,561.624648,0,2.892305,59.825952,0
d31_02_G01_0_2_T,glasshouse_b2,Gladius,T0,R2,T,12750,1727,3866,61,1645.295082,4254.032787,40919,1711,3661,40061,1711,3661,12750,1734.119059,3870.520078,18015,1750.969969,3022.339328,417349,1639.680965,3268.593971,19375,1892.683665,3678.104671,9028,1796.619185,3596.641892,219,145,1004.240056,0.144388,394.532456,0.430304,0.435429,0.917964,1962.397836,154.256228,1362.156812,97.019025,896.942042,10.278989,21.778615,404.521898,7.287467,68.419537,1270.843022,22.894253,4.107411,146.049657,4.09916
d31_04_G01_0_4_T,glasshouse_b2,Gladius,T0,R4,T,20382,2056,3475,65,1573.369231,989.1846154,42458,1623,1395,44978,2036,3556,20382,2032.633451,3463.707144,24339,1614.882082,953.2806607,376985,1862.883168,892.6189371,26899,1630.516413,1008.216216,17622,2077.227102,3649.285325,277,183,1181.717967,0.154859,426.990588,0.40117,0.435429,1.016,2305.374214,158.952874,1487.532485,208.689301,963.245226,9.78344,48.932501,417.381103,7.105954,153.725985,1311.482487,22.324014,9.6261,145.213733,4.113042
d5_T006_21.10.23,field,3811,na,R3,S,56942,584,5887,59,1082.186441,6365.440678,233763,1049,5385,281153,1205,2589,40461,1410.500754,5987.956526,130650,996.5926215,5996.8969,678728,1011.7169,5638.867713,157283,945.2529199,5834.967403,39080,1420.247467,5976.712231,1390,566,4703.180347,0.120344,827.077199,0.194403,0.18932,0.61054,9308.08623,153.416748,2885.482036,4455.134613,247.883664,0.16207,833.747808,84.60257,0.09895,2619.295989,265.875185,0.310861,130.271646,23.097653,0.047448
d19_37_G05_1_1_S,glasshouse_b2,Hartog,T1,R1,S,5006,2358,2537,67,1012.208955,1983.641791,11545,1079,1895,11545,1079,1895,5006,2372.955653,2536.554734,5901,996.7691917,2074.386884,215079,2583.506553,2615.559985,4795,976.1566215,2156.879041,4993,2372.925696,2535.447026,85,43,287.585125,0.149521,101.524484,0.386206,0.435429,0.598439,564.146168,36.375634,350.851349,60.822821,226.762304,0,13.470359,98.209094,0,42.318382,308.532967,0,2.529054,33.846581,0
d6_T011_28.10.23,field,Gladius,na,R4,T,101466,1348,5812,76,1415.855263,5683.657895,280033,1107,5674,265954,1080,5698,84045,1309.421976,5867.373633,115226,1164.401897,4807.259811,575118,1426.733189,5127.303686,210367,1194.918462,5936.681404,81123,1311.118388,5870.678316,1326,639,4607.918505,0.138674,816.525249,0.198633,0.18932,0.757282,9071.916941,156.925666,2875.419413,4301.025308,305.39825,1.494947,808.722636,105.518619,0.994974,2540.677091,331.616518,3.125804,127.082642,29.320945,0.522079
d41_34_G05_0_2_S,glasshouse_b1,Hartog,T0,R2,S,7883,1115,3766,72,1713.583333,776.2222222,50219,1415,3238,61074,1479,3061,7883,1104.478498,3760.313713,25130,1591.416554,1246.686868,406869,1937.213285,982.070755,43361,1693.204562,765.6823182,11062,1814.492045,644.5116615,865,996,1812.447834,0.549533,631.772272,0.408835,0.435429,1.56996,3312.277369,302.550535,2392.20763,487.86801,1156.40778,168.172044,100.397874,524.642214,135.348084,317.234341,1649.159642,425.813647,17.991153,193.197241,91.362141
d41_43_G06_0_3_S,glasshouse_b1,3811,T0,R3,S,25424,662,3889,49,1957.530612,3758.632653,53449,1341,2599,53878,1276,3929,24908,728.1077967,3858.098482,25048,680.4954887,4233.660891,598661,523.5425558,3409.667692,27045,697.861712,4169.510704,24784,727.9758715,3857.200371,673,501,2024.362322,0.247485,746.215756,0.421805,0.435429,1.451429,3826.20536,322.004058,2695.883512,427.995759,1484.861542,111.505021,98.004755,671.799221,88.163954,307.891019,2110.59349,277.399003,18.884785,245.458822,57.660451
d15_44_G06_0_4_S,glasshouse_b2,3811,T0,R4,S,9615,1081,1651,61,2175.409836,2048.622951,23496,1287,1590,24607,1287,1590,9615,1104.531981,1666.058554,12818,1723.78343,613.6110158,664928,1283.939547,1134.35194,11949,1705.702653,581.7894384,9561,1103.487292,1668.522958,161,115,669.955122,0.171653,244.686805,0.4014,0.410526,0.973648,1300.261557,91.631648,849.674832,93.072611,561.101797,15.780715,20.374263,238.836988,11.248648,64.007636,750.328525,35.33867,3.786465,81.451911,6.393272
d13_41_G06_0_1_S,glasshouse_b1,3811,T0,R1,S,5691,1517,1821,56,1506.5,1270.357143,11705,1409,1809,12471,1421,1753,5691,1514.499385,1820.622738,6296,1406.695203,1702.780654,511150,1791.962796,1618.398728,4036,1636.047324,292.7601586,5691,1514.499385,1820.622738,65,39,374.084529,0.104255,146.812083,0.424103,0.435429,0.598439,739.015995,54.955694,501.217108,26.01115,348.073379,0,6.629163,152.913198,0,20.82613,480.390978,0,1.384402,53.571292,0
d05_22_G03_1_2_T,glasshouse_b1,CALINGIRI,T1,R2,T,846,1789,812,93,1600.903226,401.6236559,2383,1540,554,1929,1563,505,846,1789.463357,811.8356974,1071,1572.538749,499.952381,322591,1459.559293,287.8453863,1243,1606.536605,373.3604183,846,1789.463357,811.8356974,32,16,65.220503,0.245322,22.672766,0.371843,0.410526,0.52332,128.473399,7.719912,77.674409,15.887619,49.332884,0,4.156026,20.568507,0,13.05654,64.617869,0,0.884838,6.835075,0
d09_36_G05_0_4_S,glasshouse_b1,Hartog,T0,R4,S,4027,1198,1541,64,2290.21875,1058.984375,12171,1317,1153,14166,1340,1093,4027,1206.00894,1544.262478,5230,1353.358126,642.110325,352173,886.1396189,1476.932593,6788,1437.439452,308.1984384,3803,1199.980542,1561.648961,106,82,350.496767,0.233954,127.936545,0.398116,0.410526,0.781618,676.406256,46.70715,443.080889,46.287021,301.34638,2.863367,11.540095,127.5654,1.931532,36.254278,400.758525,6.068086,2.3651,43.312865,1.029184
d25_11_G02_0_3_T,glasshouse_b1,5489,T0,R3,T,7245,1600,3235,61,1538.901639,664.5081967,20702,2514,2244,20382,1470,2330,7245,1596.136922,3234.583989,9255,1530.520583,2993.210373,378587,1452.934369,2208.475257,8875,1607.64507,703.4357183,6826,2638.196015,2476.627454,182,118,741.649437,0.159105,283.017209,0.416363,0.435429,1.133602,1445.434411,107.950494,974.000721,82.46171,640.396366,18.791361,18.736502,277.59029,13.707267,58.862457,872.075617,43.062648,3.578368,96.36441,8.007717
d2_T015_02.10.23,field,3811,na,R6,S,29716,1943,610,58,1955.293103,624.2931034,184947,1162,4952,190417,1183,4833,29714,2017.144713,597.6659487,102177,1422.534024,3335.725026,450586,2007.04863,437.0111965,74516,1832.938993,713.9551237,27057,2026.252024,587.5751562,1206,454,3628.666792,0.125115,649.219132,0.198704,0.18932,0.911888,7190.543567,124.091652,2269.826012,3403.067355,224.460692,1.138745,643.431965,78.213896,0.790874,2021.417058,245.924349,2.484605,101.614309,22.038765,0.438578
d15_36_G05_0_4_S,glasshouse_b2,Hartog,T0,R4,S,4828,1165,1759,58,2430.137931,1434.810345,19215,1409,1177,24206,1213,1652,4828,1179.597142,1763.844242,9323,1116.583181,1592.214738,371302,873.3351342,1506.078262,6616,1264.227025,922.6139661,4828,1179.597142,1763.844242,150,72,474.913523,0.151607,168.794922,0.386091,0.435429,0.725714,936.894226,61.096198,580.76484,108.944757,364.857428,1.111338,24.03727,160.092635,0.733285,75.51531,502.945847,2.303684,4.495552,56.219016,0.38163
d27_13_G02_1_1_T,glasshouse_b2,5489,T1,R1,T,10240,1743,1738,66,1548.818182,1891.363636,19594,1780,2422,19674,1805,2360,10240,1732.048145,1739.936035,10212,1587.87593,2699.172836,427221,1512.2987,1096.16932,7404,1740.932334,951.0756348,10240,1732.048145,1739.936035,115,79,549.800614,0.143688,195.696778,0.391803,0.410526,0.725714,1077.752803,69.076559,675.44498,77.636778,468.003613,4.160223,19.776992,192.50801,2.692259,62.131254,604.855744,8.457982,4.128094,63.573293,1.375171
d11_11_G02_0_3_T,glasshouse_b2,5489,T0,R3,T,6742,2254,1276,63,1487.968254,2198.285714,12832,1506,833,16222,1503,1449,6742,2238.37437,1285.131563,7173,1460.644082,2108.692318,376941,2067.313946,952.5879806,6200,1377.916613,2022.059677,6570,2246.868645,1297.229528,87,59,344.087778,0.171468,132.023436,0.417823,0.435429,0.725714,669.628949,49.430026,453.507552,33.795671,309.754047,0.53806,8.054089,135.930629,0.318553,25.302668,427.038666,1.166218,1.599748,47.628008,0.202271
d49_15_G02_1_3_T,glasshouse_b2,5489,T1,R3,T,11354,970,2688,122,1412.377049,4429.204918,83581,1370,4088,73526,1375,4196,11354,1007.259556,2688.286771,59196,1401.291979,4388.543787,394581,1442.707718,4000.066007,62901,1377.781927,4351.993212,9573,1200.817821,4288.414499,909,633,2249.384493,0.28141,761.278267,0.385038,0.410526,1.161143,4268.258299,297.986195,2733.644292,652.714952,1509.569301,87.100239,150.946405,653.944804,65.063967,474.212118,2055.027692,204.404481,29.243578,229.790928,38.951688
d37_48_G06_1_4_S,glasshouse_b1,3811,T1,R4,S,19230,1455,3236,60,1778.1,4545.05,26364,1283,2946,22531,1658,4030,19230,1472.321529,3242.745346,10761,1450.316327,2688.307778,528971,1426.010488,2576.671182,9529,1428.952041,3201.656312,15942,1424.57314,3084.61178,254,188,901.674013,0.208501,308.260081,0.381487,0.410526,0.917964,1748.333056,111.579329,1086.327035,188.405099,705.352586,7.916328,43.539756,296.774291,5.474588,136.784177,932.343932,17.198927,8.484636,100.088825,3.005868
d05_18_G03_0_2_T,glasshouse_b1,CALINGIRI,T0,R2,T,3163,1310,828,71,1496.71831,266.4507042,4372,1433,397,3976,1434,378,3163,1311.548214,827.7594056,2354,1376.849618,374.1418862,528216,1090.365593,268.2523002,2078,1494.445621,272.172281,3163,1311.548214,827.7594056,43,31,136.453753,0.227183,50.575277,0.411683,0.435429,0.917964,262.023044,20.019059,178.216862,21.564548,107.95366,6.935546,5.011591,46.687927,5.028671,15.744378,146.674449,15.798035,0.971796,16.157386,2.889876
d43_17_G03_0_1_T,glasshouse_b2,CALINGIRI,T0,R1,T,17598,1358,3865,55,1052.181818,1821.127273,90217,1604,1396,89228,1596,1413,17598,1358.188374,3864.545403,51454,1849.145625,999.0920822,330680,1524.199894,961.1971574,47627,1883.902072,969.6372226,9888,1717.153519,693.493123,774,604,2139.016849,0.282373,755.495527,0.400721,0.410526,1.161143,4044.793954,303.671011,2715.766158,607.220971,1448.765681,83.030197,152.170856,653.764819,57.926233,478.105641,2054.794001,182.866516,31.487593,239.606238,32.577181
d09_48_G06_1_4_S,glasshouse_b1,3811,T1,R4,S,3889,1364,1130,51,1583.176471,275.0784314,5830,1383,1076,8338,1502,696,3889,1360.540756,1130.065312,2978,1427.891874,530.4516454,351579,1457.143097,777.1903754,5885,1670.847239,309.4509771,3889,1360.540756,1130.065312,79,55,214.213426,0.256753,79.320447,0.406504,0.410526,0.725714,413.714079,30.2703,276.989123,33.306165,179.765864,1.141398,7.937967,79.499035,0.731374,24.937859,249.753585,2.297679,1.563207,28.337676,0.369417
d05_10_G02_0_1_T,glasshouse_b1,5489,T0,R2,T,2402,1781,451,59,1850.694915,328.2881356,5654,1774,382,6361,1778,444,2402,1781.380516,451.407577,3515,1829.221906,439.7357041,391994,1632.678345,268.8288545,4819,1799.043162,271.5932766,3225,1777.063876,388.2905426,59,37,182.708577,0.202508,64.089404,0.388124,0.410526,0.615789,355.989644,23.108681,222.51117,38.983094,143.652912,0.072571,9.150293,61.632523,0.044689,28.746494,193.624281,0.140394,1.787377,21.299691,0.021613
d41_20_G03_0_4_T,glasshouse_b1,CALINGIRI,T0,R4,T,17370,1816,2394,53,2227.792453,1551.566038,55615,1777,2251,56588,1781,2267,17370,1882.589062,2393.213356,29195,1294.709642,4339.294091,606562,1556.68943,3561.625033,44832,1532.950526,1104.968148,18134,1883.118838,2350.259733,465,361,1971.627922,0.183097,733.349422,0.413682,0.435429,1.026315,3817.171626,287.928536,2577.389102,343.025879,1576.031734,52.570308,85.759523,697.255783,37.215268,269.421488,2190.840517,117.127098,17.683843,249.187705,21.056989
d6_T015_28.10.23,field,3811,na,R6,S,17223,397,6404,57,663.3508772,2373.561404,199842,951,5065,204159,930,5010,14902,439.2576164,6461.555697,115021,819.7495414,5756.450153,514316,310.2028694,460.051585,84735,577.4620405,5245.650971,11709,447.6568452,269.1480058,1189,437,3690.948985,0.118398,665.285408,0.199498,0.18932,0.677333,7324.555549,126.429278,2316.978407,3454.300459,236.257254,0.391272,656.3247,80.885473,0.256271,2061.920781,254.252525,0.8051,104.049925,22.247295,0.132058
d21_26_G04_0_2_S,glasshouse_b1,Forrest,T0,R2,S,7106,1404,3080,68,1227,2719.720588,11369,1407,2242,10894,1414,2304,5588,1434.860236,3209.1233,5279,950.4228073,2527.527373,354853,1338.163149,2642.345785,3426,1376.870695,2105.969936,5183,951.1302335,2535.262589,85,51,378.560673,0.134721,146.290688,0.417591,0.435429,0.598439,744.716271,54.207493,499.98118,33.599838,344.960835,0,8.086181,151.062772,0,25.403486,474.577694,0,1.620066,52.587427,0
d45_21_G03_1_1_T,glasshouse_b1,CALINGIRI,T1,R1,T,35544,1864,3723,61,1767.672131,4532.344262,36284,1785,4254,36728,1788,4247,31116,1801.954236,3729.496561,14243,1686.661378,3473.619532,548314,1560.817338,3888.213991,27604,1634.293327,2631.354188,28530,1798.466947,3853.369891,475,407,1463.464966,0.278107,487.182699,0.378111,0.410526,0.973648,2783.720842,181.299494,1752.630042,409.796018,1017.053673,36.615275,101.43495,431.161119,25.223816,318.667294,1354.532603,79.430145,20.774127,146.666912,13.858456
d05_35_G05_0_3_S,glasshouse_b1,Hartog,T0,R3,S,2164,1865,615,59,1496,678.9322034,3385,1513,518,3385,1513,518,2164,1865.376617,614.6742144,1703,1495.964768,390.7116853,275706,1464.248355,266.0145409,1398,1609.459943,205.2281831,1989,1511.564605,567.5741579,34,14,115.038621,0.121698,38.962397,0.369505,0.410526,0.580571,227.188973,13.01611,133.43875,25.409582,89.629039,0,6.113035,36.361838,0,19.204666,114.234084,0,1.218624,11.797487,0
d09_31_G04_1_3_S,glasshouse_b1,Forrest,T1,R3,S,1368,1401,1178,54,1627.518519,263,4095,1630,470,4095,1630,470,1368,1401.763889,1179.391082,1447,1594.309606,275.1188666,279859,1461.513037,268.8832198,2264,1500.293728,213.6333922,1368,1401.763889,1179.391082,54,32,116.200801,0.275385,38.356737,0.360372,0.410526,0.580571,225.075275,13.019344,133.371764,27.822048,88.378753,0,6.569707,35.883845,0,20.639342,112.732423,0,1.29118,11.728164,0
d17_48_G06_1_4_S,glasshouse_b1,3811,T1,R4,S,9457,1225,2158,66,1510.984848,743.969697,12253,1222,1815,12689,1222,1815,9457,1225.311621,2157.899122,7361,1370.406195,2595.406331,366466,863.3310348,1490.016545,5392,1509.299703,750.6287092,6837,649.3666813,1921.696504,105,63,438.985723,0.143513,159.810082,0.39614,0.435429,0.580571,864.327499,57.208634,549.318588,60.449282,378.536441,0,13.674544,161.178994,0,42.959846,506.358743,0,2.589143,54.619491,0
d45_23_G03_1_3_T,glasshouse_b1,CALINGIRI,T1,R3,T,14721,1595,3186,58,1719.948276,4439.396552,34059,1578,2714,34262,1578,2714,14721,1553.714625,3188.878405,14672,1852.2241,4522.010701,637331,1997.545963,3527.330389,20202,1315.381051,2879.102267,11318,2065.959357,4141.840696,336,228,1245.370314,0.183078,449.294691,0.399265,0.435429,0.870857,2423.924806,168.202163,1567.489562,275.815217,958.631144,10.923953,68.052806,423.29062,7.603998,213.794195,1329.806703,23.888664,13.935832,150.089431,4.1769
d33_30_G04_1_2_S,glasshouse_b1,Forrest,T1,R2,S,2439,695,2262,85,753.9647059,2290.729412,7916,769,2428,7916,769,2428,2439,699.7913079,2262.419434,4141,728.9942043,2393.191983,376565,871.2527319,2479.815756,5557,742.7907144,2328.586647,2221,690.4678073,2280.058082,88,32,297.704687,0.107489,94.688422,0.347282,0.324549,0.598439,590.783663,30.851293,327.539001,99.227846,198.476841,0,23.602595,80.656307,0,74.149738,253.389263,0,4.682481,26.168812,0
d27_31_G04_1_3_S,glasshouse_b2,Forrest,T1,R3,S,3286,677,3092,70,616.8285714,1989.971429,12637,774,2502,17273,997,2050,3286,676.7693244,3092.262325,5534,711.865197,2178.928623,360005,1321.919121,2055.497946,3352,854.577864,2249.560263,3286,676.7693244,3092.262325,122,66,344.766494,0.191434,113.400695,0.360282,0.410526,0.580571,675.839236,38.373619,394.58913,84.446041,260.320453,0,19.622715,105.978906,0,61.646576,332.942554,0,3.800468,34.573151,0
d25_29_G04_1_1_S,glasshouse_b1,Forrest,T1,R1,S,2756,228,1786,56,1224.178571,2512.589286,8396,1221,2519,9897,1325,2422,2756,235.2812046,1789.067489,3119,2505.975954,2490.268676,314825,2579.324075,2625.261533,3889,301.1064541,1673.929545,3045,248.7720854,1762.543842,79,35,278.494255,0.125676,88.847749,0.350802,0.410526,0.580571,549.767836,29.518209,308.689412,86.410627,192.083628,0,19.510282,78.748609,0,61.293359,247.396053,0,3.700125,25.818084,0
d11_15_G02_1_3_T,glasshouse_b2,5489,T1,R3,T,4191,1255,1396,83,755.4216867,1088.566265,8907,1265,1380,8907,1265,1380,4191,1252.468146,1395.334765,3595,785.3351878,1047.073992,303664,1456.452839,1466.306724,2485,1568.082093,351.7762575,4191,1252.468146,1395.334765,45,23,163.303197,0.140842,59.997247,0.39894,0.410526,0.725714,320.296068,22.013277,206.456361,29.128334,133.884578,0.290286,7.044322,58.473235,0.199544,22.13039,183.699085,0.626887,1.4117,20.49351,0.108066
d21_36_G05_0_4_S,glasshouse_b1,Hartog,T0,R4,S,4772,782,2783,71,791.6056338,3173.211268,22554,836,2542,23483,1085,2532,4772,795.7652976,2786.256077,7141,894.7472343,2841.046352,384045,868.8139489,2236.224786,8547,917.1831052,2757.497016,4754,795.5475389,2787.612958,192,110,571.914269,0.192337,208.884375,0.397803,0.435429,0.725714,1119.009843,77.264325,720.700244,105.805692,465.099871,1.008706,23.60884,205.124669,0.672503,74.169359,644.418153,2.112732,4.454471,72.456389,0.353466
d7_T002_04.11.23,field,Gladius,na,R2,T,227381,976,5476,69,763.2318841,5216.57971,372993,1081,5449,391575,1276,5243,196173,905.0386241,5517.923919,180097,1005.51872,5181.353582,1507888,840.6535585,5275.033385,301576,952.7853642,5664.956432,134989,1092.871293,5365.309655,1610,1247,6177.015229,0.201877,1164.725269,0.213711,0.18932,0.900019,12013.52851,244.44991,4135.849673,5512.969273,658.547608,5.498349,1079.000491,233.693955,3.693907,3389.907412,734.337511,11.60475,175.448117,67.036305,1.965488
d6_T020_28.10.23,field,Gladius,na,R8,T,288334,1139,4488,78,755.8846154,2884.641026,306276,1119,5261,302023,1208,5308,211823,1185.368652,4969.460011,158891,986.7374112,5902.78185,1537919,1400.996707,5286.787855,205240,847.5015786,2735.106704,197351,1171.795993,4936.868285,1249,1021,5378.568399,0.189827,1079.205727,0.226667,0.239473,0.990998,10449.62076,243.375213,3824.004148,4622.354553,736.920028,19.293817,937.938994,265.420546,13.779514,2946.622253,833.999422,43.382473,157.782268,77.71163,7.881315
d07_08_G01_1_4_T,glasshouse_b2,Gladius,T1,R4,T,12414,1718,793,69,1877.565217,1108.710145,9037,1831,986,9376,1816,968,12414,1772.451104,774.8032866,4410,1557.921088,364.7909297,478901,1821.62443,389.0727979,5061,1874.023513,1095.357242,12414,1772.451104,774.8032866,34,26,240.327422,0.108186,92.118315,0.416738,0.435429,0.781618,471.476878,34.204556,314.984517,20.648158,212.311311,7.367953,5.347596,89.774393,5.140697,16.799967,282.034574,16.149976,1.122386,30.255429,2.826742
d27_12_G02_0_4_T,glasshouse_b2,5489,T0,R4,T,15105,1049,2093,64,2041.3125,3440.8125,31561,2043,2948,32182,2043,2922,15105,1167.136776,2099.199934,18266,1493.966112,902.8713457,431803,1059.7792,929.4699759,18026,1490.554033,895.9630534,13550,1954.315941,2797.200295,176,132,862.266172,0.153085,326.835423,0.417038,0.435429,0.870857,1682.188565,123.158366,1132.684559,82.308388,775.002297,4.955487,20.2925,336.823662,3.428531,63.750769,1058.162742,10.771047,4.143816,117.134769,1.879781
d29_38_G05_1_2_S,glasshouse_b1,Hartog,T1,R2,S,2953,1058,2510,56,715.9464286,2073.160714,16102,584,2476,16097,584,2476,2953,1056.059939,2510.091771,9079,857.4359511,2262.739949,386165,878.0798519,2213.020328,6435,807.8923077,2279.973427,2953,1056.059939,2510.091771,152,74,552.173652,0.134016,192.310346,0.381969,0.435429,0.781618,1087.231496,68.048908,664.937757,126.721736,424.660924,0.790992,30.428275,180.670535,0.557452,95.593244,567.593227,1.751286,6.114265,61.62473,0.309913
d11_07_G01_1_3_T,glasshouse_b2,Gladius,T1,R3,T,10991,1465,1347,60,1342.55,1899.316667,15314,1395,1752,21016,1432,1550,9893,1446.503487,1400.642778,7589,1699.388457,1058.335617,363812,1452.515192,1007.330992,8773,1363.972529,1897.74148,9893,1446.503487,1400.642778,59,35,404.1526,0.086601,157.429573,0.424781,0.435429,0.846321,797.626,58.946962,540.863122,19.84383,382.616861,1.691909,5.024862,165.900012,1.199227,15.786069,521.30957,3.767483,1.042702,57.2325,0.67176
d7_T006_04.11.23,field,3811,na,R3,S,66096,1105,5885,58,1725.327586,5874.568966,272330,1266,1828,363764,1204,2482,59872,1170.484367,5918.879376,118055,1455.580297,6129.743992,1713689,1532.189479,5880.072614,163496,1466.484746,5873.375771,32463,1835.164125,6098.729292,1463,719,5468.170915,0.131488,965.637854,0.195556,0.18932,0.567961,10800.55122,179.185844,3367.951823,5185.098621,283.072294,0,975.595772,96.428531,0,3064.956358,302.995465,0,152.942622,26.243222,0
d41_31_G04_1_3_S,glasshouse_b1,Forrest,T1,R3,S,4254,665,3181,64,1526.046875,564.3125,15335,776,2471,15335,776,2471,4254,644.7733898,3175.374706,8745,683.6659806,2017.766953,365558,2026.300623,3664.437063,6694,1592.410965,601.7040633,4254,644.7733898,3175.374706,180,92,575.27474,0.159924,190.598697,0.365013,0.410526,1.026315,1127.705686,67.074272,664.701998,176.347927,388.674863,10.25195,41.910207,162.342651,7.32836,131.664798,510.014479,23.022722,8.314529,54.568689,4.191053
d27_47_G06_1_3_S,glasshouse_b2,3811,T1,R3,S,6596,1448,2139,68,1578.882353,2327.514706,18661,1414,2443,17846,1457,2050,6505,1449.039816,2133.201691,8965,1384.549582,2471.488344,379409,1454.515765,1562.268539,9528,1447.537049,1806.786314,6504,1449.044588,2133.137915,127,71,486.178667,0.146037,163.565176,0.373779,0.410526,0.740086,955.129829,56.653087,574.52939,105.457789,379.627148,1.093729,26.641403,155.489311,0.747671,83.696437,488.484077,2.348876,5.542463,50.70729,0.403335
d13_42_G06_0_2_S,glasshouse_b1,3811,T0,R2,S,4611,1904,2348,71,1905.43662,2350.943662,16730,1065,1269,17264,1066,1270,4611,1904.528085,2347.709174,7776,876.586677,1643.502572,375672,861.1020757,1297.371641,8291,1433.953443,468.8024364,4611,1904.528085,2347.709174,104,62,434.433253,0.142715,162.727785,0.406114,0.435429,0.649099,855.090753,59.864612,558.79111,55.03081,378.936955,0.465489,13.3697,164.201721,0.297313,42.002152,515.854921,0.934037,2.699317,57.016063,0.149232
d37_35_G05_0_3_S,glasshouse_b1,Hartog,T0,R3,S,8557,1463,4314,67,820.9104478,1096.597015,25912,1260,3949,30438,1158,3845,8557,1441.27907,4335.127498,12944,1286.035151,3622.296508,348046,1457.711294,4134.163691,13531,1285.414751,3613.353115,3848,971.0576923,2229.052755,398,244,949.935291,0.25686,316.070467,0.374496,0.410526,0.973648,1826.929064,119.136918,1127.936618,281.038528,660.514946,8.381817,61.438968,291.740557,5.7534,193.016211,916.623586,18.296821,11.385104,104.524443,3.227372
d5_T005_21.10.23,field,3811,na,R2,S,26571,1911,4912,65,1390.230769,2176.753846,179839,1339,5368,134998,1787,5070,18773,1959.454003,4896.728333,79751,1797.657572,4931.389462,529389,1963.931049,4426.602882,76863,1802.516607,4963.769213,13471,2019.52446,4845.526761,951,292,2721.848769,0.10728,473.671096,0.191908,0.18932,0.567961,5420.025337,86.44279,1646.861991,2595.971122,125.877647,0,481.141983,43.07047,0,1511.552118,135.309873,0,74.650066,11.792723,0
d1_T001_27.09.23,field,Gladius,na,R1,T,129148,1196,5751,74,1703.364865,5877.824324,352590,1275,5577,349152,1321,5578,119081,1208.344362,5731.565598,134876,1422.042016,4863.276083,498646,1562.275073,5337.998562,341322,1306.694154,5607.170162,114727,1190.518291,5740.158254,1215,621,4248.450854,0.146171,831.193678,0.218059,0.18932,0.900019,8348.883425,178.179962,2914.78541,3702.82693,541.708197,3.915726,731.183399,193.914373,2.641345,2297.14409,609.343288,8.298032,120.49811,56.266973,1.414879
d37_44_G06_0_4_S,glasshouse_b1,3811,T0,R4,S,8563,693,2973,62,2160.983871,3187.725806,40124,1013,2272,45062,1056,2448,8268,1247.19642,4051.850266,16687,907.2388686,4261.714029,362592,2009.727377,2147.348673,18023,812.4742274,2220.067858,7915,1247.285913,4047.354517,403,273,1431.933319,0.190651,483.090541,0.377189,0.410526,1.026315,2772.755074,176.801556,1703.432426,413.355191,999.330709,19.247419,97.288934,430.894161,14.036286,305.642202,1353.693932,44.096293,19.181843,149.426513,8.1932
d45_09_G02_0_1_T,glasshouse_b1,5489,T0,R1,T,14794,782,4470,57,1186.578947,3816.701754,50050,2437,3269,46472,2158,3003,13537,795.9899535,4440.684125,22094,910.4238707,4492.57545,541927,846.1512842,3919.430071,25009,2485.150506,4143.062937,11959,808.439418,4380.974663,593,477,1679.158567,0.284071,594.54259,0.402543,0.410526,1.54289,3187.264266,249.360162,2135.632854,444.084887,1148.652371,86.421309,95.586627,517.104573,66.91213,300.341043,1624.912423,210.379388,17.49269,188.829216,43.038256
d43_47_G06_1_3_S,glasshouse_b2,3811,T1,R3,S,5638,1016,3238,59,2028.084746,2349.508475,32344,1306,3851,31639,872,3648,5638,985.1695637,3237.61387,18392,1191.941061,3354.915615,396256,1455.969252,2082.752915,12950,1320.679614,3245.386409,4991,691.9525145,4667.834702,383,235,1019.754592,0.230448,330.764315,0.364336,0.410526,1.026315,1969.310794,121.72031,1178.86997,374.818574,623.84941,21.086608,87.910503,272.339578,14.912748,276.36618,855.654011,46.849778,17.341473,95.98102,8.397817
d33_05_G01_1_1_T,glasshouse_b1,Gladius,T1,R1,T,16347,1323,3800,58,1428.844828,4259.741379,26416,1655,2346,26294,1655,2346,16347,1443.0052,3765.428886,11511,1378.475632,3176.452263,487051,1419.91143,3362.797565,11084,1487.81568,2503.213912,7951,1445.192177,4353.448497,265,166,979.253755,0.169517,352.999952,0.397126,0.435429,0.870857,1914.756584,130.043939,1226.957294,185.850145,778.414772,14.988838,46.099972,333.797741,10.631371,144.827332,1048.730525,33.399437,9.432527,114.655668,5.955745
d13_10_G02_0_1_T,glasshouse_b1,5489,T0,R2,T,10878,2016,1164,58,1930.603448,1003.568966,12106,1831,924,20209,2094,1353,10878,1990.947693,1183.080438,6397,1965.817102,1047.259028,423571,1540.647018,972.300606,7186,1653.051489,326.1180072,8534,1951.876494,1653.954769,93,67,450.93431,0.14858,167.810066,0.407162,0.435429,0.973648,877.687595,61.676731,576.705492,47.802475,400.781625,2.350209,10.435165,171.255647,1.880248,32.783038,538.015481,5.906973,1.921255,58.550266,1.205209
d05_31_G04_1_3_S,glasshouse_b1,Forrest,T1,R3,S,1194,1621,547,64,1459.390625,230.359375,2263,1644,610,2457,1641,599,1194,1622.070352,547.4137353,1184,1617.134291,529.3597973,302657,1460.903184,276.9932927,1615,1475.778328,225.301548,1259,1548.314535,274.5710882,51,35,86.959887,0.402484,30.651683,0.391204,0.410526,0.580571,165.655177,11.398279,108.466057,15.470684,71.489203,0,3.703536,30.822282,0,11.635,96.831056,0,0.732544,10.665735,0
d27_19_G03_0_3_T,glasshouse_b2,CALINGIRI,T0,R3,T,10280,1484,3180,57,1186.140351,3710.210526,37894,1473,1792,37914,1470,1817,10115,1469.649333,3168.205635,18737,1148.48076,2187.326146,733183,1458.995136,2351.803441,13386,915.2393545,2315.125579,10119,1469.646803,3168.46971,197,133,1028.886329,0.129266,379.907074,0.407421,0.435429,0.725714,2019.49944,139.878538,1323.002396,123.680512,904.577577,0.62824,32.470533,388.244278,0.409931,102.009189,1219.70537,1.287837,6.942457,132.725582,0.210499
d43_36_G05_0_4_S,glasshouse_b2,Hartog,T0,R4,S,12912,1505,668,66,554.8484848,3022.545455,59412,788,3600,80509,1029,3192,9372,1905.608835,4405.212121,39991,1626.182216,879.7034333,380131,1450.922532,329.5999695,36459,1661.906498,818.3665213,8447,758.5644608,4490.281047,762,548,1725.141903,0.317655,624.072485,0.42852,0.435429,2.157704,3184.539355,311.427566,2340.899854,423.143422,1154.807544,147.190937,92.111646,520.168116,132.470998,289.377271,1634.490033,417.03255,17.005395,189.392082,105.03009
d37_31_G04_1_3_S,glasshouse_b1,Forrest,T1,R3,S,4220,679,3183,62,750.3870968,2049.209677,13196,785,2513,13196,785,2513,4220,659.4547393,3178.753791,6152,811.2077373,2119.030559,360208,2025.857893,3654.321728,5756,2103.455872,3651.99114,3986,665.6746111,3164.619669,143,71,476.858882,0.148891,158.604028,0.363348,0.410526,0.615789,938.42442,54.081357,548.728123,127.938727,348.744953,0.175203,29.834543,144.723155,0.107888,93.72798,454.661202,0.33894,5.850636,48.178542,0.052179
d41_08_G01_1_4_T,glasshouse_b1,Gladius,T1,R4,T,11304,1928,2089,60,1779.383333,1188.516667,28552,1894,1933,29969,1904,1965,11304,1977.365092,2074.716472,16264,1867.89984,1690.329993,780464,1915.396741,1504.546921,30253,1907.431131,2545.294615,12565,1944.336092,1905.35376,338,228,1056.772948,0.215751,364.19677,0.383703,0.410526,0.917964,2047.259069,137.883786,1279.031963,400.004918,639.668578,17.099452,99.959346,295.11506,12.039216,314.078346,927.131304,37.822313,20.594928,110.544601,6.744257
d09_17_G03_0_1_T,glasshouse_b1,CALINGIRI,T0,R1,T,6727,2259,936,67,1606.567164,285.6716418,12536,1206,1273,16484,1557,1189,6727,2229.979932,951.1095585,5867,1522.945799,730.2067496,437855,1433.674406,427.1074808,8217,1637.349032,321.9292929,8197,2170.83311,851.1495669,79,55,402.284174,0.136719,163.033249,0.434792,0.435429,0.649099,789.899855,62.020112,552.716509,20.535211,381.676391,0.072571,5.010094,170.877929,0.047106,15.739675,536.828846,0.147988,1.011015,60.985083,0.024015
d21_25_G04_0_1_S,glasshouse_b1,Forrest,T0,R1,S,6162,1524,1831,58,834.6724138,2994.189655,11996,670,2775,18063,1133,2534,6162,1490.779779,1819.942713,5736,794.8802301,3034.886681,508541,1404.251227,1578.979874,7231,835.8723551,2968.158761,6162,1490.779779,1819.942713,93,66,392.865879,0.167996,143.799581,0.40272,0.435429,0.917964,765.748309,53.515307,498.765739,62.862633,326.759412,3.243833,14.05436,142.354309,2.353397,44.153073,447.219251,7.393415,2.623808,49.531251,1.360248
d05_06_G01_1_2_T,glasshouse_b1,Gladius,T1,R2,T,3474,1647,839,65,1754.569231,257.2769231,4769,1682,595,4672,1670,623,3474,1644.058434,839.4689119,2327,1724.693167,775.6549205,328725,1922.045062,882.0561077,2314,1835.647796,673.9611063,3474,1644.058434,839.4689119,25,13,154.126697,0.084346,58.248731,0.409491,0.435429,0.580571,305.517562,21.179393,199.682099,14.771124,139.355574,0,3.83342,59.727366,0,12.043045,187.639054,0,0.814512,20.364881,0
d1_T021_27.09.23,field,Gladius,na,R9,T,34560,484,3025,52,1451.442308,1458.903846,185528,927,2041,204392,955,2082,34557,481.159765,3022.862546,107237,758.0331509,3246.334017,529385,702.2654722,2661.732933,107705,533.1250267,3034.604039,32279,491.4305276,3045.597819,1115,366,3244.776318,0.112797,600.968332,0.205035,0.18932,0.863434,6442.32943,119.206822,2094.23503,2981.628586,257.596778,5.550954,573.693848,88.969897,3.840567,1802.447292,279.722242,12.065496,92.302022,24.801263,2.103537
d07_29_G04_1_1_S,glasshouse_b2,Forrest,T1,R1,S,1747,1485,321,64,1447.078125,196.515625,3331,1420,264,2617,1355,669,1747,1478.74585,321.3560389,2194,1448.092981,210.8195077,313483,1451.550224,283.404829,2227,1448.719802,212.1127077,1308,1337.13685,706.5267584,26,14,78.824075,0.177611,27.012454,0.37744,0.410526,0.52332,154.45928,9.287723,93.72662,14.832129,63.991946,0,3.581372,26.252738,0,11.251211,82.475409,0,0.713886,8.573837,0
d41_04_G01_0_4_T,glasshouse_b1,Gladius,T0,R4,T,19442,2068,3505,60,1632.916667,1030.766667,42640,1718,2165,43030,1726,2178,19442,2060.663923,3503.153174,18707,2093.502058,4366.929064,448369,1989.075875,3479.144278,26086,1632.130951,834.5861382,17252,2093.31747,3636.223394,553,445,1612.867012,0.275906,570.584771,0.402686,0.435429,1.026315,3062.439891,227.392269,2046.956754,352.48058,1200.501882,59.88455,81.744119,526.767803,42.973242,256.806723,1655.14561,135.004421,15.919305,186.919211,24.553753
d43_41_G06_0_1_S,glasshouse_b2,3811,T0,R1,S,21345,942,3998,78,1311.961538,3530.615385,85970,1464,3672,97697,1630,3501,14966,1183.387278,4534.650808,39284,1333.494502,3579.250127,628633,1220.742909,3655.111692,59615,1206.10915,4009.375208,12292,2375.169297,2956.410348,1047,833,2394.520485,0.347878,815.950968,0.395768,0.410526,1.451429,4448.856792,341.793555,3009.978561,688.230001,1567.719709,138.570776,166.76625,686.052492,105.03346,523.911626,2155.954194,330.11274,33.631689,243.577699,64.584167
d43_20_G03_0_4_T,glasshouse_b2,CALINGIRI,T0,R4,T,19663,2105,1116,57,767.8947368,2208.947368,78415,1549,1458,102848,1735,3280,19663,2059.375477,1161.592432,42045,1627.775455,987.4281365,617569,1529.144154,3564.530025,40324,1619.789803,957.3787075,17431,1853.099535,2377.766049,558,492,2146.770729,0.229181,815.555973,0.430387,0.435429,1.451429,4074.949576,351.016375,2922.647705,386.849226,1622.899112,137.022392,96.92688,726.735401,106.381199,304.504775,2283.243034,334.899896,20.011913,263.203684,67.800779
d1_T004_27.09.23,field,3811,na,R1,S,32273,1492,5215,65,1574.523077,5526.153846,204284,1155,5139,231158,1182,4979,19877,1429.856618,5356.062635,93987,1220.678413,3098.346495,420612,1425.69717,4931.346783,170120,1279.498301,5274.579967,18350,1445.2,5322.578256,945,377,3609.576457,0.104444,716.54337,0.218108,0.18932,0.911888,7156.530343,149.035148,2481.820279,3168.616232,436.920507,4.039718,637.648173,149.424411,2.884934,2003.230815,469.526177,9.063287,106.388167,41.012054,1.634927
d15_31_G04_1_3_S,glasshouse_b2,Forrest,T1,R3,S,1934,643,1515,53,565.3207547,1811.132075,8111,1109,1786,8767,1133,1747,1934,643.0170631,1514.70062,3778,603.6058761,1676.123346,378303,1334.94599,1467.224817,2417,1355.083575,1414.730244,1934,643.0170631,1514.70062,71,39,202.484779,0.192607,67.833966,0.363308,0.410526,0.580571,397.437968,22.913771,234.53864,44.585681,157.899097,0,10.695063,63.960905,0,33.599531,200.939109,0,2.13446,20.779311,0
d09_20_G03_0_4_T,glasshouse_b1,CALINGIRI,T0,R4,T,6544,1981,1533,49,1833.938776,958.8367347,10364,1757,1564,13127,1895,1218,6544,1950.397311,1533.127903,4975,1748.883819,758.4651256,494462,1990.834782,1052.298793,7442,1483.630476,346.9333512,6544,1950.397311,1533.127903,97,59,348.083113,0.1695,134.635675,0.417525,0.435429,0.725714,680.377333,50.209185,460.208732,35.057309,312.252421,0.773383,8.43166,137.547901,0.509428,26.488841,432.119477,1.600414,1.684829,48.259618,0.264738
d49_36_G05_0_4_S,glasshouse_b2,Hartog,T0,R4,S,23678,1520,688,48,3035.375,3515.1875,89232,1866,3909,120896,1027,3187,18049,1508.483794,689.9080281,58996,1600.651824,875.3851109,378522,1454.412618,326.156654,51031,1634.603516,778.8113304,18030,1508.688131,690.0604548,1293,931,2636.902334,0.353066,882.231284,0.415602,0.410526,2.497132,4793.131392,508.60504,3460.918869,948.831095,1414.547943,273.523295,202.715732,631.590318,266.858335,636.850255,1984.604101,839.464513,36.773895,229.038353,242.792791
d17_01_G01_0_1_T,glasshouse_b1,Gladius,T0,R1,T,11128,2179,2474,59,2067.254237,2044.084746,21457,2177,2395,21770,2174,2381,11128,2147.411844,2487.735442,7736,2253.189891,2372.569545,347146,2028.961846,1606.59265,14015,2329.90132,2688.06122,7994,873.2275457,2371.582562,142,96,551.848971,0.173961,216.947558,0.427127,0.435429,0.598439,1077.600885,82.823622,742.423586,52.331964,499.517007,0,12.679747,223.64102,0,39.834601,702.588985,0,2.542953,80.280669,0
d25_06_G01_1_2_T,glasshouse_b1,Gladius,T1,R2,T,10017,1565,1804,70,1682.557143,460.8428571,12349,1571,1258,12226,1502,2050,8537,1488.401898,1930.545508,5519,1580.607356,1034.940025,483178,1823.131434,1603.786762,6023,1708.520339,480.8729869,5133,1559.920125,1663.084356,124,78,513.635203,0.151859,170.506571,0.36933,0.410526,0.725714,1003.712463,59.735555,600.275333,150.042067,355.423875,8.16926,39.364941,146.353473,5.355159,123.668608,459.782997,16.823729,8.415121,48.551899,2.768535
d33_42_G06_0_2_S,glasshouse_b1,3811,T0,R2,S,13880,915,3109,61,1919.672131,2324.508197,35027,1042,2624,41105,1446,2740,13880,864.9393372,3091.616066,17167,707.7040834,2421.876857,355789,1937.096928,2070.496738,19656,1847.516127,2771.985246,13849,865.2332298,3090.153657,357,233,1259.664498,0.18497,457.884535,0.40044,0.435429,1.161143,2441.315506,175.277876,1602.355559,226.629764,1003.838986,29.195747,50.803831,437.759456,21.482329,159.604944,1375.26189,67.488726,9.685461,152.888986,12.703428
d19_24_G03_1_4_T,glasshouse_b2,CALINGIRI,T1,R4,T,9947,2309,2332,49,1324.22449,1204.897959,20331,1301,2760,22518,1322,2693,9947,2299.805268,2336.010858,9489,1074.711455,2205.693118,353712,2054.227476,1553.844673,7465,1096.648359,3161.303014,9947,2299.805268,2336.010858,68,36,571.914181,0.062947,208.305048,0.401547,0.435429,0.580571,1134.279359,74.695261,721.196532,60.21219,511.701991,0,14.053611,215.510375,0,44.150722,677.045811,0,2.757193,71.938068,0
d33_32_G04_1_4_S,glasshouse_b1,Forrest,T1,R4,S,5073,612,2500,55,689.0727273,2223,10854,542,2744,10854,542,2744,5073,612.0918589,2500.768185,4444,2505.40414,3124.161341,502559,2951.021198,2642.995931,4468,2508.557073,3082.580797,4841,616.1109275,2481.674034,123,59,389.08951,0.151636,134.756808,0.377229,0.435429,0.725714,765.098035,47.802522,463.971542,95.707949,290.978525,2.403036,20.741611,125.425699,1.51942,65.161692,394.036453,4.773398,3.813803,43.232292,0.756426
d49_48_G06_1_4_S,glasshouse_b2,3811,T1,R4,S,22295,1429,3310,55,1619.690909,779.8181818,51197,1586,3898,48624,1586,3898,22294,1508.186911,3328.523639,26938,1039.383288,3583.520788,541631,1048.397922,3295.314251,15251,1598.889515,3704.793128,22093,1506.910107,3324.833069,525,335,1487.953912,0.225141,478.74032,0.36678,0.410526,1.231578,2857.644963,179.306864,1721.31681,491.915286,953.031907,43.006719,111.598209,403.340378,32.90533,350.596113,1267.205161,103.515536,21.333503,137.46253,20.510831
d45_19_G03_0_3_T,glasshouse_b1,CALINGIRI,T0,R3,T,13517,1744,3063,58,1604.896552,1329.017241,58960,1668,2317,65280,1700,2446,13517,1774.72886,3046.982023,31602,1430.375166,3092.53696,884829,1482.667428,2596.706251,48430,1592.205513,1077.299959,12244,1756.825302,2951.720271,728,606,2099.122345,0.288692,777.330901,0.415532,0.435429,1.338151,3993.061888,320.713412,2771.582309,474.917859,1538.843459,85.361028,118.186103,699.734755,63.992344,371.432988,2198.945986,201.203335,24.384628,257.371955,38.956829
d29_35_G05_0_3_S,glasshouse_b1,Hartog,T0,R3,S,4844,1376,4218,46,1528.652174,767.7826087,16781,1229,3556,21304,1158,3207,4844,1385.728324,4194.473782,7220,1283.8259,3179.684072,350583,1456.279885,3622.629817,9525,1544.758425,652.8258268,3834,963.5863328,2223.925926,199,105,621.130908,0.169046,216.621028,0.38154,0.410526,0.88287,1216.807954,78.726231,751.279286,145.765296,470.006893,5.358719,32.359181,203.20833,3.572113,101.659366,638.397796,11.222123,6.066655,70.771685,1.887891
d05_08_G01_1_4_T,glasshouse_b1,Gladius,T1,R4,T,3386,1666,683,69,1502.405797,364.9565217,3953,1711,829,4110,1709,823,3015,1651.624876,648.6480929,2436,1662.542693,506.3965517,384792,1456.352533,756.4499314,2755,1651.224319,425.5092559,3852,1760.981828,569.4192627,22,8,152.206544,0.05256,54.683235,0.387727,0.410526,0.52332,304.583134,18.714237,184.55321,29.29197,122.914574,0,7.062651,51.682461,0,22.187972,162.365238,0,1.414764,17.299473,0
d11_44_G06_0_4_S,glasshouse_b2,3811,T0,R4,S,5870,1139,1405,49,1817,641.9387755,17295,1219,1229,19483,1181,953,5870,1135.713799,1402.550256,8594,1548.653479,373.8259251,379279,1816.628403,272.4632896,12636,1662.971193,474.6126939,5782,1782.217572,613.0830163,112,68,475.584578,0.142982,176.41571,0.402703,0.410526,1.105375,929.751888,65.158097,605.853154,59.641048,410.880254,5.063276,13.40068,175.213718,4.23465,42.099477,550.450131,13.303546,2.551314,59.758855,2.847927
d27_08_G01_1_4_T,glasshouse_b2,Gladius,T1,R4,T,21993,1925,2104,56,1598.821429,814.1428571,21103,1954,2669,21163,1828,1264,10428,1603.990123,2102.748753,9003,1887.90381,1988.469177,421276,2001.57046,2095.504097,7366,2030.354602,2712.486696,9681,1938.999793,1587.407293,153,101,634.425308,0.159199,217.674351,0.38216,0.410526,0.870857,1239.115924,78.570273,762.306759,170.159244,449.549903,14.716161,43.82934,188.636218,10.18422,137.693932,592.618157,31.99467,9.232142,63.770742,5.567389
d15_23_G03_1_3_T,glasshouse_b2,CALINGIRI,T1,R3,T,9580,1416,2000,74,1586.148649,1449.837838,12224,1409,1982,12592,1529,1077,9580,1483.68048,1988.865866,6131,735.7956288,1459.09297,375025,1872.329514,1477.669518,5083,1505.096203,2370.740114,9580,1483.68048,1988.865866,82,50,330.042217,0.151496,123.997119,0.40729,0.435429,0.580571,648.607315,45.119071,424.289225,38.879577,291.16264,0,9.036417,126.019038,0,28.388741,395.900484,0,1.752511,43.36656,0
d07_10_G02_0_1_T,glasshouse_b2,5489,T0,R2,T,3700,1908,1208,53,1891.075472,1131.773585,11181,1742,370,10896,1742,370,3700,1884.381351,1202.128108,4571,1745.710567,245.746445,383276,1825.134911,271.0044146,3286,1545.101948,265.4297018,3700,1884.381351,1202.128108,71,41,255.029148,0.160766,88.515952,0.379628,0.410526,0.580571,499.453803,30.876193,303.79394,53.482425,201.546722,0,11.972834,84.704227,0,37.613768,266.180172,0,2.228269,28.647923,0
d43_10_G02_0_1_T,glasshouse_b2,5489,T0,R2,T,16450,2197,3896,63,2531.809524,2063.888889,66363,2232,3772,70581,2235,3652,16450,2120.572036,3880.513799,31762,1869.530162,892.2631132,374619,2034.641873,1039.818445,21468,2190.010015,1475.677054,16050,2517.336262,2865.401433,645,503,1895.412779,0.265378,690.005203,0.407684,0.410526,1.133602,3607.585696,277.46049,2441.014936,349.464777,1468.577492,77.37051,77.30545,638.780115,60.85162,242.909031,2006.934904,191.171001,14.471231,224.343855,38.645404
d17_08_G01_1_4_T,glasshouse_b1,Gladius,T1,R4,T,16852,1908,2079,62,1709.645161,1299.935484,13873,1885,1688,14731,1880,1712,16852,1959.199264,2062.262877,5900,1876.480508,2140.715085,847944,1640.723562,1478.759953,7553,1738.184827,942.8648219,21168,1908.936744,1767.00463,66,56,507.71639,0.110298,182.609246,0.399668,0.435429,0.846321,998.906606,66.460268,636.364261,73.924802,422.294357,11.497231,19.395475,175.002064,8.163496,60.932682,549.7852,25.646379,4.140985,57.749434,4.569848
d13_20_G03_0_4_T,glasshouse_b1,CALINGIRI,T0,R4,T,10148,1933,1915,66,1414.212121,406.5909091,16423,1931,1838,18283,1932,1745,10148,1886.126527,1911.592136,6790,1830.542121,1688.442563,393805,1997.022915,1805.877599,8737,1332.096715,435.6635001,10148,1886.126527,1911.592136,112,66,537.1622,0.122868,198.856745,0.406721,0.435429,1.056656,1054.626964,73.161806,689.265243,55.787469,478.764296,2.610435,13.690188,203.574447,2.135305,43.008995,639.547989,6.708259,2.781166,68.964854,1.415785
d13_37_G05_1_1_S,glasshouse_b1,Hartog,T1,R1,S,2212,1070,1914,62,2341.870968,1919.66129,7136,1060,1723,7136,1060,1723,2212,1069.955244,1914.006329,4351,989.0176971,1954.485176,293138,879.2121492,2043.368124,4365,989.2508591,1953.727377,2212,1069.955244,1914.006329,46,20,195.562632,0.102269,75.728617,0.41333,0.435429,0.580571,388.411312,27.89955,256.344355,25.190098,170.372534,0,6.181528,75.415415,0,19.419842,236.924513,0,1.25735,26.6422,0
d17_27_G04_0_3_S,glasshouse_b1,Forrest,T0,R3,S,5731,734,2631,70,1447.485714,731.3714286,14802,859,2148,15840,889,2064,5731,746.7574594,2631.484383,6475,753.4126641,2201.594903,375778,872.5579358,2470.295345,7018,750.1554574,2233.745512,3975,757.4877987,2486.81283,81,47,360.038539,0.130542,131.775905,0.39911,0.435429,0.580571,708.811263,47.691048,452.26385,53.810065,306.228474,0,12.252611,131.707443,0,38.492714,413.771136,0,2.313215,45.377833,0
d37_10_G02_0_1_T,glasshouse_b1,5489,T0,R2,T,21216,2430,2558,53,2490.245283,3813.09434,40607,2750,3975,42006,2750,3975,15736,2517.438612,2864.996314,22044,2411.094357,3622.333243,437430,2575.254761,2296.082809,19445,1782.669529,700.5790177,15695,2517.964129,2865.857216,415,339,1521.830119,0.222758,567.919865,0.413021,0.435429,1.105375,2926.513505,219.936672,1977.713999,211.096761,1275.946589,34.786769,48.384923,555.112521,25.971612,152.00572,1744.116055,81.592224,9.307309,194.993436,15.635926
d37_33_G05_0_1_S,glasshouse_b1,Hartog,T0,R1,S,5504,1349,3685,75,1582.186667,650.2,26087,1637,2924,35198,1716,2669,5457,1356.368884,3685.524281,9974,1171.406457,2405.239924,342047,1451.015761,3081.65962,19297,1460.059854,728.2145411,5457,1356.368884,3685.524281,358,224,874.400796,0.256175,307.248892,0.395816,0.435429,1.016,1669.045136,121.06652,1096.307432,193.065814,649.207569,32.127413,41.70736,283.624264,23.610317,131.027536,891.105898,74.173998,7.620577,99.587422,13.85852
d49_31_G04_1_3_S,glasshouse_b2,Forrest,T1,R3,S,4122,648,3198,62,807.5322581,2126.725806,26016,2052,3614,25194,994,1163,4122,627.5131004,3194.370209,12344,1531.731935,685.7682275,359407,1445.502052,778.7159237,12346,1525.858497,684.6065122,4045,628.7112485,3190.13424,326,182,821.867627,0.221447,265.026461,0.361327,0.410526,1.170179,1587.216761,96.837043,942.143593,281.599354,515.912045,24.356228,64.218114,218.182842,17.492664,201.747155,685.441615,54.954823,12.331476,74.394639,10.110929
d37_12_G02_0_3_T,glasshouse_b1,5489,T0,R4,T,13465,2061,2821,83,1675.433735,848.4216867,38583,1784,2196,37819,1776,2180,13465,1985.346528,2848.935834,17721,2378.347159,2979.060775,467492,2580.206089,1781.795182,22072,1600.895161,853.5155854,13442,1985.030948,2847.38655,326,230,1332.079217,0.172662,506.058237,0.419086,0.435429,0.929368,2587.95157,196.019447,1756.820836,188.082769,1118.24766,25.748788,46.19291,495.101789,17.918741,145.119307,1555.408143,56.293385,9.389532,176.736758,9.893158
d25_17_G03_0_1_T,glasshouse_b1,CALINGIRI,T0,R1,T,23622,1353,3044,76,1260.776316,2093.842105,26893,1538,1933,28401,1426,2129,23622,1292.651554,3080.561256,12041,1291.846192,1888.715306,706161,1374.419097,2576.061759,16218,1271.707609,2369.353928,10841,1280.549765,2753.80214,173,125,949.437276,0.131657,344.652372,0.402287,0.435429,0.870857,1856.589641,126.649505,1202.900398,132.474624,802.506716,14.455935,34.771086,337.862347,10.218226,109.236588,1061.562305,32.101505,7.421661,113.52504,5.702804
d31_38_G05_1_2_S,glasshouse_b2,Hartog,T1,R2,S,2926,1082,2518,58,876.1206897,2295.172414,22041,1110,1504,25495,1050,2015,2926,1080.302461,2517.643199,9984,857.9956931,2192.721154,310482,1443.672599,848.3627875,9285,883.8012924,2427.742272,2849,1080.75781,2511.213759,192,104,598.49589,0.173769,207.957451,0.381898,0.410526,0.781618,1173.114378,74.286445,723.366076,144.742217,451.989193,1.764481,35.744506,193.291356,1.185403,112.294676,607.347348,3.724052,7.325046,66.332006,0.629393
d29_43_G06_0_3_S,glasshouse_b1,3811,T0,R3,S,17057,1752,3654,61,685.4262295,2693.065574,35429,1282,2731,35638,1744,4006,17057,1806.803834,3653.520549,18364,1847.427957,2660.603463,476820,826.584512,3528.327212,20955,695.4246242,4009.903651,16844,1807.687545,3652.911066,288,208,1257.777918,0.165371,479.846308,0.417308,0.435429,1.170179,2448.301564,184.486765,1659.618177,147.519828,1098.457238,11.800853,33.228509,484.921553,10.093019,104.390439,1523.519584,31.708154,6.317833,171.113506,7.055426
d41_36_G05_0_4_S,glasshouse_b1,Hartog,T0,R4,S,9184,740,4515,86,1608.872093,977.2906977,40999,906,4215,44659,725,3934,9060,743.180574,4510.674283,21379,668.6855793,3009.717714,479453,369.9147675,2206.581949,29353,1676.085409,820.6511771,8231,752.0112987,4465.427773,682,492,1581.965894,0.311005,562.374122,0.420631,0.435429,2.021606,2930.566064,270.08585,2105.133251,385.773624,1086.409737,109.782533,83.7633,487.0453,98.834617,263.150168,1530.362665,311.620419,15.440622,176.293912,78.351316
d45_24_G03_1_4_T,glasshouse_b1,CALINGIRI,T1,R4,T,26833,1199,3797,58,1169.155172,3729.413793,29009,1308,4169,29621,1308,4166,25261,1247.762994,3822.138197,12125,1138.657155,2216.002309,533283,985.0773023,3263.457194,13443,2317.185598,1898.006397,15527,1211.407613,3970.976815,226,160,1169.480434,0.136813,403.385632,0.380652,0.410526,0.781618,2288.11555,142.173558,1403.774871,301.405893,860.027658,8.046883,80.133174,361.219918,5.411669,251.745791,1135.027822,17.001258,17.266027,122.032255,2.875276
d15_38_G05_1_2_S,glasshouse_b2,Hartog,T1,R2,S,3245,2234,1821,48,2161,1675.3125,17920,1029,1552,17920,1029,1552,3245,2219.48074,1828.031741,7892,879.5400405,2210.189559,386125,875.3671842,1652.310104,4034,1309.313585,719.8973723,3245,2219.48074,1828.031741,102,50,385.162322,0.129815,143.378252,0.40227,0.435429,0.580571,761.819566,52.667133,489.630938,62.103319,323.059003,0,13.468862,142.385506,0,42.313679,447.31726,0,2.48631,50.180823,0
d35_23_G03_1_3_T,glasshouse_b2,CALINGIRI,T1,R3,T,11285,1589,4173,64,1688.84375,4047.84375,30731,1518,3831,31051,1518,3831,9761,2073.603934,3479.449647,13999,1830.83506,2988.70455,616034,1988.175584,2756.930449,19926,1768.919552,3933.881662,7339,1573.173729,3856.060907,202,146,837.222961,0.174386,304.868383,0.401541,0.435429,0.598439,1631.186272,112.070816,1061.424441,136.912163,700.310798,0,34.517155,303.296533,0,108.485637,952.938804,0,7.200288,104.870528,0
