Image_name,data_type,Genotype,Treatment,Replication,Group,Number.of.Root.Tips,Number.of.Branch.Points,Total.Root.Length.mm,Branching.frequency.per.mm,Network.Area.mm2,Average.Diameter.mm,Median.Diameter.mm,Maximum.Diameter.mm,Perimeter.mm,Volume.mm3,Surface.Area.mm2,Root.Length.Diameter.Range.1.mm,Root.Length.Diameter.Range.2.mm,Root.Length.Diameter.Range.3.mm,Projected.Area.Diameter.Range.1.mm2,Projected.Area.Diameter.Range.2.mm2,Projected.Area.Diameter.Range.3.mm2,Surface.Area.Diameter.Range.1.mm2,Surface.Area.Diameter.Range.2.mm2,Surface.Area.Diameter.Range.3.mm2,Volume.Diameter.Range.1.mm3,Volume.Diameter.Range.2.mm3,Volume.Diameter.Range.3.mm3
d35_44_G06_0_4_S,glasshouse_b2,3811,T0,R4,S,405.0,269.0,1353.265435,0.198778,464.804864,0.380199,0.410526,0.973648,2624.678022,170.423492,1627.676896,373.045182,962.276984,17.94327,87.035186,418.52868,12.518228,273.429102,1314.920622,39.327173,17.025577,146.441288,6.956627
d07_46_G06_1_2_S,glasshouse_b2,3811,T1,R2,S,50.0,24.0,147.031573,0.16323,52.165794,0.385885,0.410526,0.917964,286.899571,19.461967,180.402496,30.938713,111.011975,5.080885,6.685005,46.901595,3.837298,21.001563,147.345706,12.055227,1.238721,15.929348,2.293898
d3_T008_08.10.23,field,3811,na,R4,S,957.0,416.0,3011.612207,0.138132,563.638658,0.208506,0.18932,0.723392,5947.749228,113.611967,1972.499693,2722.324692,288.018761,1.268754,526.722396,100.291768,0.834067,1654.74721,315.132184,2.620299,85.12984,28.050189,0.431938
d13_16_G02_1_4_T,glasshouse_b1,5489,T1,R4,T,41.0,21.0,214.261676,0.098011,84.22893,0.424112,0.435429,0.649099,423.101492,31.262956,284.275196,20.521509,192.894213,0.845955,4.655579,85.306262,0.481075,14.625932,267.997527,1.651737,0.883233,30.122978,0.256745
d33_34_G05_0_2_S,glasshouse_b1,Hartog,T0,R2,S,339.0,263.0,1055.921102,0.249072,390.161168,0.415012,0.435429,1.105375,2012.359139,157.422239,1385.86024,170.476569,831.042331,54.402203,40.418745,360.726694,39.942887,126.979234,1133.256331,125.624675,7.978918,125.846362,23.59696
d31_11_G02_0_3_T,glasshouse_b2,5489,T0,R3,T,229.0,169.0,948.062717,0.178258,358.550962,0.415869,0.435429,0.917964,1838.696595,138.611989,1241.723493,131.54682,790.5992,25.916697,29.955799,346.411639,18.885426,94.108917,1088.28426,59.330316,5.743649,121.956917,10.911423
d49_32_G04_1_4_S,glasshouse_b2,Forrest,T1,R4,S,310.0,188.0,692.797666,0.271364,225.553203,0.371819,0.410526,1.105375,1316.78648,87.156269,818.215289,219.458162,447.751697,25.587806,49.17562,192.496583,18.605644,154.489766,604.819846,58.905677,9.295183,66.807512,11.053574
d2_T011_02.10.23,field,Gladius,na,R4,T,1304.0,580.0,4425.733572,0.131052,797.025288,0.200816,0.18932,0.682604,8738.622109,153.63793,2793.706113,4129.213804,295.592689,0.927079,786.946916,101.702723,0.59636,2472.266651,319.565943,1.87352,125.240937,28.095214,0.301779
d5_T009_21.10.23,field,3811,na,R5,S,1207.0,731.0,4506.413862,0.162213,849.786831,0.211895,0.18932,0.780588,8825.460412,177.670144,2997.019656,4049.82491,454.101041,2.487911,785.965611,166.250801,1.661177,2469.267169,522.533744,5.218742,127.260357,49.535202,0.874585
d17_43_G06_0_3_S,glasshouse_b1,3811,T0,R3,S,128.0,74.0,599.981955,0.123337,226.395861,0.409086,0.435429,0.598439,1182.773394,83.015987,772.332955,76.625051,523.356905,0.0,17.579269,228.261946,0.0,55.226903,717.106052,0.0,3.376444,79.639542,0.0
d05_34_G05_0_2_S,glasshouse_b1,Hartog,T0,R2,S,66.0,38.0,216.037509,0.175895,78.293458,0.393237,0.410526,0.781618,422.886736,27.828118,267.634371,30.88552,183.660185,1.491804,7.459299,76.743897,0.98747,23.434079,241.098064,3.102228,1.486587,25.824892,0.516639
d35_16_G02_1_4_T,glasshouse_b2,5489,T1,R4,T,266.0,190.0,858.078267,0.221425,306.980295,0.394864,0.410526,1.105375,1655.051087,114.669063,1071.528843,158.82565,683.937391,15.315226,38.182216,290.671753,12.200702,119.952969,913.246239,38.329635,7.635169,99.16532,7.868575
d25_42_G06_0_2_S,glasshouse_b1,3811,T0,R2,S,183.0,109.0,882.100294,0.123569,319.804495,0.394513,0.410526,0.649099,1737.817518,114.762143,1101.243969,123.390011,758.402389,0.307894,28.121317,322.21909,0.196435,88.345722,1012.281127,0.61712,5.376634,109.28702,0.098489
d31_14_G02_1_2_T,glasshouse_b2,5489,T1,R2,T,88.0,64.0,664.81638,0.096267,238.135139,0.394249,0.435429,0.725714,1312.842453,83.768734,819.277183,119.776912,543.467798,1.571669,32.012099,227.769544,1.002384,100.568974,715.559127,3.149083,6.917007,76.348832,0.502896
d41_16_G02_1_4_T,glasshouse_b1,5489,T1,R4,T,358.0,270.0,1060.383418,0.254625,368.678657,0.388374,0.410526,1.105375,2028.451617,137.91997,1301.261108,231.667038,809.689696,19.026684,54.752156,344.960366,14.397541,172.008971,1083.87294,45.379198,10.826924,118.270832,8.822214
d27_48_G06_1_4_S,glasshouse_b2,3811,T1,R4,S,126.0,86.0,631.458577,0.136193,224.378748,0.392393,0.435429,0.725714,1237.199677,80.504049,780.20734,94.743005,532.356128,4.359443,22.294358,223.160731,2.892621,70.03979,701.080113,9.087437,4.386326,74.606195,1.511527
d17_13_G02_1_1_T,glasshouse_b1,5489,T1,R1,T,60.0,36.0,452.400023,0.079576,174.087868,0.414351,0.435429,0.598439,895.434425,62.330612,587.519072,26.588334,425.811689,0.0,6.166888,180.846241,0.0,19.373851,568.145222,0.0,1.192669,61.137943,0.0
d19_33_G05_0_1_S,glasshouse_b2,Hartog,T0,R1,S,110.0,56.0,463.405826,0.120844,169.679713,0.400455,0.435429,0.598439,916.396065,61.440256,585.38776,65.508652,397.897173,0.0,16.059052,170.275659,0.0,50.451,534.93676,0.0,3.262201,58.178054,0.0
d1_T023_27.09.23,field,3811,na,R8,S,1473.0,713.0,4549.861631,0.156708,819.4213,0.2012,0.18932,0.71842,8960.610537,159.96656,2878.200768,4215.05731,334.004242,0.800079,798.938394,116.579773,0.516889,2510.002685,366.574227,1.623856,126.886037,32.817337,0.263185
d19_42_G06_0_2_S,glasshouse_b2,3811,T0,R2,S,183.0,105.0,662.348673,0.158527,240.710513,0.395263,0.435429,0.598439,1298.231756,87.429531,830.697936,107.248942,555.099731,0.0,24.872335,239.54703,0.0,78.138746,752.559189,0.0,4.870793,82.558738,0.0
d43_18_G03_0_2_T,glasshouse_b2,CALINGIRI,T0,R2,T,460.0,340.0,1670.925621,0.20348,599.040277,0.399222,0.435429,1.196879,3225.874717,234.036186,2108.543356,474.084141,1163.360998,33.480483,114.010349,532.483931,24.609298,358.174073,1673.056892,77.312391,22.879113,196.601255,14.555819
d37_11_G02_0_3_T,glasshouse_b1,5489,T0,R3,T,302.0,210.0,1034.074385,0.20308,375.867583,0.400282,0.435429,1.016,2001.544985,141.627933,1306.828795,184.685615,824.613471,24.775299,42.789053,354.740076,18.384294,134.519371,1114.553461,57.755963,8.361195,122.433931,10.832807
d31_24_G03_1_4_T,glasshouse_b2,CALINGIRI,T1,R4,T,118.0,90.0,840.835631,0.107036,292.723575,0.385217,0.410526,0.725714,1656.692835,102.105848,1018.872675,156.272895,682.730841,1.831894,42.605068,280.427377,1.246823,133.847767,881.107899,3.917009,9.332506,92.104504,0.668838
d29_39_G05_1_3_S,glasshouse_b1,Hartog,T1,R3,S,96.0,56.0,364.186525,0.153767,127.146553,0.382882,0.410526,0.725714,712.604786,44.761796,441.985809,65.484116,298.309491,0.392917,15.731517,124.685328,0.271608,49.422017,391.71051,0.853282,3.158168,41.455511,0.148117
d15_24_G03_1_4_T,glasshouse_b2,CALINGIRI,T1,R4,T,84.0,48.0,491.459872,0.097668,180.523668,0.401263,0.435429,0.580571,974.124379,64.801822,620.383713,56.176113,435.283758,0.0,12.086946,185.387323,0.0,37.97226,582.411453,0.0,2.198937,62.602885,0.0
d11_27_G04_0_3_S,glasshouse_b2,Forrest,T0,R3,S,62.0,32.0,229.817687,0.139241,84.597592,0.395162,0.410526,0.580571,453.767769,30.320373,288.913723,30.096665,199.721022,0.0,6.985175,84.978919,0.0,21.944576,266.969147,0.0,1.354427,28.965946,0.0
d43_43_G06_0_3_S,glasshouse_b2,3811,T0,R3,S,845.0,658.0,2270.314365,0.289828,834.568443,0.423651,0.435429,1.747751,4245.80737,372.380018,3045.718679,519.237727,1588.427468,162.64917,118.633805,721.049164,129.630476,372.699089,2265.514988,407.504601,22.845893,264.427091,85.107033
d37_29_G04_1_1_S,glasshouse_b1,Forrest,T1,R1,S,132.0,66.0,396.068452,0.166638,135.77853,0.374193,0.410526,0.580571,779.632218,47.890386,469.964853,100.89058,295.177871,0.0,22.700662,126.893797,0.0,71.316233,398.64862,0.0,4.308641,43.581745,0.0
d6_T022_28.10.23,field,3811,na,R7,S,1032.0,466.0,2967.447059,0.157037,542.894972,0.203883,0.18932,0.71842,5853.237963,107.775953,1904.881328,2717.681343,248.880971,0.884745,518.705598,87.045274,0.57648,1629.561696,273.508566,1.811066,82.858561,24.621636,0.295756
d11_33_G05_0_1_S,glasshouse_b2,Hartog,T0,R1,S,73.0,38.0,238.590865,0.159268,89.96427,0.408933,0.435429,0.580571,468.836383,33.197385,308.70459,27.816005,210.77486,0.0,6.841325,91.422398,0.0,21.492655,287.211935,0.0,1.392821,31.804564,0.0
d05_13_G02_1_1_T,glasshouse_b1,5489,T1,R1,T,38.0,28.0,98.66702,0.283783,35.839296,0.401702,0.435429,0.598439,189.10466,13.383241,124.989949,16.391346,82.275674,0.0,3.905474,35.880062,0.0,12.269409,112.72054,0.0,0.76934,12.613901,0.0
d31_18_G03_0_2_T,glasshouse_b2,CALINGIRI,T0,R2,T,214.0,158.0,1046.756965,0.150942,378.084826,0.399171,0.435429,0.821052,2044.987876,139.132287,1315.807093,210.953817,827.483587,8.31956,55.015389,358.086663,5.708801,172.835943,1125.036423,17.934726,11.676651,124.35632,3.099316
d35_22_G03_1_2_T,glasshouse_b2,CALINGIRI,T1,R2,T,190.0,134.0,939.086663,0.142692,341.034209,0.401107,0.435429,0.580571,1841.760293,123.731351,1185.304515,117.0676,822.019063,0.0,28.562729,348.731416,0.0,89.732459,1095.572055,0.0,5.825929,117.905422,0.0
d29_48_G06_1_4_S,glasshouse_b1,3811,T1,R4,S,122.0,80.0,651.743878,0.122748,233.969249,0.395552,0.435429,0.725714,1281.444383,83.656132,810.602102,89.706768,559.391457,2.645653,22.128949,234.159173,1.734541,69.520143,735.632739,5.44922,4.520361,78.238803,0.896968
d7_T019_04.11.23,field,Gladius,na,R7,T,1682.0,1326.0,6587.316487,0.201296,1246.341593,0.213975,0.18932,0.762,12785.29223,259.215444,4419.745949,5921.717176,660.597445,5.001867,1172.984507,230.510476,3.201868,3685.087283,724.38556,10.273106,192.695276,64.835694,1.684474
d11_19_G03_0_3_T,glasshouse_b2,CALINGIRI,T0,R3,T,81.0,47.0,416.29104,0.112902,157.303175,0.413846,0.435429,1.026315,821.263441,58.836906,545.114112,34.182546,378.043609,4.064885,8.524085,161.78033,3.210796,26.779202,508.247896,10.087013,1.756779,55.016655,2.063471
d11_24_G03_1_4_T,glasshouse_b2,CALINGIRI,T1,R4,T,72.0,40.0,367.938876,0.108714,140.576414,0.413836,0.435429,0.598439,725.630959,51.853265,480.818663,39.769295,328.169581,0.0,9.83676,143.212574,0.0,30.903094,449.915569,0.0,2.010293,49.842973,0.0
d33_29_G04_1_1_S,glasshouse_b1,Forrest,T1,R1,S,94.0,38.0,324.939236,0.116945,104.447454,0.351047,0.410526,0.580571,644.043065,34.824463,359.559709,112.551081,212.388155,0.0,24.527786,89.923624,0.0,77.056314,282.503395,0.0,4.494433,30.33003,0.0
d29_12_G02_0_4_T,glasshouse_b1,5489,T0,R4,T,154.0,118.0,914.811578,0.128988,349.292257,0.41834,0.435429,0.88287,1791.755673,130.896486,1203.133012,82.846448,826.344048,5.621081,20.674872,358.270371,4.008992,64.998824,1125.539566,12.594621,4.261147,124.35916,2.276179
d15_29_G04_1_1_S,glasshouse_b2,Forrest,T1,R1,S,47.0,25.0,157.35057,0.158881,52.144728,0.363763,0.410526,0.580571,310.635371,17.883738,181.296355,44.570209,112.780362,0.0,10.831866,46.876556,0.0,34.029312,147.267043,0.0,2.179455,15.704283,0.0
d19_40_G05_1_4_S,glasshouse_b2,Hartog,T1,R4,S,55.0,21.0,298.401807,0.070375,113.442828,0.409969,0.435429,0.615789,593.869813,41.311228,384.640417,37.947715,260.351461,0.102631,8.684767,113.68688,0.063199,27.284002,357.157868,0.198547,1.670014,39.610648,0.030566
d29_06_G01_1_2_T,glasshouse_b1,Gladius,T1,R2,T,199.0,149.0,612.106023,0.243422,208.779043,0.387288,0.410526,0.973648,1169.744932,80.613611,749.91204,181.98735,399.832217,30.286455,47.243943,170.289751,21.137413,148.421224,535.085674,66.405142,10.005411,58.877856,11.730344
d33_19_G03_0_3_T,glasshouse_b1,CALINGIRI,T0,R3,T,239.0,171.0,1218.350825,0.140354,448.078103,0.405381,0.435429,0.870857,2386.738755,165.229633,1560.522543,176.06692,1038.186824,4.097081,46.953686,446.692672,2.998424,147.509354,1403.593363,9.419826,10.147992,153.34626,1.735381
d41_24_G03_1_4_T,glasshouse_b1,CALINGIRI,T1,R4,T,182.0,134.0,1041.901392,0.128611,366.361348,0.389517,0.410526,0.917964,2043.643959,131.458425,1278.046222,211.175804,816.288512,14.437075,56.530056,340.474993,9.809698,177.59441,1069.633737,30.818076,12.234937,113.943162,5.280326
d21_18_G03_0_2_T,glasshouse_b1,CALINGIRI,T0,R2,T,114.0,76.0,739.255224,0.102806,267.891498,0.399621,0.435429,0.740086,1456.906776,96.438307,929.583056,92.991861,638.979548,7.283815,24.021262,267.036286,4.83793,75.465019,838.919233,15.198804,5.058734,88.842931,2.536642
d37_32_G04_1_4_S,glasshouse_b1,Forrest,T1,R4,S,139.0,67.0,456.251466,0.146849,153.864077,0.371582,0.410526,0.821052,896.583483,53.84677,534.827289,116.786378,338.038562,1.426526,26.75311,142.471099,1.016605,84.047372,447.586157,3.193759,5.151135,48.12147,0.574166
d31_05_G01_1_1_T,glasshouse_b2,Gladius,T1,R1,T,233.0,147.0,883.751954,0.166336,320.436489,0.39842,0.435429,0.870857,1727.796352,117.252947,1111.261868,149.71458,725.382881,8.654494,37.431598,309.899402,6.394639,117.594832,973.577686,20.08935,7.714604,105.798811,3.739532
d35_36_G05_0_4_S,glasshouse_b2,Hartog,T0,R4,S,416.0,276.0,1123.332022,0.245698,393.595,0.388586,0.435429,0.929368,2164.850685,148.630698,1383.809891,262.854411,848.236173,12.241439,56.572725,375.546302,8.299923,177.728457,1179.813504,26.26793,10.336207,133.771676,4.522815
d43_39_G05_1_3_S,glasshouse_b2,Hartog,T1,R3,S,311.0,191.0,781.8252,0.2443,268.99222,0.382349,0.410526,0.870857,1510.167089,99.794001,950.559743,190.71884,571.604757,19.501603,45.31215,243.580987,13.679426,142.352318,765.23224,42.975186,9.016273,83.179151,7.598577
d35_12_G02_0_4_T,glasshouse_b2,5489,T0,R4,T,300.0,216.0,1247.401759,0.17316,470.150475,0.415943,0.435429,0.821052,2427.740654,180.208717,1631.617785,177.912454,1051.14973,18.339575,43.043038,463.794625,12.522409,135.223691,1457.053786,39.340309,8.660898,164.798342,6.749477
d27_40_G05_1_4_S,glasshouse_b2,Hartog,T1,R4,S,121.0,71.0,580.901775,0.122224,221.108182,0.412719,0.435429,0.870857,1143.133681,82.391759,756.727615,68.959,506.857618,5.085157,15.403928,221.633574,3.836379,48.392867,696.282408,12.052341,2.92318,77.176852,2.291727
d07_33_G05_0_1_S,glasshouse_b2,Hartog,T0,R1,S,43.0,21.0,179.958157,0.116694,60.207911,0.365612,0.410526,0.580571,357.308015,20.250843,206.849214,45.777769,134.180388,0.0,10.856547,54.985602,0.0,34.106849,172.742364,0.0,2.133032,18.117811,0.0
d37_18_G03_0_2_T,glasshouse_b1,CALINGIRI,T0,R2,T,295.0,207.0,1241.638315,0.166715,444.433608,0.395853,0.435429,1.04664,2416.70254,166.363829,1549.768276,303.277948,914.495416,23.864952,75.596499,400.162479,17.547585,237.493406,1257.147506,55.127364,15.540573,140.46747,10.355785
d35_41_G06_0_1_S,glasshouse_b2,3811,T0,R1,S,372.0,238.0,1206.74281,0.197225,418.485009,0.385007,0.410526,1.133602,2344.666454,154.131967,1472.338679,316.819111,866.890114,23.033585,80.994825,371.322676,16.318903,254.452748,1166.618584,51.267347,16.969261,127.881616,9.281089
d19_17_G03_0_1_T,glasshouse_b2,CALINGIRI,T0,R1,T,139.0,105.0,759.433621,0.138261,280.536634,0.407034,0.435429,0.870857,1487.455227,102.968715,973.102471,77.049646,673.632007,8.751968,18.999939,284.494017,6.254181,59.690069,893.764313,19.648089,3.890377,95.546215,3.532123
d2_T012_02.10.23,field,Gladius,na,R5,T,1105.0,485.0,3464.884492,0.139976,621.448578,0.199985,0.18932,0.682604,6840.567224,119.838018,2177.326117,3226.717342,237.367071,0.800079,610.710233,81.81127,0.522651,1918.618704,257.065456,1.641956,96.925544,22.643913,0.268561
d13_13_G02_1_1_T,glasshouse_b1,5489,T1,R1,T,58.0,36.0,352.166492,0.102224,134.50401,0.410735,0.435429,0.598439,695.530325,48.302974,454.233661,32.67704,319.489452,0.0,7.605887,136.981178,0.0,23.894599,430.339062,0.0,1.477073,46.825902,0.0
d45_46_G06_1_2_S,glasshouse_b1,3811,T1,R2,S,604.0,374.0,1480.148153,0.252677,476.212346,0.370938,0.410526,1.54289,2821.276247,188.340247,1736.447122,528.12312,893.790248,58.234786,123.069457,381.974438,47.523254,386.634103,1200.186727,149.626292,24.079613,131.791581,32.469053
d09_34_G05_0_2_S,glasshouse_b1,Hartog,T0,R2,S,100.0,52.0,440.467149,0.118056,166.888409,0.408219,0.435429,0.821052,869.513026,61.303399,566.625163,59.165763,379.459176,1.842209,12.768815,166.34339,1.250186,40.114414,522.583173,3.927576,2.33009,58.302123,0.671186
d15_14_G02_1_2_T,glasshouse_b2,5489,T1,R2,T,48.0,28.0,329.50843,0.084975,120.526421,0.40122,0.435429,0.598439,651.680218,42.622272,412.899021,34.400779,295.107651,0.0,8.138484,123.291357,0.0,25.567801,387.331221,0.0,1.605718,41.016554,0.0
d21_01_G01_0_1_T,glasshouse_b1,Gladius,T0,R1,T,141.0,89.0,666.247115,0.133584,264.694665,0.431334,0.435429,0.598439,1309.692947,101.857822,903.150745,61.162545,605.08457,0.0,13.815165,273.61954,0.0,43.401621,859.749123,0.0,2.636363,99.22146,0.0
d2_T017_02.10.23,field,Gladius,na,R6,T,1021.0,292.0,3339.537954,0.087437,600.504175,0.197864,0.18932,0.592667,6645.226511,113.061871,2084.128147,3138.183874,201.35408,0.0,594.056126,69.342467,0.0,1866.282361,217.845786,0.0,93.896265,19.165606,0.0
d6_T021_28.10.23,field,Gladius,na,R9,T,1155.0,384.0,3506.201877,0.10952,638.493347,0.202021,0.18932,0.616383,6959.691742,123.103886,2226.999588,3267.05702,238.838252,0.306605,625.973197,82.651703,0.187544,1966.552796,259.857604,0.589188,99.999322,23.014464,0.0901
d25_28_G04_0_4_S,glasshouse_b1,Forrest,T0,R4,S,130.0,76.0,510.928482,0.148749,186.927868,0.400139,0.435429,0.725714,1003.123953,67.600438,645.036617,65.925221,443.794449,1.208812,15.912154,188.575653,0.833725,49.989505,592.427887,2.619224,3.174024,63.973402,0.453012
d05_03_G01_0_3_T,glasshouse_b1,Gladius,T0,R3,T,41.0,23.0,173.75385,0.132371,64.774064,0.407013,0.435429,0.725714,342.361537,24.148616,223.216338,28.110197,144.942841,0.700812,6.602985,63.980939,0.468043,20.743889,201.002047,1.470402,1.284473,22.617537,0.246606
d49_29_G04_1_1_S,glasshouse_b2,Forrest,T1,R1,S,230.0,132.0,587.797705,0.224567,196.018041,0.369313,0.410526,0.740086,1140.495955,70.850635,691.877226,155.577026,423.209736,9.010942,34.639341,179.680503,5.869385,108.822698,564.615313,18.439216,6.527643,61.307004,3.015988
d07_22_G03_1_2_T,glasshouse_b2,CALINGIRI,T1,R2,T,35.0,13.0,134.150328,0.096906,48.995294,0.390417,0.410526,0.580571,267.539724,16.822578,165.629812,19.258986,114.891342,0.0,4.995946,47.72566,0.0,15.695228,149.934584,0.0,1.062164,15.760415,0.0
d21_27_G04_0_3_S,glasshouse_b1,Forrest,T0,R3,S,105.0,65.0,472.804009,0.137478,170.269574,0.394228,0.435429,0.598439,930.994855,60.716492,587.980643,69.995263,402.808746,0.0,16.668482,170.458261,0.0,52.36558,535.615063,0.0,3.280506,57.435986,0.0
d41_37_G05_1_1_S,glasshouse_b1,Hartog,T1,R1,S,139.0,77.0,330.05592,0.233294,108.118283,0.365662,0.410526,0.598439,643.236511,37.762608,381.149161,92.736793,237.319127,0.0,21.064398,100.259148,0.0,66.175757,314.973404,0.0,4.032237,33.730371,0.0
d27_33_G05_0_1_S,glasshouse_b2,Hartog,T0,R1,S,196.0,98.0,614.245231,0.159545,211.607213,0.380017,0.410526,0.725714,1204.472188,75.585642,737.886201,134.134489,475.237257,4.873486,30.303887,201.531476,3.04111,95.202468,633.129804,9.553929,5.769524,68.323531,1.492587
d25_25_G04_0_1_S,glasshouse_b1,Forrest,T0,R1,S,99.0,59.0,481.76603,0.122466,182.440715,0.412162,0.435429,1.04664,945.760973,68.661722,626.459894,58.802021,411.988482,10.975528,13.349382,178.072329,7.986666,41.938321,559.430721,25.090851,2.546199,61.400127,4.715396
d49_35_G05_0_3_S,glasshouse_b2,Hartog,T0,R3,S,1393.0,1077.0,2387.296172,0.451138,787.058334,0.414399,0.410526,2.960345,4242.550279,448.718885,3137.668583,894.718963,1198.93637,293.640839,193.301404,550.988497,254.214694,607.27427,1731.222496,799.171818,35.357844,206.443985,206.917055
d35_30_G04_1_2_S,glasshouse_b2,Forrest,T1,R2,S,94.0,34.0,303.431421,0.112052,95.847076,0.345728,0.324549,0.580571,602.662244,31.318858,332.469975,103.390205,200.041216,0.0,24.405622,81.422858,0.0,76.672524,255.797451,0.0,4.819529,26.499329,0.0
d43_48_G06_1_4_S,glasshouse_b2,3811,T1,R4,S,342.0,210.0,1094.989004,0.191783,362.432455,0.370276,0.410526,1.105375,2120.532738,130.906346,1282.564131,307.214047,770.865296,16.909661,71.360646,324.449313,12.419331,224.18608,1019.361572,39.016479,13.957597,109.571754,7.376995
d21_09_G02_0_1_T,glasshouse_b1,5489,T0,R1,T,122.0,78.0,692.46258,0.112641,274.595896,0.429146,0.435429,0.917964,1361.679385,103.963836,934.039807,45.664823,640.59522,6.202538,10.871519,282.252934,4.189652,34.153883,886.723743,13.16218,2.138347,99.565365,2.260123
d17_19_G03_0_3_T,glasshouse_b1,CALINGIRI,T0,R3,T,134.0,96.0,635.370418,0.151093,236.333958,0.408076,0.435429,0.725714,1246.163872,86.742821,820.842192,59.244225,575.570524,0.555669,15.176432,245.7409,0.364853,47.678166,772.017808,1.146218,3.181635,83.372009,0.189177
d09_12_G02_0_4_T,glasshouse_b1,5489,T0,R4,T,59.0,43.0,286.16693,0.150262,114.454017,0.430101,0.435429,0.649099,559.975568,43.222955,388.493374,17.26434,268.624755,0.277834,4.058051,119.422889,0.180342,12.748743,375.17807,0.566561,0.798349,42.332667,0.091938
d29_03_G01_0_3_T,glasshouse_b1,Gladius,T0,R3,T,195.0,127.0,917.779346,0.138377,345.890026,0.411952,0.435429,0.725714,1797.692979,128.888107,1191.421452,102.41458,811.112227,4.252539,24.089444,352.347087,2.771387,75.67922,1107.035663,8.706568,4.739848,122.724372,1.423887
d4_T006_14.10.23,field,3811,na,R3,S,1277.0,507.0,4507.494605,0.112479,799.240337,0.195705,0.18932,0.61054,8925.864514,149.100429,2785.646792,4261.859165,245.550774,0.084667,803.138552,83.478256,0.051692,2523.134174,262.350222,0.162396,126.410652,22.66499,0.024787
d09_22_G03_1_2_T,glasshouse_b1,CALINGIRI,T1,R2,T,49.0,23.0,202.710734,0.113462,78.683187,0.418549,0.435429,0.580571,400.027532,29.071098,268.000792,18.78834,183.922395,0.0,4.794318,80.479675,0.0,15.061794,252.938998,0.0,1.004805,28.066294,0.0
d49_25_G04_0_1_S,glasshouse_b2,Forrest,T0,R1,S,628.0,420.0,1474.660737,0.284811,489.010214,0.386765,0.410526,1.603155,2776.272558,208.992265,1801.860428,482.844591,900.610648,91.205499,106.856654,393.992029,72.525798,335.70008,1237.972895,228.187454,20.04994,140.074827,48.867497
d05_37_G05_1_1_S,glasshouse_b1,Hartog,T1,R1,S,31.0,17.0,68.826827,0.246997,22.172438,0.348747,0.410526,0.52332,134.822483,7.416646,77.140627,19.552293,49.274534,0.0,4.449897,20.104727,0.0,13.979765,63.160861,0.0,0.846393,6.570253,0.0
d05_14_G02_1_2_T,glasshouse_b1,5489,T1,R2,T,16.0,12.0,60.070586,0.199765,21.514111,0.384244,0.410526,0.598439,117.720528,7.416164,72.80768,10.412565,49.658021,0.0,2.511346,20.664059,0.0,7.889625,64.918055,0.0,0.501768,6.914395,0.0
d43_12_G02_0_4_T,glasshouse_b2,5489,T0,R4,T,514.0,424.0,1820.184624,0.232943,666.863709,0.409911,0.435429,1.04664,3491.679946,262.218218,2348.299923,341.527819,1425.334629,53.322177,81.970171,625.686725,39.806632,257.516888,1965.726813,125.056222,16.362134,222.059655,23.796429
d31_13_G02_1_1_T,glasshouse_b2,5489,T1,R1,T,129.0,87.0,608.24228,0.143035,220.239191,0.397167,0.410526,0.725714,1190.303732,79.182871,758.620852,91.493648,511.43456,5.314072,23.617513,214.469437,3.389567,74.196605,673.775607,10.64864,4.9839,72.495529,1.703442
d05_24_G03_1_4_T,glasshouse_b1,CALINGIRI,T1,R4,T,44.0,28.0,113.228241,0.247288,37.845876,0.368701,0.410526,0.615789,219.728336,12.912313,131.614759,29.431955,83.548512,0.247774,7.331713,34.409989,0.152577,23.033256,108.102168,0.479334,1.488591,11.34993,0.073792
d05_33_G05_0_1_S,glasshouse_b1,Hartog,T0,R1,S,29.0,11.0,153.568311,0.071629,50.764875,0.362601,0.410526,0.580571,305.431376,16.995138,174.57509,36.926191,116.64212,0.0,8.102884,47.466093,0.0,25.455962,149.119128,0.0,1.496499,15.498639,0.0
d49_19_G03_0_3_T,glasshouse_b2,CALINGIRI,T0,R3,T,880.0,684.0,2438.883028,0.280456,915.463607,0.429235,0.435429,1.622746,4585.44307,406.301439,3322.163629,564.256245,1733.714861,140.911922,141.224834,803.662986,112.436381,443.670901,2525.123026,353.369702,29.201238,301.736765,75.363436
d29_22_G03_1_2_T,glasshouse_b1,CALINGIRI,T1,R2,T,121.0,87.0,746.057256,0.116613,277.10807,0.408852,0.435429,0.580571,1466.729832,100.596018,958.325351,61.057259,684.999997,0.0,15.503219,289.541215,0.0,48.704797,909.620554,0.0,3.236892,97.359126,0.0
d21_05_G01_1_1_T,glasshouse_b1,Gladius,T1,R1,T,117.0,69.0,618.431518,0.111573,231.146345,0.405896,0.435429,0.725714,1220.751661,83.221193,790.914506,68.205362,549.978382,0.247774,16.56932,235.012333,0.174253,52.054054,738.313019,0.547433,3.354714,79.769993,0.096485
d43_15_G02_1_3_T,glasshouse_b2,5489,T1,R3,T,564.0,378.0,1494.485278,0.25293,508.796876,0.385165,0.410526,1.436841,2856.767938,196.62045,1816.910611,393.367255,1052.43349,48.684532,89.704831,451.810323,36.697419,281.816038,1419.613278,115.481294,17.183485,156.768651,22.668314
d27_11_G02_0_3_T,glasshouse_b2,5489,T0,R3,T,204.0,144.0,848.140835,0.169783,327.435816,0.423035,0.435429,0.88287,1649.869618,127.459785,1129.836443,96.98808,733.187603,17.965151,21.549568,324.69939,13.389152,67.699965,1020.073217,42.06326,4.041874,115.503456,7.914455
d11_17_G03_0_1_T,glasshouse_b2,CALINGIRI,T0,R1,T,107.0,73.0,490.119405,0.148943,194.717188,0.430736,0.435429,0.917964,956.125199,74.640527,667.442157,34.65835,451.443839,4.017216,8.454095,201.221301,2.778041,26.559323,632.15536,8.727474,1.713361,71.390445,1.536721
d41_12_G02_0_4_T,glasshouse_b1,5489,T0,R4,T,442.0,346.0,1617.54756,0.213904,600.96259,0.415367,0.435429,1.105375,3103.890376,238.282508,2114.728111,282.457027,1285.098464,49.992069,67.838699,568.503367,36.608593,213.121559,1786.363274,115.243278,13.552256,203.128904,21.601348
d5_T017_21.10.23,field,Gladius,na,R6,T,1044.0,363.0,3407.18831,0.106539,615.719199,0.199509,0.18932,0.863434,6762.901727,117.723938,2142.513085,3179.436922,226.408239,1.343149,602.512006,78.423159,1.007381,1892.926913,246.421392,3.164779,95.31571,21.807353,0.600875
d11_18_G03_0_2_T,glasshouse_b2,CALINGIRI,T0,R2,T,69.0,45.0,438.326538,0.102663,162.290656,0.407983,0.435429,1.026315,858.999207,60.514756,563.748311,52.660855,376.923145,8.742538,13.189758,159.985578,6.226635,41.436848,502.749911,19.561552,2.724341,54.24274,3.547675
d35_28_G04_0_4_S,glasshouse_b2,Forrest,T0,R4,S,258.0,168.0,732.582585,0.229326,255.715091,0.385784,0.410526,1.133602,1418.346864,93.869781,896.973118,147.84121,571.815848,12.925526,34.430014,241.836977,9.218628,108.258674,759.753271,28.961173,6.664955,81.886948,5.317878
d29_40_G05_1_4_S,glasshouse_b1,Hartog,T1,R4,S,132.0,80.0,644.841261,0.124062,245.571596,0.415344,0.435429,0.870857,1267.178819,92.588236,844.786374,77.881013,560.461016,6.499232,17.978216,246.135554,4.790085,56.480232,773.257647,15.048494,3.495697,86.309673,2.782866
d41_48_G06_1_4_S,glasshouse_b1,3811,T1,R4,S,317.0,209.0,1028.72885,0.203163,345.77416,0.375329,0.410526,0.973648,1992.028394,124.490692,1220.950913,263.108075,754.242899,11.377875,62.499626,318.059664,8.081456,196.348366,999.213905,25.388642,12.419857,107.488968,4.581866
d17_25_G04_0_1_S,glasshouse_b1,Forrest,T0,R1,S,65.0,33.0,276.471685,0.119361,100.59756,0.397632,0.435429,0.821052,544.738893,36.858505,345.652114,53.217042,221.810508,1.444135,11.9535,97.009374,1.061611,37.553027,304.763936,3.335151,2.22296,34.018727,0.616818
d49_47_G06_1_3_S,glasshouse_b2,3811,T1,R3,S,547.0,311.0,1498.903349,0.207485,493.486834,0.367851,0.410526,0.870857,2904.253858,180.096473,1746.562233,516.8646,953.754234,28.284515,123.169186,413.195282,19.509076,386.947411,1298.18486,61.429963,24.522239,144.876862,10.697372
d13_43_G06_0_3_S,glasshouse_b1,3811,T0,R3,S,90.0,64.0,402.177421,0.159134,149.777186,0.406084,0.435429,0.725714,787.649559,55.167875,515.528373,54.570112,347.226843,0.380466,12.848899,151.000893,0.247986,40.366007,474.383296,0.779071,2.51523,52.525047,0.127598
d5_T023_21.10.23,field,3811,na,R8,S,1498.0,761.0,4615.572432,0.164877,837.216964,0.202433,0.18932,0.677333,9095.268985,163.636477,2936.468404,4280.450202,334.748493,0.373737,816.918706,117.518786,0.244088,2566.457654,369.243926,0.766824,130.27575,33.23525,0.125477
d45_31_G04_1_3_S,glasshouse_b1,Forrest,T1,R3,S,277.0,157.0,719.782671,0.218121,231.641406,0.360764,0.410526,1.133602,1393.523807,83.749093,822.224313,243.283106,455.442132,21.057433,56.295459,190.34467,15.037309,176.857402,597.985418,47.381493,10.949471,64.104614,8.695008
d17_34_G05_0_2_S,glasshouse_b1,Hartog,T0,R2,S,142.0,68.0,673.106335,0.101024,258.875058,0.415204,0.435429,0.821052,1331.270983,95.35036,877.521464,74.829259,594.822823,3.454253,16.763848,260.044634,2.481966,52.665181,817.058955,7.797328,3.165648,90.764475,1.420237
d09_16_G02_1_4_T,glasshouse_b1,5489,T1,R4,T,33.0,15.0,139.72197,0.107356,54.693768,0.417466,0.435429,0.598439,276.715402,19.934426,183.509088,15.207437,124.514533,0.0,3.481151,54.931606,0.0,10.936358,172.57273,0.0,0.665103,19.269322,0.0
d21_19_G03_0_3_T,glasshouse_b1,CALINGIRI,T0,R3,T,119.0,75.0,768.954458,0.097535,283.712402,0.405543,0.435429,0.580571,1519.217165,102.858954,984.124348,80.228568,688.72589,0.0,21.198389,292.058121,0.0,66.596702,917.527646,0.0,4.545984,98.312971,0.0
d4_T004_14.10.23,field,3811,na,R1,S,1055.0,389.0,3614.790579,0.107613,641.996924,0.196969,0.18932,0.677333,7173.187392,120.206092,2238.120225,3422.63629,191.925088,0.229202,645.160003,67.08868,0.14919,2026.829926,210.821606,0.468694,101.243395,18.8863,0.076397
d33_25_G04_0_1_S,glasshouse_b1,Forrest,T0,R1,S,181.0,107.0,669.188363,0.159895,242.079832,0.39617,0.435429,0.649099,1313.183973,88.137814,838.540929,101.657554,567.047711,0.483097,23.102807,243.509739,0.303322,72.579608,765.008406,0.952914,4.407857,83.580283,0.149674
d3_T022_08.10.23,field,3811,na,R7,S,1022.0,421.0,2919.123791,0.144221,533.841226,0.203505,0.18932,1.365209,5769.703029,107.853852,1869.967671,2676.69438,237.798273,4.631138,508.305956,82.220601,4.65702,1596.890257,258.446954,14.630461,81.05676,22.924688,3.872404
d09_09_G02_0_1_T,glasshouse_b1,5489,T0,R1,T,52.0,26.0,239.199879,0.108696,94.367158,0.423524,0.435429,0.580571,471.797894,35.083401,318.091698,21.451601,217.748278,0.0,4.881578,96.336845,0.0,15.33593,302.755768,0.0,0.934097,34.149304,0.0
d45_18_G03_0_2_T,glasshouse_b1,CALINGIRI,T0,R2,T,474.0,362.0,1807.180154,0.200312,655.077031,0.406466,0.435429,1.231578,3467.528688,265.344397,2319.972194,516.108307,1214.346301,76.725546,123.383208,559.393145,55.649043,387.619781,1757.385394,174.967019,24.701711,208.2083,32.434386
d33_41_G06_0_1_S,glasshouse_b1,3811,T0,R1,S,315.0,199.0,998.60167,0.199279,344.357442,0.386095,0.410526,1.248566,1928.999962,128.21511,1220.527864,255.688029,716.038043,26.875598,65.920678,303.027026,19.505036,207.095919,952.155068,61.276878,13.911111,102.82915,11.474849
d29_37_G05_1_1_S,glasshouse_b1,Hartog,T1,R1,S,79.0,39.0,283.011355,0.137804,101.350686,0.39173,0.435429,0.598439,558.590731,36.441089,350.5648,49.475006,233.536349,0.0,11.434944,100.153297,0.0,35.923937,314.640862,0.0,2.224691,34.216398,0.0
d33_35_G05_0_3_S,glasshouse_b1,Hartog,T0,R3,S,318.0,198.0,799.768192,0.247572,274.680162,0.381657,0.410526,0.781618,1542.610387,101.96763,968.65684,198.274599,595.55946,5.934133,44.93597,259.439826,3.933699,141.170514,815.128247,12.358079,8.553209,91.355311,2.059111
d11_09_G02_0_1_T,glasshouse_b2,5489,T0,R1,T,81.0,45.0,315.542304,0.142612,122.554067,0.418343,0.435429,0.615789,621.903621,45.54227,415.005217,36.894361,278.575372,0.072571,8.446738,123.608837,0.044689,26.536209,388.328614,0.140394,1.610625,43.910032,0.021613
d11_21_G03_1_1_T,glasshouse_b2,CALINGIRI,T1,R1,T,95.0,47.0,337.649981,0.139197,123.328259,0.401617,0.435429,0.929368,664.809667,45.003845,427.727341,48.351217,287.679426,1.619338,11.771698,123.131804,1.24634,36.981879,386.829971,3.915492,2.391473,41.848347,0.764025
d07_02_G01_0_2_T,glasshouse_b2,Gladius,T0,R2,T,44.0,30.0,196.686421,0.152527,80.721366,0.444619,0.435429,0.598439,383.76372,32.357835,277.248549,16.052507,180.633914,0.0,3.70808,84.542874,0.0,11.649278,265.599271,0.0,0.722091,31.635744,0.0
d29_18_G03_0_2_T,glasshouse_b1,CALINGIRI,T0,R2,T,189.0,135.0,992.637387,0.136001,365.297492,0.406703,0.435429,0.821052,1943.583772,136.046303,1270.003486,150.78893,833.396206,8.452252,38.264834,360.192505,5.797325,120.212522,1131.578129,18.212835,7.980305,124.915484,3.150515
d37_27_G04_0_3_S,glasshouse_b1,Forrest,T0,R3,S,227.0,159.0,766.280023,0.207496,278.577455,0.408255,0.435429,1.231578,1476.760492,109.503542,990.342577,123.110774,621.235802,21.933447,30.150796,268.435902,16.649135,94.72152,843.316257,52.304799,6.120645,93.142216,10.240681
d3_T002_08.10.23,field,Gladius,na,R2,T,1607.0,1169.0,5975.323728,0.195638,1125.961906,0.213197,0.18932,0.723392,11626.02322,235.805552,3990.581983,5322.83009,649.240719,3.25292,1036.310438,231.748437,2.106468,3255.728957,728.23536,6.617666,167.950256,66.780495,1.074801
d41_41_G06_0_1_S,glasshouse_b1,3811,T0,R1,S,785.0,637.0,1977.999924,0.322042,702.982136,0.4105,0.410526,1.369275,3683.556426,300.807289,2577.880563,489.262402,1368.745549,119.991972,120.822266,606.806483,92.574301,379.574344,1906.71038,291.595839,24.715022,217.795357,58.29691
d21_47_G06_1_3_S,glasshouse_b1,3811,T1,R3,S,79.0,47.0,417.583409,0.112552,148.039204,0.390084,0.410526,0.725714,822.851038,52.123017,514.524063,52.127068,364.930732,0.525609,13.265918,150.168864,0.343313,41.676112,471.769401,1.078551,2.771729,49.174751,0.176537
d25_15_G02_1_3_T,glasshouse_b1,5489,T1,R3,T,138.0,100.0,553.977042,0.180513,206.983128,0.411088,0.435429,0.870857,1076.193434,78.088501,717.187734,67.893195,478.710737,7.373111,15.266996,207.835961,5.184989,47.962683,652.935927,16.289124,2.895422,72.314632,2.878447
d21_43_G06_0_3_S,glasshouse_b1,3811,T0,R3,S,157.0,108.0,807.329083,0.133774,309.266004,0.413987,0.435429,0.725714,1587.462588,113.969678,1054.340417,87.975002,718.961163,0.392917,21.136708,314.206639,0.263631,66.402928,987.10927,0.82822,4.209082,109.620884,0.139712
d43_27_G04_0_3_S,glasshouse_b2,Forrest,T0,R3,S,315.0,233.0,940.930517,0.247627,342.040132,0.414262,0.435429,1.563236,1790.767078,146.061249,1234.208782,183.21908,703.027127,54.68431,45.262532,300.785505,46.769391,142.196437,945.081971,146.930374,9.248691,103.440483,33.372075
d37_06_G01_1_2_T,glasshouse_b1,Gladius,T1,R2,T,266.0,144.0,818.392654,0.175955,258.875058,0.351901,0.324549,1.338151,1599.111522,89.485762,909.225926,360.990879,452.676454,4.725322,90.678517,194.674817,4.062267,284.874963,611.588974,12.761989,18.743971,67.788577,2.953213
d1_T006_27.09.23,field,3811,na,R3,S,977.0,291.0,2752.800239,0.105711,488.891495,0.196009,0.18932,1.129594,5469.538746,92.287495,1702.702389,2613.391395,136.631863,2.776981,492.947542,46.602213,2.406836,1548.640376,146.500715,7.561299,77.795418,12.79942,1.692657
d45_39_G05_1_3_S,glasshouse_b1,Hartog,T1,R3,S,370.0,222.0,908.015803,0.244489,317.297588,0.390997,0.410526,1.161143,1748.753682,123.192823,1127.968455,223.705026,652.073072,32.237705,53.134305,281.217787,24.691419,166.926342,883.471734,77.570379,10.552273,97.440456,15.200095
d37_09_G02_0_1_T,glasshouse_b1,5489,T0,R1,T,336.0,214.0,1208.132071,0.177133,445.381598,0.408345,0.435429,1.016,2346.521811,173.318728,1551.819955,231.779985,945.156169,31.195918,50.510881,421.417873,22.030879,158.684612,1323.923294,69.212049,9.333641,151.652783,12.332303
d27_20_G03_0_4_T,glasshouse_b2,CALINGIRI,T0,R4,T,195.0,137.0,1096.194402,0.124978,390.751029,0.394988,0.435429,0.917964,2151.080404,141.212827,1362.26961,183.031793,905.80195,7.360659,47.201832,381.245644,5.176408,148.288929,1197.718515,16.262166,9.955873,128.375316,2.881637
d09_40_G05_1_4_S,glasshouse_b1,Hartog,T1,R4,S,33.0,21.0,84.419369,0.248758,28.43444,0.374751,0.410526,0.615789,163.887523,10.123767,99.94534,22.107765,62.166461,0.145143,5.223934,26.500278,0.089377,16.411474,83.253079,0.280787,1.025403,9.055138,0.043226
d49_01_G01_0_1_T,glasshouse_b2,Gladius,T0,R1,T,594.0,384.0,1916.234344,0.200393,708.348814,0.408917,0.435429,1.026315,3711.408105,275.549512,2473.132567,368.820352,1525.966664,21.447329,82.405338,689.820806,14.928632,258.884004,2167.348883,46.899681,15.565504,251.656435,8.327573
d17_36_G05_0_4_S,glasshouse_b1,Hartog,T0,R4,S,154.0,84.0,499.062718,0.168316,184.036498,0.399887,0.435429,0.725714,977.642167,67.73252,632.059237,88.226164,408.789082,2.047472,20.485509,179.310672,1.361214,64.357124,563.425732,4.276381,3.993828,63.025295,0.713397
d27_09_G02_0_1_T,glasshouse_b2,5489,T0,R1,T,206.0,136.0,924.122387,0.147167,368.636524,0.437138,0.435429,1.016,1803.533696,147.549634,1270.248827,84.256617,812.866544,26.999226,18.370576,366.67526,19.286923,57.712868,1151.944304,60.591656,3.405459,133.219885,10.924289
d31_35_G05_0_3_S,glasshouse_b2,Hartog,T0,R3,S,263.0,167.0,721.645814,0.231415,253.113384,0.391552,0.410526,0.917964,1390.53101,96.570806,894.718244,165.703212,543.280322,12.66228,37.391839,238.856506,8.549318,117.469926,750.389843,26.858475,7.104577,84.870299,4.59593
d27_44_G06_0_4_S,glasshouse_b2,3811,T0,R4,S,252.0,177.0,1112.278309,0.159133,399.251341,0.394212,0.435429,0.781618,2174.534856,144.42962,1380.113854,198.137635,909.252601,4.888073,46.39224,389.552875,3.358769,145.745519,1223.81645,10.551884,9.116532,133.490386,1.822701
d1_T002_27.09.23,field,Gladius,na,R2,T,1569.0,1260.0,6075.20385,0.2074,1163.196598,0.217511,0.18932,1.06087,11769.21507,251.885653,4139.638847,5349.028067,714.07541,12.100372,1052.174705,256.91953,8.491856,3305.599869,807.279827,26.759151,172.154104,74.940579,4.790971
d27_34_G05_0_2_S,glasshouse_b2,Hartog,T0,R2,S,184.0,108.0,834.701481,0.129388,307.896685,0.402535,0.435429,0.821052,1640.584659,112.302605,1058.684867,108.511465,717.695252,8.494763,25.616141,305.440063,5.895677,80.475482,959.68757,18.521815,5.059991,104.007607,3.235008
d49_05_G01_1_1_T,glasshouse_b2,Gladius,T1,R1,T,995.0,585.0,2348.451268,0.2491,740.880678,0.357451,0.324549,1.298197,4520.890124,275.10162,2655.16675,936.915008,1348.447368,63.088893,215.333583,581.631745,48.140913,676.490402,1827.437208,151.239139,41.647016,203.756396,29.698208
d37_30_G04_1_2_S,glasshouse_b1,Forrest,T1,R2,S,105.0,41.0,316.344496,0.129606,98.274984,0.338983,0.324549,0.615789,627.74205,31.644983,341.083064,120.641209,195.600656,0.102631,29.206731,79.300181,0.063199,91.755651,249.128867,0.198547,5.879177,25.73524,0.030566
d49_33_G05_0_1_S,glasshouse_b2,Hartog,T0,R1,S,771.0,519.0,1716.440107,0.30237,614.592583,0.419044,0.435429,2.21075,3201.108989,301.382905,2281.167418,490.874232,1068.585455,156.980419,105.724957,486.381046,133.525203,332.144749,1528.526724,420.495945,19.417045,179.3732,102.59266
d27_26_G04_0_2_S,glasshouse_b2,Forrest,T0,R2,S,139.0,87.0,534.133641,0.162881,202.917303,0.41525,0.435429,0.781618,1045.580198,76.401639,702.274846,59.759152,473.19058,1.183909,14.43038,208.304959,0.805688,45.334376,654.409328,2.531142,2.890021,73.078151,0.433468
d45_02_G01_0_2_T,glasshouse_b1,Gladius,T0,R2,T,510.0,348.0,1420.259393,0.245026,507.643488,0.402967,0.435429,1.056656,2723.324753,199.300709,1808.249981,283.466099,1105.871305,30.921989,63.133373,490.157679,22.138057,198.339342,1540.221489,69.68915,11.859537,174.732801,12.708371
d35_19_G03_0_3_T,glasshouse_b2,CALINGIRI,T0,R3,T,266.0,182.0,1277.033857,0.142518,473.299909,0.407987,0.435429,0.870857,2503.289292,176.514386,1645.2892,203.748464,1064.943951,8.341442,54.069986,463.892398,5.749434,169.865871,1457.36095,18.062379,11.664984,161.719151,3.130251
d15_21_G03_1_1_T,glasshouse_b2,CALINGIRI,T1,R1,T,104.0,62.0,499.854721,0.124036,174.451264,0.388254,0.435429,0.740086,983.177225,62.126782,610.351189,96.598917,400.753157,2.502646,24.229242,168.278378,1.773198,76.118408,528.662115,5.570666,5.023172,56.114424,0.989187
d45_41_G06_0_1_S,glasshouse_b1,3811,T0,R1,S,1199.0,942.0,2858.831956,0.329505,967.408203,0.39492,0.410526,1.747751,5315.043099,415.964236,3575.757576,916.225438,1729.841285,212.765234,212.726039,762.460842,162.764267,668.29856,2395.551813,511.907204,41.501789,272.77366,101.688787
d21_30_G04_1_2_S,glasshouse_b1,Forrest,T1,R2,S,56.0,18.0,216.440222,0.083164,72.784581,0.367473,0.410526,0.580571,431.305755,24.731215,251.451885,52.908629,163.531593,0.0,12.682538,67.357083,0.0,39.843368,211.608517,0.0,2.544549,22.186666,0.0
d19_19_G03_0_3_T,glasshouse_b2,CALINGIRI,T0,R3,T,132.0,84.0,714.435188,0.117575,261.318766,0.401667,0.435429,0.580571,1408.289998,94.494854,906.50692,96.314156,618.121032,0.0,25.158079,263.392035,0.0,79.036437,827.470483,0.0,5.356894,89.13796,0.0
d15_33_G05_0_1_S,glasshouse_b2,Hartog,T0,R1,S,86.0,36.0,367.712464,0.097903,134.946406,0.398691,0.435429,0.580571,731.195156,48.784764,462.736175,57.700113,310.012351,0.0,13.302758,133.990741,0.0,41.791847,420.944328,0.0,2.574434,46.21033,0.0
d13_45_G06_1_1_S,glasshouse_b1,3811,T1,R1,S,103.0,71.0,306.097552,0.231952,111.041253,0.39623,0.435429,0.725714,593.7554,40.240221,384.113965,46.123017,259.594068,0.380466,11.099635,110.882924,0.251404,34.870533,348.453622,0.78981,2.210953,37.898273,0.130995
d25_22_G03_1_2_T,glasshouse_b1,CALINGIRI,T1,R2,T,119.0,79.0,637.446699,0.123932,231.172678,0.401841,0.435429,0.580571,1255.641706,83.005137,805.049638,64.951214,572.495485,0.0,17.110567,239.073404,0.0,53.754432,751.295206,0.0,3.661946,79.343191,0.0
d35_08_G01_1_4_T,glasshouse_b2,Gladius,T1,R4,T,258.0,180.0,856.440713,0.210172,291.859851,0.378239,0.410526,0.740086,1663.834403,105.995444,1019.882788,305.273997,540.207545,10.959171,79.200328,238.07073,7.367716,248.815168,747.921256,23.146364,16.750573,85.339293,3.905578
d05_41_G06_0_1_S,glasshouse_b1,3811,T0,R1,S,34.0,16.0,137.241206,0.116583,47.489043,0.376687,0.410526,0.580571,271.838895,16.271079,162.82101,30.969658,106.271547,0.0,7.474377,44.35316,0.0,23.481447,139.339563,0.0,1.500405,14.770674,0.0
d15_46_G06_1_2_S,glasshouse_b2,3811,T1,R2,S,63.0,31.0,295.059616,0.105064,110.99912,0.406408,0.435429,0.598439,583.618229,40.019383,378.277161,33.154095,261.905521,0.0,8.042861,112.366499,0.0,25.267393,353.009769,0.0,1.631235,38.388148,0.0
d19_29_G04_1_1_S,glasshouse_b2,Forrest,T1,R1,S,62.0,26.0,197.1791,0.13186,64.126271,0.356519,0.410526,0.580571,388.397028,21.687225,223.380702,52.5303,144.648801,0.0,11.978491,59.102242,0.0,37.631539,185.749164,0.0,2.302518,19.384707,0.0
d35_04_G01_0_4_T,glasshouse_b2,Gladius,T0,R4,T,477.0,403.0,1384.471364,0.291086,502.271543,0.423164,0.435429,1.603155,2587.213164,221.589256,1847.02599,253.438618,1049.319516,81.713229,60.48421,458.143174,69.232266,190.016749,1439.509663,217.499578,12.026424,161.190086,48.372746
d7_T012_04.11.23,field,Gladius,na,R5,T,1009.0,424.0,3307.837514,0.12818,598.989841,0.201588,0.18932,0.616383,6547.151622,115.950331,2095.12606,3080.909116,226.681662,0.246737,587.434308,79.292671,0.152084,1845.495229,249.153044,0.477787,93.58962,22.287086,0.073625
d45_03_G01_0_3_T,glasshouse_b1,Gladius,T0,R3,T,430.0,292.0,1741.969384,0.167626,650.869008,0.411368,0.435429,1.016,3395.508959,249.46874,2258.061267,305.200907,1413.825072,22.943405,73.803242,628.941293,15.985381,231.859722,1975.98199,50.219555,14.875955,225.713028,8.879756
d25_43_G06_0_3_S,glasshouse_b1,3811,T0,R3,S,217.0,143.0,1001.321145,0.142811,387.327731,0.423243,0.435429,0.740086,1957.393151,148.294497,1336.759184,93.404523,904.122278,3.794344,21.741465,401.039753,2.612398,68.302827,1260.249266,8.207091,4.244825,142.630667,1.419005
d09_33_G05_0_1_S,glasshouse_b1,Hartog,T0,R1,S,51.0,25.0,196.191024,0.127427,70.683203,0.390594,0.410526,0.580571,387.94097,24.926997,241.71452,30.977837,165.213187,0.0,7.607513,69.332609,0.0,23.899706,217.814814,0.0,1.543092,23.383904,0.0
d37_21_G03_1_1_T,glasshouse_b1,CALINGIRI,T1,R1,T,262.0,214.0,1102.83707,0.194045,380.128272,0.38785,0.410526,0.870857,2135.129617,138.169257,1349.551304,229.352627,858.370207,15.114236,60.639019,358.459775,10.375177,190.503098,1126.313234,32.734972,13.028331,119.462734,5.678192
d15_47_G06_1_3_S,glasshouse_b2,3811,T1,R3,S,78.0,46.0,331.141104,0.138914,122.011606,0.402537,0.435429,0.88287,650.687869,44.675004,422.03779,41.371024,286.664096,3.105984,10.062192,122.077555,2.199053,31.61131,383.517951,6.908529,2.033931,41.408668,1.232406
d27_45_G06_1_1_S,glasshouse_b2,3811,T1,R1,S,220.0,104.0,719.034834,0.144638,246.198323,0.376389,0.435429,0.649099,1413.694947,86.09829,851.006408,163.451728,555.275212,0.307894,35.175242,235.434078,0.196435,110.506281,739.883008,0.61712,6.428941,79.570859,0.098489
d43_32_G04_1_4_S,glasshouse_b2,Forrest,T1,R4,S,245.0,133.0,591.88078,0.224707,194.553923,0.364789,0.410526,0.870857,1147.128675,69.597379,685.444548,178.05833,405.768272,8.054177,40.597297,171.858954,5.632686,127.540168,540.208776,17.695604,7.799508,58.678101,3.11977
d07_42_G06_0_2_S,glasshouse_b2,3811,T0,R2,S,64.0,36.0,181.865277,0.197949,60.013047,0.362399,0.410526,0.598439,354.542274,20.314441,209.542584,41.446616,140.418661,0.0,10.188281,56.511195,0.0,32.007429,177.535155,0.0,2.071786,18.242655,0.0
d31_08_G01_1_4_T,glasshouse_b2,Gladius,T1,R4,T,233.0,145.0,721.886268,0.200863,240.836911,0.371603,0.410526,0.870857,1403.153381,85.622979,845.591598,239.278859,471.032449,11.57496,61.337924,199.752324,8.0033,192.698771,627.74972,25.143107,12.875594,68.374186,4.373199
d07_23_G03_1_3_T,glasshouse_b2,CALINGIRI,T1,R3,T,37.0,21.0,118.167005,0.177715,41.685236,0.381974,0.410526,0.580571,231.627548,14.332945,142.580867,18.426367,99.740637,0.0,4.501633,40.883266,0.0,14.142298,128.438569,0.0,0.90874,13.424205,0.0
d6_T010_28.10.23,field,Gladius,na,R3,T,673.0,226.0,1807.012623,0.125068,318.289686,0.194969,0.18932,0.598684,3590.293177,59.397386,1110.567387,1699.925048,107.087576,0.0,317.749982,35.741673,0.0,998.241009,112.326378,0.0,49.892231,9.505155,0.0
d7_T008_04.11.23,field,3811,na,R4,S,966.0,500.0,3154.366026,0.15851,588.255096,0.20864,0.18932,0.846667,6211.575149,119.235957,2065.359975,2855.045725,297.590135,1.730166,550.801896,105.413403,1.177589,1730.446722,331.213747,3.699506,88.536796,30.063464,0.635696
d49_20_G03_0_4_T,glasshouse_b2,CALINGIRI,T0,R4,T,810.0,666.0,2639.878836,0.252284,968.777523,0.415892,0.435429,1.596571,5001.577201,407.892231,3477.021668,581.003977,1922.252311,136.622547,138.888588,862.206542,105.401502,436.331368,2709.24312,331.44718,27.710329,313.07083,67.111072
d17_09_G02_0_1_T,glasshouse_b1,5489,T0,R1,T,114.0,70.0,550.034319,0.127265,217.806016,0.426644,0.435429,0.615789,1083.81514,82.194446,738.367847,44.855337,504.828576,0.350406,9.91847,224.895539,0.215776,31.159793,706.530173,0.67788,1.855242,80.234846,0.104358
d15_07_G01_1_3_T,glasshouse_b2,Gladius,T1,R3,T,78.0,54.0,520.152106,0.103816,192.87914,0.407888,0.435429,0.846321,1025.601755,70.181135,668.854869,48.559868,470.878976,0.713263,12.978217,199.390699,0.534201,40.772271,626.404356,1.678243,2.80132,67.064781,0.315034
d11_01_G01_0_1_T,glasshouse_b2,Gladius,T0,R1,T,103.0,59.0,353.244381,0.167023,136.715987,0.424184,0.435429,0.725714,690.257147,53.14583,471.676155,45.541561,307.412535,0.290286,10.311322,139.599204,0.205104,32.393974,438.637826,0.644354,1.963287,51.068473,0.11407
d43_14_G02_1_2_T,glasshouse_b2,5489,T1,R2,T,279.0,193.0,1124.273654,0.171666,404.433688,0.399621,0.435429,0.725714,2188.789408,152.234409,1410.677982,255.921001,852.713694,15.63896,62.637895,375.812474,10.535272,196.782752,1180.649708,33.245522,12.751482,133.838663,5.644264
d35_43_G06_0_3_S,glasshouse_b2,3811,T0,R3,S,402.0,290.0,1514.998796,0.191419,559.746083,0.411453,0.435429,1.563236,2923.013882,220.77255,1964.761244,273.516735,1211.853907,29.628155,62.232734,538.962523,24.174362,195.5099,1693.305346,75.945998,11.916847,192.447839,16.407863
d15_12_G02_0_4_T,glasshouse_b2,5489,T0,R4,T,81.0,51.0,478.281199,0.106632,188.391987,0.426582,0.435429,0.615789,942.864373,70.91559,641.195668,37.749746,440.458881,0.072571,8.942676,195.111555,0.044689,28.094246,612.961028,0.140394,1.764525,69.129452,0.021613
d13_18_G03_0_2_T,glasshouse_b1,CALINGIRI,T0,R2,T,86.0,58.0,506.165136,0.114587,191.420289,0.415016,0.435429,1.026315,991.851275,72.141506,662.14159,46.209292,448.755309,11.200536,11.356977,191.070005,8.339232,35.678996,600.264123,26.19847,2.30328,64.876496,4.96173
d33_03_G01_0_3_T,glasshouse_b1,Gladius,T0,R3,T,201.0,141.0,1060.258512,0.132986,390.477165,0.403521,0.435429,0.725714,2082.082306,142.975367,1344.957155,168.502919,887.901129,3.854464,42.475772,383.105409,2.531978,133.441572,1203.561138,7.954444,8.811694,132.852457,1.311215
d49_43_G06_0_3_S,glasshouse_b2,3811,T0,R3,S,1820.0,1533.0,3704.285512,0.413845,1331.810371,0.437892,0.435429,2.362754,6629.576173,719.796299,5155.627183,1034.859183,2137.990408,531.435922,230.564479,969.630669,440.241338,724.339673,3046.949824,1384.337686,43.462139,357.191125,319.143036
d3_T005_08.10.23,field,3811,na,R2,S,897.0,274.0,2642.656279,0.103684,466.232042,0.194543,0.18932,0.61054,5254.810805,86.346421,1621.13128,2509.141827,133.412251,0.102202,469.84398,46.099706,0.062398,1476.058396,144.876855,0.19603,73.51054,12.80596,0.029921
d05_32_G04_1_4_S,glasshouse_b1,Forrest,T1,R4,S,15.0,9.0,61.376354,0.146636,23.984152,0.4173,0.435429,0.580571,121.205941,8.869035,81.329331,5.360856,56.015498,0.0,1.358604,24.529326,0.0,4.268181,77.06115,0.0,0.282493,8.586542,0.0
d37_05_G01_1_1_T,glasshouse_b1,Gladius,T1,R1,T,337.0,205.0,1177.125855,0.174153,409.157839,0.385714,0.410526,0.917964,2297.63965,149.140982,1431.442521,286.522493,876.062404,14.540958,70.268238,375.036758,10.33731,220.754179,1178.212724,32.475618,14.305987,129.011181,5.823814
d09_28_G04_0_4_S,glasshouse_b1,Forrest,T0,R4,S,83.0,55.0,211.079519,0.260565,77.192736,0.40236,0.410526,0.649099,406.225001,28.978462,269.935909,29.678845,180.699862,0.700812,7.130652,78.355229,0.437388,22.401603,246.160211,1.374095,1.423672,27.340277,0.214513
d27_37_G05_1_1_S,glasshouse_b2,Hartog,T1,R1,S,96.0,42.0,324.420618,0.129462,108.492212,0.36809,0.410526,0.598439,642.340233,37.478947,376.281343,86.674241,237.746377,0.0,19.213416,100.560655,0.0,60.360727,315.920617,0.0,3.612348,33.866599,0.0
d11_48_G06_1_4_S,glasshouse_b2,3811,T1,R4,S,99.0,65.0,283.770973,0.229058,105.532376,0.406996,0.435429,0.615789,550.19295,39.860595,367.525159,38.58627,245.009499,0.175203,8.927599,107.951405,0.107888,28.046878,339.139341,0.33894,1.740469,38.067947,0.052179
d45_11_G02_0_3_T,glasshouse_b1,5489,T0,R3,T,476.0,334.0,1414.296996,0.23616,510.476925,0.404882,0.435429,1.105375,2701.556397,202.794208,1806.321154,312.839186,1047.490669,53.967141,70.851352,465.153113,38.787785,222.586087,1461.395598,122.339469,13.545464,166.909175,22.33957
d27_42_G06_0_1_S,glasshouse_b2,3811,T0,R2,S,245.0,151.0,1013.288896,0.14902,378.337624,0.407038,0.435429,0.870857,1980.728703,142.461668,1308.911283,140.732446,862.567747,9.988703,31.261095,378.328,7.050306,98.209626,1188.552467,22.149191,5.869497,132.648334,3.943838
d05_01_G01_0_1_T,glasshouse_b1,Gladius,T0,R1,T,53.0,39.0,132.607467,0.294101,51.691799,0.427497,0.435429,0.725714,252.416943,20.657647,180.088147,17.817872,112.742123,2.047472,4.025703,51.91354,1.384595,12.647118,163.091196,4.349833,0.763663,19.154959,0.739025
d25_09_G02_0_1_T,glasshouse_b1,5489,T0,R1,T,144.0,90.0,823.561735,0.109281,327.167219,0.430769,0.435429,0.725714,1622.678313,124.626241,1114.842152,54.710097,766.073294,2.778344,12.79094,340.314301,1.760038,40.183922,1069.128906,5.529323,2.49113,121.257184,0.877927
d07_05_G01_1_1_T,glasshouse_b2,Gladius,T1,R1,T,39.0,23.0,197.136955,0.11667,70.857001,0.389964,0.435429,0.615789,387.860953,24.617694,241.637012,31.155176,165.003133,0.978646,7.795175,68.517635,0.602639,24.489265,215.2545,1.893248,1.602908,22.723326,0.29146
d07_27_G04_0_3_S,glasshouse_b2,Forrest,T0,R3,S,58.0,40.0,178.354443,0.224273,62.751685,0.383753,0.410526,0.598439,345.871208,22.206459,217.993172,24.900697,153.453746,0.0,6.00334,63.386042,0.0,18.860048,199.133124,0.0,1.200121,21.006338,0.0
d19_34_G05_0_2_S,glasshouse_b2,Hartog,T0,R2,S,136.0,66.0,711.610086,0.092747,272.073189,0.413377,0.435429,0.821052,1407.807838,99.477981,924.302033,74.95075,633.059939,3.599396,17.4965,274.241149,2.476826,54.966877,861.553979,7.781177,3.412778,94.709046,1.356157
d35_11_G02_0_3_T,glasshouse_b2,5489,T0,R3,T,259.0,189.0,980.658489,0.192728,366.256015,0.411608,0.435429,1.248566,1897.506125,140.584634,1272.357026,133.611901,820.121184,26.925403,30.692943,353.937721,20.373156,96.424724,1111.928145,64.004158,5.932499,122.297951,12.354183
d7_T011_04.11.23,field,Gladius,na,R4,T,1295.0,602.0,4399.941268,0.13682,781.926752,0.198218,0.18932,0.682604,8672.267761,148.97647,2742.683471,4123.291694,275.93717,0.712403,777.36895,95.143039,0.46294,2442.208432,299.020669,1.45437,122.359766,26.380085,0.236619
d35_18_G03_0_2_T,glasshouse_b2,CALINGIRI,T0,R2,T,241.0,153.0,1125.195416,0.135976,396.038708,0.387075,0.435429,0.781618,2207.810112,142.729995,1372.495712,290.386754,826.451748,8.356914,72.408728,358.804076,5.66615,227.478728,1127.216249,17.800735,14.904144,124.793623,3.032228
d07_14_G02_1_2_T,glasshouse_b2,5489,T1,R2,T,18.0,8.0,89.936201,0.088952,33.348189,0.395699,0.410526,0.52332,178.998523,11.529906,111.541273,12.232009,77.704192,0.0,2.687106,32.817584,0.0,8.441793,103.09948,0.0,0.498563,11.031343,0.0
d4_T002_14.10.23,field,Gladius,na,R2,T,1543.0,1190.0,5898.957957,0.201731,1119.133962,0.214676,0.18932,0.935174,11462.86035,237.021641,3970.290706,5217.173124,675.75794,6.026892,1019.434307,240.126698,4.092133,3202.679177,754.755714,12.855814,165.785282,69.020587,2.215772
d21_33_G05_0_1_S,glasshouse_b1,Hartog,T0,R1,S,105.0,41.0,497.850367,0.082354,182.546047,0.400239,0.435429,0.725714,986.771794,65.835949,627.427606,67.946906,428.882304,1.021157,16.040851,183.02495,0.60592,50.393821,574.989839,2.043946,3.165645,62.343575,0.326729
d17_11_G02_0_3_T,glasshouse_b1,5489,T0,R3,T,91.0,53.0,532.711477,0.099491,205.866606,0.41516,0.435429,0.580571,1053.170315,75.171381,693.531715,63.563812,469.147665,0.0,14.942583,205.815418,0.0,46.94351,646.588205,0.0,2.942179,72.229201,0.0
d41_38_G05_1_2_S,glasshouse_b1,Hartog,T1,R2,S,312.0,162.0,754.268901,0.214778,246.514319,0.36184,0.410526,0.649099,1471.212652,86.321484,865.483197,244.725471,508.28695,1.256481,58.039815,216.651553,0.800489,182.337458,680.630928,2.514811,11.50622,74.414472,0.400792
d09_23_G03_1_3_T,glasshouse_b1,CALINGIRI,T1,R3,T,72.0,56.0,183.144006,0.30577,68.43436,0.410191,0.435429,0.615789,349.808622,26.147956,239.485679,23.436817,159.604557,0.102631,5.691268,70.476192,0.063199,17.879644,221.407488,0.198547,1.140291,24.9771,0.030566
d4_T011_14.10.23,field,Gladius,na,R4,T,1191.0,487.0,3802.697681,0.128067,677.550616,0.198188,0.18932,0.83387,7521.543159,128.907338,2370.487596,3565.262962,236.066772,1.367947,672.966037,80.553574,0.971555,2114.201081,253.234286,3.052229,106.285975,22.074625,0.546739
d31_21_G03_1_1_T,glasshouse_b2,CALINGIRI,T1,R1,T,193.0,167.0,1013.164117,0.16483,351.5885,0.389537,0.435429,0.740086,1976.404829,126.219626,1242.365381,191.916818,815.022879,6.224419,51.52763,339.69974,4.229813,161.878823,1067.198208,13.28835,11.183963,112.769735,2.265928
d3_T004_08.10.23,field,3811,na,R1,S,1022.0,381.0,3643.493095,0.10457,646.57756,0.196622,0.18932,0.682604,7225.725337,120.224599,2251.339116,3453.880052,189.010105,0.602938,651.167464,65.028008,0.389829,2045.718847,204.395587,1.224682,102.111116,17.915201,0.198283
d27_23_G03_1_3_T,glasshouse_b2,CALINGIRI,T1,R3,T,141.0,87.0,646.363554,0.134599,238.156206,0.403794,0.435429,0.598439,1270.556202,86.575524,822.292521,83.073959,563.289595,0.0,19.680546,242.063293,0.0,61.828257,760.464264,0.0,3.897325,82.678199,0.0
d45_47_G06_1_3_S,glasshouse_b1,3811,T1,R3,S,454.0,256.0,1224.137794,0.209127,396.217772,0.363139,0.410526,0.973648,2373.732709,144.69384,1406.253487,451.81466,742.955204,29.367929,105.25727,321.522627,20.719001,330.675466,1010.286075,65.291946,20.591243,112.427572,11.675025
d43_26_G04_0_2_S,glasshouse_b2,Forrest,T0,R2,S,266.0,166.0,874.81749,0.189754,317.887448,0.401875,0.435429,1.170179,1698.997946,120.715694,1113.806459,134.471925,728.414157,11.931408,30.512797,314.091586,9.773007,95.85878,986.852463,31.095216,5.843681,108.16744,6.704573
d13_19_G03_0_3_T,glasshouse_b1,CALINGIRI,T0,R3,T,80.0,48.0,485.814987,0.098803,184.426228,0.416433,0.435429,1.026315,958.098974,69.239938,639.145208,38.25384,442.620248,4.9409,10.005655,189.459596,3.980987,31.433692,595.204875,12.50664,2.128801,64.509997,2.601141
d19_28_G04_0_4_S,glasshouse_b2,Forrest,T0,R4,S,116.0,58.0,395.509028,0.146646,139.754823,0.385718,0.435429,0.580571,779.239086,49.098743,479.687994,74.042539,321.466489,0.0,17.224572,135.464858,0.0,54.11259,425.575404,0.0,3.326867,45.771876,0.0
d43_33_G05_0_1_S,glasshouse_b2,Hartog,T0,R1,S,473.0,315.0,1200.239698,0.262448,444.18081,0.423824,0.435429,1.622746,2264.3325,203.197283,1612.384191,269.243717,845.382754,85.613226,59.350449,378.868777,74.907296,186.454934,1190.460653,235.468605,11.094099,137.098659,55.004524
d15_48_G06_1_4_S,glasshouse_b2,3811,T1,R4,S,114.0,76.0,407.667429,0.186426,149.261058,0.399734,0.435429,0.740086,798.119438,54.615381,516.421099,56.876925,350.119752,0.670752,13.230651,150.686817,0.464473,41.565316,473.396599,1.459184,2.572062,51.789267,0.254052
d45_22_G03_1_2_T,glasshouse_b1,CALINGIRI,T1,R2,T,257.0,187.0,1121.952316,0.166674,389.587108,0.388694,0.435429,1.231578,2185.665575,141.42325,1369.896592,223.264073,887.641029,11.047215,54.708141,372.830663,8.512825,171.870693,1171.282073,26.743827,11.1425,124.954331,5.326419
d15_40_G05_1_4_S,glasshouse_b2,Hartog,T1,R4,S,52.0,24.0,204.519863,0.117348,79.099249,0.419784,0.435429,0.580571,403.642767,30.275474,270.705648,29.425028,175.094834,0.0,6.78143,79.386854,0.0,21.30449,249.401158,0.0,1.318773,28.956701,0.0
d45_33_G05_0_1_S,glasshouse_b1,Hartog,T0,R1,S,624.0,440.0,1408.606364,0.312365,515.701404,0.424634,0.435429,2.21551,2628.022743,247.192186,1897.782001,339.816013,949.835377,118.954975,74.186694,427.244755,102.381604,233.064374,1342.578663,322.138964,13.773763,155.416937,78.001486
d27_30_G04_1_2_S,glasshouse_b2,Forrest,T1,R2,S,95.0,39.0,295.302536,0.132068,93.861563,0.348845,0.324549,0.598439,583.283018,30.735625,326.491982,94.812556,200.489981,0.0,23.050012,80.875613,0.0,72.41375,254.078232,0.0,4.650267,26.085358,0.0
d37_46_G06_1_2_S,glasshouse_b1,3811,T1,R2,S,229.0,127.0,794.921567,0.159764,258.206199,0.360301,0.410526,0.725714,1560.00279,88.72696,905.880088,239.390251,554.860565,0.670752,55.936174,231.967909,0.446504,175.728673,728.74868,1.402734,11.019971,77.473022,0.233966
d45_16_G02_1_4_T,glasshouse_b1,5489,T1,R4,T,568.0,414.0,1498.691766,0.276241,505.294579,0.38722,0.410526,1.741714,2833.649911,205.639326,1831.966254,423.271841,1014.534329,60.885596,97.821425,433.552455,51.556883,307.315069,1362.045209,162.605976,19.023999,149.748773,36.866554
d21_24_G03_1_4_T,glasshouse_b1,CALINGIRI,T1,R4,T,72.0,36.0,627.192398,0.057399,224.815877,0.396867,0.435429,0.615789,1245.438247,79.942112,781.421608,71.934428,555.112827,0.145143,17.517802,231.127044,0.089377,55.033797,726.107023,0.280787,3.550575,76.348311,0.043226
d35_46_G06_1_2_S,glasshouse_b2,3811,T1,R2,S,197.0,103.0,722.476636,0.142565,243.106821,0.372429,0.410526,0.725714,1421.735421,85.107212,850.339587,171.725604,549.3318,1.419232,39.606093,230.140404,0.925,124.42621,723.007403,2.905974,7.715146,76.916834,0.475231
d35_10_G02_0_1_T,glasshouse_b2,5489,T0,R2,T,415.0,341.0,1462.218979,0.233207,554.389938,0.421379,0.435429,1.170179,2795.220717,220.509869,1941.911348,182.466479,1239.823841,39.928659,42.248886,546.15204,29.517849,132.728791,1716.028317,93.15424,8.206149,194.452452,17.851268
d2_T024_02.10.23,field,3811,na,R9,S,998.0,422.0,3348.168255,0.126039,620.602701,0.204625,0.18932,0.598684,6633.365126,120.285005,2157.120794,3107.052209,241.116045,0.0,604.919295,81.708511,0.0,1900.425936,256.694858,0.0,98.119856,22.165149,0.0
d17_30_G04_1_2_S,glasshouse_b1,Forrest,T1,R2,S,55.0,19.0,174.460337,0.108907,57.890602,0.360049,0.410526,0.580571,347.120091,19.210921,198.943062,47.2429,127.217437,0.0,11.415247,51.910297,0.0,35.862055,163.081006,0.0,2.290661,16.92026,0.0
d15_22_G03_1_2_T,glasshouse_b2,CALINGIRI,T1,R2,T,50.0,22.0,400.0774,0.054989,154.459204,0.416572,0.435429,0.580571,796.512892,55.631629,523.093291,27.513268,372.564132,0.0,6.935685,159.536772,0.0,21.789098,501.304193,0.0,1.43555,54.196079,0.0
d05_39_G05_1_3_S,glasshouse_b1,Hartog,T1,R3,S,12.0,6.0,40.979876,0.146413,14.546383,0.386495,0.410526,0.725714,80.880611,5.142534,49.954374,7.568943,32.842813,0.56812,1.872305,13.660176,0.36849,5.88202,42.914709,1.157646,0.3805,4.573831,0.188203
d29_29_G04_1_1_S,glasshouse_b1,Forrest,T1,R1,S,81.0,33.0,306.131151,0.107797,101.034689,0.361193,0.410526,0.615789,606.745105,34.03375,348.856079,86.570358,219.458162,0.102631,19.92805,91.05309,0.063199,62.605815,286.051718,0.198547,3.836823,30.166361,0.030566
d21_37_G05_1_1_S,glasshouse_b1,Hartog,T1,R1,S,79.0,41.0,282.078242,0.14535,102.55674,0.394582,0.435429,0.580571,555.180759,36.925497,352.015227,48.321157,233.757085,0.0,10.92935,101.120577,0.0,34.335565,317.679662,0.0,2.083658,34.841839,0.0
d05_29_G04_1_1_S,glasshouse_b1,Forrest,T1,R1,S,19.0,11.0,56.145168,0.195921,20.903184,0.405644,0.435429,0.580571,108.88891,7.741952,72.597699,5.916524,50.228644,0.0,1.467551,21.607705,0.0,4.610447,67.987252,0.0,0.29649,7.445462,0.0
d13_47_G06_1_3_S,glasshouse_b1,3811,T1,R3,S,64.0,40.0,259.972398,0.153862,98.027454,0.408732,0.435429,0.88287,509.114411,36.147147,336.267004,30.29677,225.838772,3.836856,7.809141,96.47163,2.756341,24.53314,303.074563,8.659301,1.642341,32.935418,1.569388
d1_T008_27.09.23,field,3811,na,R4,S,1356.0,567.0,4512.722967,0.125645,801.222412,0.196656,0.18932,0.61054,8920.436003,151.021432,2800.240888,4248.920635,263.657797,0.144535,801.024416,90.18101,0.088244,2516.651662,283.311998,0.277228,126.29795,24.681167,0.042315
d31_27_G04_0_3_S,glasshouse_b2,Forrest,T0,R3,S,138.0,86.0,645.182755,0.133296,232.852727,0.397925,0.435429,0.725714,1268.597837,84.628115,809.648232,92.206026,551.647677,1.329052,21.916787,234.884104,0.884837,68.853617,738.014818,2.779796,4.330042,79.833472,0.464601
d35_25_G04_0_1_S,glasshouse_b2,Forrest,T0,R1,S,219.0,139.0,748.22588,0.185773,272.173254,0.405643,0.435429,1.248566,1448.944727,106.492052,958.865925,124.348027,606.65816,17.219692,28.822498,261.431873,14.887651,90.548549,821.406049,46.911328,5.601327,90.298051,10.592674
d13_46_G06_1_2_S,glasshouse_b1,3811,T1,R2,S,67.0,37.0,236.696196,0.156319,88.352687,0.407875,0.435429,0.929368,461.475572,32.94462,304.766522,33.91289,199.804856,2.97845,8.310993,86.386616,2.312588,26.109755,271.391557,7.265211,1.688487,29.826669,1.429464
d19_22_G03_1_2_T,glasshouse_b2,CALINGIRI,T1,R2,T,65.0,39.0,476.283228,0.081884,176.189246,0.406277,0.435429,0.598439,942.45147,63.052778,607.258134,42.387024,433.896204,0.0,11.002152,182.294115,0.0,34.56428,572.693853,0.0,2.334023,60.718755,0.0
d15_05_G01_1_1_T,glasshouse_b2,Gladius,T1,R1,T,89.0,51.0,446.285959,0.114277,168.668524,0.408491,0.435429,0.649099,880.099428,60.937086,575.197388,48.608421,397.242109,0.435429,11.752748,171.058048,0.280219,36.922348,537.394707,0.880333,2.367358,58.428042,0.141687
d19_23_G03_1_3_T,glasshouse_b2,CALINGIRI,T1,R3,T,103.0,65.0,427.487304,0.152051,154.127407,0.396002,0.435429,0.580571,835.759385,55.303489,534.558065,54.623305,372.863999,0.0,12.723922,157.397885,0.0,39.973381,494.584684,0.0,2.476598,52.826891,0.0
d7_T022_04.11.23,field,3811,na,R7,S,997.0,441.0,2943.643212,0.149814,536.920073,0.202813,0.18932,0.677333,5818.918128,105.40719,1879.620632,2704.904795,238.280014,0.458403,515.433839,82.561648,0.291136,1619.283161,259.422839,0.914632,82.212824,23.048926,0.14544
d43_01_G01_0_1_T,glasshouse_b2,Gladius,T0,R1,T,461.0,323.0,1618.199881,0.199605,607.782853,0.414791,0.435429,1.170179,3136.456365,237.376865,2116.079109,278.900142,1320.933492,18.366247,63.863439,595.764073,13.941388,200.632911,1871.648035,43.798162,12.274734,216.482514,8.619616
d13_03_G01_0_3_T,glasshouse_b1,Gladius,T0,R3,T,75.0,55.0,480.069116,0.114567,188.144456,0.425362,0.435429,0.740086,942.019758,71.259961,644.6534,33.637192,439.678875,6.753049,8.602309,192.11127,4.485971,27.02495,603.535355,14.093094,1.798493,67.109656,2.351812
d25_40_G05_1_4_S,glasshouse_b1,Hartog,T1,R4,S,91.0,47.0,473.375883,0.099287,180.929197,0.411913,0.435429,0.649099,934.650313,65.885301,615.397802,49.569459,423.293267,0.513157,12.123218,183.441152,0.322834,38.086214,576.297375,1.014213,2.461307,63.264373,0.159621
d49_37_G05_1_1_S,glasshouse_b2,Hartog,T1,R1,S,211.0,121.0,435.054933,0.278126,137.505979,0.357102,0.410526,0.725714,832.767107,50.380734,494.954236,163.667672,259.41032,11.97694,37.254832,112.552811,7.622015,117.039505,353.595083,24.319648,7.150215,39.28437,3.94615
d09_11_G02_0_3_T,glasshouse_b1,5489,T0,R3,T,66.0,44.0,243.448512,0.180736,92.165714,0.410214,0.435429,0.615789,474.462774,33.940991,315.689927,27.210531,216.135349,0.102631,6.404351,94.019675,0.063199,20.119862,295.371519,0.198547,1.256847,32.653578,0.030566
d41_06_G01_1_2_T,glasshouse_b1,Gladius,T1,R2,T,413.0,277.0,1030.296765,0.268855,322.716932,0.35564,0.324549,1.133602,1968.124104,117.687798,1160.045967,429.175762,580.569433,20.551569,105.594355,246.968492,16.691253,331.734451,775.8744,52.437117,21.456686,85.180324,11.050788
d31_44_G06_0_4_S,glasshouse_b2,3811,T0,R4,S,280.0,180.0,1197.930874,0.150259,420.086059,0.387157,0.435429,1.056656,2341.142587,152.119651,1460.662022,269.074039,921.648613,7.208223,63.388363,396.291948,5.262851,199.140417,1244.987872,16.533733,12.505453,136.525873,3.088324
d37_01_G01_0_1_T,glasshouse_b1,Gladius,T0,R1,T,320.0,186.0,1097.705825,0.169444,402.042646,0.402108,0.435429,0.846321,2146.584996,149.196013,1388.707901,197.134971,895.592601,4.978253,46.597536,391.938139,3.473987,146.484071,1231.309979,10.913851,9.184144,138.089015,1.922854
d49_22_G03_1_2_T,glasshouse_b2,CALINGIRI,T1,R2,T,347.0,249.0,1269.034365,0.196212,421.070916,0.371692,0.410526,0.821052,2469.627893,148.407642,1485.052839,355.45836,907.093497,6.482508,87.48047,380.844758,4.348464,274.828001,1196.563737,13.661101,17.855104,128.249924,2.302615
d09_21_G03_1_1_T,glasshouse_b1,CALINGIRI,T1,R1,T,80.0,46.0,253.75387,0.181278,94.688422,0.407575,0.435429,0.917964,494.39758,35.215964,326.907604,35.401673,216.382453,1.969744,8.56934,94.014416,1.474166,26.921377,295.354999,4.631228,1.727323,32.610737,0.877904
d31_16_G02_1_4_T,glasshouse_b2,5489,T1,R4,T,182.0,128.0,713.312614,0.179444,257.295075,0.394819,0.410526,0.725714,1388.79171,92.867709,888.972976,112.172751,599.024976,2.114886,27.204328,254.350692,1.370437,85.464918,799.202705,4.305354,5.48751,86.68036,0.699839
d45_14_G02_1_2_T,glasshouse_b1,5489,T1,R2,T,385.0,269.0,1363.208517,0.197329,485.039188,0.395953,0.435429,0.870857,2643.197047,186.172813,1701.259429,365.80226,964.417935,32.988322,87.381458,431.792032,22.307099,274.516947,1356.514677,70.227805,17.491201,156.711352,11.970261
d45_06_G01_1_2_T,glasshouse_b1,Gladius,T1,R2,T,567.0,409.0,1293.922574,0.316093,401.552851,0.354437,0.324549,1.196879,2450.837192,149.252098,1453.897792,568.525597,677.646443,47.750534,138.657455,288.428553,35.621366,435.605243,906.384728,111.907822,27.93612,99.771227,21.544752
d11_12_G02_0_4_T,glasshouse_b2,5489,T0,R4,T,74.0,59.0,366.315265,0.161063,147.459876,0.440279,0.435429,1.170179,708.880662,58.526418,508.796482,20.225181,339.927922,6.162163,4.841252,152.101994,5.011705,15.209243,477.842506,15.744734,0.958609,54.245097,3.322711
d33_20_G03_0_4_T,glasshouse_b1,CALINGIRI,T0,R4,T,231.0,167.0,1339.912355,0.124635,475.280155,0.392449,0.410526,0.88287,2630.371952,170.697247,1655.727929,231.908252,1098.390709,9.613395,59.942661,460.182689,6.87591,188.315425,1445.811197,21.601307,12.644289,154.157909,3.895049
d07_43_G06_0_3_S,glasshouse_b2,3811,T0,R3,S,64.0,42.0,188.203009,0.223163,61.57723,0.359679,0.410526,0.598439,366.459827,20.943112,214.305374,54.397045,133.805964,0.0,12.699627,55.515892,0.0,39.897054,174.40832,0.0,2.467357,18.475756,0.0
d27_18_G03_0_2_T,glasshouse_b2,CALINGIRI,T0,R2,T,179.0,127.0,975.635928,0.130172,356.870912,0.403209,0.435429,0.781618,1908.849097,131.315187,1237.389109,153.779831,810.988358,10.867739,38.753725,347.763548,7.355913,121.748419,1092.531407,23.109282,8.040356,119.343699,3.931133
d07_07_G01_1_3_T,glasshouse_b2,Gladius,T1,R3,T,37.0,17.0,237.034365,0.07172,85.908979,0.395876,0.435429,0.580571,471.580672,30.329163,295.401708,33.747118,203.287248,0.0,8.481642,85.547642,0.0,26.645864,268.755844,0.0,1.758151,28.571012,0.0
d07_45_G06_1_1_S,glasshouse_b2,3811,T1,R1,S,43.0,23.0,128.533153,0.178942,44.961069,0.380637,0.410526,0.598439,252.585737,15.709036,154.871244,27.113942,101.41921,0.0,6.372003,42.925045,0.0,20.018237,134.853007,0.0,1.24293,14.466106,0.0
d2_T023_02.10.23,field,3811,na,R8,S,1335.0,677.0,4353.651283,0.155502,797.306649,0.204473,0.18932,0.871697,8568.054545,158.296678,2796.225119,4002.450379,349.346746,1.854157,765.447636,123.285636,1.250025,2404.804291,387.493758,3.92707,122.473321,35.154228,0.669129
d05_27_G04_0_3_S,glasshouse_b1,Forrest,T0,R3,S,28.0,20.0,121.886275,0.164087,43.460084,0.386237,0.410526,0.580571,238.83165,15.133576,148.972958,16.414112,105.472162,0.0,3.893134,43.526432,0.0,12.23064,136.742317,0.0,0.760076,14.3735,0.0
d27_38_G05_1_2_S,glasshouse_b2,Hartog,T1,R2,S,172.0,80.0,585.457051,0.136645,200.457795,0.376084,0.410526,0.781618,1153.897903,70.144778,694.190134,146.37666,438.45215,0.62824,34.533313,186.008434,0.425835,108.489603,584.36273,1.337801,6.830161,63.086348,0.228269
d37_28_G04_0_4_S,glasshouse_b1,Forrest,T0,R4,S,235.0,145.0,752.156759,0.192779,263.457011,0.386537,0.410526,1.026315,1464.654514,96.195126,919.772457,150.321975,589.990535,11.844249,34.206934,250.083569,8.482164,107.464251,785.660702,26.647503,6.480907,84.820841,4.893378
d25_23_G03_1_3_T,glasshouse_b1,CALINGIRI,T1,R3,T,125.0,77.0,572.901372,0.134404,209.727033,0.402007,0.435429,0.615789,1125.398454,76.081786,726.30607,73.345482,499.453258,0.102631,17.506392,213.620811,0.063199,54.997951,671.109572,0.198547,3.485329,72.565891,0.030566
d17_31_G04_1_3_S,glasshouse_b1,Forrest,T1,R3,S,83.0,51.0,212.158293,0.240387,70.65687,0.363512,0.410526,0.580571,413.713346,23.9204,246.040802,40.506209,171.652085,0.0,9.690044,68.627176,0.0,30.44217,215.598632,0.0,1.92718,21.993221,0.0
d05_04_G01_0_4_T,glasshouse_b1,Gladius,T0,R4,T,41.0,27.0,216.15833,0.124908,79.467912,0.406487,0.435429,0.725714,424.748602,29.230413,275.351837,27.146139,188.34144,0.670752,6.500027,80.698654,0.448531,20.420437,253.522297,1.409103,1.297495,27.696258,0.236659
d41_28_G04_0_4_S,glasshouse_b1,Forrest,T0,R4,S,324.0,214.0,943.395102,0.22684,331.65964,0.39213,0.435429,1.105375,1817.171867,126.854096,1173.37652,204.463067,720.039294,18.892741,45.802507,313.566515,14.104771,143.892821,985.172253,44.311446,8.589527,109.740595,8.523973
d19_03_G01_0_3_T,glasshouse_b2,Gladius,T0,R3,T,119.0,77.0,655.343792,0.117496,250.99094,0.415398,0.435429,0.725714,1290.786137,92.925803,858.654924,56.891513,592.82302,5.62926,13.339726,256.252511,3.726114,41.907985,805.041007,11.705931,2.609135,88.370401,1.946267
d25_32_G04_1_4_S,glasshouse_b1,Forrest,T1,R4,S,77.0,29.0,278.482018,0.104136,100.265764,0.38879,0.435429,0.580571,550.784266,35.557067,342.077537,53.512852,224.969166,0.0,11.896107,96.923936,0.0,37.372724,304.704813,0.0,2.235933,33.321134,0.0
d21_42_G06_0_2_S,glasshouse_b1,3811,T0,R2,S,173.0,101.0,715.266885,0.141206,266.169316,0.402657,0.435429,0.725714,1407.613497,97.185358,913.052586,95.339934,619.371282,0.555669,22.380944,267.874169,0.378552,70.31181,841.55152,1.189255,4.392851,92.589042,0.203465
d09_27_G04_0_3_S,glasshouse_b1,Forrest,T0,R3,S,65.0,41.0,213.940383,0.191642,78.009061,0.394215,0.410526,0.598439,416.905238,28.128052,268.234362,27.551507,186.388876,0.0,6.470106,78.911543,0.0,20.326438,247.907925,0.0,1.264322,26.86373,0.0
d3_T001_08.10.23,field,Gladius,na,R1,T,1167.0,721.0,4199.332581,0.171694,813.887261,0.217425,0.18932,0.798744,8223.260774,173.934768,2869.268763,3699.336993,495.754475,4.241113,732.873225,177.546337,2.861998,2302.405063,557.872467,8.991233,120.944042,51.464245,1.526481
d19_25_G04_0_1_S,glasshouse_b2,Forrest,T0,R1,S,69.0,33.0,326.610515,0.101038,120.131425,0.399872,0.435429,0.929368,644.800975,43.912814,411.93718,54.890458,269.424811,2.295247,12.708534,116.658424,1.72341,39.925038,366.59789,5.414251,2.468614,40.415193,1.029007
d45_38_G05_1_2_S,glasshouse_b1,Hartog,T1,R2,S,437.0,239.0,937.470677,0.254941,290.364133,0.350471,0.324549,0.973648,1807.266972,105.688939,1041.244553,369.025463,543.285543,25.159671,81.437991,231.706841,18.293603,255.844994,727.928509,57.471049,15.244026,79.839656,10.605257
d43_06_G01_1_2_T,glasshouse_b2,Gladius,T1,R2,T,573.0,421.0,1260.317426,0.334043,388.749716,0.359878,0.324549,1.369275,2361.69824,152.886652,1435.329967,542.864335,662.549297,54.903794,131.20376,281.258002,44.373269,412.188767,883.598071,139.543129,26.324583,96.914879,29.64719
d7_T004_04.11.23,field,3811,na,R1,S,1039.0,443.0,3660.973503,0.121006,645.215555,0.195566,0.18932,0.616383,7249.998339,119.400049,2247.837741,3483.613147,177.233356,0.127,653.407628,61.96224,0.078281,2052.75653,194.835285,0.245926,101.930623,17.431529,0.037896
d29_30_G04_1_2_S,glasshouse_b1,Forrest,T1,R2,S,86.0,36.0,280.754651,0.128226,87.815493,0.342096,0.324549,0.580571,557.672446,28.226871,304.287414,95.155668,185.598983,0.0,22.539926,74.317766,0.0,70.811266,233.476148,0.0,4.468921,23.75795,0.0
d19_11_G02_0_3_T,glasshouse_b2,5489,T0,R3,T,104.0,64.0,575.182638,0.111269,219.533465,0.412118,0.435429,0.88287,1130.496026,80.247671,745.099379,61.799331,508.077414,5.305893,14.661362,218.546294,3.964842,46.060028,686.583432,12.455919,2.906896,74.996116,2.344659
d25_27_G04_0_3_S,glasshouse_b1,Forrest,T0,R3,S,117.0,67.0,580.897136,0.115339,210.933087,0.399297,0.435429,0.649099,1149.453589,75.982699,729.665103,75.262917,504.945858,0.68836,18.107171,213.70905,0.443395,56.885354,671.386782,1.392967,3.606082,72.152227,0.22439
d07_06_G01_1_2_T,glasshouse_b2,Gladius,T1,R2,T,33.0,19.0,245.565231,0.077373,95.199283,0.419577,0.435429,0.598439,486.129443,34.976962,325.406282,14.070312,231.494919,0.0,3.599134,99.980903,0.0,11.307012,314.09927,0.0,0.756827,34.220135,0.0
d49_39_G05_1_3_S,glasshouse_b2,Hartog,T1,R3,S,547.0,325.0,1178.16294,0.275853,401.452785,0.383107,0.410526,1.105375,2259.176667,154.647666,1433.791795,333.459635,811.354263,33.349043,77.431109,354.052496,24.842427,243.257004,1112.28872,78.246071,15.094503,124.656065,14.897098
d29_25_G04_0_1_S,glasshouse_b1,Forrest,T0,R1,S,146.0,80.0,596.927913,0.13402,213.987722,0.392462,0.435429,0.615789,1176.134543,76.99291,740.938627,95.69034,500.271378,0.966195,21.740845,213.47014,0.594972,68.300879,670.768588,1.86916,4.155005,72.550152,0.287752
d17_45_G06_1_1_S,glasshouse_b1,3811,T1,R1,S,91.0,47.0,371.293734,0.126584,135.309802,0.394941,0.435429,0.580571,732.189489,47.614547,460.562831,54.697646,316.596088,0.0,12.463223,134.138479,0.0,39.154369,421.408462,0.0,2.383135,45.231413,0.0
d29_04_G01_0_4_T,glasshouse_b1,Gladius,T0,R4,T,255.0,183.0,1111.51332,0.16464,404.354688,0.402766,0.435429,0.781618,2171.009345,149.361598,1406.734967,178.178722,928.747125,4.587472,43.260621,401.376261,3.140766,135.907248,1260.960712,9.867007,8.699024,138.967182,1.695392
d25_07_G01_1_3_T,glasshouse_b1,Gladius,T1,R3,T,107.0,73.0,612.317758,0.119219,209.6533,0.382934,0.410526,0.781618,1203.756307,73.378664,738.045613,115.192676,495.565865,1.559218,30.889362,202.909349,1.104951,97.041794,637.532514,3.471305,6.696265,66.065319,0.61708
d7_T009_04.11.23,field,3811,na,R5,S,1173.0,709.0,4437.450532,0.159776,844.716949,0.212661,0.18932,0.766689,8716.245898,176.172661,2963.92732,3973.440696,461.133661,2.876174,773.563462,167.944283,1.919348,2430.284986,527.612525,6.02981,125.539705,49.622348,1.010608
d11_20_G03_0_4_T,glasshouse_b2,CALINGIRI,T0,R4,T,103.0,57.0,437.361594,0.130327,164.376235,0.410548,0.435429,0.649099,860.476789,60.581043,566.755635,43.844495,393.034002,0.483097,10.791049,169.251687,0.304323,33.90108,531.898494,0.95606,2.194667,58.235708,0.150668
d2_T009_02.10.23,field,3811,na,R5,S,1176.0,639.0,4284.356341,0.149147,811.487624,0.212349,0.18932,0.871697,8406.559321,170.966598,2858.265945,3852.089545,424.812089,7.454708,748.850842,155.726199,5.1372,2352.632076,489.494879,16.13899,121.663043,46.500335,2.80322
d11_30_G04_1_2_S,glasshouse_b2,Forrest,T1,R2,S,19.0,7.0,93.699966,0.074707,35.981495,0.412036,0.435429,0.580571,186.954189,13.162187,122.063112,11.192357,82.507609,0.0,2.874148,35.979747,0.0,9.029403,113.033708,0.0,0.604661,12.557526,0.0
d15_17_G03_0_1_T,glasshouse_b2,CALINGIRI,T0,R1,T,108.0,74.0,638.286182,0.115935,245.992925,0.420732,0.435429,0.649099,1254.635895,91.56106,845.596074,41.618798,596.594812,0.072571,10.176561,258.890817,0.047106,31.970609,813.477477,0.147988,2.066421,89.470624,0.024015
d27_41_G06_0_1_S,glasshouse_b2,3811,T0,R1,S,162.0,94.0,737.367848,0.12748,255.46756,0.382048,0.410526,0.725714,1450.734514,89.660895,887.689215,172.133993,559.745465,5.48839,44.429145,234.323526,3.807583,139.578274,736.149067,11.961874,9.378033,78.199669,2.083194
d09_32_G04_1_4_S,glasshouse_b1,Forrest,T1,R4,S,33.0,17.0,88.182402,0.192782,31.831404,0.392,0.410526,0.580571,172.220053,11.718813,110.475387,16.588431,71.593971,0.0,3.790667,31.374741,0.0,11.908733,98.566654,0.0,0.727868,10.990945,0.0
d25_34_G05_0_2_S,glasshouse_b1,Hartog,T0,R2,S,163.0,93.0,802.364165,0.115907,302.514207,0.410084,0.435429,0.870857,1578.692645,110.754649,1036.202486,76.868919,717.706452,7.788794,18.450532,306.013576,5.369387,57.964057,961.370003,16.868427,3.688471,104.122513,2.943665
d49_03_G01_0_3_T,glasshouse_b2,Gladius,T0,R3,T,584.0,402.0,2006.182907,0.200381,739.848422,0.409654,0.435429,1.026315,3882.756908,289.086088,2590.555719,397.298778,1563.871198,45.012931,94.489502,697.29195,32.780066,296.847526,2190.726578,102.981616,18.780048,251.243641,19.062399
d27_14_G02_1_2_T,glasshouse_b2,5489,T1,R2,T,77.0,53.0,613.074051,0.08645,217.916615,0.391544,0.435429,0.580571,1211.643612,75.458928,749.768122,90.324845,522.749205,0.0,23.791617,214.866989,0.0,74.743568,675.024554,0.0,5.094216,70.364712,0.0
d33_45_G06_1_1_S,glasshouse_b1,3811,T1,R1,S,327.0,171.0,940.637943,0.181792,323.259393,0.380674,0.435429,0.725714,1841.452362,115.762785,1127.239267,210.246382,728.421818,1.969744,46.058224,311.419939,1.262581,144.696178,978.428585,4.114504,8.552156,106.524617,0.686013
d41_10_G02_0_1_T,glasshouse_b1,5489,T0,R2,T,540.0,428.0,1731.104415,0.247241,632.235734,0.410757,0.435429,1.170179,3289.203676,256.734066,2242.120397,307.835297,1343.795288,79.47383,69.108462,580.921695,63.625623,217.110636,1825.123971,199.88579,13.099116,202.551706,41.083244
d19_06_G01_1_2_T,glasshouse_b2,Gladius,T1,R2,T,56.0,30.0,427.224575,0.070221,148.207735,0.3823,0.410526,0.725714,846.181532,51.192803,515.223807,78.111545,347.891767,1.221263,21.161806,141.988401,0.850624,66.481774,446.069718,2.672315,4.620288,46.105863,0.466653
d6_T009_28.10.23,field,3811,na,R5,S,1275.0,810.0,4532.679236,0.178702,852.080733,0.211498,0.18932,0.682604,8867.373488,177.017972,3011.289329,4079.696825,450.539842,2.442569,794.778083,162.156502,1.541433,2496.88491,509.561866,4.842553,129.067893,47.184942,0.765137
d35_48_G06_1_4_S,glasshouse_b2,3811,T1,R4,S,220.0,146.0,832.870838,0.175297,288.278554,0.386234,0.410526,0.846321,1616.836041,104.506469,1014.615626,161.326008,662.787704,8.757125,38.996428,277.986796,5.898545,122.510892,873.42592,18.678814,7.860723,93.454873,3.190873
d21_08_G01_1_4_T,glasshouse_b1,Gladius,T1,R4,T,76.0,64.0,520.872449,0.122871,184.331429,0.395033,0.410526,0.781618,1022.037147,67.485442,645.003075,97.899679,408.004561,14.968208,25.757073,169.109061,10.444721,80.918232,531.271785,32.813059,5.504983,56.238267,5.742192
d31_33_G05_0_1_S,glasshouse_b2,Hartog,T0,R1,S,189.0,93.0,610.149401,0.152422,212.681602,0.382532,0.435429,0.649099,1199.293311,76.182579,737.671777,127.201964,480.186701,2.760735,27.972611,205.071258,1.731041,87.878551,644.355001,5.438226,5.213284,70.116286,0.853009
d25_05_G01_1_1_T,glasshouse_b1,Gladius,T1,R1,T,185.0,119.0,771.288551,0.154287,279.867775,0.397438,0.435429,0.870857,1509.37482,100.801571,966.439753,116.957675,650.396547,3.93433,28.52282,276.293426,2.811083,89.607081,868.001396,8.831276,5.780405,93.4306,1.590566
d45_42_G06_0_2_S,glasshouse_b1,3811,T0,R2,S,1358.0,1096.0,3055.710027,0.358673,1060.748372,0.404142,0.410526,1.480173,5643.783481,464.676653,3928.767122,901.737306,1927.760624,226.212096,205.679236,873.239062,171.110694,646.347569,2743.988761,538.430793,39.600472,320.060456,105.015725
d33_38_G05_1_2_S,glasshouse_b1,Hartog,T1,R2,S,192.0,100.0,599.760183,0.166733,206.73033,0.381015,0.410526,0.846321,1173.397888,74.416723,721.661334,150.078688,441.624297,8.057198,36.59142,187.484565,5.612399,114.955337,589.074127,17.631871,7.439412,63.886274,3.091037
d21_48_G06_1_4_S,glasshouse_b1,3811,T1,R4,S,90.0,48.0,524.040474,0.091596,191.320223,0.399324,0.435429,0.740086,1037.888234,68.288618,658.317166,58.862141,463.841987,1.336346,13.305571,195.333605,0.909687,41.800683,613.658618,2.857866,2.531408,65.269285,0.487925
d6_T017_28.10.23,field,Gladius,na,R6,T,1086.0,384.0,3640.656924,0.105475,651.021995,0.197559,0.18932,0.542131,7219.072795,122.715034,2265.434459,3423.402832,217.254092,0.0,645.443117,75.667068,0.0,2027.719356,237.715104,0.0,101.568655,21.146378,0.0
d4_T021_14.10.23,field,Gladius,na,R9,T,1158.0,411.0,3503.14786,0.117323,640.950331,0.202858,0.18932,0.965349,6949.866884,125.349575,2234.174744,3243.088485,256.143649,3.915726,619.182104,88.915071,3.022183,1945.281645,279.398631,9.494468,98.644859,24.846721,1.857995
d05_16_G02_1_4_T,glasshouse_b1,5489,T1,R4,T,46.0,32.0,82.267495,0.388975,30.188221,0.405577,0.435429,0.725714,155.92728,11.757707,106.314805,16.033647,65.387894,0.845955,3.572025,29.723891,0.545138,11.221849,93.380356,1.7126,0.665153,10.815603,0.276952
d4_T022_14.10.23,field,3811,na,R7,S,1022.0,409.0,2908.100143,0.140642,523.495369,0.200025,0.18932,0.682604,5750.582107,101.631764,1832.091786,2684.909665,222.570004,0.620473,506.048865,76.687151,0.406499,1589.799397,241.015335,1.277054,80.151066,21.271249,0.20945
d35_02_G01_0_2_T,glasshouse_b2,Gladius,T0,R2,T,270.0,170.0,1046.894599,0.162385,389.207912,0.409995,0.435429,0.917964,2045.355462,147.524545,1354.33684,146.240215,890.821139,9.833245,32.76417,391.089749,7.244887,102.931675,1228.644682,22.760483,6.184786,137.11041,4.229348
d17_28_G04_0_4_S,glasshouse_b1,Forrest,T0,R4,S,121.0,71.0,359.514851,0.197488,126.319695,0.385525,0.410526,0.598439,702.603139,44.719273,438.294931,58.324081,301.19077,0.0,14.090269,125.423341,0.0,44.265886,394.029045,0.0,2.813056,41.906217,0.0
d21_32_G04_1_4_S,glasshouse_b1,Forrest,T1,R4,S,52.0,22.0,187.050778,0.117615,69.756279,0.400028,0.435429,0.580571,371.47867,25.265701,237.144993,30.68453,156.366248,0.0,7.097426,68.388169,0.0,22.297223,214.84777,0.0,1.377724,23.887977,0.0
d15_34_G05_0_2_S,glasshouse_b2,Hartog,T0,R2,S,152.0,88.0,650.932559,0.135191,247.330644,0.412432,0.435429,0.917964,1278.417102,91.582814,844.831988,77.454281,570.016731,3.461547,17.074294,249.307842,2.502929,53.640478,783.328328,7.863183,3.161257,86.985628,1.43593
d41_15_G02_1_3_T,glasshouse_b1,5489,T1,R3,T,473.0,327.0,1240.103231,0.263688,434.937906,0.393434,0.410526,1.436841,2373.371647,167.607019,1543.272963,273.390237,941.205052,25.507941,63.993838,407.608159,19.552779,201.04257,1280.538798,61.691594,12.525497,142.55231,12.529213
d17_18_G03_0_2_T,glasshouse_b1,CALINGIRI,T0,R2,T,101.0,63.0,663.651482,0.094929,241.158175,0.39976,0.435429,0.725714,1308.785532,86.288685,834.200147,75.554455,585.861901,2.235127,19.12853,244.897299,1.484772,60.09405,769.441549,4.664548,3.979419,81.530873,0.778393
d49_08_G01_1_4_T,glasshouse_b2,Gladius,T1,R4,T,630.0,413.0,1759.229692,0.234762,590.903361,0.385413,0.324549,1.494337,3353.429793,249.314917,2135.290673,733.52217,927.293801,98.413722,171.950413,426.222634,81.466396,540.198154,1339.017895,256.074624,33.774699,158.969509,56.570709
d05_02_G01_0_2_T,glasshouse_b1,Gladius,T0,R2,T,22.0,12.0,88.395843,0.135753,35.096704,0.427057,0.435429,0.649099,174.26841,13.305382,119.582837,7.330599,80.992673,0.072571,1.914748,36.102545,0.047106,6.015358,113.419492,0.147988,0.40656,12.874807,0.024015
d31_42_G06_0_2_S,glasshouse_b2,3811,T0,R2,S,329.0,197.0,1188.979623,0.165688,429.597561,0.395071,0.435429,0.821052,2321.247575,160.293618,1493.736546,225.805691,949.247878,13.926054,50.592804,415.21453,9.633984,159.035576,1304.434916,30.266053,9.632096,145.394429,5.267093
d13_25_G04_0_1_S,glasshouse_b1,Forrest,T0,R1,S,48.0,24.0,187.710482,0.127856,68.439626,0.397127,0.410526,0.821052,369.899493,25.123688,235.733762,33.951129,151.71188,2.047472,8.087678,65.399581,1.549128,25.40819,205.458842,4.86673,1.598582,22.597678,0.927428
d29_10_G02_0_1_T,glasshouse_b1,5489,T0,R2,T,233.0,189.0,1124.854037,0.168022,424.662745,0.414184,0.435429,0.973648,2190.685684,159.726599,1461.753301,117.794351,995.613512,11.446174,27.734914,429.454568,8.101045,87.131802,1349.171315,25.450184,5.458865,149.665277,4.602456
d05_48_G06_1_4_S,glasshouse_b1,3811,T1,R4,S,27.0,15.0,74.438478,0.201509,23.889353,0.350222,0.324549,0.598439,146.158731,7.893084,83.164419,20.260398,54.17808,0.0,4.861132,21.610925,0.0,15.271696,67.892723,0.0,0.97024,6.922845,0.0
d43_25_G04_0_1_S,glasshouse_b2,Forrest,T0,R1,S,421.0,279.0,1160.92808,0.240325,390.187501,0.384565,0.410526,1.56996,2212.035235,156.712412,1410.34478,325.741428,777.063561,58.123091,72.347433,331.47973,45.010146,227.286164,1041.374286,141.68433,13.606619,113.989937,29.115856
d29_08_G01_1_4_T,glasshouse_b1,Gladius,T1,R4,T,182.0,122.0,677.496938,0.180075,232.294466,0.381658,0.410526,0.870857,1323.165294,84.066567,814.097948,189.395097,472.592552,15.509289,48.91954,199.563238,10.652647,153.685268,626.946403,33.466276,10.323155,67.96562,5.777792
d41_44_G06_0_4_S,glasshouse_b1,3811,T0,R4,S,759.0,549.0,2103.421353,0.261003,726.908355,0.393343,0.410526,1.056656,3997.340015,287.654293,2614.137171,573.795021,1433.560684,96.065648,136.442741,626.868085,68.626346,428.647512,1969.75324,215.736419,27.056562,221.541483,39.056249
d31_29_G04_1_1_S,glasshouse_b2,Forrest,T1,R1,S,110.0,56.0,322.020907,0.173902,101.88788,0.349566,0.410526,0.580571,631.047103,34.436842,354.627941,114.358073,207.662834,0.0,24.516195,88.365385,0.0,77.019897,277.608044,0.0,4.442301,29.99454,0.0
d1_T024_28.09.23,field,3811,na,R9,S,1033.0,457.0,3320.205521,0.137642,607.020291,0.202519,0.18932,0.644802,6565.017728,117.236047,2116.864803,3093.593093,226.26349,0.348938,595.955233,77.587713,0.220292,1872.344127,243.828609,0.692066,95.757173,21.369575,0.1093
d41_39_G05_1_3_S,glasshouse_b1,Hartog,T1,R3,S,259.0,145.0,716.721916,0.20231,245.834926,0.380085,0.410526,0.870857,1393.161227,89.904922,864.584683,167.669782,534.706123,14.34601,38.764879,226.493899,9.947074,121.783458,711.551569,31.249655,7.573353,76.869032,5.462537
d17_42_G06_0_2_S,glasshouse_b1,3811,T0,R2,S,167.0,99.0,596.54885,0.165955,223.483424,0.406937,0.435429,0.615789,1168.374343,82.924066,769.745423,78.869974,516.887884,0.790992,18.795573,225.734921,0.487084,59.048034,709.167169,1.53022,3.73743,78.951063,0.235573
d05_17_G03_0_1_T,glasshouse_b1,CALINGIRI,T0,R1,T,45.0,27.0,203.594561,0.132617,77.69833,0.416114,0.435429,0.725714,399.494781,29.043431,266.187759,20.451074,182.793082,0.350406,4.618557,79.882048,0.229589,14.509626,250.956856,0.721277,0.875276,28.049594,0.118561
d11_23_G03_1_3_T,glasshouse_b2,CALINGIRI,T1,R3,T,71.0,41.0,224.952961,0.18226,81.985353,0.397816,0.435429,0.580571,440.650227,29.915757,282.975774,36.922285,188.030676,0.0,8.445808,81.628179,0.0,26.533287,256.442487,0.0,1.613794,28.301963,0.0
d11_05_G01_1_1_T,glasshouse_b2,Gladius,T1,R1,T,64.0,46.0,310.248559,0.148268,119.373033,0.418094,0.435429,0.846321,606.126205,44.762297,407.886761,38.070092,269.973401,2.205067,8.91575,119.37896,1.539679,28.009654,375.040063,4.837044,1.746514,42.161161,0.854622
d41_35_G05_0_3_S,glasshouse_b1,Hartog,T0,R3,S,662.0,500.0,1356.840473,0.368503,449.315757,0.389003,0.410526,1.376946,2511.006529,192.133048,1673.168943,428.187838,858.160572,70.492063,93.482826,383.691002,55.277667,293.684959,1205.64587,173.838114,17.277223,139.356854,35.498972
d13_11_G02_0_3_T,glasshouse_b1,5489,T0,R3,T,74.0,48.0,408.047895,0.117633,159.436152,0.420268,0.435429,0.598439,803.856487,58.883694,539.229539,39.942361,368.105534,0.0,9.856019,161.786074,0.0,30.963598,508.265941,0.0,2.010257,56.873436,0.0
d21_17_G03_0_1_T,glasshouse_b1,CALINGIRI,T0,R1,T,211.0,202.0,853.294569,0.23673,307.71762,0.423142,0.435429,1.947296,1610.056749,140.904455,1140.288897,106.431278,713.132897,33.730394,26.495382,300.132187,36.151653,83.378092,942.967068,113.943737,5.473588,100.621742,34.809125
d19_32_G04_1_4_S,glasshouse_b2,Forrest,T1,R4,S,44.0,20.0,157.986471,0.126593,58.622661,0.398223,0.435429,0.580571,312.631635,21.306279,199.808333,25.808908,132.177563,0.0,5.806074,57.794893,0.0,18.240321,181.568012,0.0,1.105781,20.200498,0.0
d33_23_G03_1_3_T,glasshouse_b1,CALINGIRI,T1,R3,T,160.0,114.0,763.934212,0.149228,286.545839,0.410967,0.435429,0.598439,1496.699911,105.458696,991.580796,73.950071,689.984141,0.0,18.738287,296.891683,0.0,58.868065,932.712731,0.0,3.903285,101.555411,0.0
d33_39_G05_1_3_S,glasshouse_b1,Hartog,T1,R3,S,147.0,77.0,481.214116,0.160012,167.272872,0.381517,0.410526,0.725714,943.847658,59.493812,582.274164,101.645836,378.244385,1.323894,24.331013,160.109859,0.902751,76.438131,502.999957,2.836075,4.884296,54.12434,0.485176
d33_43_G06_0_3_S,glasshouse_b1,3811,T0,R3,S,337.0,249.0,1344.615644,0.185183,502.756072,0.413975,0.435429,1.105375,2601.294524,194.517272,1752.632922,211.469629,1112.240652,20.905362,47.803541,494.689094,15.38775,150.179254,1554.111625,48.342044,9.115878,176.36864,9.032754
d21_45_G06_1_1_S,glasshouse_b1,3811,T1,R1,S,119.0,61.0,487.721741,0.125071,178.006227,0.396621,0.435429,0.580571,961.513523,63.281975,608.539604,75.596966,412.124776,0.0,17.713645,175.990527,0.0,55.649058,552.890547,0.0,3.482036,59.799939,0.0
d5_T011_21.10.23,field,Gladius,na,R4,T,1298.0,618.0,4440.1582,0.139184,789.44645,0.198564,0.18932,0.863434,8753.094144,151.600306,2771.202182,4138.385574,299.308267,2.464359,777.112685,103.214649,1.755796,2441.371502,324.314684,5.515996,122.040425,28.566012,0.993869
d15_16_G02_1_4_T,glasshouse_b2,5489,T1,R4,T,60.0,28.0,273.503765,0.102375,104.015592,0.412485,0.435429,0.598439,540.920075,38.058389,353.210248,31.74179,241.761975,0.0,6.955821,105.474493,0.0,21.852358,331.357891,0.0,1.293446,36.764943,0.0
d31_46_G06_1_2_S,glasshouse_b2,3811,T1,R2,S,156.0,82.0,641.860157,0.127754,221.940307,0.38119,0.435429,0.725714,1265.981422,78.409798,773.224083,131.560371,509.538854,0.760932,30.954861,214.660525,0.509485,97.247563,674.375927,1.600593,6.130867,72.010029,0.268902
d41_03_G01_0_3_T,glasshouse_b1,Gladius,T0,R3,T,368.0,236.0,1511.034407,0.156184,550.798108,0.400609,0.435429,0.917964,2948.131927,204.102444,1906.867696,277.437728,1222.5516,11.045078,67.303162,532.009787,7.576807,211.439118,1671.625337,23.803241,13.590973,186.373603,4.137868
d35_27_G04_0_3_S,glasshouse_b2,Forrest,T0,R3,S,215.0,155.0,716.676231,0.216276,256.368151,0.399698,0.435429,0.973648,1382.281252,97.723261,907.490108,116.254727,580.558296,19.863208,27.864777,246.241978,14.756319,87.539777,773.591989,46.358342,5.551718,83.438264,8.733279
d21_10_G02_0_1_T,glasshouse_b1,5489,T0,R2,T,113.0,85.0,699.155661,0.121575,253.071252,0.396569,0.410526,0.88287,1371.70361,89.276083,868.462681,71.162448,623.560313,4.4329,17.511162,255.854201,3.074894,55.012938,803.789678,9.660066,3.560103,84.010024,1.705956
d37_24_G03_1_4_T,glasshouse_b1,CALINGIRI,T1,R4,T,165.0,125.0,976.980604,0.127945,340.244217,0.385187,0.410526,0.821052,1917.573078,119.779395,1185.759639,196.372851,776.443259,4.164495,53.069715,321.502704,2.866596,166.723427,1010.030534,9.005678,11.571785,106.648619,1.558991
d07_47_G06_1_3_S,glasshouse_b2,3811,T1,R3,S,30.0,22.0,91.292658,0.240983,31.710272,0.385586,0.410526,0.846321,175.644613,11.816829,111.906411,20.002309,68.111794,3.178555,4.817502,28.57604,2.227375,15.134628,89.774277,6.997506,0.969316,9.61358,1.233933
d31_36_G05_0_4_S,glasshouse_b2,Hartog,T0,R4,S,325.0,211.0,944.60404,0.223374,342.050665,0.403727,0.435429,1.04664,1816.348564,134.04033,1206.185557,189.456835,729.476145,25.671059,41.777403,323.794837,18.344994,131.247582,1017.305476,57.632499,7.802245,115.780035,10.45805
d19_39_G05_1_3_S,glasshouse_b2,Hartog,T1,R3,S,61.0,35.0,209.739696,0.166874,78.799052,0.407286,0.435429,0.580571,411.48445,28.975462,270.402952,34.102681,175.637015,0.0,8.674983,77.39695,0.0,27.253262,243.14969,0.0,1.818031,27.157431,0.0
d11_38_G05_1_2_S,glasshouse_b2,Hartog,T1,R2,S,62.0,28.0,244.318484,0.114605,91.681186,0.403452,0.435429,0.580571,483.766504,33.203572,312.7597,32.082247,212.236237,0.0,7.962081,91.592423,0.0,25.013615,287.746084,0.0,1.636385,31.567187,0.0
d49_41_G06_0_1_S,glasshouse_b2,3811,T0,R1,S,2041.0,1743.0,4319.371629,0.403531,1512.802768,0.430408,0.410526,2.471694,7744.98585,819.682153,5885.298385,1311.201197,2490.041387,518.129044,304.286803,1112.832055,455.859879,955.945186,3496.735509,1432.617691,59.23437,404.787335,355.660449
d11_35_G05_0_3_S,glasshouse_b2,Hartog,T0,R3,S,79.0,65.0,263.588974,0.246596,91.93925,0.386,0.410526,0.725714,508.427328,33.269217,322.428514,45.406733,217.173534,1.008706,10.907353,91.069331,0.6555,34.26646,286.10274,2.059314,2.174766,30.758755,0.335696
d49_24_G03_1_4_T,glasshouse_b2,CALINGIRI,T1,R4,T,233.0,159.0,1338.741264,0.118768,476.401944,0.391631,0.410526,0.781618,2630.808114,170.930184,1649.323296,278.858945,1054.353554,5.528765,72.649291,448.627242,3.719377,228.23448,1409.404047,11.684768,15.447824,153.506739,1.975621
d37_13_G02_1_1_T,glasshouse_b1,5489,T1,R1,T,329.0,240.0,1016.333875,0.236143,331.101379,0.365226,0.324549,0.781618,1958.480068,117.700404,1165.362325,375.579961,633.432745,7.321169,91.650067,274.491038,4.737002,287.973975,862.506619,14.881731,18.489474,96.792595,2.418335
d43_38_G05_1_2_S,glasshouse_b2,Hartog,T1,R2,S,452.0,254.0,920.652813,0.275891,286.019178,0.352398,0.324549,0.973648,1770.617212,103.48818,1028.026065,358.092446,543.84585,18.714517,81.056058,233.005406,13.112534,254.645115,732.18671,41.19424,15.487548,80.684739,7.315893
d41_40_G05_1_4_S,glasshouse_b1,Hartog,T1,R4,S,400.0,290.0,1286.151362,0.225479,457.521139,0.398568,0.435429,0.973648,2467.157317,177.44897,1619.330994,289.354915,957.120354,39.676093,67.731719,418.806802,28.743445,212.785472,1315.92673,90.618791,13.323236,147.467437,16.658297
d33_26_G04_0_2_S,glasshouse_b1,Forrest,T0,R2,S,173.0,103.0,650.474642,0.158346,240.083786,0.404574,0.435429,0.781618,1274.583822,89.027045,833.207715,93.788377,555.429785,1.256481,22.194137,242.156,0.868116,69.724938,760.755509,2.727268,4.399832,84.152253,0.474961
d15_20_G03_0_4_T,glasshouse_b2,CALINGIRI,T0,R4,T,107.0,55.0,607.976594,0.090464,221.713842,0.399992,0.435429,0.598439,1204.533167,79.092798,764.850624,67.172638,540.803956,0.0,16.754116,226.705399,0.0,52.634609,712.216015,0.0,3.440819,75.651978,0.0
d07_21_G03_1_1_T,glasshouse_b2,CALINGIRI,T1,R1,T,51.0,25.0,177.288335,0.141013,62.546287,0.386593,0.435429,0.615789,349.533138,21.983218,216.105367,32.682197,144.328303,0.277834,7.914345,60.703042,0.171087,24.863648,190.704232,0.537487,1.587655,20.312819,0.082745
d7_T023_04.11.23,field,3811,na,R8,S,1465.0,802.0,4789.06935,0.167465,866.71332,0.202523,0.18932,0.677333,9412.455722,169.893935,3047.457372,4445.91655,342.743993,0.408807,848.405507,121.346747,0.258211,2665.376356,381.269823,0.811193,135.113764,34.651856,0.128315
d7_T021_04.11.23,field,Gladius,na,R9,T,1131.0,392.0,3388.944848,0.11567,615.369737,0.20157,0.18932,0.677333,6732.100109,118.874447,2146.54064,3155.696661,232.705118,0.54307,601.87043,81.030914,0.345842,1890.831722,254.622424,1.086494,96.000175,22.701021,0.173251
d19_08_G01_1_4_T,glasshouse_b2,Gladius,T1,R4,T,63.0,53.0,520.573984,0.101811,186.248475,0.3983,0.435429,0.846321,1024.735992,68.122764,649.725073,85.214633,421.262,14.097351,22.081886,174.799002,9.933026,69.372291,549.14726,31.205522,4.676265,57.929,5.517498
d15_27_G04_0_3_S,glasshouse_b2,Forrest,T0,R3,S,75.0,51.0,321.601835,0.158581,120.157758,0.406509,0.435429,0.580571,630.188849,43.922835,412.63448,37.120254,284.481581,0.0,9.104108,122.241527,0.0,28.601397,384.033083,0.0,1.835356,42.087479,0.0
d11_29_G04_1_1_S,glasshouse_b2,Forrest,T1,R1,S,31.0,17.0,111.260634,0.152794,38.267205,0.377413,0.410526,0.580571,219.240082,13.473997,132.602055,27.366874,83.89376,0.0,6.271215,35.93733,0.0,19.701603,112.900452,0.0,1.190665,12.283332,0.0
d11_47_G06_1_3_S,glasshouse_b2,3811,T1,R3,S,64.0,42.0,210.999502,0.199053,77.72993,0.400914,0.435429,0.781618,410.588047,28.688582,268.565553,28.507387,178.75789,3.734224,6.874732,76.034172,2.578167,21.597606,238.868395,8.099552,1.369369,25.915023,1.40419
d11_10_G02_0_1_T,glasshouse_b2,5489,T0,R2,T,98.0,74.0,383.305096,0.193058,143.704782,0.406686,0.435429,0.598439,744.024486,52.531905,492.676467,41.88116,341.423936,0.0,9.700758,147.089723,0.0,30.475832,462.200635,0.0,1.892612,50.639293,0.0
d15_10_G02_0_1_T,glasshouse_b2,5489,T0,R2,T,82.0,66.0,522.62487,0.126286,192.631609,0.400258,0.410526,1.016,1022.615482,68.695275,656.035566,56.687135,463.895421,2.042315,12.511397,194.582737,1.728472,39.305714,611.299696,5.430156,2.33092,65.193819,1.170536
d5_T015_21.10.23,field,3811,na,R6,S,1189.0,417.0,3534.462878,0.117981,637.527399,0.199261,0.18932,0.780588,7023.746281,121.313236,2217.774196,3295.406337,238.453602,0.602938,624.263325,81.197778,0.424946,1961.196999,255.24219,1.335007,98.875339,22.200776,0.237121
d11_31_G04_1_3_S,glasshouse_b2,Forrest,T1,R3,S,65.0,41.0,154.167894,0.265944,53.919576,0.384097,0.410526,0.598439,297.420381,19.596738,189.554227,25.702004,128.46589,0.0,5.899815,54.43717,0.0,18.534815,171.019412,0.0,1.136341,18.460397,0.0
d35_26_G04_0_2_S,glasshouse_b2,Forrest,T0,R2,S,188.0,114.0,717.390442,0.158909,269.819079,0.413072,0.435429,0.870857,1406.610567,102.122484,935.79331,89.579234,617.200307,10.610901,21.455934,268.663874,7.752454,67.405805,844.032453,24.355053,4.283055,93.37093,4.468499
d11_41_G06_0_1_S,glasshouse_b2,3811,T0,R1,S,64.0,40.0,309.439958,0.129266,121.653476,0.424262,0.435429,0.598439,608.679908,45.745875,415.361035,20.623255,288.816703,0.0,4.796564,127.41696,0.0,15.068849,400.292186,0.0,0.938282,44.807593,0.0
d27_06_G01_1_2_T,glasshouse_b2,Gladius,T1,R2,T,185.0,139.0,597.491609,0.232639,202.517041,0.385406,0.410526,1.026315,1139.258372,78.431437,729.011007,185.781695,380.607564,31.10235,48.258565,161.833819,21.891581,151.608754,508.415938,68.986315,10.229409,55.835603,12.366424
d1_T009_27.09.23,field,3811,na,R5,S,987.0,429.0,2978.995727,0.144008,566.624315,0.211577,0.18932,0.846667,5881.686192,116.562171,1980.860692,2661.161874,314.414608,3.419244,518.567568,109.578201,2.371634,1629.159912,344.250072,7.450708,84.473309,30.782628,1.306234
d11_36_G05_0_4_S,glasshouse_b2,Hartog,T0,R4,S,124.0,70.0,423.803126,0.165171,154.016808,0.393317,0.410526,0.725714,830.616725,55.880902,528.806632,75.761854,345.861108,2.180164,17.65961,149.230823,1.433946,55.479302,468.822457,4.504873,3.462703,51.674684,0.743516
d31_31_G04_1_3_S,glasshouse_b2,Forrest,T1,R3,S,123.0,59.0,397.934831,0.148265,132.2499,0.362324,0.410526,0.598439,782.951429,44.875789,457.789722,100.8004,297.134431,0.0,23.523697,122.195297,0.0,73.901875,383.887848,0.0,4.604457,40.271332,0.0
d4_T012_14.10.23,field,Gladius,na,R5,T,1074.0,439.0,3447.612618,0.127334,616.194108,0.198937,0.18932,0.71842,6826.686396,118.089279,2155.348618,3225.801479,220.577454,1.233684,608.328977,76.955646,0.78415,1911.121845,241.763292,2.463481,96.067019,21.630067,0.392193
d29_11_G02_0_3_T,glasshouse_b1,5489,T0,R3,T,190.0,124.0,840.668114,0.147502,324.375915,0.420884,0.435429,0.88287,1642.405961,124.097388,1112.835087,91.347254,732.950144,16.370716,20.538689,321.706964,11.980757,64.524194,1010.672235,37.638659,3.884025,113.282244,6.931119
d19_07_G01_1_3_T,glasshouse_b2,Gladius,T1,R3,T,77.0,57.0,568.751098,0.10022,204.618419,0.39834,0.435429,0.781618,1121.030099,73.022539,712.707217,65.668749,501.535582,1.546766,17.684526,208.07749,1.099737,55.557578,653.694715,3.454925,3.847398,68.558614,0.616527
d49_06_G01_1_2_T,glasshouse_b2,Gladius,T1,R2,T,917.0,740.0,1783.246803,0.414973,577.815829,0.386835,0.324549,1.376946,3253.016965,254.076661,2186.979593,673.620315,972.591279,137.03521,161.559404,426.009632,108.289373,507.553838,1338.422723,341.003032,32.141411,152.05529,69.87996
d25_31_G04_1_3_S,glasshouse_b1,Forrest,T1,R3,S,100.0,56.0,300.992068,0.186051,100.729226,0.366331,0.410526,0.580571,589.688986,34.250267,349.623954,67.234528,233.75754,0.0,16.187568,95.101193,0.0,50.854745,298.769209,0.0,3.222892,31.027375,0.0
d19_20_G03_0_4_T,glasshouse_b2,CALINGIRI,T0,R4,T,121.0,69.0,731.386565,0.094341,262.108758,0.397367,0.435429,0.781618,1445.647005,94.572194,911.782214,104.135298,617.182698,10.068568,26.084533,257.120928,7.023831,81.946978,807.769219,22.066017,5.367155,85.344375,3.860664
d07_16_G02_1_4_T,glasshouse_b2,5489,T1,R4,T,30.0,10.0,103.514718,0.096605,36.297492,0.386553,0.435429,0.649099,204.608791,12.747544,125.378827,18.509254,84.642607,0.362857,4.128479,35.547728,0.186007,12.97,111.676483,0.732345,0.770676,11.859196,0.117672
d43_35_G05_0_3_S,glasshouse_b2,Hartog,T0,R3,S,913.0,687.0,1642.726851,0.418207,545.80536,0.403806,0.410526,1.952697,2978.043885,266.269822,2103.974507,556.364176,935.682634,150.680041,122.342367,423.36086,123.855835,384.349883,1330.027368,389.597256,22.713954,155.834559,87.721308
d19_44_G06_0_4_S,glasshouse_b2,3811,T0,R4,S,177.0,131.0,821.531871,0.159458,302.282476,0.403544,0.435429,0.917964,1601.01504,111.319993,1044.205825,102.242032,706.620266,12.669573,23.878106,299.435018,9.067913,75.015283,940.702854,28.487689,4.679269,101.46886,5.171864
d29_45_G06_1_1_S,glasshouse_b1,3811,T1,R1,S,239.0,127.0,768.822007,0.165188,265.816453,0.38154,0.435429,0.725714,1506.915203,94.644944,923.262208,167.630811,599.354144,1.837052,36.945882,255.647218,1.25708,116.068912,803.244064,3.949232,6.911254,87.055684,0.678005
d09_19_G03_0_3_T,glasshouse_b1,CALINGIRI,T0,R3,T,76.0,46.0,340.841139,0.13496,131.059646,0.418465,0.435429,0.973648,668.600042,49.945281,452.159135,33.830004,301.079138,5.931997,7.885483,131.604117,4.437123,24.772974,413.446529,13.939632,1.535915,45.739557,2.669809
d29_09_G02_0_1_T,glasshouse_b1,5489,T0,R1,T,225.0,139.0,974.905815,0.142578,384.489027,0.434262,0.435429,1.338151,1903.207652,154.79496,1328.29365,109.573883,834.178527,31.153406,23.565414,376.046147,23.15401,74.032931,1181.520252,72.740467,4.312104,136.612198,13.870657
d1_T010_27.09.23,field,Gladius,na,R3,T,1143.0,683.0,4231.619781,0.161404,832.338837,0.22099,0.18932,0.850889,8279.879301,182.662535,2933.275666,3673.848823,552.018609,5.752349,726.795973,202.895761,3.949077,2283.312814,637.55646,12.406392,119.852789,60.662379,2.147367
d31_20_G03_0_4_T,glasshouse_b2,CALINGIRI,T0,R4,T,239.0,169.0,1252.02967,0.134981,447.909572,0.396324,0.410526,0.917964,2450.945813,162.356327,1563.498896,194.855411,1046.014097,11.160161,51.155995,438.719696,7.748799,160.711297,1378.278574,24.509024,10.900374,147.139388,4.316566
d09_14_G02_1_2_T,glasshouse_b1,5489,T1,R2,T,31.0,23.0,150.672229,0.152649,58.691127,0.420848,0.435429,0.580571,294.131078,21.916593,199.499037,14.639317,136.032912,0.0,3.250789,60.251727,0.0,10.212654,189.286383,0.0,0.605273,21.311321,0.0
d35_38_G05_1_2_S,glasshouse_b2,Hartog,T1,R2,S,229.0,129.0,643.165343,0.200571,221.071316,0.381785,0.410526,1.04664,1252.16523,80.729662,777.108824,158.673428,475.401993,9.089922,38.907232,201.701423,6.696042,122.230675,633.66371,21.214439,7.952685,68.761418,4.015559
d05_43_G06_0_3_S,glasshouse_b1,3811,T0,R3,S,33.0,21.0,100.801651,0.20833,38.583201,0.417615,0.435429,0.598439,195.816449,14.543391,133.383696,7.746283,93.055369,0.0,1.891874,40.565475,0.0,5.943498,127.440198,0.0,0.380109,14.163282,0.0
d17_37_G05_1_1_S,glasshouse_b1,Hartog,T1,R1,S,69.0,39.0,267.999384,0.145523,96.800333,0.391112,0.435429,0.580571,526.842684,34.634632,331.532208,48.265309,219.734075,0.0,10.828691,94.701289,0.0,34.019335,297.512874,0.0,2.063784,32.570847,0.0
d49_21_G03_1_1_T,glasshouse_b2,CALINGIRI,T1,R1,T,585.0,460.0,1678.495905,0.274055,555.701324,0.372863,0.410526,0.973648,3212.017354,203.14278,1989.291777,492.929579,1156.766883,28.799443,123.262081,490.022643,19.843849,387.239248,1539.570846,62.481683,25.438606,166.77987,10.924304
d15_06_G01_1_2_T,glasshouse_b2,Gladius,T1,R2,T,58.0,36.0,428.129765,0.084087,152.189294,0.389468,0.410526,0.580571,848.302827,52.999619,526.311535,63.73636,364.393405,0.0,17.292113,150.238052,0.0,54.324774,471.986761,0.0,3.7786,49.22102,0.0
d49_07_G01_1_3_T,glasshouse_b2,Gladius,T1,R3,T,705.0,509.0,1688.147475,0.301514,553.51568,0.379044,0.410526,1.314325,3182.308994,221.024954,2022.654715,605.582192,1013.773308,68.791976,144.474555,446.382487,52.73224,453.880199,1402.425936,166.34858,28.696829,159.267411,33.060714
d11_14_G02_1_2_T,glasshouse_b2,5489,T1,R2,T,29.0,15.0,198.96885,0.075389,75.217756,0.409094,0.435429,0.598439,393.439523,26.765734,254.822215,14.131317,184.837533,0.0,3.008524,78.103906,0.0,9.451558,245.370657,0.0,0.540348,26.225386,0.0
d11_22_G03_1_2_T,glasshouse_b2,CALINGIRI,T1,R2,T,58.0,24.0,276.415534,0.086826,106.759497,0.414719,0.435429,0.580571,548.587959,38.846603,361.163948,29.776319,246.639215,0.0,7.173715,107.78834,0.0,22.53689,338.627059,0.0,1.44498,37.401623,0.0
d15_35_G05_0_3_S,glasshouse_b2,Hartog,T0,R3,S,110.0,62.0,348.065075,0.178128,118.556708,0.372546,0.410526,0.649099,680.674053,41.968003,412.564028,76.424945,271.114521,0.525609,16.71193,114.281779,0.3295,52.502077,359.026796,1.035155,3.095785,38.709884,0.162334
d19_27_G04_0_3_S,glasshouse_b2,Forrest,T0,R3,S,99.0,65.0,422.068768,0.154003,152.205094,0.394454,0.435429,0.580571,828.638929,54.47005,525.324001,61.608289,360.460479,0.0,14.430508,152.785315,0.0,45.334779,479.989222,0.0,2.796829,51.673222,0.0
d19_12_G02_0_4_T,glasshouse_b2,5489,T0,R4,T,86.0,60.0,590.634525,0.101586,227.04892,0.41425,0.435429,0.580571,1164.637223,82.172307,769.045183,52.256371,538.378154,0.0,12.597909,232.196776,0.0,39.577498,729.467685,0.0,2.522923,79.649384,0.0
d15_25_G04_0_1_S,glasshouse_b2,Forrest,T0,R1,S,65.0,25.0,260.067521,0.096129,92.202581,0.385995,0.410526,0.821052,514.865618,33.354945,316.4831,60.404635,197.718045,1.944841,13.354312,85.899458,1.485929,41.953809,269.861107,4.668184,2.486221,29.971862,0.896862
d29_26_G04_0_2_S,glasshouse_b1,Forrest,T0,R2,S,157.0,101.0,570.283795,0.177105,213.803391,0.410959,0.435429,0.598439,1110.758189,80.12839,741.980351,70.50363,499.780165,0.0,16.695719,219.412675,0.0,52.451147,689.529204,0.0,3.301058,76.827332,0.0
d15_18_G03_0_2_T,glasshouse_b2,CALINGIRI,T0,R2,T,101.0,65.0,606.638996,0.107148,225.7902,0.407826,0.435429,0.917964,1194.719819,82.700673,778.941949,67.437136,534.864298,4.337562,16.73984,228.199095,3.005988,52.589759,716.908601,9.443589,3.424754,77.622542,1.653377
d5_T019_21.10.23,field,Gladius,na,R7,T,1597.0,1160.0,6411.011102,0.180939,1218.522653,0.214074,0.18932,0.766689,12477.04624,253.312621,4310.575551,5757.751547,649.717565,3.54199,1143.165597,226.544057,2.357924,3591.360641,711.807274,7.407637,188.487845,63.585384,1.239392
d19_15_G02_1_3_T,glasshouse_b2,5489,T1,R3,T,74.0,52.0,364.882331,0.142512,136.220926,0.407401,0.435429,0.740086,712.92455,50.684374,469.311565,47.279369,311.251008,6.351953,11.085722,133.820917,4.479871,34.826824,420.410811,14.073929,2.183375,46.013311,2.487688
d09_47_G06_1_3_S,glasshouse_b1,3811,T1,R3,S,63.0,41.0,167.701764,0.244482,63.431078,0.41563,0.435429,0.973648,322.060182,25.132269,221.916957,22.851088,138.566137,6.284539,5.490826,60.480634,4.666901,17.249939,190.005515,14.661503,1.096069,21.275587,2.760613
d29_17_G03_0_1_T,glasshouse_b1,CALINGIRI,T0,R1,T,204.0,146.0,1080.804835,0.135085,395.738511,0.407496,0.435429,1.016,2113.413392,149.358029,1385.350091,178.233015,881.778519,20.793301,46.464431,379.753983,14.728663,145.972315,1193.106316,46.27146,9.85837,131.224286,8.275372
d45_27_G04_0_3_S,glasshouse_b1,Forrest,T0,R3,S,369.0,273.0,1032.941595,0.264294,372.728682,0.412953,0.435429,1.436841,1955.473668,158.236757,1350.070994,211.720425,747.8958,73.32537,50.991131,321.163759,57.517814,160.193361,1009.039699,180.837934,10.223278,111.02736,36.986119
d29_33_G05_0_1_S,glasshouse_b1,Hartog,T0,R1,S,198.0,104.0,633.599554,0.164142,220.154925,0.382047,0.410526,0.725714,1238.969923,78.93972,765.832686,129.989739,499.206976,4.402839,28.529247,212.511999,2.730869,89.627272,667.626136,8.579279,5.299566,72.3089,1.331254
d33_27_G04_0_3_S,glasshouse_b1,Forrest,T0,R3,S,143.0,95.0,646.542752,0.146935,233.879717,0.400706,0.435429,1.133602,1267.687489,86.202835,817.395254,90.217789,553.394182,2.930781,22.241692,235.566817,2.376481,69.874335,740.054983,7.465936,4.520091,80.092526,1.590218
d15_01_G01_0_1_T,glasshouse_b2,Gladius,T0,R1,T,138.0,78.0,518.501698,0.150433,197.045031,0.414009,0.435429,0.649099,1017.817348,74.024015,675.419699,70.458616,447.825368,0.217714,15.981213,198.837093,0.136483,50.206462,624.784462,0.428775,3.049333,70.907441,0.067241
d13_24_G03_1_4_T,glasshouse_b1,CALINGIRI,T1,R4,T,79.0,49.0,446.499552,0.109743,168.373593,0.411828,0.435429,0.781618,880.806586,61.775562,579.863531,43.050481,402.500485,0.948586,10.838475,173.077695,0.660125,34.050074,543.739614,2.073843,2.241793,59.170385,0.363384
d21_20_G03_0_4_T,glasshouse_b1,CALINGIRI,T0,R4,T,145.0,83.0,819.587308,0.10127,292.792041,0.394794,0.435429,0.781618,1620.108808,104.873514,1016.745361,120.552798,691.413625,7.620885,30.237822,288.066299,5.312427,94.994918,905.060962,16.68948,6.232027,95.724084,2.917403
d29_05_G01_1_1_T,glasshouse_b1,Gladius,T1,R1,T,175.0,103.0,850.034012,0.121172,312.699835,0.402532,0.435429,0.870857,1670.805229,114.311015,1077.426264,132.334272,710.729861,6.969878,32.976952,304.855502,5.085,103.600149,957.851116,15.974999,6.785145,104.596662,2.929208
d17_32_G04_1_4_S,glasshouse_b1,Forrest,T1,R4,S,25.0,11.0,112.321282,0.097933,42.006499,0.401127,0.435429,0.580571,223.726174,15.089958,142.660362,16.496114,95.825168,0.0,4.151791,41.258412,0.0,13.043237,129.617125,0.0,0.858401,14.231557,0.0
d21_02_G01_0_2_T,glasshouse_b1,Gladius,T0,R2,T,126.0,86.0,704.057777,0.122149,283.133074,0.434781,0.435429,0.649099,1383.718952,108.56476,965.108427,42.223021,661.732125,0.102631,9.734732,297.358774,0.066618,30.582563,934.316577,0.209286,1.875534,106.655264,0.033962
d15_45_G06_1_1_S,glasshouse_b2,3811,T1,R1,S,91.0,43.0,324.324913,0.132583,114.80688,0.385549,0.435429,0.580571,639.320675,40.246081,393.489317,60.561344,263.763569,0.0,13.322894,111.928646,0.0,41.855107,351.634211,0.0,2.475356,37.770725,0.0
d35_40_G05_1_4_S,glasshouse_b2,Hartog,T1,R4,S,241.0,161.0,967.630242,0.166386,355.791257,0.403517,0.435429,0.973648,1882.185197,133.147881,1233.956473,165.635646,789.495953,12.498643,38.913403,344.628872,9.150152,122.250059,1082.819969,28.886444,7.653605,120.125363,5.368912
d31_45_G06_1_1_S,glasshouse_b2,3811,T1,R1,S,251.0,125.0,827.1774,0.151116,285.271319,0.380474,0.435429,0.725714,1623.386759,100.863808,989.225972,183.389644,642.168418,1.619338,40.833156,272.881338,1.132604,128.281142,857.386651,3.558179,7.692396,92.54756,0.623852
d31_09_G02_0_1_T,glasshouse_b2,5489,T0,R1,T,262.0,166.0,1033.028906,0.160693,398.940611,0.425686,0.435429,1.026315,2012.457801,158.651704,1380.970371,147.990108,863.731089,21.30771,31.673228,392.58132,15.268264,99.504381,1233.499323,47.966667,5.76603,144.17056,8.715114
d45_01_G01_0_2_T,glasshouse_b1,Gladius,T0,R1,T,485.0,323.0,1666.119942,0.193864,624.20415,0.412292,0.435429,1.04664,3237.717829,241.088112,2168.3595,277.837724,1371.395323,16.886895,63.307787,614.78359,12.095335,198.887279,1931.473605,37.998616,12.139099,221.974227,6.974786
d29_32_G04_1_4_S,glasshouse_b1,Forrest,T1,R4,S,97.0,51.0,338.123952,0.150832,120.331557,0.38664,0.435429,0.580571,665.813456,42.763574,413.303803,64.427375,273.696577,0.0,14.129279,117.396098,0.0,44.38844,368.915362,0.0,2.630833,40.132741,0.0
d41_27_G04_0_3_S,glasshouse_b1,Forrest,T0,R3,S,257.0,181.0,868.633964,0.208373,316.918392,0.409968,0.435429,1.494337,1673.146679,126.937496,1126.495168,150.907034,687.745349,29.981582,37.192306,297.522432,23.64192,116.843074,934.950037,74.702058,7.5833,103.628315,15.72588
d29_15_G02_1_3_T,glasshouse_b1,5489,T1,R3,T,144.0,92.0,654.71607,0.140519,244.412941,0.409751,0.435429,0.870857,1281.818743,91.810612,843.571104,92.386387,554.145836,8.183848,21.522952,241.063311,5.930759,67.616347,757.322728,18.632029,4.218559,84.175792,3.416261
d07_17_G03_0_1_T,glasshouse_b2,CALINGIRI,T0,R1,T,69.0,45.0,329.984385,0.13637,121.964206,0.401782,0.435429,0.725714,650.774447,43.843978,417.124262,41.024524,288.712087,0.247774,9.449897,123.153044,0.171836,29.687726,386.896697,0.539839,1.815682,41.934212,0.094084
d33_08_G01_1_4_T,glasshouse_b1,Gladius,T1,R4,T,195.0,127.0,789.504131,0.16086,272.842114,0.38382,0.410526,0.781618,1542.858109,99.873046,951.419189,250.61459,526.478942,12.410599,63.654773,230.635866,8.517517,199.977366,724.683254,26.758569,13.260892,82.004579,4.607575
d3_T009_08.10.23,field,3811,na,R5,S,1212.0,698.0,4392.865664,0.158894,827.068238,0.211447,0.18932,0.871697,8610.851102,173.127969,2916.29881,3959.693151,426.976287,6.196226,767.884058,156.011194,4.291966,2412.410764,490.404438,13.483608,124.347196,46.418234,2.362539
d7_T024_04.11.23,field,3811,na,R9,S,1125.0,656.0,3947.273543,0.166191,714.011117,0.202266,0.18932,0.677333,7767.899018,138.108517,2505.670646,3681.150959,265.586777,0.535807,705.317612,91.843965,0.342128,2215.884325,288.711494,1.074828,112.445409,25.491259,0.17185
d21_39_G05_1_3_S,glasshouse_b1,Hartog,T1,R3,S,76.0,44.0,227.737929,0.193205,83.702268,0.399054,0.435429,0.580571,446.528057,30.198173,288.396372,31.83963,195.898298,0.0,7.927305,83.872111,0.0,24.904365,263.492008,0.0,1.629969,28.568204,0.0
d7_T017_04.11.23,field,Gladius,na,R6,T,1013.0,338.0,3464.485979,0.097561,616.018481,0.196421,0.18932,0.567961,6879.632512,115.744419,2144.335243,3261.94863,202.537349,0.0,611.667007,70.896101,0.0,1921.608575,222.726669,0.0,95.800027,19.944391,0.0
d2_T005_02.10.23,field,3811,na,R2,S,934.0,265.0,2684.570497,0.098712,469.26071,0.193023,0.18932,0.846667,5349.080406,86.429758,1633.222339,2561.790749,121.72567,1.054079,477.303844,41.763999,0.790051,1499.494251,131.24607,2.482018,74.452691,11.507704,0.469363
d15_02_G01_0_2_T,glasshouse_b2,Gladius,T0,R2,T,101.0,61.0,520.71986,0.117146,208.073317,0.430613,0.435429,0.725714,1024.892916,78.827842,707.728835,35.18698,484.819617,0.713263,8.547964,216.24076,0.488361,26.854221,679.340382,1.534232,1.719018,76.845181,0.263643
d1_T011_27.09.23,field,Gladius,na,R4,T,753.0,229.0,2076.23259,0.110296,372.680258,0.198052,0.18932,0.644802,4127.068527,70.794219,1296.07367,1937.062703,138.940685,0.229202,365.166388,47.245287,0.141387,1147.204043,148.425445,0.444181,57.828902,12.896785,0.068532
d37_08_G01_1_4_T,glasshouse_b1,Gladius,T1,R4,T,259.0,175.0,881.764754,0.198466,304.067858,0.382044,0.410526,0.740086,1716.202318,112.53155,1061.287993,327.159623,545.510051,9.09508,83.818788,247.846577,6.129542,263.324488,778.706979,19.256526,17.5815,91.691842,3.258208
d27_29_G04_1_1_S,glasshouse_b2,Forrest,T1,R1,S,80.0,26.0,312.999283,0.083067,100.450095,0.349983,0.410526,0.580571,622.813969,32.841442,346.259026,102.21359,210.785693,0.0,24.199556,86.018115,0.0,76.025147,270.233879,0.0,4.778967,28.062475,0.0
d21_44_G06_0_4_S,glasshouse_b1,3811,T0,R4,S,175.0,117.0,907.917811,0.128866,336.041461,0.40513,0.435429,0.917964,1780.909234,123.336418,1156.248695,110.876781,784.221156,12.819874,26.013175,332.923393,9.108823,81.722799,1045.909685,28.616211,5.107016,113.088578,5.140824
d19_05_G01_1_1_T,glasshouse_b2,Gladius,T1,R1,T,116.0,66.0,570.77861,0.115632,214.256319,0.406451,0.435429,0.615789,1125.580673,77.433573,731.748352,64.015964,506.617504,0.145143,14.985775,217.847582,0.089377,47.079201,684.388364,0.280787,2.950179,74.440168,0.043226
d45_15_G02_1_3_T,glasshouse_b1,5489,T1,R3,T,633.0,425.0,1699.270309,0.250107,581.102195,0.386284,0.410526,1.429491,3248.655689,225.328705,2071.385873,456.599154,1181.934607,60.736547,103.318988,511.133385,44.726373,324.586174,1606.07577,140.72393,19.667417,178.77755,26.883738
d35_39_G05_1_3_S,glasshouse_b2,Hartog,T1,R3,S,167.0,95.0,515.534511,0.184275,175.362388,0.374942,0.410526,0.725714,1009.965172,61.861332,613.739039,120.594791,394.123825,0.815894,28.892723,165.918016,0.548465,90.769166,521.246819,1.723054,5.798378,55.772382,0.290572
d13_07_G01_1_3_T,glasshouse_b1,Gladius,T1,R3,T,87.0,65.0,470.670325,0.138101,176.273512,0.411578,0.435429,0.725714,922.39081,64.690992,611.223604,34.304923,436.045057,0.320346,8.927652,185.411808,0.219056,28.047045,582.488373,0.688185,1.891879,62.681099,0.118013
d1_T017_27.09.23,field,Gladius,na,R6,T,745.0,217.0,2114.922853,0.102604,375.820037,0.196293,0.18932,0.677333,4208.08826,70.884995,1310.109717,1984.856395,129.692721,0.373737,373.031769,43.734688,0.239212,1171.913864,137.444347,0.751505,58.907201,11.857438,0.120356
d05_28_G04_0_4_S,glasshouse_b1,Forrest,T0,R4,S,27.0,11.0,117.18961,0.093865,44.376475,0.407566,0.435429,0.598439,232.489341,16.028158,149.956865,14.819677,102.369933,0.0,3.244618,44.488134,0.0,10.193269,139.763596,0.0,0.59637,15.431788,0.0
d11_37_G05_1_1_S,glasshouse_b2,Hartog,T1,R1,S,37.0,11.0,151.290521,0.072708,56.573949,0.400394,0.435429,0.580571,301.158789,20.278738,191.13503,23.301104,127.989417,0.0,5.129264,55.710906,0.0,16.114058,175.020973,0.0,0.959518,19.31922,0.0
d43_02_G01_0_2_T,glasshouse_b2,Gladius,T0,R2,T,511.0,351.0,1383.195505,0.25376,494.529623,0.40459,0.435429,1.338151,2645.382002,196.854132,1767.804773,282.777373,1067.912023,32.506109,63.107014,474.720883,24.824978,198.256531,1491.558275,77.989967,11.844151,169.609448,15.400533
d31_01_G01_0_1_T,glasshouse_b2,Gladius,T0,R1,T,259.0,167.0,908.168758,0.183887,328.557605,0.398232,0.435429,0.821052,1767.561918,121.583473,1138.097601,165.085287,735.615023,7.468448,37.293554,319.812539,5.104763,117.161154,1004.899361,16.037086,7.104556,111.719675,2.759241
d2_T021_02.10.23,field,Gladius,na,R9,T,1115.0,419.0,3606.093767,0.116192,666.063184,0.205319,0.18932,0.838157,7131.873281,131.521117,2327.177662,3337.121054,265.211794,3.76092,645.790283,92.235086,2.698711,2028.825933,289.873479,8.47825,104.131509,25.856635,1.532973
d5_T001_21.10.23,field,Gladius,na,R1,T,1114.0,673.0,4141.277579,0.16251,808.528849,0.218188,0.18932,0.83387,8121.27223,172.240931,2840.437083,3647.32268,490.729786,3.225113,726.791856,175.116562,2.205443,2283.315805,550.192677,6.928602,120.454223,50.592067,1.194641
d21_11_G02_0_3_T,glasshouse_b1,5489,T0,R3,T,138.0,84.0,633.451757,0.132607,244.939602,0.41814,0.435429,0.870857,1246.248428,91.560559,832.59495,67.459536,559.712839,6.279382,15.027416,245.422993,4.572795,47.21002,771.019072,14.365858,2.819486,86.107363,2.633709
d09_02_G01_0_2_T,glasshouse_b1,Gladius,T0,R2,T,75.0,45.0,294.200325,0.152957,118.698907,0.437986,0.435429,0.740086,572.466613,47.188407,408.455299,29.912398,262.578409,1.709518,7.075793,121.792111,1.123903,22.22926,382.695194,3.530845,1.403172,45.202144,0.583091
d37_37_G05_1_1_S,glasshouse_b1,Hartog,T1,R1,S,102.0,54.0,299.688715,0.180187,102.504074,0.376985,0.435429,0.580571,586.618927,35.807314,356.856633,68.464336,231.224379,0.0,16.359896,97.231099,0.0,51.396128,305.460505,0.0,3.258535,32.548779,0.0
d37_15_G02_1_3_T,glasshouse_b1,5489,T1,R3,T,295.0,179.0,969.595069,0.184613,337.984841,0.385358,0.410526,1.04664,1887.103659,123.3018,1176.833873,236.146722,724.169886,9.278461,55.572924,312.005641,6.972186,174.587488,980.342616,21.903768,10.904089,108.192381,4.205329
d31_43_G06_0_3_S,glasshouse_b2,3811,T0,R3,S,265.0,185.0,1284.430493,0.144033,482.200484,0.411805,0.435429,1.026315,2510.66746,182.846945,1667.538431,189.429278,1083.083143,11.918072,43.938083,477.689552,9.136541,138.129154,1500.705986,28.703291,8.590884,168.634198,5.621864
d27_17_G03_0_1_T,glasshouse_b2,CALINGIRI,T0,R1,T,209.0,161.0,1025.748238,0.156959,371.912357,0.402136,0.435429,0.846321,2000.922065,137.611207,1300.71139,167.966844,844.877383,12.904012,44.536156,360.501659,8.99148,139.914459,1132.549364,28.247567,9.581828,123.088307,4.941072
d41_46_G06_1_2_S,glasshouse_b1,3811,T1,R2,S,390.0,237.0,1086.542339,0.218123,355.317262,0.371958,0.410526,1.240101,2093.117436,132.542905,1275.760846,333.694958,731.001978,21.845403,77.438701,312.307867,16.262724,243.280855,981.248743,51.231248,15.102261,107.477954,9.962689
d37_39_G05_1_3_S,glasshouse_b1,Hartog,T1,R3,S,137.0,71.0,535.724841,0.132531,184.336695,0.378594,0.410526,0.615789,1053.420504,64.711451,641.127461,115.820916,419.831353,0.072571,27.44056,176.591961,0.044689,86.207061,554.780006,0.140394,5.473097,59.21674,0.021613
d25_41_G06_0_1_S,glasshouse_b1,3811,T0,R1,S,161.0,99.0,726.287553,0.13631,254.782901,0.387384,0.435429,0.725714,1426.424703,90.545227,887.311017,142.641551,575.517116,8.128885,36.848891,240.001898,5.58908,115.764204,753.9882,17.558613,7.781195,79.73072,3.033312
d33_12_G02_0_4_T,glasshouse_b1,5489,T0,R4,T,280.0,214.0,1174.409704,0.182219,450.295347,0.421372,0.435429,0.929368,2280.185394,174.345602,1559.818944,135.616862,1018.649663,20.143179,32.039827,450.814026,13.651938,100.656085,1416.274032,42.888827,6.317602,160.682761,7.345238
d33_07_G01_1_3_T,glasshouse_b1,Gladius,T1,R3,T,200.0,136.0,860.499618,0.158048,304.54712,0.390923,0.410526,0.725714,1683.961869,111.928142,1064.799604,224.711444,628.927337,6.860838,60.225849,274.278764,4.431628,189.205086,861.672149,13.922369,13.037119,96.635532,2.255491
d37_17_G03_0_1_T,glasshouse_b1,CALINGIRI,T0,R1,T,394.0,298.0,1424.526368,0.209192,502.687606,0.397277,0.435429,1.016,2742.444334,190.786714,1783.800794,311.499667,1076.218247,36.808454,79.931922,461.997854,25.81479,251.113538,1451.587702,81.099553,16.772619,159.650332,14.363762
d27_25_G04_0_1_S,glasshouse_b2,Forrest,T0,R1,S,126.0,72.0,555.613988,0.129586,204.255023,0.402855,0.435429,0.740086,1091.163778,75.664664,705.883655,85.917215,464.605574,5.0912,19.211737,202.157698,3.275622,60.355453,635.097137,10.431065,3.622474,70.333065,1.709125
d41_30_G04_1_2_S,glasshouse_b1,Forrest,T1,R2,S,171.0,75.0,420.343348,0.178426,125.893099,0.330234,0.324549,0.649099,826.467702,40.804382,440.581912,179.901058,239.916682,0.525609,40.919282,98.990379,0.331917,128.551715,310.987447,1.042749,7.829217,32.810429,0.164736
d35_20_G03_0_4_T,glasshouse_b2,CALINGIRI,T0,R4,T,317.0,247.0,1510.341774,0.163539,548.454466,0.402737,0.435429,1.133602,2933.875212,205.396846,1922.226339,238.304852,1248.419744,23.617178,61.212531,534.157262,16.32648,192.304836,1678.209173,51.712329,12.870518,183.364242,9.162086
d21_14_G02_1_2_T,glasshouse_b1,5489,T1,R2,T,37.0,17.0,496.449325,0.034243,180.681666,0.399814,0.435429,0.580571,988.970729,62.950195,618.426763,48.83056,447.618765,0.0,12.493657,184.357695,0.0,39.249982,579.17678,0.0,2.621041,60.329154,0.0
d21_04_G01_0_4_T,glasshouse_b1,Gladius,T0,R4,T,157.0,101.0,780.173728,0.129458,293.855897,0.409896,0.435429,0.649099,1530.301849,107.221875,1005.88502,80.996945,698.97152,0.205263,19.123237,300.90312,0.133236,60.077421,945.389026,0.418573,3.761618,103.392334,0.067924
d13_36_G05_0_4_S,glasshouse_b1,Hartog,T0,R4,S,113.0,65.0,435.320468,0.149315,160.03128,0.396781,0.435429,0.725714,855.34457,57.159318,546.236012,65.518967,368.937937,0.863563,15.95341,157.326458,0.559146,50.119115,494.360287,1.75661,3.212709,53.66155,0.285059
d05_30_G04_1_2_S,glasshouse_b1,Forrest,T1,R2,S,17.0,7.0,42.76749,0.163676,15.678705,0.397387,0.435429,0.615789,83.945701,5.741036,53.970928,8.652357,33.909869,0.205263,2.076051,14.977031,0.126399,6.522105,47.051729,0.397093,0.411704,5.268201,0.061131
d07_48_G06_1_4_S,glasshouse_b2,3811,T1,R4,S,61.0,43.0,144.773832,0.297015,48.958427,0.371743,0.410526,0.580571,278.709985,17.140782,171.939297,28.542605,116.231227,0.0,7.039029,47.690949,0.0,22.113761,149.825536,0.0,1.427857,15.712925,0.0
d6_T008_28.10.23,field,3811,na,R4,S,962.0,463.0,3109.812275,0.148884,579.65117,0.208014,0.18932,0.850889,6128.576412,116.929916,2030.944533,2818.502819,288.742896,2.566561,543.599144,101.096769,1.75291,1707.767078,317.670525,5.50693,87.491635,28.492171,0.946111
d27_02_G01_0_2_T,glasshouse_b2,Gladius,T0,R2,T,232.0,166.0,921.186208,0.180202,359.340953,0.426186,0.435429,0.917964,1793.25975,138.287038,1240.645294,80.381156,834.423039,6.382013,18.762423,371.638845,4.508394,58.94389,1167.537866,14.163538,3.6498,132.107219,2.530019
d17_16_G02_1_4_T,glasshouse_b1,5489,T1,R4,T,51.0,33.0,301.64741,0.109399,115.554739,0.413906,0.435429,0.598439,594.594794,41.988774,392.059604,25.19614,276.45127,0.0,5.617845,119.178603,0.0,17.648981,374.410623,0.0,1.060992,40.927782,0.0
d33_21_G03_1_1_T,glasshouse_b1,CALINGIRI,T1,R1,T,222.0,182.0,1056.911137,0.1722,365.350158,0.388629,0.410526,0.870857,2055.223746,131.584602,1293.820412,206.75322,841.245335,8.912583,55.476606,350.231386,6.094528,174.284896,1100.388992,19.146524,12.030789,116.260122,3.293691
d13_06_G01_1_2_T,glasshouse_b1,Gladius,T1,R2,T,56.0,34.0,426.870264,0.079649,157.45064,0.402941,0.435429,0.725714,845.748606,56.361036,542.484923,43.074499,383.372787,0.422977,11.401099,161.006356,0.27086,35.817609,505.816384,0.85093,2.453434,53.770824,0.136778
d27_04_G01_0_4_T,glasshouse_b2,Gladius,T0,R4,T,260.0,198.0,1090.981496,0.181488,401.95838,0.408295,0.435429,1.105375,2115.768482,151.988317,1400.556431,164.696642,908.069792,18.215062,39.708475,392.598952,13.503531,124.747853,1233.385984,42.422595,7.934805,135.993126,8.060386
d13_28_G04_0_4_S,glasshouse_b1,Forrest,T0,R4,S,74.0,40.0,260.901909,0.153314,96.268405,0.399275,0.435429,0.580571,512.144891,34.734829,329.323183,35.003232,225.898678,0.0,7.930118,96.896707,0.0,24.913201,304.409982,0.0,1.500819,33.23401,0.0
d33_01_G01_0_1_T,glasshouse_b1,Gladius,T0,R1,T,309.0,183.0,977.713487,0.187171,351.972963,0.398059,0.435429,0.917964,1903.910019,131.362868,1224.698734,194.8118,775.643659,7.258028,44.992743,339.467851,5.278393,141.34887,1066.574351,16.775513,8.709263,119.53148,3.122125
d27_22_G03_1_2_T,glasshouse_b2,CALINGIRI,T1,R2,T,120.0,88.0,697.858109,0.1261,252.760521,0.400077,0.435429,0.580571,1370.437192,90.164776,877.432167,68.840896,629.017213,0.0,17.279847,261.982177,0.0,54.286242,823.145925,0.0,3.587586,86.57719,0.0
d45_45_G06_1_1_S,glasshouse_b1,3811,T1,R1,S,627.0,343.0,1574.20472,0.217888,510.434792,0.364164,0.410526,0.929368,3052.522748,185.294802,1806.460465,539.59096,1006.139453,28.474306,119.825428,435.38713,19.801668,376.442683,1367.809008,62.208774,22.519111,151.861828,10.913863
d49_44_G06_0_4_S,glasshouse_b2,3811,T0,R4,S,2165.0,1849.0,4325.423955,0.427473,1468.610624,0.405826,0.410526,1.494337,7821.389307,676.524759,5570.162598,1435.520201,2404.16006,485.743693,332.29342,1079.009486,360.858629,1043.930566,3390.332637,1135.899396,64.520521,394.694091,217.310147
d21_22_G03_1_2_T,glasshouse_b1,CALINGIRI,T1,R2,T,84.0,58.0,532.192555,0.108983,196.513103,0.405697,0.435429,0.580571,1049.049253,70.265041,678.325216,40.672348,491.520206,0.0,10.6204,205.297222,0.0,33.364971,644.960245,0.0,2.263335,68.001706,0.0
d25_44_G06_0_4_S,glasshouse_b1,3811,T0,R4,S,189.0,119.0,1004.86094,0.118424,360.457475,0.393115,0.435429,0.821052,1978.430106,128.168086,1239.950322,164.821155,834.503726,5.536059,39.597956,351.236993,3.853498,124.400647,1103.443556,12.106119,7.924437,118.126194,2.117455
d49_38_G05_1_2_S,glasshouse_b2,Hartog,T1,R2,S,707.0,411.0,1357.461331,0.302771,400.404729,0.338397,0.324549,1.105375,2588.043028,144.809113,1458.4833,620.348158,700.272889,36.840284,137.514082,301.104663,25.369905,432.01323,946.487377,79.982693,25.835901,104.961539,14.011673
d29_44_G06_0_4_S,glasshouse_b1,3811,T0,R4,S,275.0,193.0,1160.121526,0.166362,412.065009,0.391837,0.435429,0.781618,2262.486207,149.746909,1431.370915,234.923322,919.156282,6.041922,55.587895,395.921471,4.110147,174.634523,1243.823984,12.912408,10.980212,136.559532,2.207166
d4_T024_14.10.23,field,3811,na,R9,S,1044.0,519.0,3566.762148,0.14551,649.509454,0.202613,0.18932,0.72833,7038.466437,125.519703,2272.165222,3319.008795,247.267143,0.48621,638.64481,84.280398,0.322376,2006.377768,264.774679,1.012774,102.352568,22.998632,0.168503
d45_17_G03_0_1_T,glasshouse_b1,CALINGIRI,T0,R1,T,795.0,595.0,2350.659393,0.25312,843.158287,0.402803,0.410526,1.016,4495.369439,337.084598,2996.572077,671.749208,1588.6143,90.295885,167.239634,722.628494,63.93241,525.398807,2270.323679,200.849591,34.423901,266.716913,35.943784
d09_25_G04_0_1_S,glasshouse_b1,Forrest,T0,R1,S,47.0,25.0,156.340613,0.159907,59.64965,0.418624,0.410526,0.929368,306.441334,23.419529,207.302253,21.906775,131.788185,2.645653,5.363551,58.500363,2.122443,16.850091,183.784311,6.667851,1.089318,20.969074,1.361137
d33_17_G03_0_1_T,glasshouse_b1,CALINGIRI,T0,R1,T,237.0,181.0,1149.892254,0.157406,405.397478,0.39014,0.410526,0.781618,2248.10178,145.792398,1414.208961,235.522969,903.129259,11.240026,61.776918,380.700544,7.679232,194.077911,1196.006032,24.125018,13.187384,128.461316,4.143699
d31_25_G04_0_1_S,glasshouse_b2,Forrest,T0,R1,S,148.0,90.0,609.792434,0.147591,221.023916,0.398553,0.435429,0.725714,1192.001165,80.979816,768.564336,85.79609,521.948872,2.047472,19.674632,223.634967,1.298718,61.80968,702.674612,4.080044,3.794221,76.53652,0.649076
d25_19_G03_0_3_T,glasshouse_b1,CALINGIRI,T0,R3,T,139.0,87.0,917.696648,0.094803,338.706367,0.405849,0.435429,0.649099,1815.912691,122.769824,1173.93342,104.324937,813.196509,0.175203,28.092871,345.468018,0.113724,88.256358,1085.319788,0.357274,6.100428,116.61142,0.057977
d31_40_G05_1_4_S,glasshouse_b2,Hartog,T1,R4,S,168.0,98.0,742.061644,0.132065,277.945461,0.407902,0.435429,0.870857,1457.791273,103.358864,955.403257,104.195785,631.384236,6.481623,23.865252,275.379935,4.869115,74.9749,865.13158,15.296777,4.613592,95.855414,2.889858
d17_07_G01_1_3_T,glasshouse_b1,Gladius,T1,R3,T,80.0,54.0,551.542606,0.097907,202.822504,0.404829,0.435429,0.725714,1087.876889,73.092375,703.201397,51.918783,499.025642,0.59818,13.828542,209.573307,0.434108,43.443647,658.39396,1.36379,2.982284,69.862661,0.247431
d25_33_G05_0_1_S,glasshouse_b1,Hartog,T0,R1,S,141.0,69.0,557.763359,0.123708,199.320207,0.391555,0.435429,0.725714,1097.884416,71.75778,690.301113,94.518882,459.337186,3.907291,22.266448,195.006964,2.456257,69.952108,612.632446,7.716559,4.391806,66.150126,1.215848
d5_T021_21.10.23,field,Gladius,na,R9,T,1155.0,359.0,3254.359299,0.110314,591.047205,0.200633,0.18932,0.644802,6480.003353,113.071498,2056.363606,3032.268543,221.94622,0.144535,579.022823,75.432544,0.090292,1819.053845,237.0261,0.283661,92.48279,20.544388,0.04432
d05_23_G03_1_3_T,glasshouse_b1,CALINGIRI,T1,R3,T,25.0,11.0,82.983931,0.132556,28.07631,0.366086,0.410526,0.580571,163.69236,9.470256,96.836765,16.013017,66.970914,0.0,3.785556,27.038544,0.0,11.892674,84.944091,0.0,0.74502,8.725236,0.0
d13_15_G02_1_3_T,glasshouse_b1,5489,T1,R3,T,52.0,26.0,213.563153,0.121744,80.721366,0.407439,0.435429,0.649099,421.098971,29.245769,275.131832,24.51721,188.973371,0.072571,6.250587,81.279489,0.047106,19.636799,255.347045,0.147988,1.304982,27.916772,0.024015
d21_29_G04_1_1_S,glasshouse_b1,Forrest,T1,R1,S,59.0,29.0,202.243261,0.143392,64.747731,0.347998,0.324549,0.580571,399.570526,21.088498,223.41141,59.005514,143.237747,0.0,13.660011,57.45405,0.0,42.914189,180.497221,0.0,2.654186,18.434312,0.0
d07_28_G04_0_4_S,glasshouse_b2,Forrest,T0,R4,S,49.0,25.0,186.992946,0.133695,65.126927,0.379929,0.410526,0.615789,367.402889,22.707908,223.201576,43.22016,143.349809,0.422977,10.056279,60.730524,0.260465,31.592733,190.79057,0.818274,1.936844,20.645093,0.125971
d45_08_G01_1_4_T,glasshouse_b1,Gladius,T1,R4,T,482.0,270.0,1468.006629,0.183923,489.273544,0.369171,0.324549,1.056656,2864.361151,181.063706,1709.67366,622.092742,813.139373,32.774514,150.531938,369.702713,23.971377,472.910032,1161.455328,75.308301,30.314174,136.701285,14.048247
d21_15_G02_1_3_T,glasshouse_b1,5489,T1,R3,T,68.0,44.0,404.065011,0.108893,152.573757,0.411919,0.435429,0.846321,793.968646,56.78361,524.148812,44.215897,354.02277,5.826344,10.367217,152.326573,4.147958,32.569574,478.548043,13.031195,2.042136,52.415794,2.32568
d43_03_G01_0_3_T,glasshouse_b2,Gladius,T0,R3,T,393.0,265.0,1636.770569,0.161904,608.514912,0.408726,0.435429,1.016,3193.828964,230.981506,2105.055619,295.934897,1323.951798,16.883874,71.100929,586.707252,12.251834,223.370157,1843.195191,38.490271,14.268628,209.568761,7.144117
d25_03_G01_0_3_T,glasshouse_b1,Gladius,T0,R3,T,136.0,86.0,799.555243,0.10756,303.772928,0.413078,0.435429,0.781618,1575.697686,112.173812,1040.053484,82.637279,711.614207,5.303757,19.669392,307.910796,3.479118,61.793218,967.330293,10.929973,3.900695,106.471011,1.802106
d43_45_G06_1_1_S,glasshouse_b2,3811,T1,R1,S,627.0,361.0,1467.476962,0.246,479.509245,0.367351,0.410526,0.917964,2836.567608,173.798071,1700.58138,458.890862,996.895173,11.690927,101.941412,431.179067,8.158077,320.258393,1354.693634,25.629353,19.159428,150.11763,4.521014
d31_12_G02_0_4_T,glasshouse_b2,5489,T0,R4,T,205.0,147.0,1028.071131,0.142986,390.245434,0.415066,0.435429,0.917964,2014.049278,147.102641,1344.266213,127.883397,889.280504,10.907229,31.466156,388.985726,7.396655,98.853845,1222.034699,23.37767,6.426069,136.648676,4.027896
d45_10_G02_0_1_T,glasshouse_b1,5489,T0,R2,T,703.0,531.0,2055.470525,0.258335,732.986026,0.399472,0.410526,1.306286,3922.962531,290.742668,2596.422543,432.2125,1536.941851,86.316174,97.527779,662.111964,66.699395,306.392553,2080.160077,209.869914,18.569237,230.448174,41.725258
d25_01_G01_0_1_T,glasshouse_b1,Gladius,T0,R1,T,205.0,131.0,801.906122,0.163361,303.688662,0.415419,0.435429,0.781618,1566.645573,115.078427,1046.789963,111.249953,688.90414,1.752029,25.542174,306.479887,1.181533,80.243106,962.834963,3.711894,4.907147,109.541702,0.629579
d43_08_G01_1_4_T,glasshouse_b2,Gladius,T1,R4,T,413.0,233.0,1305.556313,0.178468,434.147914,0.369015,0.324549,1.196879,2547.597583,160.951593,1519.820165,569.144989,710.178554,26.23277,139.566112,324.423476,19.784195,438.459873,1019.206409,62.153883,28.373613,120.489851,12.088128
d11_26_G04_0_2_S,glasshouse_b2,Forrest,T0,R2,S,39.0,23.0,155.980107,0.147455,60.997903,0.41785,0.435429,0.615789,306.608788,22.795211,207.515981,15.49168,139.872637,0.615789,3.609667,62.065525,0.379196,11.340103,194.984599,1.19128,0.712059,21.899758,0.183394
d21_12_G02_0_4_T,glasshouse_b1,5489,T0,R4,T,105.0,83.0,645.580678,0.128566,250.875074,0.421083,0.435429,0.598439,1267.319171,92.993351,855.70835,50.431771,595.148908,0.0,12.354405,260.011127,0.0,38.859304,816.849046,0.0,2.504188,90.489163,0.0
d21_07_G01_1_3_T,glasshouse_b1,Gladius,T1,R3,T,93.0,65.0,584.387921,0.111227,207.478189,0.395053,0.435429,0.781618,1150.129624,74.162662,726.866322,72.39299,510.465774,1.529157,18.793819,211.439384,1.102224,59.042524,664.361059,3.462739,3.996722,69.539717,0.626224
d05_42_G06_0_2_S,glasshouse_b1,3811,T0,R2,S,26.0,12.0,67.70731,0.177233,20.808385,0.33572,0.324549,0.52332,133.584862,6.469148,71.556059,26.954212,40.753098,0.0,6.654721,16.12228,0.0,20.906422,50.649637,0.0,1.350215,5.118933,0.0
d25_48_G06_1_4_S,glasshouse_b1,3811,T1,R4,S,114.0,72.0,612.024022,0.117642,218.690807,0.39315,0.435429,0.725714,1204.096791,77.859153,756.717546,84.080163,526.650024,1.293834,19.548982,220.421661,0.900033,61.414939,692.47507,2.827538,3.788517,73.577482,0.493154
d19_14_G02_1_2_T,glasshouse_b2,5489,T1,R2,T,55.0,31.0,453.372323,0.068376,162.590853,0.394517,0.435429,0.649099,900.960813,56.550139,558.358523,52.278771,400.99092,0.102631,12.908559,164.755861,0.066618,40.553435,517.595802,0.209286,2.636245,53.879932,0.033962
d27_10_G02_0_1_T,glasshouse_b2,5489,T0,R2,T,226.0,168.0,1044.368113,0.160863,383.072308,0.403479,0.435429,1.026315,2033.493593,141.147205,1322.885781,128.940291,899.861801,15.566022,30.247863,380.202772,10.636988,95.026465,1194.442234,33.417082,5.934924,129.409589,5.802692
d33_40_G05_1_4_S,glasshouse_b1,Hartog,T1,R4,S,169.0,101.0,840.513819,0.120165,322.232404,0.416565,0.435429,0.870857,1652.531817,121.570718,1106.161549,107.572676,726.103956,6.837187,26.14585,320.871676,5.08463,82.139611,1008.048101,15.973837,5.286742,113.291024,2.992953
d37_42_G06_0_2_S,glasshouse_b1,3811,T0,R2,S,421.0,297.0,1467.892216,0.202331,528.062143,0.398206,0.435429,1.026315,2838.268455,202.340993,1852.350745,299.424002,1130.499869,37.968345,67.349347,495.208045,27.064163,211.584215,1555.741955,85.024575,12.810875,174.169126,15.360992
d09_26_G04_0_2_S,glasshouse_b1,Forrest,T0,R2,S,29.0,15.0,127.364564,0.117772,52.386992,0.437605,0.435429,0.649099,252.680771,20.170024,177.229494,8.394268,117.666147,1.304149,2.163182,53.427125,0.823593,6.795838,167.846264,2.587392,0.456082,19.305164,0.408779
d2_T010_02.10.23,field,Gladius,na,R3,T,685.0,223.0,1948.829055,0.114428,347.86848,0.196818,0.18932,0.598684,3871.410536,65.504794,1209.063325,1824.89397,123.935085,0.0,343.058419,41.793321,0.0,1077.765733,131.297592,0.0,54.239548,11.265246,0.0
d21_40_G05_1_4_S,glasshouse_b1,Hartog,T1,R4,S,71.0,37.0,343.212345,0.107805,133.487554,0.419181,0.435429,0.615789,677.912318,49.318825,454.11647,28.126036,315.013737,0.072571,6.89536,137.609714,0.044689,21.662411,432.313665,0.140394,1.404025,47.893186,0.021613
d29_13_G02_1_1_T,glasshouse_b1,5489,T1,R1,T,107.0,67.0,579.48071,0.115621,210.137829,0.396164,0.410526,0.725714,1143.352887,74.576366,719.408372,85.117678,489.137005,5.226028,22.009673,203.614009,3.371116,69.145426,639.672274,10.590673,4.644569,68.218484,1.713314
d33_15_G02_1_3_T,glasshouse_b1,5489,T1,R3,T,218.0,144.0,797.074782,0.180661,291.159391,0.401576,0.435429,0.821052,1549.391182,108.186229,1010.399821,128.780409,659.699115,8.595258,30.431034,285.585517,5.603701,95.601913,897.193362,17.604545,6.013697,99.285517,2.887015
d33_28_G04_0_4_S,glasshouse_b1,Forrest,T0,R4,S,215.0,141.0,682.148159,0.2067,237.550545,0.385608,0.410526,0.917964,1322.910189,86.697138,832.487782,135.345955,531.002996,15.799208,31.260368,223.197322,10.486712,98.207343,701.195067,33.085372,6.012795,75.112018,5.572324
d09_29_G04_1_1_S,glasshouse_b1,Forrest,T1,R1,S,28.0,16.0,90.102706,0.177575,33.938049,0.40754,0.435429,0.580571,176.903596,12.478752,116.920902,9.565726,80.536981,0.0,2.420781,34.796298,0.0,7.605108,109.315793,0.0,0.503422,11.97533,0.0
d11_34_G05_0_2_S,glasshouse_b2,Hartog,T0,R2,S,114.0,62.0,502.536502,0.123374,194.006195,0.416,0.435429,0.973648,990.069945,72.356961,659.22918,53.474247,445.377837,3.684419,11.486809,195.47165,2.857153,36.086874,614.166293,8.976012,2.087569,68.493623,1.775769
d49_11_G02_0_3_T,glasshouse_b2,5489,T0,R3,T,696.0,516.0,1759.892935,0.2932,629.781492,0.406509,0.435429,1.306286,3320.375764,259.2463,2261.078568,417.795018,1261.331656,80.766261,94.691923,564.640884,60.312857,297.48345,1773.976297,189.618821,18.109187,204.859054,36.278059
d27_03_G01_0_3_T,glasshouse_b2,Gladius,T0,R3,T,223.0,141.0,899.616226,0.156734,339.032897,0.412594,0.435429,0.846321,1756.736754,127.97619,1172.506308,103.774944,784.005212,11.83607,23.930077,341.250605,7.986322,75.178554,1072.237983,25.08977,4.638204,119.081258,4.256729
d3_T021_08.10.23,field,Gladius,na,R9,T,1123.0,315.0,3166.499529,0.099479,572.914625,0.199595,0.18932,0.838157,6321.402039,109.510407,1989.354726,2960.600739,203.308677,2.590113,561.051604,70.326269,1.848335,1762.611521,220.936489,5.806716,88.885876,19.580306,1.044225
d13_02_G01_0_2_T,glasshouse_b1,Gladius,T0,R2,T,101.0,63.0,437.522791,0.143992,177.974628,0.439179,0.435429,0.846321,855.881934,69.923315,608.917838,29.827375,404.93468,2.760735,6.699153,185.230655,1.841051,21.046009,581.919266,5.952563,1.271795,67.622059,1.029461
d41_42_G06_0_2_S,glasshouse_b1,3811,T0,R2,S,680.0,462.0,1934.602513,0.238809,678.376523,0.393179,0.410526,1.563236,3710.339886,269.889051,2415.50817,503.524793,1369.742993,61.334727,112.263738,609.32401,47.215644,352.686933,1914.488916,148.33232,21.2004,218.568187,30.120465
d31_17_G03_0_1_T,glasshouse_b2,CALINGIRI,T0,R1,T,252.0,184.0,1116.595152,0.164787,393.5318,0.392136,0.410526,0.740086,2174.8159,143.211627,1381.026187,221.511892,881.958513,13.124747,58.265354,372.501246,8.804135,183.046009,1170.321172,27.659007,12.46363,126.085259,4.662739
d29_46_G06_1_2_S,glasshouse_b1,3811,T1,R2,S,141.0,79.0,616.569197,0.128128,219.106869,0.392065,0.435429,0.649099,1212.068511,78.445908,763.166034,91.728453,524.182444,0.6583,21.940901,220.507217,0.421466,68.929374,692.912586,1.324074,4.38469,73.849176,0.212041
d05_25_G04_0_1_S,glasshouse_b1,Forrest,T0,R1,S,27.0,13.0,89.374489,0.145455,30.941347,0.377849,0.410526,0.929368,176.409084,11.044792,106.785483,21.011015,66.158408,2.205067,5.198633,27.094192,1.698049,16.331989,85.118915,5.334579,1.059315,8.945537,1.039941
d49_23_G03_1_3_T,glasshouse_b2,CALINGIRI,T1,R3,T,411.0,273.0,1479.002153,0.184584,526.018698,0.392961,0.435429,0.740086,2883.19052,193.269506,1833.358303,338.775691,1134.68311,5.543352,83.554474,496.085925,3.835382,262.494121,1558.814974,12.049207,17.106289,174.07115,2.092067
d29_36_G05_0_4_S,glasshouse_b1,Hartog,T0,R4,S,310.0,192.0,888.969526,0.21598,320.067826,0.397927,0.435429,0.870857,1720.239305,122.074025,1119.568101,180.339874,688.02489,20.604762,39.240575,302.935726,14.148605,123.277901,951.700653,44.589548,7.235113,107.121567,7.717345
d45_04_G01_0_4_T,glasshouse_b1,Gladius,T0,R4,T,874.0,685.0,2169.90261,0.315682,754.658135,0.404813,0.410526,1.429491,4048.791843,325.879659,2776.867283,581.011941,1434.208517,154.682151,133.305306,633.145755,116.817296,418.790969,1989.52044,368.555873,25.718949,226.796259,73.364451
d3_T011_08.10.23,field,Gladius,na,R4,T,1346.0,634.0,4533.983482,0.139833,808.485838,0.198992,0.18932,0.592667,8944.134044,154.527301,2836.083697,4233.058769,300.924713,0.0,799.674143,103.020793,0.0,2512.298186,323.785511,0.0,126.252591,28.27471,0.0
d2_T001_02.10.23,field,Gladius,na,R1,T,1186.0,718.0,4262.387421,0.16845,833.815537,0.219028,0.18932,0.83387,8342.748278,179.909202,2936.128297,3729.321027,528.646922,4.419472,741.230669,190.377951,2.939356,2328.708521,598.185518,9.234258,122.802396,55.560618,1.546188
d17_14_G02_1_2_T,glasshouse_b1,5489,T1,R2,T,50.0,28.0,394.285692,0.071014,143.035922,0.396807,0.435429,0.580571,782.714095,49.657018,488.296718,41.874384,352.411308,0.0,10.046441,145.383232,0.0,31.561826,456.734892,0.0,2.003717,47.653301,0.0
d05_47_G06_1_3_S,glasshouse_b1,3811,T1,R3,S,21.0,13.0,59.185875,0.219647,21.066449,0.395797,0.410526,0.725714,114.248881,7.918831,74.67078,12.2032,45.931457,1.051218,3.259825,19.807457,0.701166,10.241041,62.226962,2.202777,0.703447,6.846905,0.368478
d33_11_G02_0_3_T,glasshouse_b1,5489,T0,R3,T,252.0,178.0,935.105361,0.190353,354.174407,0.41615,0.435429,0.88287,1811.081428,136.635784,1226.94686,116.292599,789.527719,29.285043,26.143755,343.324354,20.989412,82.133028,1078.585269,66.228563,4.954281,119.66149,12.020013
d19_21_G03_1_1_T,glasshouse_b2,CALINGIRI,T1,R1,T,99.0,69.0,585.042012,0.11794,206.193136,0.394233,0.435429,0.846321,1150.185597,74.379902,725.780335,100.175914,482.526203,2.339894,26.415843,202.894274,1.67963,82.987818,637.515804,5.276713,5.6759,67.754142,0.94986
d11_28_G04_0_4_S,glasshouse_b2,Forrest,T0,R4,S,84.0,48.0,243.659084,0.196997,89.521875,0.399794,0.410526,0.615789,474.322207,32.638462,309.043138,31.701415,211.855038,0.102631,7.48367,90.824617,0.063199,23.510642,285.333949,0.198547,1.470274,31.137622,0.030566
d25_47_G06_1_3_S,glasshouse_b1,3811,T1,R3,S,112.0,66.0,476.508539,0.138507,164.992428,0.383241,0.410526,0.725714,937.408546,57.676128,577.956299,76.660116,399.280303,0.56812,20.297643,163.295093,0.376468,63.766926,513.006665,1.182708,4.352801,53.126718,0.196608
d17_17_G03_0_1_T,glasshouse_b1,CALINGIRI,T0,R1,T,101.0,75.0,671.915195,0.111621,255.852023,0.416167,0.435429,0.870857,1322.410101,94.250225,880.354373,48.815821,617.285482,5.813893,13.059307,263.138034,4.02816,41.027022,826.672513,12.654838,2.817215,89.224555,2.208455
d45_32_G04_1_4_S,glasshouse_b1,Forrest,T1,R4,S,249.0,141.0,606.155103,0.232614,193.279403,0.355151,0.410526,0.740086,1176.495353,67.564296,682.312889,197.775511,406.156917,2.222675,44.034507,171.632331,1.476671,138.338485,539.335307,4.639097,8.30153,58.487669,0.775097
d15_30_G04_1_2_S,glasshouse_b2,Forrest,T1,R2,S,52.0,22.0,151.948088,0.144786,51.691799,0.367661,0.410526,0.580571,299.741111,17.651935,178.451779,33.842455,118.105633,0.0,8.077947,48.701466,0.0,25.377618,153.074161,0.0,1.602779,16.049156,0.0
d21_21_G03_1_1_T,glasshouse_b1,CALINGIRI,T1,R1,T,107.0,79.0,657.763008,0.120104,232.099602,0.395705,0.435429,0.870857,1294.406326,84.17619,819.519997,108.064318,546.235006,3.463683,29.027719,229.376172,2.457426,91.193269,720.606496,7.720232,6.306018,76.493119,1.377053
d2_T020_02.10.23,field,Gladius,na,R8,T,1275.0,1031.0,5380.104131,0.191632,1064.433355,0.22359,0.239473,1.019522,10445.94515,236.77906,3775.844344,4672.023979,691.948571,16.131581,940.885399,249.376126,11.550731,2955.878657,783.590051,36.375636,157.131926,72.980416,6.666718
d3_T015_08.10.23,field,3811,na,R6,S,1184.0,459.0,3704.509699,0.123903,667.287196,0.199078,0.18932,0.644802,7353.592764,125.922067,2319.895544,3487.725955,216.61441,0.169333,663.883269,74.421853,0.105083,2085.682651,233.882767,0.330127,105.323896,20.546928,0.051243
d11_16_G02_1_4_T,glasshouse_b2,5489,T1,R4,T,37.0,19.0,177.99644,0.106744,69.698346,0.426409,0.435429,0.580571,350.263125,26.371086,237.789399,17.05694,160.9395,0.0,3.796089,71.894627,0.0,11.925765,225.863634,0.0,0.713545,25.657541,0.0
d05_21_G03_1_1_T,glasshouse_b1,CALINGIRI,T1,R1,T,37.0,19.0,98.700468,0.192502,34.959772,0.38759,0.435429,0.580571,193.256185,12.481135,121.000491,20.81091,77.889558,0.0,5.040945,33.474707,0.0,15.836596,105.163895,0.0,1.011527,11.469608,0.0
d09_07_G01_1_3_T,glasshouse_b1,Gladius,T1,R3,T,51.0,29.0,320.780694,0.090404,126.261762,0.423864,0.435429,0.740086,635.084038,46.61065,427.952699,21.468325,298.351332,0.961037,5.272238,130.258719,0.690618,16.563223,409.219835,2.169642,1.073594,45.146824,0.390233
d37_25_G04_0_1_S,glasshouse_b1,Forrest,T0,R1,S,274.0,180.0,871.00828,0.206657,314.643215,0.405468,0.435429,1.231578,1677.600234,124.014703,1116.709155,154.23125,693.409763,23.367267,36.103919,300.710624,18.645021,113.423808,944.710286,58.575061,7.090748,104.758477,12.165478
d31_41_G06_0_1_S,glasshouse_b2,3811,T0,R1,S,280.0,198.0,864.756734,0.228966,291.312123,0.382004,0.410526,1.133602,1662.660657,108.748273,1043.990788,219.85874,622.873115,22.024879,55.552787,259.763162,16.922158,174.524229,816.163638,53.302922,11.537725,86.667203,10.543345
d05_11_G02_0_3_T,glasshouse_b1,5489,T0,R3,T,39.0,29.0,107.890885,0.26879,40.405449,0.407868,0.435429,0.580571,208.497955,15.057347,139.148902,15.815932,92.074953,0.0,3.648314,40.644157,0.0,11.461516,127.687386,0.0,0.703129,14.354218,0.0
d05_40_G05_1_4_S,glasshouse_b1,Hartog,T1,R4,S,36.0,28.0,78.742958,0.355587,28.40284,0.401437,0.410526,0.846321,148.700868,11.200731,101.500152,15.294596,62.14937,1.298992,3.574143,27.858918,0.875441,11.2285,87.521372,2.750279,0.701779,10.030884,0.468068
d31_10_G02_0_1_T,glasshouse_b2,5489,T0,R2,T,306.0,234.0,1234.166291,0.189602,455.904289,0.408851,0.435429,1.231578,2388.86516,173.982078,1585.487428,167.18824,1046.084255,20.893796,37.76047,451.069487,15.748331,118.721612,1417.15058,49.615236,7.200343,156.997683,9.784052
d07_04_G01_0_4_T,glasshouse_b2,Gladius,T0,R4,T,38.0,22.0,284.288984,0.077386,108.560678,0.412837,0.435429,0.615789,563.010965,39.262697,368.051733,27.201986,256.941855,0.145143,6.508625,110.556503,0.089377,20.447447,347.323499,0.280787,1.289581,37.929889,0.043226
d11_42_G06_0_2_S,glasshouse_b2,3811,T0,R2,S,87.0,47.0,333.32975,0.141002,122.217004,0.39614,0.410526,0.598439,657.262935,44.295176,419.260843,50.065007,283.264743,0.0,11.538341,121.91653,0.0,36.248768,383.012076,0.0,2.249721,42.045455,0.0
d17_46_G06_1_2_S,glasshouse_b1,3811,T1,R2,S,84.0,42.0,350.715126,0.119755,126.035298,0.39239,0.435429,0.580571,693.93388,44.685768,435.135356,52.652676,298.06245,0.0,12.825459,125.682427,0.0,40.292366,394.842989,0.0,2.603626,42.082142,0.0
d11_08_G01_1_4_T,glasshouse_b2,Gladius,T1,R4,T,38.0,28.0,386.813856,0.072386,150.266981,0.423899,0.435429,0.88287,764.308876,56.707858,514.594485,22.557781,352.815943,11.440132,5.720622,149.34538,8.73451,17.971863,469.18235,27.440273,1.188923,50.24385,5.275084
d13_12_G02_0_4_T,glasshouse_b1,5489,T0,R4,T,71.0,45.0,427.562315,0.105248,168.241928,0.422829,0.435429,0.725714,843.437976,62.126489,568.933973,31.995973,393.651561,1.914781,7.715711,172.104923,1.276674,24.23962,540.683563,4.010791,1.545067,59.908915,0.672508
d25_36_G05_0_4_S,glasshouse_b1,Hartog,T0,R4,S,226.0,122.0,676.919173,0.180228,237.898142,0.38438,0.435429,0.649099,1324.745597,85.705036,822.464018,145.826667,530.609408,0.483097,31.390488,230.09678,0.311161,98.616126,722.870353,0.97754,5.722737,79.824838,0.157461
d49_27_G04_0_3_S,glasshouse_b2,Forrest,T0,R3,S,514.0,364.0,1304.324887,0.279072,450.890474,0.401435,0.410526,1.692642,2447.853495,195.635402,1658.550105,365.17225,855.312955,83.839682,86.009721,372.359046,69.302702,270.207506,1170.333359,218.00924,16.940872,131.127747,47.566783
d6_T012_28.10.23,field,Gladius,na,R5,T,1081.0,445.0,3349.53994,0.132854,599.697725,0.199544,0.18932,0.931333,6621.928379,115.579547,2101.668532,3128.430934,219.456244,1.652762,591.970713,75.734197,1.243833,1859.730845,238.030071,3.907617,93.83281,20.996721,0.750016
d19_13_G02_1_1_T,glasshouse_b2,5489,T1,R1,T,68.0,44.0,481.065371,0.091464,180.802798,0.405918,0.435429,0.580571,951.20804,63.721139,612.293536,35.878361,445.187009,0.0,8.734696,186.16439,0.0,27.440857,584.852679,0.0,1.757314,61.963825,0.0
d45_29_G04_1_1_S,glasshouse_b1,Forrest,T1,R1,S,181.0,93.0,512.381832,0.181505,173.366342,0.37096,0.410526,0.846321,1002.246625,61.179277,603.527324,135.783886,375.316563,1.281383,31.252807,159.886947,0.8983,98.18359,502.521641,2.822093,6.032655,54.64848,0.498143
d31_37_G05_1_1_S,glasshouse_b2,Hartog,T1,R1,S,80.0,38.0,279.81217,0.135805,98.35925,0.387949,0.435429,0.580571,551.158752,35.189929,342.369245,51.114974,228.697196,0.0,11.813029,97.128509,0.0,37.111724,305.257521,0.0,2.310123,32.879806,0.0
d37_16_G02_1_4_T,glasshouse_b1,5489,T1,R4,T,246.0,172.0,862.313564,0.199463,303.030335,0.389471,0.410526,1.105375,1668.182609,112.421398,1059.258316,184.631537,664.161341,13.520685,43.458506,282.81215,10.834755,136.528924,888.691004,34.038388,8.568383,96.82282,7.030195
d35_01_G01_0_1_T,glasshouse_b2,Gladius,T0,R1,T,298.0,186.0,1062.14317,0.175118,387.533129,0.402039,0.435429,1.026315,2067.208425,145.892289,1343.211584,202.108952,846.518691,13.515528,46.13756,371.393336,9.913103,144.945419,1166.871218,31.394947,8.829878,131.164996,5.897416
d45_40_G05_1_4_S,glasshouse_b1,Hartog,T1,R4,S,634.0,464.0,1637.172184,0.283416,562.632186,0.396551,0.410526,1.654883,3091.84731,237.491148,2052.842507,486.744802,1068.748118,81.679263,112.588235,473.882344,66.855289,353.706371,1488.938596,210.19754,21.903472,169.736781,45.850896
d43_21_G03_1_1_T,glasshouse_b2,CALINGIRI,T1,R1,T,413.0,341.0,1389.475468,0.245416,464.789064,0.378321,0.410526,0.917964,2662.972641,171.41152,1662.830928,376.997853,981.528953,30.948662,92.781215,414.99748,21.483519,291.480784,1303.857678,67.492466,18.947788,140.62664,11.837092
d09_03_G01_0_3_T,glasshouse_b1,Gladius,T0,R3,T,72.0,50.0,352.562797,0.141819,143.204454,0.442915,0.435429,0.917964,688.012805,57.562331,494.661089,24.745239,319.625531,8.192026,5.885229,145.910903,5.614695,18.488991,458.39262,17.779478,1.17261,53.291455,3.098265
d09_43_G06_0_3_S,glasshouse_b1,3811,T0,R3,S,75.0,59.0,235.702748,0.250315,84.134131,0.396503,0.410526,0.725714,454.63582,31.223809,295.807045,39.044465,196.222854,0.435429,9.758793,84.089077,0.310437,30.658153,264.173627,0.975265,1.999324,29.050378,0.174106
d07_24_G03_1_4_T,glasshouse_b2,CALINGIRI,T1,R4,T,69.0,37.0,211.89401,0.174616,73.442908,0.376165,0.410526,0.580571,416.298942,25.446987,252.73393,46.537816,165.356194,0.0,11.227274,69.220434,0.0,35.271522,217.462407,0.0,2.247578,23.199408,0.0
d43_22_G03_1_2_T,glasshouse_b2,CALINGIRI,T1,R2,T,247.0,192.0,1033.12193,0.185844,356.059854,0.385621,0.435429,1.105375,2006.48898,127.24578,1254.185,202.061864,824.763075,6.29699,51.667139,342.581677,4.970668,162.317106,1076.252079,15.615815,10.850979,113.234052,3.160748
d17_38_G05_1_2_S,glasshouse_b1,Hartog,T1,R2,S,94.0,48.0,410.509129,0.116928,154.053675,0.404617,0.435429,0.580571,810.135047,55.800893,524.162493,56.689637,353.819492,0.0,13.405534,153.440569,0.0,42.114728,482.047764,0.0,2.649013,53.15188,0.0
d37_22_G03_1_2_T,glasshouse_b1,CALINGIRI,T1,R2,T,174.0,132.0,953.801055,0.138394,346.516753,0.402067,0.435429,0.615789,1868.981506,125.437254,1204.575434,120.445009,833.253414,0.102631,30.361558,353.003512,0.063199,95.383648,1108.993239,0.198547,6.316137,119.090551,0.030566
d17_21_G03_1_1_T,glasshouse_b1,CALINGIRI,T1,R1,T,119.0,73.0,556.792866,0.131108,193.626999,0.390149,0.435429,0.725714,1092.873547,69.940573,684.247324,97.306138,456.053104,3.433623,24.221885,191.158989,2.398262,76.095295,600.617669,7.534361,4.999234,63.622092,1.319247
d37_20_G03_0_4_T,glasshouse_b1,CALINGIRI,T0,R4,T,354.0,284.0,1674.846704,0.169568,611.237751,0.406205,0.435429,1.133602,3246.031625,233.113058,2148.61331,279.451753,1362.214184,33.180767,71.450869,588.662739,23.735294,224.469525,1849.338536,74.80525,14.993576,204.379924,13.739557
d41_18_G03_0_2_T,glasshouse_b1,CALINGIRI,T0,R2,T,374.0,238.0,1471.663098,0.161722,520.241224,0.390987,0.435429,0.870857,2871.472365,193.950572,1813.677015,419.499959,1039.263399,12.899739,102.316126,466.205607,8.766038,321.435591,1464.702103,27.539321,20.759156,168.481916,4.7095
d45_20_G03_0_4_T,glasshouse_b1,CALINGIRI,T0,R4,T,689.0,613.0,2349.638843,0.260891,868.975221,0.420984,0.435429,1.603155,4439.427727,371.162191,3130.073436,488.320011,1727.323444,133.995388,119.240466,772.93737,103.87412,374.604972,2428.717427,326.751037,24.20987,280.015965,66.936356
d7_T010_04.11.23,field,Gladius,na,R3,T,664.0,253.0,1886.464437,0.134113,335.237681,0.196856,0.18932,0.515007,3740.099304,63.124812,1168.657509,1761.519672,124.944765,0.0,329.864943,42.130296,0.0,1036.301281,132.356228,0.0,51.808716,11.316096,0.0
d4_T010_14.10.23,field,Gladius,na,R3,T,651.0,224.0,1891.939839,0.118397,335.336247,0.195991,0.18932,0.762,3758.795861,63.121052,1168.092945,1771.315565,120.250536,0.373737,330.75011,40.776313,0.260696,1039.113964,128.159981,0.819,51.929345,11.048212,0.143495
d41_32_G04_1_4_S,glasshouse_b1,Forrest,T1,R4,S,205.0,109.0,554.872587,0.196441,182.872577,0.363758,0.410526,0.821052,1083.776902,63.872772,639.253523,159.443057,392.776583,2.652946,36.498171,165.189499,1.793046,114.662387,518.958117,5.633019,7.030368,55.884428,0.957976
d05_20_G03_0_4_T,glasshouse_b1,CALINGIRI,T0,R4,T,30.0,14.0,178.940539,0.078238,66.917575,0.404476,0.410526,0.649099,352.479847,23.970569,226.61267,20.231223,158.32885,0.380466,4.591011,67.30192,0.240123,14.423086,211.435217,0.754368,0.872356,22.979105,0.119108
d13_38_G05_1_2_S,glasshouse_b1,Hartog,T1,R2,S,82.0,44.0,305.799087,0.143885,114.101154,0.404558,0.435429,0.580571,601.338046,42.006724,390.614452,44.136917,261.662171,0.0,9.557785,114.778657,0.0,30.026666,360.587785,0.0,1.759033,40.247691,0.0
d3_T019_08.10.23,field,Gladius,na,R7,T,1589.0,1079.0,6323.97977,0.17062,1198.68219,0.212917,0.18932,0.83387,12336.25466,247.257042,4230.355317,5712.127466,607.189104,4.6632,1131.902548,211.441609,3.149707,3555.976728,664.483494,9.895095,186.265556,59.309385,1.682101
d4_T023_14.10.23,field,3811,na,R8,S,1465.0,728.0,4558.1731,0.159713,820.362159,0.20111,0.18932,0.682604,8985.829848,159.885134,2880.845071,4235.34516,322.232265,0.595675,802.740531,113.761018,0.384308,2521.915603,357.72213,1.207339,127.24163,32.448408,0.195097
d25_30_G04_1_2_S,glasshouse_b1,Forrest,T1,R2,S,81.0,35.0,269.482428,0.129879,88.774016,0.361008,0.410526,0.598439,531.370126,29.987236,308.748987,70.690399,198.792029,0.0,17.032963,81.244892,0.0,53.510633,255.238355,0.0,3.427553,26.559683,0.0
d25_46_G06_1_2_S,glasshouse_b1,3811,T1,R2,S,109.0,61.0,536.390801,0.113723,191.583554,0.393792,0.435429,0.725714,1059.109732,68.514243,666.85556,75.18467,460.753094,0.453037,18.658384,193.295284,0.313049,58.617043,607.255044,0.983473,3.838269,64.505562,0.170413
d09_46_G06_1_2_S,glasshouse_b1,3811,T1,R2,S,58.0,36.0,173.720768,0.207229,68.271095,0.425308,0.435429,0.88287,337.22694,26.765962,234.837631,19.44664,149.748912,4.525216,4.685681,66.7831,3.282358,14.720502,209.805297,10.311832,0.937187,23.94325,1.885525
d45_07_G01_1_3_T,glasshouse_b1,Gladius,T1,R3,T,592.0,418.0,1527.297119,0.273686,509.808065,0.378479,0.410526,1.133602,2913.759527,194.261956,1827.187176,504.02852,989.052971,34.215627,120.681666,435.663753,25.142478,379.132637,1368.919127,79.135413,24.061902,155.375961,14.824093
d5_T002_21.10.23,field,Gladius,na,R2,T,1622.0,1185.0,6042.051651,0.196125,1139.101664,0.213488,0.18932,0.871697,11756.3433,240.368897,4041.708889,5368.067029,667.588248,6.396374,1043.538545,238.634756,4.291906,3278.388952,749.836516,13.483422,169.030839,69.058094,2.279964
d35_15_G02_1_3_T,glasshouse_b2,5489,T1,R3,T,283.0,179.0,921.820884,0.194181,324.760377,0.389336,0.435429,0.725714,1789.679266,119.156738,1131.713024,193.547508,726.393813,1.879563,43.557101,315.407035,1.184486,136.83867,991.012789,3.861565,8.297427,110.22633,0.632981
d29_20_G03_0_4_T,glasshouse_b1,CALINGIRI,T0,R4,T,196.0,146.0,1168.754568,0.124919,419.3066,0.396119,0.435429,0.846321,2294.53675,151.636804,1457.540614,199.104929,962.381296,7.268343,52.177589,406.644407,5.097799,164.014326,1277.511082,16.015206,11.115582,137.689764,2.831458
d43_34_G05_0_2_S,glasshouse_b2,Hartog,T0,R2,S,792.0,662.0,1945.1135,0.34034,725.460037,0.451571,0.435429,2.07813,3519.441544,388.018306,2784.793153,449.854499,1253.200394,242.058607,104.146675,574.138629,207.828702,327.186428,1804.096312,653.510414,20.268995,213.389756,154.359555
d19_09_G02_0_1_T,glasshouse_b2,5489,T0,R1,T,107.0,61.0,610.280841,0.099954,237.566345,0.419911,0.435429,0.615789,1205.640625,87.25771,804.81183,43.815319,566.290319,0.175203,10.236531,245.835143,0.107888,32.159011,772.313879,0.33894,1.994912,85.210619,0.052179
d15_13_G02_1_1_T,glasshouse_b2,5489,T1,R1,T,59.0,33.0,398.748955,0.082759,155.033265,0.416022,0.435429,0.598439,789.733134,55.507257,520.471298,25.163944,373.585011,0.0,5.809689,159.861471,0.0,18.251676,502.219622,0.0,1.117527,54.389731,0.0
d41_13_G02_1_1_T,glasshouse_b1,5489,T1,R1,T,402.0,252.0,1275.012742,0.197645,426.837856,0.370362,0.410526,0.781618,2477.542529,153.00798,1489.087354,431.14227,829.666584,14.203888,103.932086,360.782568,9.191601,326.512277,1133.698812,28.876265,20.848642,127.46551,4.693828
d27_15_G02_1_3_T,glasshouse_b2,5489,T1,R3,T,134.0,76.0,624.38924,0.121719,230.809282,0.404079,0.435429,0.870857,1227.510627,85.081031,792.323297,98.743497,518.585684,7.060059,22.927923,224.149837,5.126578,72.030196,704.187481,16.105621,4.463061,77.662161,2.955809
d43_23_G03_1_3_T,glasshouse_b2,CALINGIRI,T1,R3,T,299.0,193.0,1125.31395,0.171508,403.51203,0.396424,0.435429,0.846321,2192.558887,149.856228,1406.417958,244.882913,872.700226,7.73081,58.796068,383.450135,5.406984,184.713296,1204.718121,16.986541,11.82421,135.049131,2.982887
d41_09_G02_0_1_T,glasshouse_b1,5489,T0,R1,T,387.0,257.0,1371.714202,0.187357,504.625719,0.410273,0.435429,1.248566,2654.806669,200.221194,1770.343147,281.221909,1048.183883,42.30841,61.992374,471.343872,30.157926,194.754788,1480.84444,94.743919,11.553209,171.460816,17.207169
d25_20_G03_0_4_T,glasshouse_b1,CALINGIRI,T0,R4,T,159.0,111.0,1007.805486,0.11014,365.360691,0.402788,0.435429,1.026315,1979.46207,134.0802,1275.441429,130.220271,863.96492,13.620296,33.46517,362.961275,9.482273,105.227527,1140.276475,29.937427,7.038602,121.723632,5.317966
d25_14_G02_1_2_T,glasshouse_b1,5489,T1,R2,T,59.0,37.0,566.279548,0.065339,200.700059,0.393225,0.435429,0.615789,1122.288653,69.885031,693.98273,75.583782,490.593135,0.102631,19.600869,201.237496,0.063199,61.577945,632.206239,0.198547,4.146841,65.707624,0.030566
d19_41_G06_0_1_S,glasshouse_b2,3811,T0,R1,S,118.0,74.0,614.242487,0.120474,228.750036,0.409472,0.435429,0.870857,1208.760867,84.582737,792.66381,63.835604,541.695291,8.711593,15.995286,229.95866,6.358781,50.250672,722.436438,19.9767,3.307203,77.615563,3.659972
d11_06_G01_1_2_T,glasshouse_b2,Gladius,T1,R2,T,51.0,33.0,395.088617,0.083526,146.006291,0.403927,0.435429,0.598439,781.530034,52.274606,503.270648,35.261687,359.82693,0.0,9.533853,150.66217,0.0,29.951481,473.319167,0.0,2.081015,50.193591,0.0
d09_37_G05_1_1_S,glasshouse_b1,Hartog,T1,R1,S,27.0,15.0,100.413525,0.149382,38.05654,0.409137,0.435429,0.580571,196.962271,14.193574,131.317441,10.704102,89.709423,0.0,2.607823,39.191816,0.0,8.192719,123.124722,0.0,0.528502,13.665072,0.0
d13_34_G05_0_2_S,glasshouse_b1,Hartog,T0,R2,S,130.0,76.0,569.212188,0.133518,222.124638,0.421293,0.435429,0.973648,1121.301273,83.46238,755.47862,56.419615,509.4285,3.364073,12.721752,225.136342,2.618219,39.966562,707.286679,8.225379,2.410425,79.419223,1.632732
d29_28_G04_0_4_S,glasshouse_b1,Forrest,T0,R4,S,195.0,115.0,622.384949,0.184773,222.835631,0.391767,0.435429,0.725714,1216.722842,80.685365,771.360167,105.765836,509.492892,7.126221,24.979187,215.683437,4.845391,78.47443,677.663494,15.222244,4.900625,73.184656,2.600084
d21_46_G06_1_2_S,glasshouse_b1,3811,T1,R2,S,84.0,44.0,449.616066,0.097861,162.290656,0.395843,0.435429,0.580571,890.231504,57.721142,561.671132,59.854856,389.761209,0.0,15.091289,163.694185,0.0,47.410682,514.26045,0.0,3.139836,54.581306,0.0
d09_10_G02_0_1_T,glasshouse_b1,5489,T0,R2,T,49.0,35.0,300.813844,0.116351,116.639661,0.41681,0.435429,0.598439,593.247122,42.162939,393.523566,19.039135,281.774709,0.0,4.716971,120.54547,0.0,14.818801,378.704764,0.0,0.960478,41.202461,0.0
d19_10_G02_0_1_T,glasshouse_b2,5489,T0,R2,T,90.0,56.0,632.022147,0.088604,227.601915,0.393551,0.410526,0.870857,1243.321794,79.456898,778.134533,69.882317,558.074945,4.064885,16.763666,228.119936,2.74745,52.664611,716.838554,8.631369,3.353162,74.624948,1.478788
d37_07_G01_1_3_T,glasshouse_b1,Gladius,T1,R3,T,246.0,152.0,965.211215,0.157478,330.595784,0.379098,0.410526,0.781618,1887.935278,119.318823,1156.20079,311.063569,647.422521,6.725125,80.931732,282.456529,4.594775,254.254535,887.511344,14.43491,17.189135,99.651021,2.478667
d33_10_G02_0_1_T,glasshouse_b1,5489,T0,R2,T,362.0,302.0,1321.897425,0.228459,494.508557,0.414776,0.435429,1.240101,2544.093184,192.363541,1725.225351,169.79013,1123.839503,28.267791,39.939426,487.26344,21.953419,125.473407,1530.783244,68.968701,7.836864,170.612172,13.914505
d07_41_G06_0_1_S,glasshouse_b2,3811,T0,R1,S,49.0,27.0,185.835406,0.14529,69.571948,0.406142,0.435429,0.580571,365.165537,25.438327,238.944614,23.551015,162.284391,0.0,5.610488,70.447945,0.0,17.625867,221.318747,0.0,1.118633,24.319694,0.0
d27_36_G05_0_4_S,glasshouse_b2,Hartog,T0,R4,S,283.0,155.0,816.581175,0.189816,291.738719,0.391186,0.435429,0.725714,1591.264315,107.69802,1011.190029,169.813996,640.130098,6.637081,37.316791,279.913048,4.564683,117.234155,879.6155,14.340373,6.933529,98.290171,2.474321
d17_39_G05_1_3_S,glasshouse_b1,Hartog,T1,R3,S,59.0,35.0,196.351702,0.178252,76.070947,0.418751,0.435429,0.580571,385.504612,28.506303,260.294036,22.814986,173.536716,0.0,5.706345,77.147819,0.0,17.927013,242.367023,0.0,1.179529,27.326773,0.0
d29_34_G05_0_2_S,glasshouse_b1,Hartog,T0,R2,S,210.0,138.0,864.218459,0.159682,319.667563,0.405477,0.435429,1.04664,1686.909918,120.251709,1105.014259,121.469188,722.683821,20.06545,28.90501,306.808161,16.008896,90.854565,963.866263,50.29343,5.749585,104.15974,10.342383
d1_T020_27.09.23,field,Gladius,na,R8,T,1323.0,962.0,5331.2264,0.180446,1068.19858,0.226186,0.239473,1.070958,10362.86242,241.890856,3786.638634,4598.395686,711.725073,21.105641,931.245583,258.629028,15.404283,2925.642054,812.602599,48.393981,156.495107,76.383006,9.012744
d27_27_G04_0_3_S,glasshouse_b2,Forrest,T0,R3,S,135.0,93.0,620.641528,0.149845,230.62495,0.406337,0.435429,0.649099,1215.215173,84.806841,796.881768,70.184169,548.307255,2.150104,16.411193,235.852109,1.344937,51.557284,741.099241,4.225243,3.191273,80.954435,0.661133
d31_23_G03_1_3_T,glasshouse_b2,CALINGIRI,T1,R3,T,180.0,122.0,740.005385,0.164864,275.643952,0.408609,0.435429,0.598439,1449.88014,101.467115,954.983519,77.587706,662.417679,0.0,18.607525,285.37317,0.0,58.457265,896.526254,0.0,3.718436,97.748678,0.0
d13_33_G05_0_1_S,glasshouse_b1,Hartog,T0,R1,S,81.0,43.0,316.389359,0.135908,120.163025,0.410608,0.435429,0.580571,622.465762,44.064894,410.059942,32.639686,283.749673,0.0,7.520253,123.005881,0.0,23.62557,386.434372,0.0,1.451687,42.613207,0.0
d07_03_G01_0_3_T,glasshouse_b2,Gladius,T0,R3,T,76.0,52.0,297.81623,0.174604,116.234132,0.427135,0.435429,0.870857,579.433041,45.471996,403.200052,29.177254,264.857084,3.781893,6.824803,118.884826,2.632934,21.440751,373.487695,8.271607,1.344024,42.673222,1.45475
d05_15_G02_1_3_T,glasshouse_b1,5489,T1,R3,T,16.0,12.0,32.042757,0.3745,10.001297,0.348791,0.410526,0.580571,61.48753,3.444567,35.301389,10.25195,21.790807,0.0,2.079355,9.157426,0.0,6.532486,28.768902,0.0,0.360123,3.084444,0.0
d15_42_G06_0_2_S,glasshouse_b2,3811,T0,R2,S,127.0,71.0,554.160575,0.128122,207.551922,0.408255,0.435429,0.740086,1086.63975,77.605006,716.54316,76.478505,476.45565,1.22642,17.699679,209.550031,0.833062,55.605182,658.320837,2.617141,3.461535,73.696262,0.447208
d3_T020_08.10.23,field,Gladius,na,R8,T,1262.0,1035.0,5543.151639,0.186717,1102.904604,0.224962,0.239473,1.084262,10766.3816,247.048484,3911.334499,4805.932571,716.955839,20.263229,972.093568,258.466183,14.294875,3053.953859,812.371253,45.009387,163.146423,75.80421,8.097852
d41_02_G01_0_2_T,glasshouse_b1,Gladius,T0,R2,T,404.0,268.0,1301.594337,0.205901,474.532296,0.407062,0.435429,1.105375,2516.093075,183.505487,1669.883668,235.968131,1040.716079,24.910127,54.15574,459.612178,17.618346,170.135274,1444.092878,55.655516,10.402765,163.081571,10.021151
d2_T022_02.10.23,field,3811,na,R7,S,1031.0,384.0,2853.951805,0.13455,525.604684,0.204171,0.18932,0.661268,5656.614944,104.305394,1836.406624,2611.012632,241.617814,1.321359,499.471864,84.21428,0.827112,1569.137138,264.671037,2.598448,80.20079,23.697485,0.407118
d35_13_G02_1_1_T,glasshouse_b2,5489,T1,R1,T,286.0,196.0,906.835952,0.216136,311.441115,0.384417,0.410526,0.917964,1752.720145,115.214844,1096.701302,243.836424,645.598591,17.400937,61.049314,275.647918,12.393634,191.792077,865.973474,38.935751,12.572228,95.636849,7.005767
d19_43_G06_0_3_S,glasshouse_b2,3811,T0,R3,S,135.0,73.0,727.715785,0.100314,272.394452,0.405285,0.435429,0.725714,1437.104814,99.545125,929.274611,108.100939,619.251989,0.362857,24.594419,270.961061,0.241816,77.265645,851.24928,0.759686,4.709532,94.708315,0.127278
d29_31_G04_1_3_S,glasshouse_b1,Forrest,T1,R3,S,103.0,47.0,355.067364,0.132369,117.266388,0.361617,0.410526,0.580571,700.840795,39.457873,405.860749,90.18309,264.884274,0.0,21.105033,108.084455,0.0,66.303418,339.557331,0.0,4.11308,35.344794,0.0
d09_30_G04_1_2_S,glasshouse_b1,Forrest,T1,R2,S,21.0,9.0,79.614182,0.113045,30.404152,0.414306,0.435429,0.580571,156.839916,11.371578,104.322476,10.001154,69.613028,0.0,2.545683,30.661193,0.0,7.997498,96.324978,0.0,0.531245,10.840333,0.0
d25_38_G05_1_2_S,glasshouse_b1,Hartog,T1,R2,S,159.0,75.0,538.17466,0.13936,188.407786,0.381676,0.435429,0.725714,1062.284533,65.936389,648.389668,114.208505,423.790952,0.175203,27.039057,179.2305,0.119284,84.945703,563.069224,0.374742,5.360628,60.511781,0.06398
d09_39_G05_1_3_S,glasshouse_b1,Hartog,T1,R3,S,37.0,23.0,89.981215,0.255609,33.795851,0.405861,0.435429,0.615789,174.805952,12.603045,116.027504,14.499332,74.853643,0.62824,3.304203,33.241635,0.386863,10.380461,104.431676,1.215367,0.624534,11.791409,0.187102
d37_26_G04_0_2_S,glasshouse_b1,Forrest,T0,R2,S,226.0,148.0,786.104689,0.18827,292.628776,0.411652,0.435429,0.973648,1529.849759,113.068139,1023.61336,118.659014,652.61141,14.834265,27.393957,287.429762,11.002533,86.060655,902.987228,34.565477,5.324629,101.246094,6.497415
d21_06_G01_1_2_T,glasshouse_b1,Gladius,T1,R2,T,72.0,44.0,437.043233,0.100677,149.213658,0.377804,0.410526,0.781618,863.138862,51.523773,521.101677,89.141151,345.502068,2.400015,23.823664,140.318378,1.729773,74.844248,440.823187,5.434242,5.151433,45.39099,0.98135
d11_02_G01_0_2_T,glasshouse_b2,Gladius,T0,R2,T,66.0,38.0,361.3303,0.105167,146.080024,0.433795,0.435429,0.821052,713.617461,55.642493,494.590702,26.214277,333.671888,1.444135,6.24878,150.17343,1.0109,19.631121,471.783745,3.175836,1.242047,53.841072,0.559374
d41_22_G03_1_2_T,glasshouse_b1,CALINGIRI,T1,R2,T,198.0,158.0,997.906141,0.158332,358.545695,0.399095,0.435429,0.929368,1947.321447,131.096705,1252.930857,150.031019,844.448792,3.42633,36.953186,359.305196,2.528587,116.091858,1128.895208,7.94379,7.584698,122.026615,1.485393
d09_38_G05_1_2_S,glasshouse_b1,Hartog,T1,R2,S,36.0,16.0,151.455927,0.105641,57.627271,0.408527,0.435429,0.598439,299.322773,21.062785,196.082358,18.075077,133.380851,0.0,4.438306,57.976648,0.0,13.943348,182.13901,0.0,0.89892,20.163865,0.0
d49_45_G06_1_1_S,glasshouse_b2,3811,T1,R1,S,785.0,480.0,1841.222374,0.260696,574.645329,0.357633,0.324549,1.04664,3523.192214,211.898701,2073.823563,723.872091,1073.363666,43.986616,163.400526,465.126342,31.442137,513.337892,1461.566889,98.918782,31.068055,162.849453,17.981192
d15_37_G05_1_1_S,glasshouse_b2,Hartog,T1,R1,S,51.0,23.0,233.204955,0.098626,86.698971,0.400877,0.435429,0.580571,461.882559,31.417065,295.494903,37.603718,195.601237,0.0,8.678159,85.38079,0.0,27.26324,268.231663,0.0,1.687087,29.729978,0.0
d19_45_G06_1_1_S,glasshouse_b2,3811,T1,R1,S,114.0,56.0,421.824596,0.132757,154.696201,0.398369,0.435429,0.580571,831.974104,55.196234,528.226802,63.060969,358.763627,0.0,14.640734,153.499079,0.0,45.995223,482.231578,0.0,2.845573,52.35066,0.0
d15_11_G02_0_3_T,glasshouse_b2,5489,T0,R3,T,103.0,69.0,481.096682,0.143422,187.45453,0.41856,0.435429,0.725714,944.64942,69.075803,633.292099,50.744823,429.741228,0.610631,12.243394,188.932262,0.40748,38.463756,593.548206,1.280137,2.45527,66.406461,0.214072
d2_T006_02.10.23,field,3811,na,R3,S,1295.0,532.0,4486.044458,0.11859,787.595199,0.194193,0.18932,0.661268,8870.225145,146.43021,2749.86553,4247.200402,238.597319,0.246737,793.387521,81.678974,0.15279,2492.564104,256.821421,0.480004,123.9665,22.389329,0.074381
d27_21_G03_1_1_T,glasshouse_b2,CALINGIRI,T1,R1,T,145.0,123.0,898.365976,0.136915,312.842034,0.391729,0.435429,0.740086,1757.075971,112.960339,1107.967231,157.330155,735.4448,5.591021,41.731944,307.09329,3.851689,131.104768,964.762024,12.100439,8.993218,101.876005,2.091116
d3_T024_08.10.23,field,3811,na,R9,S,1043.0,486.0,3515.062522,0.138262,645.961074,0.203546,0.18932,0.616383,6947.390528,124.779217,2251.114017,3270.117179,244.716141,0.229202,633.476354,82.896082,0.140431,1990.12466,260.548179,0.441179,102.183046,22.528592,0.067579
d07_44_G06_0_4_S,glasshouse_b2,3811,T0,R4,S,90.0,64.0,278.352285,0.229924,93.298036,0.369753,0.410526,0.88287,537.356289,31.883824,325.611488,49.414519,227.946668,0.991097,11.959692,90.96492,0.720744,37.572481,285.774725,2.264283,2.40227,29.06369,0.417864
d33_04_G01_0_4_T,glasshouse_b1,Gladius,T0,R4,T,330.0,242.0,1242.54683,0.194761,456.599482,0.410471,0.435429,1.231578,2402.666283,177.618491,1603.338592,216.91102,991.969809,33.666001,52.688703,431.917263,25.705453,165.526441,1356.908102,80.904049,10.593004,151.179543,15.845944
d6_T002_28.10.23,field,Gladius,na,R2,T,1563.0,1260.0,6099.699593,0.206568,1166.972576,0.216989,0.18932,0.757282,11832.8686,249.450147,4145.201097,5363.107443,732.701222,3.890928,1055.245221,261.590397,2.515282,3315.166559,822.132546,7.901992,172.635058,75.533828,1.281261
d17_35_G05_0_3_S,glasshouse_b1,Hartog,T0,R3,S,119.0,55.0,386.825145,0.142183,134.461877,0.380619,0.410526,0.649099,764.854926,48.210145,466.393217,83.007064,303.467675,0.350406,18.702271,129.533689,0.221612,58.754918,406.942085,0.696215,3.533982,44.566007,0.110155
d27_43_G06_0_3_S,glasshouse_b2,3811,T0,R3,S,274.0,174.0,1190.588557,0.146146,446.608718,0.408092,0.435429,0.821052,2333.400425,165.826602,1534.446789,157.1985,1030.356644,3.033412,34.812235,451.497582,2.119765,109.365863,1418.421488,6.659438,6.528594,158.127956,1.170053
d35_37_G05_1_1_S,glasshouse_b2,Hartog,T1,R1,S,99.0,49.0,320.568289,0.152854,109.824665,0.375689,0.435429,0.580571,631.955592,38.215141,380.480778,76.357013,244.211277,0.0,18.137273,102.97352,0.0,56.979924,323.500854,0.0,3.615032,34.600109,0.0
d29_16_G02_1_4_T,glasshouse_b1,5489,T1,R4,T,160.0,112.0,677.069259,0.165419,249.052826,0.403206,0.435429,0.725714,1320.033182,91.278394,860.364524,90.825918,581.567825,4.675516,22.057045,248.773704,3.031784,69.294252,781.54564,9.524632,4.446177,85.282309,1.549908
d11_03_G01_0_3_T,glasshouse_b2,Gladius,T0,R3,T,77.0,57.0,418.334177,0.136255,167.004274,0.432097,0.435429,0.740086,818.337325,64.690203,572.830409,24.834535,387.011977,6.487666,5.744115,172.217931,4.375536,18.045671,541.038586,13.746152,1.118413,61.242736,2.329054
d05_12_G02_0_4_T,glasshouse_b1,5489,T0,R4,T,41.0,25.0,175.681448,0.142303,66.875442,0.412414,0.435429,0.580571,344.617141,24.508485,228.255047,20.57345,155.107998,0.0,5.233099,67.422739,0.0,16.440265,211.814782,0.0,1.08765,23.420835,0.0
d11_39_G05_1_3_S,glasshouse_b2,Hartog,T1,R3,S,32.0,18.0,114.942765,0.1566,45.329732,0.424715,0.435429,0.598439,225.875608,17.118839,154.195535,12.459153,102.483612,0.0,3.061191,46.020773,0.0,9.617014,144.578521,0.0,0.619049,16.49979,0.0
d19_18_G03_0_2_T,glasshouse_b2,CALINGIRI,T0,R2,T,117.0,75.0,716.022418,0.104745,256.752614,0.395327,0.435429,0.725714,1411.092172,91.391339,890.387775,100.178569,612.962874,2.880976,25.921733,255.591526,1.905971,81.435527,802.964462,5.987786,5.476128,84.920372,0.99484
d07_18_G03_0_2_T,glasshouse_b2,CALINGIRI,T0,R2,T,51.0,41.0,225.741817,0.181623,86.519906,0.424821,0.435429,0.88287,435.382573,34.098234,303.12601,22.132668,193.900416,9.708732,5.302158,84.350832,6.835015,16.657222,264.995954,21.472833,1.051542,29.232807,3.813885
d17_05_G01_1_1_T,glasshouse_b1,Gladius,T1,R1,T,83.0,43.0,480.12112,0.089561,183.404505,0.41273,0.435429,0.580571,949.136157,66.562008,623.722175,46.168917,433.952203,0.0,11.259184,187.244441,0.0,35.37177,588.350405,0.0,2.27898,64.283028,0.0
d15_08_G01_1_4_T,glasshouse_b2,Gladius,T1,R4,T,66.0,48.0,488.102726,0.09834,180.03914,0.406296,0.435429,0.870857,963.279925,66.046932,622.767542,56.31735,421.286536,10.498839,14.409003,176.12277,7.701292,45.267219,553.306,24.194323,3.029833,58.551791,4.465308
d35_42_G06_0_1_S,glasshouse_b2,3811,T0,R2,S,503.0,341.0,1434.142292,0.237773,512.578303,0.39857,0.435429,1.338151,2746.917143,203.276976,1818.879291,312.985795,1063.495874,57.660623,69.876081,465.630421,43.392517,219.522183,1462.895102,136.462006,13.215661,163.476329,26.584986
d5_T010_21.10.23,field,Gladius,na,R3,T,650.0,229.0,1802.458977,0.127049,318.114059,0.195639,0.18932,0.677333,3579.912787,59.986861,1110.090687,1688.196008,113.966636,0.296333,314.25225,38.900553,0.200036,987.252561,122.209693,0.628433,49.247822,10.632977,0.106061
d25_08_G01_1_4_T,glasshouse_b1,Gladius,T1,R4,T,95.0,71.0,566.259803,0.125384,194.638189,0.381448,0.410526,0.740086,1111.934957,68.886398,676.953368,149.992414,404.938068,11.329322,39.508707,168.123617,7.848626,124.120263,528.175919,24.657186,8.461748,56.139855,4.284795
d1_T022_27.09.23,field,3811,na,R7,S,993.0,455.0,3072.032411,0.14811,571.287388,0.206991,0.18932,0.72833,6060.040065,115.411727,2003.148888,2782.441639,286.74666,2.844113,536.273449,99.472109,1.866398,1684.784578,312.500847,5.863463,86.56668,27.879392,0.965655
d25_10_G02_0_1_T,glasshouse_b1,5489,T0,R2,T,154.0,114.0,860.077704,0.132546,313.210697,0.398329,0.410526,0.917964,1684.507578,111.5202,1073.760842,90.009657,762.060654,8.007393,21.442504,314.822423,5.476658,67.363613,989.191801,17.205429,4.25448,104.282499,2.98322
d41_29_G04_1_1_S,glasshouse_b1,Forrest,T1,R1,S,137.0,73.0,426.188401,0.171286,147.760073,0.379418,0.410526,0.725714,833.165851,52.439568,512.762431,97.907858,327.036514,1.244029,22.684215,139.655718,0.806131,71.264564,438.965331,2.532535,4.406392,47.621514,0.411663
d25_45_G06_1_1_S,glasshouse_b1,3811,T1,R1,S,162.0,80.0,605.660198,0.132087,213.271463,0.384763,0.435429,0.649099,1194.409851,74.63997,732.478032,120.393068,484.536259,0.730872,27.578081,205.105929,0.470989,86.639096,644.35928,1.479656,5.318216,69.083296,0.238457
d33_33_G05_0_1_S,glasshouse_b1,Hartog,T0,R1,S,184.0,92.0,634.761949,0.144936,224.094351,0.387022,0.435429,0.615789,1248.274904,80.995393,775.113829,131.832833,501.394801,1.534315,28.817825,216.963755,0.944814,90.533868,681.61174,2.968221,5.337074,75.201369,0.45695
d43_42_G06_0_2_S,glasshouse_b2,3811,T0,R2,S,1123.0,898.0,2565.360367,0.350048,884.501193,0.398972,0.410526,1.622746,4782.421891,381.975155,3256.392187,763.394193,1630.339662,171.626512,172.792282,731.365732,132.095321,542.936559,2298.18515,415.270478,33.024393,265.403961,83.546801
d25_37_G05_1_1_S,glasshouse_b1,Hartog,T1,R1,S,75.0,37.0,289.885896,0.127636,103.883927,0.392628,0.435429,0.598439,570.540999,37.294044,359.480365,50.410256,239.47564,0.0,12.024238,102.401916,0.0,37.775258,321.705107,0.0,2.394719,34.899325,0.0
d17_06_G01_1_2_T,glasshouse_b1,Gladius,T1,R2,T,55.0,29.0,429.486741,0.067522,151.789032,0.388514,0.410526,0.725714,852.588448,52.925857,526.283046,63.758241,365.553297,0.175203,17.095339,150.306473,0.119284,53.706591,472.201713,0.374742,3.706171,49.155706,0.06398
d5_T020_21.10.23,field,Gladius,na,R8,T,1257.0,993.0,5316.45666,0.186779,1075.234409,0.22867,0.239473,1.378273,10324.06346,246.95555,3815.341407,4555.078878,734.627495,26.750287,928.753464,265.955526,19.674723,2917.780985,835.750458,61.809964,156.691688,78.450045,11.813817
d33_37_G05_1_1_S ,glasshouse_b1,Hartog,T1,R1,S,91.0,49.0,290.916483,0.168433,102.941203,0.386692,0.435429,0.598439,570.191845,36.70061,357.156583,55.930842,234.985642,0.0,13.793018,99.8699,0.0,43.332044,313.824539,0.0,2.820582,33.880028,0.0
d13_01_G01_0_1_T,glasshouse_b1,Gladius,T0,R1,T,99.0,57.0,416.558282,0.136836,164.671165,0.431511,0.435429,0.725714,818.163311,64.026114,564.340545,47.652175,367.22665,1.679458,11.326693,167.217009,1.091472,35.583856,525.327728,3.428962,2.23759,61.228844,0.55968
d4_T001_14.10.23,field,Gladius,na,R1,T,1146.0,612.0,4128.732814,0.148229,803.83531,0.217129,0.18932,0.900019,8106.113799,170.616149,2820.795302,3631.171499,495.086684,2.474631,719.525901,176.624165,1.696415,2260.457284,555.008574,5.329444,118.731637,50.957555,0.926956
d13_23_G03_1_3_T,glasshouse_b1,CALINGIRI,T1,R3,T,60.0,34.0,266.124246,0.12776,101.603483,0.413338,0.435429,0.598439,524.791609,37.519376,347.180644,30.23665,235.887596,0.0,7.230305,103.280726,0.0,22.714674,324.465969,0.0,1.436439,36.082937,0.0
d07_35_G05_0_3_S,glasshouse_b2,Hartog,T0,R3,S,31.0,11.0,132.834612,0.08281,42.28563,0.347267,0.324549,0.580571,265.056456,13.215335,144.272091,42.068448,90.766164,0.0,10.505283,35.417949,0.0,33.003321,111.26877,0.0,2.146646,11.068689,0.0
d31_30_G04_1_2_S,glasshouse_b2,Forrest,T1,R2,S,80.0,32.0,297.125001,0.107699,95.273016,0.350545,0.324549,0.598439,588.871903,31.229556,329.659757,96.62559,200.499411,0.0,23.326432,81.607528,0.0,73.282147,256.37761,0.0,4.680842,26.548715,0.0
d13_40_G05_1_4_S,glasshouse_b1,Hartog,T1,R4,S,32.0,14.0,128.750715,0.108737,49.743153,0.413103,0.435429,0.580571,254.938664,18.290195,168.500442,15.704237,113.046478,0.0,3.868196,49.767161,0.0,12.152296,156.348146,0.0,0.792543,17.497652,0.0
d07_26_G04_0_2_S,glasshouse_b2,Forrest,T0,R2,S,25.0,15.0,113.302431,0.132389,44.992668,0.432499,0.435429,0.846321,220.785811,17.540753,155.693567,5.626239,106.039246,1.636946,1.39276,46.990241,1.142492,4.375484,147.728839,3.589244,0.284859,16.622442,0.633451
d19_36_G05_0_4_S,glasshouse_b2,Hartog,T0,R4,S,179.0,95.0,566.78837,0.167611,202.164178,0.388432,0.435429,0.725714,1111.052407,73.093661,696.783742,115.170428,450.403973,1.213969,25.507505,195.487773,0.797876,80.13419,614.142951,2.506602,4.794549,67.886212,0.412899
d15_03_G01_0_3_T,glasshouse_b2,Gladius,T0,R3,T,101.0,65.0,539.607532,0.120458,203.070035,0.409694,0.435429,0.725714,1060.27554,75.058933,696.946562,64.794505,467.769693,7.043335,15.690004,201.426054,4.728922,49.291601,632.798613,14.856348,3.151896,69.402184,2.504853
d25_18_G03_0_2_T,glasshouse_b1,CALINGIRI,T0,R2,T,172.0,122.0,875.398276,0.139365,320.520755,0.405451,0.435429,0.740086,1713.563718,118.669705,1116.395526,127.023222,736.528669,11.846385,33.007931,314.423579,7.904669,103.697474,987.864801,24.833251,6.994017,107.514106,4.161582
d15_04_G01_0_4_T,glasshouse_b2,Gladius,T0,R4,T,89.0,55.0,553.483111,0.099371,210.264227,0.411736,0.435429,0.870857,1092.420473,76.533844,715.877996,57.159917,495.332097,0.991097,14.074186,213.052824,0.744033,44.215359,669.325188,2.337449,2.874506,73.217048,0.442291
d7_T020_04.11.23,field,Gladius,na,R8,T,1277.0,1112.0,5535.204114,0.200896,1104.384888,0.22595,0.239473,0.965349,10733.15292,247.990835,3922.073041,4767.819984,752.056883,15.327248,965.195954,272.273755,10.748993,3032.284367,855.891332,33.897343,161.761699,80.173497,6.055639
d09_04_G01_0_4_T,glasshouse_b1,Gladius,T0,R4,T,59.0,41.0,350.502354,0.116975,140.555348,0.43315,0.435429,0.725714,689.781406,53.521486,477.067816,20.948759,329.130618,0.422977,4.774,146.804821,0.276581,14.997964,461.200947,0.868905,0.915503,52.463322,0.142661
d37_19_G03_0_3_T,glasshouse_b1,CALINGIRI,T0,R3,T,340.0,240.0,1362.747945,0.176115,495.282749,0.402329,0.435429,0.870857,2653.311766,184.490621,1731.932208,249.344103,1102.984868,10.418974,65.123489,479.097305,6.95742,204.591474,1505.202567,22.138168,13.886144,166.830692,3.773785
d13_44_G06_0_4_S,glasshouse_b1,3811,T0,R4,S,143.0,103.0,568.079121,0.181313,214.056188,0.411379,0.435429,1.105375,1101.418257,81.147695,740.053162,58.92867,495.647374,13.503077,13.212707,212.396149,9.957382,41.508944,667.262181,31.282037,2.497019,72.746823,5.903852
d21_38_G05_1_2_S,glasshouse_b1,Hartog,T1,R2,S,109.0,51.0,499.149574,0.102174,184.831757,0.399928,0.435429,0.649099,987.713515,66.27431,629.153321,71.660867,427.313504,0.175203,16.566379,183.585619,0.113724,52.044814,576.751232,0.357274,3.230006,62.986328,0.057977
d17_26_G04_0_2_S,glasshouse_b1,Forrest,T0,R2,S,44.0,28.0,261.445923,0.107097,103.620596,0.429694,0.435429,0.598439,515.477475,39.36634,354.841729,15.309184,246.136739,0.0,3.910457,109.039173,0.0,12.285064,342.556665,0.0,0.819607,38.546733,0.0
d33_36_G05_0_4_S,glasshouse_b1,Hartog,T0,R4,S,394.0,258.0,1030.562514,0.250349,365.534489,0.395998,0.435429,1.056656,1975.659448,141.418648,1292.893605,223.867044,784.776244,21.919226,49.320551,346.337076,15.776814,154.945081,1088.218745,49.72978,9.211014,123.078784,9.12885
d17_15_G02_1_3_T,glasshouse_b1,5489,T1,R3,T,70.0,42.0,323.288069,0.129915,120.27889,0.404879,0.435429,0.740086,633.817635,44.105884,412.96057,43.530558,275.568113,4.189398,10.566729,117.859819,3.022884,33.196357,370.267542,9.496671,2.134813,40.256476,1.714595
d21_23_G03_1_3_T,glasshouse_b1,CALINGIRI,T1,R3,T,101.0,69.0,477.963204,0.144363,175.425587,0.402327,0.435429,0.580571,936.252105,63.44319,605.908661,59.373529,418.589675,0.0,14.157318,178.709399,0.0,44.476526,561.432135,0.0,2.812733,60.630457,0.0
d17_29_G04_1_1_S,glasshouse_b1,Forrest,T1,R1,S,64.0,30.0,189.739461,0.158112,62.872817,0.362269,0.410526,0.580571,374.577512,21.569903,218.890236,47.170329,142.569132,0.0,10.972103,58.702823,0.0,34.469877,184.420359,0.0,2.147774,19.42213,0.0
d43_40_G05_1_4_S,glasshouse_b2,Hartog,T1,R4,S,469.0,313.0,1399.532774,0.223646,482.727145,0.391044,0.410526,1.429491,2683.500799,189.84421,1727.711749,391.049305,957.114312,51.369157,92.258811,418.593637,39.018544,289.839602,1315.291776,122.580372,18.251988,147.515343,24.076878
d31_47_G06_1_3_S,glasshouse_b2,3811,T1,R3,S,158.0,90.0,546.837333,0.164583,181.571724,0.369868,0.410526,0.870857,1071.069582,63.739934,638.743498,150.764027,390.65233,5.420976,36.523548,162.800418,3.994404,114.742109,511.452597,12.548792,7.358657,54.054559,2.326718
d17_47_G06_1_3_S,glasshouse_b1,3811,T1,R3,S,60.0,30.0,355.936148,0.084285,128.821336,0.396761,0.435429,0.725714,704.262977,45.961676,445.490906,42.211821,312.76329,0.961037,10.626003,130.526662,0.651494,33.382574,410.061602,2.04673,2.207916,43.405638,0.348122
d17_23_G03_1_3_T,glasshouse_b1,CALINGIRI,T1,R3,T,87.0,49.0,374.057857,0.130996,136.247259,0.39815,0.435429,0.580571,734.102501,49.103645,469.756953,45.973969,328.083888,0.0,9.685552,139.84273,0.0,30.42806,439.328893,0.0,1.733938,47.369706,0.0
d33_16_G02_1_4_T,glasshouse_b1,5489,T1,R4,T,195.0,139.0,779.164012,0.178396,285.987578,0.403387,0.410526,1.04664,1511.008645,107.648685,991.167103,119.406761,643.941318,15.815932,28.247042,274.74268,12.420448,88.7407,863.266022,39.16038,5.575867,94.125811,7.947008
d05_36_G05_0_4_S,glasshouse_b1,Hartog,T0,R4,S,49.0,25.0,152.725744,0.163692,51.144072,0.366557,0.410526,0.580571,300.751069,17.524883,177.535085,37.487384,115.23836,0.0,8.678597,47.832576,0.0,27.264617,150.270468,0.0,1.679067,15.845816,0.0
d45_25_G04_0_1_S,glasshouse_b1,Forrest,T0,R1,S,520.0,336.0,1251.842408,0.268404,419.375066,0.381613,0.410526,1.338151,2387.511054,167.585915,1513.276668,369.601762,825.952471,56.288175,82.1567,355.547303,43.939815,258.102884,1117.132782,138.041001,15.451676,123.801907,28.332332
d43_29_G04_1_1_S,glasshouse_b2,Forrest,T1,R1,S,156.0,84.0,469.9436,0.178745,160.247211,0.371511,0.410526,0.649099,922.655424,56.246033,555.280013,123.608092,345.441885,0.893623,28.778665,147.415333,0.557121,90.410841,463.118926,1.750246,5.617211,50.355891,0.272931
d35_07_G01_1_3_T,glasshouse_b2,Gladius,T1,R3,T,219.0,137.0,920.154888,0.148888,317.439786,0.381422,0.410526,0.821052,1804.776662,114.803137,1109.836547,278.104422,636.861792,5.188674,72.265219,277.445695,3.527722,227.02788,871.726002,11.082665,15.330591,97.573187,1.899359
d17_22_G03_1_2_T,glasshouse_b1,CALINGIRI,T1,R2,T,55.0,27.0,437.453089,0.061721,166.014151,0.412901,0.435429,0.580571,869.104736,59.43121,566.519686,26.497268,410.955821,0.0,6.839956,173.455552,0.0,21.488356,545.03133,0.0,1.441448,57.989762,0.0
d45_35_G05_0_3_S,glasshouse_b1,Hartog,T0,R3,S,1002.0,771.0,1834.248767,0.420336,617.757816,0.413622,0.410526,1.818635,3292.203944,306.781187,2402.459337,601.431703,1037.509715,195.307349,133.369488,473.990914,156.947109,418.992605,1489.786879,493.679853,24.942183,176.237201,105.601803
d35_45_G06_1_1_S,glasshouse_b2,3811,T1,R1,S,350.0,184.0,1022.305488,0.179985,351.936097,0.380907,0.435429,0.88287,2000.530273,126.545183,1225.716033,241.948163,775.867326,4.489998,53.786275,333.095954,3.208684,168.974567,1046.661087,10.080379,10.125961,114.597438,1.821783
d13_08_G01_1_4_T,glasshouse_b1,Gladius,T1,R4,T,55.0,45.0,431.989021,0.104169,163.733708,0.416655,0.435429,0.870857,849.640576,60.9191,565.855236,23.883812,397.426009,10.6792,6.220046,166.071444,7.825825,19.540851,521.728829,24.585556,1.313338,55.079194,4.526568
d37_03_G01_0_3_T,glasshouse_b1,Gladius,T0,R3,T,308.0,220.0,1290.532321,0.170472,475.733084,0.405151,0.435429,0.846321,2515.087479,177.677364,1647.598133,217.541612,1063.136834,9.853875,52.696583,465.044073,6.649089,165.597995,1461.111408,20.88873,10.632233,163.496476,3.548655
d3_T023_08.10.23,field,3811,na,R8,S,1404.0,603.0,4273.081924,0.141116,779.270843,0.202892,0.18932,0.757282,8453.114952,152.609394,2726.160103,3950.346127,320.469824,2.265973,754.425304,111.784902,1.518024,2370.16069,351.2304,4.769013,120.42696,31.381469,0.800965
d49_34_G05_0_2_S,glasshouse_b2,Hartog,T0,R2,S,1129.0,903.0,2621.244854,0.344493,925.51757,0.428795,0.435429,1.892431,4754.164603,484.850717,3564.297239,817.387121,1498.531124,305.326609,187.204953,685.099592,262.083422,588.121705,2152.81618,823.359354,36.122859,254.838354,193.889504
d5_T024_21.10.23,field,3811,na,R9,S,1107.0,571.0,3655.185281,0.156216,663.518386,0.202081,0.18932,0.965349,7204.102362,128.421677,2321.596571,3403.186044,250.476483,1.522754,651.661837,86.098734,1.099453,2047.383435,270.759102,3.454034,103.987115,23.797535,0.637027
d31_07_G01_1_3_T,glasshouse_b2,Gladius,T1,R3,T,155.0,109.0,766.891968,0.142132,268.286494,0.388779,0.410526,0.781618,1503.351454,97.445632,940.55902,189.325243,571.556999,6.009726,50.565727,244.853745,3.931785,158.856916,769.350037,12.352067,10.923571,84.491315,2.030745
d07_36_G05_0_4_S,glasshouse_b2,Hartog,T0,R4,S,80.0,48.0,257.463128,0.186434,86.698971,0.37075,0.410526,0.580571,502.241211,29.986578,302.321479,58.183211,199.279917,0.0,13.924165,82.292854,0.0,43.790852,258.530627,0.0,2.778297,27.208281,0.0
d07_39_G05_1_3_S,glasshouse_b2,Hartog,T1,R3,S,38.0,22.0,91.463588,0.240533,31.810338,0.378691,0.435429,0.615789,178.000865,11.193196,109.720363,19.610277,71.78074,0.072571,4.372989,30.507399,0.044689,13.73815,95.841819,0.140394,0.819921,10.351661,0.021613
d49_18_G03_0_2_T,glasshouse_b2,CALINGIRI,T0,R2,T,608.0,462.0,2076.422468,0.222498,767.361204,0.411393,0.435429,1.04664,3993.523219,310.391568,2702.757,576.252198,1425.123815,75.046455,139.953565,668.404514,51.932641,439.677091,2099.928705,163.151204,28.271436,253.594308,28.525824
d29_14_G02_1_2_T,glasshouse_b1,5489,T1,R2,T,87.0,63.0,633.928356,0.09938,229.766492,0.398665,0.435429,0.598439,1249.236649,80.791863,790.102377,74.720218,559.208138,0.0,19.900857,231.59654,0.0,62.520387,727.58199,0.0,4.28396,76.507903,0.0
d13_32_G04_1_4_S,glasshouse_b1,Forrest,T1,R4,S,32.0,22.0,97.514941,0.225606,34.928172,0.3886,0.435429,0.598439,191.302951,12.823553,120.917518,21.056548,76.458393,0.0,4.641431,33.832914,0.0,14.628284,106.289234,0.0,0.868639,11.954914,0.0
d4_T008_14.10.23,field,3811,na,R4,S,947.0,440.0,3061.27184,0.143731,576.040067,0.209755,0.18932,0.83387,6038.297198,116.884284,2016.067407,2747.583432,311.637111,2.051297,531.562493,108.795348,1.376346,1669.952823,341.790666,4.323918,85.641768,30.51018,0.732337
d13_39_G05_1_3_S,glasshouse_b1,Hartog,T1,R3,S,43.0,21.0,152.409001,0.137787,59.618051,0.419699,0.435429,0.598439,300.935613,22.064562,202.239538,15.076882,137.332119,0.0,3.848007,60.526838,0.0,12.088869,190.150669,0.0,0.805504,21.259058,0.0
d05_44_G06_0_4_S,glasshouse_b1,3811,T0,R4,S,43.0,25.0,124.833413,0.200267,41.074309,0.359313,0.410526,0.580571,244.237671,13.487212,141.558732,27.512902,97.320511,0.0,6.59196,38.444031,0.0,20.709253,120.849479,0.0,1.306215,12.180997,0.0
d6_T006_28.10.23,field,3811,na,R3,S,1334.0,543.0,4520.472334,0.12012,785.648966,0.192273,0.18932,0.757282,8946.638109,144.395489,2742.949126,4295.621617,223.846235,1.004482,796.360976,76.05396,0.677681,2501.841792,238.978336,2.128998,123.387487,20.647746,0.360255
d07_12_G02_0_4_T,glasshouse_b2,5489,T0,R4,T,60.0,44.0,240.44162,0.182997,93.487634,0.421535,0.435429,0.725714,468.838886,35.091796,320.148515,18.833872,221.329914,0.277834,4.693787,97.027864,0.184787,14.745967,304.822024,0.580524,0.965451,34.029312,0.097033
d15_39_G05_1_3_S,glasshouse_b2,Hartog,T1,R3,S,71.0,47.0,186.350181,0.252213,70.398806,0.409319,0.435429,0.580571,362.007827,25.92694,241.92241,23.766593,162.583588,0.0,5.918946,71.087349,0.0,18.594916,223.327494,0.0,1.211361,24.71558,0.0
d43_46_G06_1_2_S,glasshouse_b2,3811,T1,R2,S,493.0,319.0,1278.31203,0.249548,413.070932,0.372158,0.410526,1.376946,2435.35269,161.810421,1504.837617,425.629926,805.329645,47.352459,97.324361,344.004353,37.62331,305.753499,1080.721548,118.362571,18.772654,118.258937,24.77883
d19_01_G01_0_1_T,glasshouse_b2,Gladius,T0,R1,T,163.0,97.0,613.242049,0.158176,237.634811,0.421689,0.435429,0.598439,1203.065255,90.146953,812.613924,69.230059,544.01199,0.0,15.463898,243.199147,0.0,48.581269,764.032655,0.0,2.905657,87.241296,0.0
d43_11_G02_0_3_T,glasshouse_b2,5489,T0,R3,T,418.0,288.0,1263.89192,0.227868,451.095872,0.398065,0.435429,1.248566,2428.866239,174.947514,1588.875783,275.92508,948.179936,39.786903,61.865045,414.171925,29.639901,194.354772,1301.264121,93.25689,11.726429,145.431236,17.789849
d45_30_G04_1_2_S,glasshouse_b1,Forrest,T1,R2,S,235.0,113.0,505.568297,0.223511,152.784421,0.336366,0.324549,0.781618,985.181657,51.368961,540.625636,212.170959,289.833158,3.564179,48.375768,121.368952,2.341765,151.976958,381.291807,7.356871,9.284639,40.867588,1.216734
d6_T023_28.10.23,field,3811,na,R8,S,1518.0,754.0,4700.012655,0.160425,847.227696,0.201755,0.18932,0.723392,9254.396778,165.613365,2978.095875,4368.637121,330.251316,1.124219,830.483092,116.601098,0.728847,2609.190419,366.615715,2.289741,131.980072,33.260915,0.372378
d21_16_G02_1_4_T,glasshouse_b1,5489,T1,R4,T,69.0,41.0,404.739151,0.1013,151.752165,0.408779,0.435429,0.725714,798.297511,55.165429,519.426833,40.168254,362.626056,1.944841,9.169114,154.943181,1.226401,28.805622,486.768358,3.852853,1.758806,52.79813,0.608492
d09_08_G01_1_4_T,glasshouse_b1,Gladius,T1,R4,T,38.0,32.0,317.97473,0.100637,128.542205,0.437022,0.435429,0.870857,624.538504,49.534794,436.968896,12.89156,294.706707,10.376463,3.113857,128.284058,7.693605,9.782469,403.016253,24.170173,0.625194,44.411259,4.498342
d37_36_G05_0_4_S,glasshouse_b1,Hartog,T0,R4,S,454.0,300.0,1215.674127,0.246777,420.554788,0.384462,0.410526,0.846321,2338.00547,157.702859,1483.066109,294.566873,912.024626,9.082628,64.158294,401.545314,6.283978,201.559225,1261.765185,19.741699,11.871195,142.393899,3.437765
d41_11_G02_0_3_T,glasshouse_b1,5489,T0,R3,T,326.0,222.0,1118.994978,0.198392,393.468601,0.389511,0.410526,0.88287,2166.515707,145.995426,1374.641841,249.848652,845.482364,23.663962,57.407662,363.076125,17.010059,180.35149,1140.711281,53.57907,11.091977,125.171793,9.731656
d21_41_G06_0_1_S,glasshouse_b1,3811,T0,R1,S,149.0,97.0,667.486416,0.145321,247.019914,0.406699,0.435429,0.870857,1309.454577,91.045411,856.438767,81.464052,577.618667,8.403698,21.023762,245.483544,6.10562,66.048096,771.209298,19.181372,4.437131,83.119303,3.488977
d17_12_G02_0_4_T,glasshouse_b1,5489,T0,R4,T,95.0,59.0,540.042291,0.109251,210.738222,0.420053,0.435429,0.615789,1064.026033,77.675422,713.742257,47.245922,492.621166,0.175203,11.031196,216.02858,0.107888,34.655524,678.747793,0.33894,2.155213,75.46803,0.052179
d49_46_G06_1_2_S,glasshouse_b2,3811,T1,R2,S,738.0,481.0,1838.083157,0.261686,598.776946,0.383287,0.410526,1.818635,3467.498743,264.114995,2224.776028,659.834827,1089.895364,88.352965,152.507374,470.120337,85.371497,479.116045,1477.105234,268.554748,29.588165,163.725724,70.801106
d4_T017_14.10.23,field,Gladius,na,R6,T,1010.0,300.0,3331.207313,0.090057,602.565103,0.199279,0.18932,0.598684,6618.587326,114.179184,2093.7678,3121.099472,210.107841,0.0,594.604584,71.842131,0.0,1868.021317,225.746482,0.0,94.493374,19.68581,0.0
d4_T019_14.10.23,field,Gladius,na,R7,T,1566.0,927.0,6017.923396,0.15404,1143.558645,0.212425,0.18932,0.846667,11789.36988,234.148962,4021.747418,5447.150286,566.822313,3.950797,1081.395965,195.946493,2.7468,3397.321543,615.796549,8.629327,178.129678,54.506924,1.51236
d49_04_G01_0_4_T,glasshouse_b2,Gladius,T0,R4,T,997.0,719.0,2562.012285,0.280639,874.979159,0.397087,0.410526,1.818635,4816.86982,383.710666,3213.229279,828.599161,1524.899393,208.513731,190.147616,667.736992,164.694797,597.366353,2098.458963,517.403963,36.67103,237.802433,109.237204
d45_43_G06_0_3_S,glasshouse_b1,3811,T0,R3,S,985.0,761.0,2575.405865,0.295487,953.509614,0.430118,0.435429,1.642104,4788.022468,439.098625,3505.233287,589.421011,1734.826528,251.158326,133.992991,786.576866,194.884391,420.951395,2471.236468,613.045424,25.657463,288.522964,124.918198
d31_19_G03_0_3_T,glasshouse_b2,CALINGIRI,T0,R3,T,216.0,152.0,1155.556124,0.131538,426.848389,0.407215,0.435429,0.781618,2265.909892,158.327847,1487.187807,158.143028,995.37078,2.042315,41.746968,430.260015,1.379598,131.151969,1351.701702,4.334136,8.956428,148.634271,0.737147
d07_32_G04_1_4_S,glasshouse_b2,Forrest,T1,R4,S,21.0,9.0,82.903547,0.10856,29.108566,0.380895,0.410526,0.580571,164.415786,10.295641,99.823772,19.05888,63.844667,0.0,4.383084,27.39181,0.0,13.769863,86.053909,0.0,0.84353,9.452111,0.0
d49_16_G02_1_4_T,glasshouse_b2,5489,T1,R4,T,1047.0,755.0,2313.482244,0.326348,757.660104,0.382633,0.410526,1.494337,4309.621814,313.953121,2797.786337,740.527051,1449.195397,123.759796,169.15199,623.454936,97.76393,531.406648,1958.939395,307.440294,32.587294,218.086827,63.279
d09_45_G06_1_1_S,glasshouse_b1,3811,T1,R1,S,52.0,28.0,184.197878,0.15201,66.338248,0.389392,0.410526,0.580571,362.08543,23.343177,226.608664,28.440858,155.75702,0.0,6.503951,65.627827,0.0,20.432766,206.175898,0.0,1.244074,22.099103,0.0
d6_T005_28.10.23,field,3811,na,R2,S,960.0,325.0,2741.421989,0.118552,479.470367,0.193193,0.18932,0.677333,5456.367202,88.42081,1669.660486,2603.148882,138.02637,0.246737,484.036956,47.21728,0.154921,1520.678792,148.494996,0.486698,75.369542,12.974742,0.076526
d41_47_G06_1_3_S,glasshouse_b1,3811,T1,R3,S,295.0,183.0,866.616704,0.211166,282.327283,0.365779,0.410526,0.917964,1677.74123,102.587146,1002.416829,312.477795,537.549593,16.589315,74.467198,232.901427,11.677252,233.945603,731.786056,36.68517,14.834524,81.224459,6.528162
d25_04_G01_0_4_T,glasshouse_b1,Gladius,T0,R4,T,202.0,132.0,971.788695,0.135832,365.292225,0.412588,0.435429,0.973648,1902.537393,137.749737,1258.755635,143.180648,817.265389,11.342658,33.297023,359.436077,7.941263,104.605684,1129.201738,24.948213,6.484348,126.85418,4.411209
d45_34_G05_0_2_S,glasshouse_b1,Hartog,T0,R2,S,942.0,741.0,2187.73919,0.338706,791.150491,0.427896,0.435429,1.603155,4007.420212,382.924006,2971.895906,606.542344,1325.545867,255.650979,137.526391,606.534804,201.775187,432.051901,1905.485286,634.35872,26.304667,225.338719,131.280621
d13_17_G03_0_1_T,glasshouse_b1,CALINGIRI,T0,R1,T,92.0,62.0,551.169737,0.112488,213.977189,0.420388,0.435429,0.598439,1087.445089,79.048262,731.177832,37.069931,514.099806,0.0,9.629015,223.112118,0.0,30.250442,700.927389,0.0,2.037033,77.01123,0.0
d41_21_G03_1_1_T,glasshouse_b1,CALINGIRI,T1,R1,T,350.0,278.0,1277.696,0.217579,431.467208,0.381551,0.410526,1.016,2466.145412,158.071398,1538.073941,307.534759,949.309956,20.851285,75.353358,399.504537,14.726246,236.729555,1255.080519,46.263867,15.342797,134.468757,8.259844
d43_30_G04_1_2_S,glasshouse_b2,Forrest,T1,R2,S,190.0,80.0,453.168034,0.176535,139.412493,0.33996,0.324549,0.725714,890.325554,46.702977,489.217686,185.76085,266.03562,1.371563,42.789213,112.039567,0.870494,134.426276,352.056673,2.734736,8.27898,37.989307,0.434689
d29_27_G04_0_3_S,glasshouse_b1,Forrest,T0,R3,S,143.0,93.0,638.773703,0.145591,234.227313,0.403428,0.435429,0.725714,1253.72106,85.771279,812.224205,76.050888,561.453883,1.268932,18.022285,239.690318,0.826392,56.618677,753.009341,2.596187,3.541122,81.805621,0.424536
d4_T015_14.10.23,field,3811,na,R6,S,1143.0,478.0,3607.726584,0.132493,654.113387,0.201143,0.18932,0.83387,7141.450925,126.052655,2284.42997,3360.243432,246.887478,0.595675,641.577303,85.125262,0.404793,2015.574541,267.583735,1.271693,102.197614,23.636843,0.218198
d07_38_G05_1_2_S,glasshouse_b2,Hartog,T1,R2,S,22.0,12.0,96.069554,0.124909,34.454177,0.387723,0.410526,0.580571,189.395982,12.114198,118.093059,14.308656,81.760898,0.0,3.495609,34.09458,0.0,10.981778,107.111281,0.0,0.701779,11.41242,0.0
d31_15_G02_1_3_T,glasshouse_b2,5489,T1,R3,T,198.0,126.0,767.115966,0.164252,274.1693,0.392308,0.435429,0.725714,1501.174793,99.914957,948.613573,148.680086,617.444783,0.991097,33.825984,267.442551,0.684544,106.267461,840.195554,2.150558,6.507896,93.034584,0.372478
d09_06_G01_1_2_T,glasshouse_b1,Gladius,T1,R2,T,36.0,18.0,323.139601,0.055703,127.847012,0.425626,0.435429,0.580571,643.28528,47.153112,433.923547,14.783575,308.356026,0.0,3.894064,134.228091,0.0,12.233563,421.689984,0.0,0.836417,46.316696,0.0
d27_35_G05_0_3_S,glasshouse_b2,Hartog,T0,R3,S,201.0,97.0,607.274771,0.15973,204.929149,0.370342,0.410526,0.725714,1192.492834,73.328518,712.35409,175.057632,426.865713,5.351426,38.650714,184.773968,3.324667,121.424799,580.48454,10.444751,7.218703,64.486448,1.623367
d37_41_G06_0_1_S,glasshouse_b1,3811,T0,R1,S,382.0,248.0,1334.991719,0.185769,469.244618,0.391179,0.410526,0.917964,2593.612053,175.487216,1651.604646,326.348368,980.060005,28.583346,82.608109,422.206466,20.883959,259.521029,1326.474726,65.608891,17.211636,146.179322,12.096258
d17_20_G03_0_4_T,glasshouse_b1,CALINGIRI,T0,R4,T,108.0,56.0,666.098281,0.084072,240.257584,0.398604,0.435429,0.725714,1321.065576,86.878824,833.988542,90.776479,568.92218,6.399622,22.405368,238.668918,4.392512,70.388541,749.80052,13.799482,4.578609,79.924956,2.37526
d17_10_G02_0_1_T,glasshouse_b1,5489,T0,R2,T,104.0,70.0,561.369986,0.124695,202.179977,0.39259,0.410526,0.88287,1102.304738,70.787978,691.755378,63.794862,495.955787,1.619338,15.257907,203.652421,1.282248,47.934128,639.792949,4.028301,3.041566,66.937838,0.808573
d49_40_G05_1_4_S,glasshouse_b2,Hartog,T1,R4,S,952.0,680.0,2074.407584,0.327804,699.9907,0.396485,0.410526,1.741714,3870.490074,312.917053,2601.866492,677.402422,1255.981545,141.023617,154.214709,553.474299,120.443837,484.479795,1739.001225,378.385472,29.570969,197.228457,86.117627
d09_24_G03_1_4_T,glasshouse_b1,CALINGIRI,T1,R4,T,100.0,66.0,304.633305,0.216654,114.669948,0.410743,0.435429,0.929368,592.180495,43.630268,398.341825,41.390769,261.435545,1.806992,9.998683,115.386608,1.41085,31.411789,362.497719,4.432317,2.012715,40.735117,0.882436
d27_01_G01_0_1_T,glasshouse_b2,Gladius,T0,R1,T,255.0,147.0,897.867888,0.163721,334.772207,0.408122,0.435429,0.781618,1756.462396,125.027068,1152.285306,139.343793,755.780968,2.743127,31.616199,333.296902,1.870703,99.325218,1047.0831,5.876988,6.043785,117.976132,1.00715
d41_33_G05_0_1_S,glasshouse_b1,Hartog,T0,R1,S,418.0,266.0,1085.493132,0.24505,389.223711,0.406563,0.435429,1.818635,2070.851673,166.806155,1396.415404,244.945107,795.12582,45.422206,53.083597,349.944259,41.411264,166.767037,1099.551046,130.097322,9.785444,124.035997,32.984713
d11_25_G04_0_1_S,glasshouse_b2,Forrest,T0,R1,S,40.0,16.0,166.277741,0.096225,60.592374,0.396607,0.410526,0.929368,328.853454,22.210051,208.218669,32.284123,131.976206,2.017412,7.839554,56.8999,1.538607,24.628684,178.756308,4.833677,1.578446,19.700539,0.931065
d49_02_G01_0_2_T,glasshouse_b2,Gladius,T0,R2,T,555.0,337.0,1657.005547,0.203379,593.836864,0.398847,0.435429,0.870857,3212.64117,227.598869,2086.699162,359.274371,1282.483364,15.247812,79.43007,574.330703,10.432647,249.536923,1804.38711,32.775128,14.825534,207.119368,5.653967
d31_22_G03_1_2_T,glasshouse_b2,CALINGIRI,T1,R2,T,145.0,103.0,777.348511,0.132502,282.54848,0.401862,0.435429,0.580571,1526.749577,101.404695,981.614777,81.330109,696.018402,0.0,21.190433,291.233946,0.0,66.571709,915.043067,0.0,4.501064,96.90363,0.0
d09_42_G06_0_2_S,glasshouse_b1,3811,T0,R2,S,77.0,41.0,229.48135,0.178664,81.068962,0.383982,0.410526,0.598439,450.044075,28.67749,279.975773,41.834376,187.646974,0.0,10.245439,78.873618,0.0,32.186995,247.788778,0.0,2.081065,26.596425,0.0
d37_43_G06_0_3_S,glasshouse_b1,3811,T0,R3,S,510.0,398.0,1630.765053,0.244057,597.971154,0.420776,0.435429,1.642104,3075.536284,258.029356,2164.250867,317.801449,1240.725921,72.237684,74.315029,551.245835,63.171276,233.467548,1731.968501,198.814818,14.537118,196.916882,46.575357
d45_05_G01_1_1_T,glasshouse_b1,Gladius,T1,R1,T,735.0,430.0,1864.420695,0.230635,622.113305,0.372663,0.410526,1.04664,3607.264628,231.386389,2200.458384,638.569111,1181.571661,44.279923,152.7105,515.201043,32.471427,479.754184,1618.551812,102.152389,30.508025,181.778081,19.100283
d5_T012_21.10.23,field,Gladius,na,R5,T,1079.0,455.0,3471.734713,0.131058,621.341051,0.19906,0.18932,0.644802,6873.09156,118.834236,2172.068441,3247.85152,223.354649,0.528544,613.498814,77.564898,0.327146,1927.363369,243.677314,1.027758,97.034214,21.640919,0.159104
d19_48_G06_1_4_S,glasshouse_b2,3811,T1,R4,S,108.0,60.0,493.104416,0.121678,176.894972,0.392046,0.435429,0.580571,974.699516,62.718257,609.842082,68.265115,424.8393,0.0,15.348086,178.770678,0.0,48.217434,561.624648,0.0,2.892305,59.825952,0.0
d31_02_G01_0_2_T,glasshouse_b2,Gladius,T0,R2,T,219.0,145.0,1004.240056,0.144388,394.532456,0.430304,0.435429,0.917964,1962.397836,154.256228,1362.156812,97.019025,896.942042,10.278989,21.778615,404.521898,7.287467,68.419537,1270.843022,22.894253,4.107411,146.049657,4.09916
d31_04_G01_0_4_T,glasshouse_b2,Gladius,T0,R4,T,277.0,183.0,1181.717967,0.154859,426.990588,0.40117,0.435429,1.016,2305.374214,158.952874,1487.532485,208.689301,963.245226,9.78344,48.932501,417.381103,7.105954,153.725985,1311.482487,22.324014,9.6261,145.213733,4.113042
d5_T006_21.10.23,field,3811,na,R3,S,1390.0,566.0,4703.180347,0.120344,827.077199,0.194403,0.18932,0.61054,9308.08623,153.416748,2885.482036,4455.134613,247.883664,0.16207,833.747808,84.60257,0.09895,2619.295989,265.875185,0.310861,130.271646,23.097653,0.047448
d19_37_G05_1_1_S,glasshouse_b2,Hartog,T1,R1,S,85.0,43.0,287.585125,0.149521,101.524484,0.386206,0.435429,0.598439,564.146168,36.375634,350.851349,60.822821,226.762304,0.0,13.470359,98.209094,0.0,42.318382,308.532967,0.0,2.529054,33.846581,0.0
d6_T011_28.10.23,field,Gladius,na,R4,T,1326.0,639.0,4607.918505,0.138674,816.525249,0.198633,0.18932,0.757282,9071.916941,156.925666,2875.419413,4301.025308,305.39825,1.494947,808.722636,105.518619,0.994974,2540.677091,331.616518,3.125804,127.082642,29.320945,0.522079
d41_34_G05_0_2_S,glasshouse_b1,Hartog,T0,R2,S,865.0,996.0,1812.447834,0.549533,631.772272,0.408835,0.435429,1.56996,3312.277369,302.550535,2392.20763,487.86801,1156.40778,168.172044,100.397874,524.642214,135.348084,317.234341,1649.159642,425.813647,17.991153,193.197241,91.362141
d41_43_G06_0_3_S,glasshouse_b1,3811,T0,R3,S,673.0,501.0,2024.362322,0.247485,746.215756,0.421805,0.435429,1.451429,3826.20536,322.004058,2695.883512,427.995759,1484.861542,111.505021,98.004755,671.799221,88.163954,307.891019,2110.59349,277.399003,18.884785,245.458822,57.660451
d15_44_G06_0_4_S,glasshouse_b2,3811,T0,R4,S,161.0,115.0,669.955122,0.171653,244.686805,0.4014,0.410526,0.973648,1300.261557,91.631648,849.674832,93.072611,561.101797,15.780715,20.374263,238.836988,11.248648,64.007636,750.328525,35.33867,3.786465,81.451911,6.393272
d13_41_G06_0_1_S,glasshouse_b1,3811,T0,R1,S,65.0,39.0,374.084529,0.104255,146.812083,0.424103,0.435429,0.598439,739.015995,54.955694,501.217108,26.01115,348.073379,0.0,6.629163,152.913198,0.0,20.82613,480.390978,0.0,1.384402,53.571292,0.0
d05_22_G03_1_2_T,glasshouse_b1,CALINGIRI,T1,R2,T,32.0,16.0,65.220503,0.245322,22.672766,0.371843,0.410526,0.52332,128.473399,7.719912,77.674409,15.887619,49.332884,0.0,4.156026,20.568507,0.0,13.05654,64.617869,0.0,0.884838,6.835075,0.0
d09_36_G05_0_4_S,glasshouse_b1,Hartog,T0,R4,S,106.0,82.0,350.496767,0.233954,127.936545,0.398116,0.410526,0.781618,676.406256,46.70715,443.080889,46.287021,301.34638,2.863367,11.540095,127.5654,1.931532,36.254278,400.758525,6.068086,2.3651,43.312865,1.029184
d25_11_G02_0_3_T,glasshouse_b1,5489,T0,R3,T,182.0,118.0,741.649437,0.159105,283.017209,0.416363,0.435429,1.133602,1445.434411,107.950494,974.000721,82.46171,640.396366,18.791361,18.736502,277.59029,13.707267,58.862457,872.075617,43.062648,3.578368,96.36441,8.007717
d2_T015_02.10.23,field,3811,na,R6,S,1206.0,454.0,3628.666792,0.125115,649.219132,0.198704,0.18932,0.911888,7190.543567,124.091652,2269.826012,3403.067355,224.460692,1.138745,643.431965,78.213896,0.790874,2021.417058,245.924349,2.484605,101.614309,22.038765,0.438578
d15_36_G05_0_4_S,glasshouse_b2,Hartog,T0,R4,S,150.0,72.0,474.913523,0.151607,168.794922,0.386091,0.435429,0.725714,936.894226,61.096198,580.76484,108.944757,364.857428,1.111338,24.03727,160.092635,0.733285,75.51531,502.945847,2.303684,4.495552,56.219016,0.38163
d27_13_G02_1_1_T,glasshouse_b2,5489,T1,R1,T,115.0,79.0,549.800614,0.143688,195.696778,0.391803,0.410526,0.725714,1077.752803,69.076559,675.44498,77.636778,468.003613,4.160223,19.776992,192.50801,2.692259,62.131254,604.855744,8.457982,4.128094,63.573293,1.375171
d11_11_G02_0_3_T,glasshouse_b2,5489,T0,R3,T,87.0,59.0,344.087778,0.171468,132.023436,0.417823,0.435429,0.725714,669.628949,49.430026,453.507552,33.795671,309.754047,0.53806,8.054089,135.930629,0.318553,25.302668,427.038666,1.166218,1.599748,47.628008,0.202271
d49_15_G02_1_3_T,glasshouse_b2,5489,T1,R3,T,909.0,633.0,2249.384493,0.28141,761.278267,0.385038,0.410526,1.161143,4268.258299,297.986195,2733.644292,652.714952,1509.569301,87.100239,150.946405,653.944804,65.063967,474.212118,2055.027692,204.404481,29.243578,229.790928,38.951688
d37_48_G06_1_4_S,glasshouse_b1,3811,T1,R4,S,254.0,188.0,901.674013,0.208501,308.260081,0.381487,0.410526,0.917964,1748.333056,111.579329,1086.327035,188.405099,705.352586,7.916328,43.539756,296.774291,5.474588,136.784177,932.343932,17.198927,8.484636,100.088825,3.005868
d05_18_G03_0_2_T,glasshouse_b1,CALINGIRI,T0,R2,T,43.0,31.0,136.453753,0.227183,50.575277,0.411683,0.435429,0.917964,262.023044,20.019059,178.216862,21.564548,107.95366,6.935546,5.011591,46.687927,5.028671,15.744378,146.674449,15.798035,0.971796,16.157386,2.889876
d43_17_G03_0_1_T,glasshouse_b2,CALINGIRI,T0,R1,T,774.0,604.0,2139.016849,0.282373,755.495527,0.400721,0.410526,1.161143,4044.793954,303.671011,2715.766158,607.220971,1448.765681,83.030197,152.170856,653.764819,57.926233,478.105641,2054.794001,182.866516,31.487593,239.606238,32.577181
d09_48_G06_1_4_S,glasshouse_b1,3811,T1,R4,S,79.0,55.0,214.213426,0.256753,79.320447,0.406504,0.410526,0.725714,413.714079,30.2703,276.989123,33.306165,179.765864,1.141398,7.937967,79.499035,0.731374,24.937859,249.753585,2.297679,1.563207,28.337676,0.369417
d05_10_G02_0_1_T,glasshouse_b1,5489,T0,R2,T,59.0,37.0,182.708577,0.202508,64.089404,0.388124,0.410526,0.615789,355.989644,23.108681,222.51117,38.983094,143.652912,0.072571,9.150293,61.632523,0.044689,28.746494,193.624281,0.140394,1.787377,21.299691,0.021613
d41_20_G03_0_4_T,glasshouse_b1,CALINGIRI,T0,R4,T,465.0,361.0,1971.627922,0.183097,733.349422,0.413682,0.435429,1.026315,3817.171626,287.928536,2577.389102,343.025879,1576.031734,52.570308,85.759523,697.255783,37.215268,269.421488,2190.840517,117.127098,17.683843,249.187705,21.056989
d6_T015_28.10.23,field,3811,na,R6,S,1189.0,437.0,3690.948985,0.118398,665.285408,0.199498,0.18932,0.677333,7324.555549,126.429278,2316.978407,3454.300459,236.257254,0.391272,656.3247,80.885473,0.256271,2061.920781,254.252525,0.8051,104.049925,22.247295,0.132058
d21_26_G04_0_2_S,glasshouse_b1,Forrest,T0,R2,S,85.0,51.0,378.560673,0.134721,146.290688,0.417591,0.435429,0.598439,744.716271,54.207493,499.98118,33.599838,344.960835,0.0,8.086181,151.062772,0.0,25.403486,474.577694,0.0,1.620066,52.587427,0.0
d45_21_G03_1_1_T,glasshouse_b1,CALINGIRI,T1,R1,T,475.0,407.0,1463.464966,0.278107,487.182699,0.378111,0.410526,0.973648,2783.720842,181.299494,1752.630042,409.796018,1017.053673,36.615275,101.43495,431.161119,25.223816,318.667294,1354.532603,79.430145,20.774127,146.666912,13.858456
d05_35_G05_0_3_S,glasshouse_b1,Hartog,T0,R3,S,34.0,14.0,115.038621,0.121698,38.962397,0.369505,0.410526,0.580571,227.188973,13.01611,133.43875,25.409582,89.629039,0.0,6.113035,36.361838,0.0,19.204666,114.234084,0.0,1.218624,11.797487,0.0
d09_31_G04_1_3_S,glasshouse_b1,Forrest,T1,R3,S,54.0,32.0,116.200801,0.275385,38.356737,0.360372,0.410526,0.580571,225.075275,13.019344,133.371764,27.822048,88.378753,0.0,6.569707,35.883845,0.0,20.639342,112.732423,0.0,1.29118,11.728164,0.0
d17_48_G06_1_4_S,glasshouse_b1,3811,T1,R4,S,105.0,63.0,438.985723,0.143513,159.810082,0.39614,0.435429,0.580571,864.327499,57.208634,549.318588,60.449282,378.536441,0.0,13.674544,161.178994,0.0,42.959846,506.358743,0.0,2.589143,54.619491,0.0
d45_23_G03_1_3_T,glasshouse_b1,CALINGIRI,T1,R3,T,336.0,228.0,1245.370314,0.183078,449.294691,0.399265,0.435429,0.870857,2423.924806,168.202163,1567.489562,275.815217,958.631144,10.923953,68.052806,423.29062,7.603998,213.794195,1329.806703,23.888664,13.935832,150.089431,4.1769
d33_30_G04_1_2_S,glasshouse_b1,Forrest,T1,R2,S,88.0,32.0,297.704687,0.107489,94.688422,0.347282,0.324549,0.598439,590.783663,30.851293,327.539001,99.227846,198.476841,0.0,23.602595,80.656307,0.0,74.149738,253.389263,0.0,4.682481,26.168812,0.0
d27_31_G04_1_3_S,glasshouse_b2,Forrest,T1,R3,S,122.0,66.0,344.766494,0.191434,113.400695,0.360282,0.410526,0.580571,675.839236,38.373619,394.58913,84.446041,260.320453,0.0,19.622715,105.978906,0.0,61.646576,332.942554,0.0,3.800468,34.573151,0.0
d25_29_G04_1_1_S,glasshouse_b1,Forrest,T1,R1,S,79.0,35.0,278.494255,0.125676,88.847749,0.350802,0.410526,0.580571,549.767836,29.518209,308.689412,86.410627,192.083628,0.0,19.510282,78.748609,0.0,61.293359,247.396053,0.0,3.700125,25.818084,0.0
d11_15_G02_1_3_T,glasshouse_b2,5489,T1,R3,T,45.0,23.0,163.303197,0.140842,59.997247,0.39894,0.410526,0.725714,320.296068,22.013277,206.456361,29.128334,133.884578,0.290286,7.044322,58.473235,0.199544,22.13039,183.699085,0.626887,1.4117,20.49351,0.108066
d21_36_G05_0_4_S,glasshouse_b1,Hartog,T0,R4,S,192.0,110.0,571.914269,0.192337,208.884375,0.397803,0.435429,0.725714,1119.009843,77.264325,720.700244,105.805692,465.099871,1.008706,23.60884,205.124669,0.672503,74.169359,644.418153,2.112732,4.454471,72.456389,0.353466
d7_T002_04.11.23,field,Gladius,na,R2,T,1610.0,1247.0,6177.015229,0.201877,1164.725269,0.213711,0.18932,0.900019,12013.52851,244.44991,4135.849673,5512.969273,658.547608,5.498349,1079.000491,233.693955,3.693907,3389.907412,734.337511,11.60475,175.448117,67.036305,1.965488
d6_T020_28.10.23,field,Gladius,na,R8,T,1249.0,1021.0,5378.568399,0.189827,1079.205727,0.226667,0.239473,0.990998,10449.62076,243.375213,3824.004148,4622.354553,736.920028,19.293817,937.938994,265.420546,13.779514,2946.622253,833.999422,43.382473,157.782268,77.71163,7.881315
d07_08_G01_1_4_T,glasshouse_b2,Gladius,T1,R4,T,34.0,26.0,240.327422,0.108186,92.118315,0.416738,0.435429,0.781618,471.476878,34.204556,314.984517,20.648158,212.311311,7.367953,5.347596,89.774393,5.140697,16.799967,282.034574,16.149976,1.122386,30.255429,2.826742
d27_12_G02_0_4_T,glasshouse_b2,5489,T0,R4,T,176.0,132.0,862.266172,0.153085,326.835423,0.417038,0.435429,0.870857,1682.188565,123.158366,1132.684559,82.308388,775.002297,4.955487,20.2925,336.823662,3.428531,63.750769,1058.162742,10.771047,4.143816,117.134769,1.879781
d29_38_G05_1_2_S,glasshouse_b1,Hartog,T1,R2,S,152.0,74.0,552.173652,0.134016,192.310346,0.381969,0.435429,0.781618,1087.231496,68.048908,664.937757,126.721736,424.660924,0.790992,30.428275,180.670535,0.557452,95.593244,567.593227,1.751286,6.114265,61.62473,0.309913
d11_07_G01_1_3_T,glasshouse_b2,Gladius,T1,R3,T,59.0,35.0,404.1526,0.086601,157.429573,0.424781,0.435429,0.846321,797.626,58.946962,540.863122,19.84383,382.616861,1.691909,5.024862,165.900012,1.199227,15.786069,521.30957,3.767483,1.042702,57.2325,0.67176
d7_T006_04.11.23,field,3811,na,R3,S,1463.0,719.0,5468.170915,0.131488,965.637854,0.195556,0.18932,0.567961,10800.55122,179.185844,3367.951823,5185.098621,283.072294,0.0,975.595772,96.428531,0.0,3064.956358,302.995465,0.0,152.942622,26.243222,0.0
d41_31_G04_1_3_S,glasshouse_b1,Forrest,T1,R3,S,180.0,92.0,575.27474,0.159924,190.598697,0.365013,0.410526,1.026315,1127.705686,67.074272,664.701998,176.347927,388.674863,10.25195,41.910207,162.342651,7.32836,131.664798,510.014479,23.022722,8.314529,54.568689,4.191053
d27_47_G06_1_3_S,glasshouse_b2,3811,T1,R3,S,127.0,71.0,486.178667,0.146037,163.565176,0.373779,0.410526,0.740086,955.129829,56.653087,574.52939,105.457789,379.627148,1.093729,26.641403,155.489311,0.747671,83.696437,488.484077,2.348876,5.542463,50.70729,0.403335
d13_42_G06_0_2_S,glasshouse_b1,3811,T0,R2,S,104.0,62.0,434.433253,0.142715,162.727785,0.406114,0.435429,0.649099,855.090753,59.864612,558.79111,55.03081,378.936955,0.465489,13.3697,164.201721,0.297313,42.002152,515.854921,0.934037,2.699317,57.016063,0.149232
d37_35_G05_0_3_S,glasshouse_b1,Hartog,T0,R3,S,398.0,244.0,949.935291,0.25686,316.070467,0.374496,0.410526,0.973648,1826.929064,119.136918,1127.936618,281.038528,660.514946,8.381817,61.438968,291.740557,5.7534,193.016211,916.623586,18.296821,11.385104,104.524443,3.227372
d5_T005_21.10.23,field,3811,na,R2,S,951.0,292.0,2721.848769,0.10728,473.671096,0.191908,0.18932,0.567961,5420.025337,86.44279,1646.861991,2595.971122,125.877647,0.0,481.141983,43.07047,0.0,1511.552118,135.309873,0.0,74.650066,11.792723,0.0
d1_T001_27.09.23,field,Gladius,na,R1,T,1215.0,621.0,4248.450854,0.146171,831.193678,0.218059,0.18932,0.900019,8348.883425,178.179962,2914.78541,3702.82693,541.708197,3.915726,731.183399,193.914373,2.641345,2297.14409,609.343288,8.298032,120.49811,56.266973,1.414879
d37_44_G06_0_4_S,glasshouse_b1,3811,T0,R4,S,403.0,273.0,1431.933319,0.190651,483.090541,0.377189,0.410526,1.026315,2772.755074,176.801556,1703.432426,413.355191,999.330709,19.247419,97.288934,430.894161,14.036286,305.642202,1353.693932,44.096293,19.181843,149.426513,8.1932
d45_09_G02_0_1_T,glasshouse_b1,5489,T0,R1,T,593.0,477.0,1679.158567,0.284071,594.54259,0.402543,0.410526,1.54289,3187.264266,249.360162,2135.632854,444.084887,1148.652371,86.421309,95.586627,517.104573,66.91213,300.341043,1624.912423,210.379388,17.49269,188.829216,43.038256
d43_47_G06_1_3_S,glasshouse_b2,3811,T1,R3,S,383.0,235.0,1019.754592,0.230448,330.764315,0.364336,0.410526,1.026315,1969.310794,121.72031,1178.86997,374.818574,623.84941,21.086608,87.910503,272.339578,14.912748,276.36618,855.654011,46.849778,17.341473,95.98102,8.397817
d33_05_G01_1_1_T,glasshouse_b1,Gladius,T1,R1,T,265.0,166.0,979.253755,0.169517,352.999952,0.397126,0.435429,0.870857,1914.756584,130.043939,1226.957294,185.850145,778.414772,14.988838,46.099972,333.797741,10.631371,144.827332,1048.730525,33.399437,9.432527,114.655668,5.955745
d13_10_G02_0_1_T,glasshouse_b1,5489,T0,R2,T,93.0,67.0,450.93431,0.14858,167.810066,0.407162,0.435429,0.973648,877.687595,61.676731,576.705492,47.802475,400.781625,2.350209,10.435165,171.255647,1.880248,32.783038,538.015481,5.906973,1.921255,58.550266,1.205209
d05_31_G04_1_3_S,glasshouse_b1,Forrest,T1,R3,S,51.0,35.0,86.959887,0.402484,30.651683,0.391204,0.410526,0.580571,165.655177,11.398279,108.466057,15.470684,71.489203,0.0,3.703536,30.822282,0.0,11.635,96.831056,0.0,0.732544,10.665735,0.0
d27_19_G03_0_3_T,glasshouse_b2,CALINGIRI,T0,R3,T,197.0,133.0,1028.886329,0.129266,379.907074,0.407421,0.435429,0.725714,2019.49944,139.878538,1323.002396,123.680512,904.577577,0.62824,32.470533,388.244278,0.409931,102.009189,1219.70537,1.287837,6.942457,132.725582,0.210499
d43_36_G05_0_4_S,glasshouse_b2,Hartog,T0,R4,S,762.0,548.0,1725.141903,0.317655,624.072485,0.42852,0.435429,2.157704,3184.539355,311.427566,2340.899854,423.143422,1154.807544,147.190937,92.111646,520.168116,132.470998,289.377271,1634.490033,417.03255,17.005395,189.392082,105.03009
d37_31_G04_1_3_S,glasshouse_b1,Forrest,T1,R3,S,143.0,71.0,476.858882,0.148891,158.604028,0.363348,0.410526,0.615789,938.42442,54.081357,548.728123,127.938727,348.744953,0.175203,29.834543,144.723155,0.107888,93.72798,454.661202,0.33894,5.850636,48.178542,0.052179
d41_08_G01_1_4_T,glasshouse_b1,Gladius,T1,R4,T,338.0,228.0,1056.772948,0.215751,364.19677,0.383703,0.410526,0.917964,2047.259069,137.883786,1279.031963,400.004918,639.668578,17.099452,99.959346,295.11506,12.039216,314.078346,927.131304,37.822313,20.594928,110.544601,6.744257
d09_17_G03_0_1_T,glasshouse_b1,CALINGIRI,T0,R1,T,79.0,55.0,402.284174,0.136719,163.033249,0.434792,0.435429,0.649099,789.899855,62.020112,552.716509,20.535211,381.676391,0.072571,5.010094,170.877929,0.047106,15.739675,536.828846,0.147988,1.011015,60.985083,0.024015
d21_25_G04_0_1_S,glasshouse_b1,Forrest,T0,R1,S,93.0,66.0,392.865879,0.167996,143.799581,0.40272,0.435429,0.917964,765.748309,53.515307,498.765739,62.862633,326.759412,3.243833,14.05436,142.354309,2.353397,44.153073,447.219251,7.393415,2.623808,49.531251,1.360248
d05_06_G01_1_2_T,glasshouse_b1,Gladius,T1,R2,T,25.0,13.0,154.126697,0.084346,58.248731,0.409491,0.435429,0.580571,305.517562,21.179393,199.682099,14.771124,139.355574,0.0,3.83342,59.727366,0.0,12.043045,187.639054,0.0,0.814512,20.364881,0.0
d1_T021_27.09.23,field,Gladius,na,R9,T,1115.0,366.0,3244.776318,0.112797,600.968332,0.205035,0.18932,0.863434,6442.32943,119.206822,2094.23503,2981.628586,257.596778,5.550954,573.693848,88.969897,3.840567,1802.447292,279.722242,12.065496,92.302022,24.801263,2.103537
d07_29_G04_1_1_S,glasshouse_b2,Forrest,T1,R1,S,26.0,14.0,78.824075,0.177611,27.012454,0.37744,0.410526,0.52332,154.45928,9.287723,93.72662,14.832129,63.991946,0.0,3.581372,26.252738,0.0,11.251211,82.475409,0.0,0.713886,8.573837,0.0
d41_04_G01_0_4_T,glasshouse_b1,Gladius,T0,R4,T,553.0,445.0,1612.867012,0.275906,570.584771,0.402686,0.435429,1.026315,3062.439891,227.392269,2046.956754,352.48058,1200.501882,59.88455,81.744119,526.767803,42.973242,256.806723,1655.14561,135.004421,15.919305,186.919211,24.553753
d43_41_G06_0_1_S,glasshouse_b2,3811,T0,R1,S,1047.0,833.0,2394.520485,0.347878,815.950968,0.395768,0.410526,1.451429,4448.856792,341.793555,3009.978561,688.230001,1567.719709,138.570776,166.76625,686.052492,105.03346,523.911626,2155.954194,330.11274,33.631689,243.577699,64.584167
d43_20_G03_0_4_T,glasshouse_b2,CALINGIRI,T0,R4,T,558.0,492.0,2146.770729,0.229181,815.555973,0.430387,0.435429,1.451429,4074.949576,351.016375,2922.647705,386.849226,1622.899112,137.022392,96.92688,726.735401,106.381199,304.504775,2283.243034,334.899896,20.011913,263.203684,67.800779
d1_T004_27.09.23,field,3811,na,R1,S,945.0,377.0,3609.576457,0.104444,716.54337,0.218108,0.18932,0.911888,7156.530343,149.035148,2481.820279,3168.616232,436.920507,4.039718,637.648173,149.424411,2.884934,2003.230815,469.526177,9.063287,106.388167,41.012054,1.634927
d15_31_G04_1_3_S,glasshouse_b2,Forrest,T1,R3,S,71.0,39.0,202.484779,0.192607,67.833966,0.363308,0.410526,0.580571,397.437968,22.913771,234.53864,44.585681,157.899097,0.0,10.695063,63.960905,0.0,33.599531,200.939109,0.0,2.13446,20.779311,0.0
d09_20_G03_0_4_T,glasshouse_b1,CALINGIRI,T0,R4,T,97.0,59.0,348.083113,0.1695,134.635675,0.417525,0.435429,0.725714,680.377333,50.209185,460.208732,35.057309,312.252421,0.773383,8.43166,137.547901,0.509428,26.488841,432.119477,1.600414,1.684829,48.259618,0.264738
d49_36_G05_0_4_S,glasshouse_b2,Hartog,T0,R4,S,1293.0,931.0,2636.902334,0.353066,882.231284,0.415602,0.410526,2.497132,4793.131392,508.60504,3460.918869,948.831095,1414.547943,273.523295,202.715732,631.590318,266.858335,636.850255,1984.604101,839.464513,36.773895,229.038353,242.792791
d17_01_G01_0_1_T,glasshouse_b1,Gladius,T0,R1,T,142.0,96.0,551.848971,0.173961,216.947558,0.427127,0.435429,0.598439,1077.600885,82.823622,742.423586,52.331964,499.517007,0.0,12.679747,223.64102,0.0,39.834601,702.588985,0.0,2.542953,80.280669,0.0
d25_06_G01_1_2_T,glasshouse_b1,Gladius,T1,R2,T,124.0,78.0,513.635203,0.151859,170.506571,0.36933,0.410526,0.725714,1003.712463,59.735555,600.275333,150.042067,355.423875,8.16926,39.364941,146.353473,5.355159,123.668608,459.782997,16.823729,8.415121,48.551899,2.768535
d33_42_G06_0_2_S,glasshouse_b1,3811,T0,R2,S,357.0,233.0,1259.664498,0.18497,457.884535,0.40044,0.435429,1.161143,2441.315506,175.277876,1602.355559,226.629764,1003.838986,29.195747,50.803831,437.759456,21.482329,159.604944,1375.26189,67.488726,9.685461,152.888986,12.703428
d19_24_G03_1_4_T,glasshouse_b2,CALINGIRI,T1,R4,T,68.0,36.0,571.914181,0.062947,208.305048,0.401547,0.435429,0.580571,1134.279359,74.695261,721.196532,60.21219,511.701991,0.0,14.053611,215.510375,0.0,44.150722,677.045811,0.0,2.757193,71.938068,0.0
d33_32_G04_1_4_S,glasshouse_b1,Forrest,T1,R4,S,123.0,59.0,389.08951,0.151636,134.756808,0.377229,0.435429,0.725714,765.098035,47.802522,463.971542,95.707949,290.978525,2.403036,20.741611,125.425699,1.51942,65.161692,394.036453,4.773398,3.813803,43.232292,0.756426
d49_48_G06_1_4_S,glasshouse_b2,3811,T1,R4,S,525.0,335.0,1487.953912,0.225141,478.74032,0.36678,0.410526,1.231578,2857.644963,179.306864,1721.31681,491.915286,953.031907,43.006719,111.598209,403.340378,32.90533,350.596113,1267.205161,103.515536,21.333503,137.46253,20.510831
d45_19_G03_0_3_T,glasshouse_b1,CALINGIRI,T0,R3,T,728.0,606.0,2099.122345,0.288692,777.330901,0.415532,0.435429,1.338151,3993.061888,320.713412,2771.582309,474.917859,1538.843459,85.361028,118.186103,699.734755,63.992344,371.432988,2198.945986,201.203335,24.384628,257.371955,38.956829
d29_35_G05_0_3_S,glasshouse_b1,Hartog,T0,R3,S,199.0,105.0,621.130908,0.169046,216.621028,0.38154,0.410526,0.88287,1216.807954,78.726231,751.279286,145.765296,470.006893,5.358719,32.359181,203.20833,3.572113,101.659366,638.397796,11.222123,6.066655,70.771685,1.887891
d05_08_G01_1_4_T,glasshouse_b1,Gladius,T1,R4,T,22.0,8.0,152.206544,0.05256,54.683235,0.387727,0.410526,0.52332,304.583134,18.714237,184.55321,29.29197,122.914574,0.0,7.062651,51.682461,0.0,22.187972,162.365238,0.0,1.414764,17.299473,0.0
d11_44_G06_0_4_S,glasshouse_b2,3811,T0,R4,S,112.0,68.0,475.584578,0.142982,176.41571,0.402703,0.410526,1.105375,929.751888,65.158097,605.853154,59.641048,410.880254,5.063276,13.40068,175.213718,4.23465,42.099477,550.450131,13.303546,2.551314,59.758855,2.847927
d27_08_G01_1_4_T,glasshouse_b2,Gladius,T1,R4,T,153.0,101.0,634.425308,0.159199,217.674351,0.38216,0.410526,0.870857,1239.115924,78.570273,762.306759,170.159244,449.549903,14.716161,43.82934,188.636218,10.18422,137.693932,592.618157,31.99467,9.232142,63.770742,5.567389
d15_23_G03_1_3_T,glasshouse_b2,CALINGIRI,T1,R3,T,82.0,50.0,330.042217,0.151496,123.997119,0.40729,0.435429,0.580571,648.607315,45.119071,424.289225,38.879577,291.16264,0.0,9.036417,126.019038,0.0,28.388741,395.900484,0.0,1.752511,43.36656,0.0
d07_10_G02_0_1_T,glasshouse_b2,5489,T0,R2,T,71.0,41.0,255.029148,0.160766,88.515952,0.379628,0.410526,0.580571,499.453803,30.876193,303.79394,53.482425,201.546722,0.0,11.972834,84.704227,0.0,37.613768,266.180172,0.0,2.228269,28.647923,0.0
d43_10_G02_0_1_T,glasshouse_b2,5489,T0,R2,T,645.0,503.0,1895.412779,0.265378,690.005203,0.407684,0.410526,1.133602,3607.585696,277.46049,2441.014936,349.464777,1468.577492,77.37051,77.30545,638.780115,60.85162,242.909031,2006.934904,191.171001,14.471231,224.343855,38.645404
d17_08_G01_1_4_T,glasshouse_b1,Gladius,T1,R4,T,66.0,56.0,507.71639,0.110298,182.609246,0.399668,0.435429,0.846321,998.906606,66.460268,636.364261,73.924802,422.294357,11.497231,19.395475,175.002064,8.163496,60.932682,549.7852,25.646379,4.140985,57.749434,4.569848
d13_20_G03_0_4_T,glasshouse_b1,CALINGIRI,T0,R4,T,112.0,66.0,537.1622,0.122868,198.856745,0.406721,0.435429,1.056656,1054.626964,73.161806,689.265243,55.787469,478.764296,2.610435,13.690188,203.574447,2.135305,43.008995,639.547989,6.708259,2.781166,68.964854,1.415785
d13_37_G05_1_1_S,glasshouse_b1,Hartog,T1,R1,S,46.0,20.0,195.562632,0.102269,75.728617,0.41333,0.435429,0.580571,388.411312,27.89955,256.344355,25.190098,170.372534,0.0,6.181528,75.415415,0.0,19.419842,236.924513,0.0,1.25735,26.6422,0.0
d17_27_G04_0_3_S,glasshouse_b1,Forrest,T0,R3,S,81.0,47.0,360.038539,0.130542,131.775905,0.39911,0.435429,0.580571,708.811263,47.691048,452.26385,53.810065,306.228474,0.0,12.252611,131.707443,0.0,38.492714,413.771136,0.0,2.313215,45.377833,0.0
d37_10_G02_0_1_T,glasshouse_b1,5489,T0,R2,T,415.0,339.0,1521.830119,0.222758,567.919865,0.413021,0.435429,1.105375,2926.513505,219.936672,1977.713999,211.096761,1275.946589,34.786769,48.384923,555.112521,25.971612,152.00572,1744.116055,81.592224,9.307309,194.993436,15.635926
d37_33_G05_0_1_S,glasshouse_b1,Hartog,T0,R1,S,358.0,224.0,874.400796,0.256175,307.248892,0.395816,0.435429,1.016,1669.045136,121.06652,1096.307432,193.065814,649.207569,32.127413,41.70736,283.624264,23.610317,131.027536,891.105898,74.173998,7.620577,99.587422,13.85852
d49_31_G04_1_3_S,glasshouse_b2,Forrest,T1,R3,S,326.0,182.0,821.867627,0.221447,265.026461,0.361327,0.410526,1.170179,1587.216761,96.837043,942.143593,281.599354,515.912045,24.356228,64.218114,218.182842,17.492664,201.747155,685.441615,54.954823,12.331476,74.394639,10.110929
d37_12_G02_0_3_T,glasshouse_b1,5489,T0,R4,T,326.0,230.0,1332.079217,0.172662,506.058237,0.419086,0.435429,0.929368,2587.95157,196.019447,1756.820836,188.082769,1118.24766,25.748788,46.19291,495.101789,17.918741,145.119307,1555.408143,56.293385,9.389532,176.736758,9.893158
d25_17_G03_0_1_T,glasshouse_b1,CALINGIRI,T0,R1,T,173.0,125.0,949.437276,0.131657,344.652372,0.402287,0.435429,0.870857,1856.589641,126.649505,1202.900398,132.474624,802.506716,14.455935,34.771086,337.862347,10.218226,109.236588,1061.562305,32.101505,7.421661,113.52504,5.702804
d31_38_G05_1_2_S,glasshouse_b2,Hartog,T1,R2,S,192.0,104.0,598.49589,0.173769,207.957451,0.381898,0.410526,0.781618,1173.114378,74.286445,723.366076,144.742217,451.989193,1.764481,35.744506,193.291356,1.185403,112.294676,607.347348,3.724052,7.325046,66.332006,0.629393
d29_43_G06_0_3_S,glasshouse_b1,3811,T0,R3,S,288.0,208.0,1257.777918,0.165371,479.846308,0.417308,0.435429,1.170179,2448.301564,184.486765,1659.618177,147.519828,1098.457238,11.800853,33.228509,484.921553,10.093019,104.390439,1523.519584,31.708154,6.317833,171.113506,7.055426
d41_36_G05_0_4_S,glasshouse_b1,Hartog,T0,R4,S,682.0,492.0,1581.965894,0.311005,562.374122,0.420631,0.435429,2.021606,2930.566064,270.08585,2105.133251,385.773624,1086.409737,109.782533,83.7633,487.0453,98.834617,263.150168,1530.362665,311.620419,15.440622,176.293912,78.351316
d45_24_G03_1_4_T,glasshouse_b1,CALINGIRI,T1,R4,T,226.0,160.0,1169.480434,0.136813,403.385632,0.380652,0.410526,0.781618,2288.11555,142.173558,1403.774871,301.405893,860.027658,8.046883,80.133174,361.219918,5.411669,251.745791,1135.027822,17.001258,17.266027,122.032255,2.875276
d15_38_G05_1_2_S,glasshouse_b2,Hartog,T1,R2,S,102.0,50.0,385.162322,0.129815,143.378252,0.40227,0.435429,0.580571,761.819566,52.667133,489.630938,62.103319,323.059003,0.0,13.468862,142.385506,0.0,42.313679,447.31726,0.0,2.48631,50.180823,0.0
d35_23_G03_1_3_T,glasshouse_b2,CALINGIRI,T1,R3,T,202.0,146.0,837.222961,0.174386,304.868383,0.401541,0.435429,0.598439,1631.186272,112.070816,1061.424441,136.912163,700.310798,0.0,34.517155,303.296533,0.0,108.485637,952.938804,0.0,7.200288,104.870528,0.0
d5_T023_21.10.23,field,3811,na,R8,S,1491.4080492802605,758.010364256536,4599.127207646448,0.16411423626642607,836.0935587289687,0.20318927440933168,0.18988878612114715,0.6717640899845644,9090.618667608911,164.03445769914381,2929.3183389088304,4305.765394613764,319.5223603564499,0.12025173683265555,821.2350210583446,117.24530312723051,0.8395978369989864,2554.3152540200394,385.7352698276431,5.204617355389346,129.6225944862703,33.32959605003169,0.22249719959418535
d19_05_G01_1_1_T,glasshouse_b2,Gladius,T1,R1,T,112.66403459141736,74.10584366952557,580.6563212686115,0.11493541694718926,200.2152931057325,0.40753896741545337,0.4378962211138611,0.6221713948178298,1138.6954051130028,82.41579715646472,731.0077837503717,113.91136955677717,502.07405080951276,-0.6892600339329221,18.377544584113586,218.52361354857547,0.6352658071074225,52.519956869351006,675.9120769759711,0.07817711461895313,2.9893553037701164,75.22345490509397,-0.40585929189992803
d37_12_G02_0_3_T,glasshouse_b1,5489,T0,R4,T,323.02882971852074,229.19669524277248,1360.7471778649854,0.17183454154397665,509.2234996523516,0.4207421600143459,0.4359810222851535,0.924379254402662,2565.885567244084,198.30025055214418,1732.8649506682157,208.12763087498087,1115.4090987800182,25.05330247775114,44.73114327482966,493.2193813921164,19.327218482863472,137.48293335099476,1570.837985052387,59.876482276377324,8.69198455088622,178.943187241276,10.528519454293216
d45_38_G05_1_2_S,glasshouse_b1,Hartog,T1,R2,S,439.8136090735399,237.75711577427288,920.5003487430067,0.25248608678435586,297.43369479930425,0.3512953670512626,0.32397293380125125,0.9840451168381961,1772.5377993250927,104.19869531954471,1020.9095617963903,362.67764388155086,551.5274114141546,24.61183125234371,78.44907258546439,232.57038287919104,17.80251124669814,266.8561012840253,735.6179424596736,53.02801873526275,13.986993992196052,80.10747655377514,10.676692518219044
d21_19_G03_0_3_T,glasshouse_b1,CALINGIRI,T0,R3,T,117.90323891287183,81.47514119734004,736.0994290644171,0.09571547552422591,282.3549023754142,0.40575107140498845,0.4361713539545373,0.5765982441640131,1496.425951877762,101.21411056316042,977.1368839582224,89.48192220678857,687.0031994442335,-1.0136349695102431,15.582541887477495,289.4492716935339,-0.07085343995290518,61.99255723925573,926.2419209487294,-2.409424252590615,4.410242065690365,99.39997523231382,0.36972246211911763
d49_35_G05_0_3_S,glasshouse_b2,Hartog,T0,R3,S,1396.01768291327,1065.2077585563547,2422.752631318781,0.45151182426212577,786.9595105726279,0.4144539224330615,0.41095615817509057,2.9619826850398923,4146.137664099932,448.99143406878636,3167.3953791415915,897.0044840050926,1210.1101967371192,292.338213761981,196.03444343792972,551.5267570882264,255.46521234856883,618.514556235011,1717.310330438625,803.1527111679026,36.27301421736042,207.24559506570094,207.04877983797746
d35_07_G01_1_3_T,glasshouse_b2,Gladius,T1,R3,T,222.48456692804655,136.95718941191708,896.5493049128313,0.14987108500080515,315.66979679742633,0.381324044603053,0.4101363496090964,0.8271891927793031,1818.6187836008423,118.4156180313848,1114.3932667239894,283.60179402349013,635.3898035966852,5.102779815687389,72.47252016280422,277.118779169116,4.632961368566773,214.38370115504495,879.7758860459045,8.545591613519896,16.63041537278809,97.03591025083438,2.834565260356376
d43_18_G03_0_2_T,glasshouse_b2,CALINGIRI,T0,R2,T,453.198872412394,331.5435186210104,1673.5057908325682,0.20383573267514357,598.499093890645,0.3993493291386055,0.43528225712748636,1.1944234081947496,3199.2226927229517,232.29966927979393,2102.4855012176686,480.4668406405168,1165.22590466431,32.30648396449723,113.5850757385975,532.7442804811265,24.261170325197284,358.07572989027483,1669.2089193879542,78.37105101018778,22.020945248918874,196.54599525818108,15.527473957371448
d17_39_G05_1_3_S,glasshouse_b1,Hartog,T1,R3,S,58.11258979605624,29.628452791429414,225.18840139474125,0.18082656437035585,78.35498105841502,0.41647339910998915,0.43753829404026734,0.585678550957529,343.67164609570096,26.372137523528803,240.94024086998866,20.039679478645148,169.6835616565613,0.7406949437420356,6.360317484622863,71.44429695871275,-0.11993412125041103,17.76652215806566,237.6285140107995,2.429749596350588,0.913778158973131,26.750922683579823,-0.1460814076203446
d41_41_G06_0_1_S,glasshouse_b1,3811,T0,R1,S,787.2866312939743,637.7900484890642,2019.2227307678907,0.3201794368020611,708.0974268514971,0.40890253736446924,0.4101996474200974,1.372636264440492,3635.249910562235,304.11773622935044,2569.783127550385,480.1678120136594,1377.917457236457,121.35501917658588,118.21979799950986,603.5559518303842,93.25957922346156,368.4483317487038,1890.1946461658833,290.63378258093405,24.535678445968635,219.22007553647512,58.75099708523017
d6_T008_28.10.23,field,3811,na,R4,S,956.2895269655288,456.0217883584935,3085.0571372524164,0.14943119812214645,587.0334885501505,0.20700982012050406,0.1881731424969268,0.8554348125053292,6041.228468953962,117.25215114585711,2033.5138761925666,2837.743560000368,281.6057276989196,1.4142850474820083,543.4910181942283,104.98996385004044,2.7746792081022287,1705.3983897975606,318.5555048865038,4.850984692383498,86.75668485896391,27.484838085002586,0.14730704736943634
d45_33_G05_0_1_S,glasshouse_b1,Hartog,T0,R1,S,619.3058835430166,433.5888791841852,1395.013925057754,0.3134367019823434,512.5438041307428,0.4241338553580845,0.43555685975634895,2.2152909038567463,2674.5840158744613,246.68652354129142,1910.555434723528,344.8926034200004,957.1375464443735,119.24748265448021,77.02334122671064,430.31927774484654,102.87920652075371,239.91708839993274,1349.3868953213762,324.42654129031155,13.83908700563684,153.99088540045676,77.87649053372327
d13_11_G02_0_3_T,glasshouse_b1,5489,T0,R3,T,77.22228360360171,42.39233497062938,380.0308539063653,0.11753640223037969,158.46109699872196,0.4200278109562706,0.4349912397790129,0.5965450630248821,805.2834648611762,58.909341615685676,540.2302181264916,43.43066600965358,367.2433893721266,1.6760477053567118,12.055499808501217,159.12441316793604,0.13335214624585598,37.29316279964839,509.1740464299769,4.126702777498233,3.0975828082580774,57.94322025279118,-0.2545175054375631
d27_25_G04_0_1_S,glasshouse_b2,Forrest,T0,R1,S,117.6248032955855,72.39587940771743,523.0632934654528,0.12946535385440122,215.93828656721521,0.40346847669525715,0.4359821892818705,0.730848230908534,1088.046931745154,75.88283172738105,703.8925515986435,75.92840220635352,467.4324969492374,6.022680524077498,24.30072781911153,198.23181548904063,3.290903482410514,77.41526173209367,629.9098543241433,11.564856828604604,3.815696322401538,71.40072437053807,1.9455428657875546
d49_19_G03_0_3_T,glasshouse_b2,CALINGIRI,T0,R3,T,876.0487487257473,681.9099203781615,2396.155949593579,0.27930322993657136,919.7897249699861,0.42966777459670347,0.43384201273441586,1.635935092726456,4584.791848045712,407.1261260538125,3353.3842820724863,576.7366271489302,1714.3384342281372,141.62419415341873,140.45939901240936,805.9143247669471,111.49011022309037,433.0300698914968,2509.3345473999784,356.16443907058107,30.594275683826847,301.4585438724573,76.0805049169947
d31_31_G04_1_3_S,glasshouse_b2,Forrest,T1,R3,S,120.32492071148077,58.81251031468481,383.3489733759087,0.14849856455053978,131.88632798206524,0.3609398367119641,0.41184850340786533,0.5983382821936597,732.5840885528586,48.16800192559136,451.20786847512517,104.99276865922666,299.2063915583392,-0.4455349398152621,18.26061575359713,122.42509973666198,1.3178194508036654,66.04793190777009,380.06284838493264,-0.02977041368769796,3.7165147084799983,40.840113922543,-0.008292435394523201
d17_25_G04_0_1_S,glasshouse_b1,Forrest,T0,R1,S,74.09583217425913,47.224672777292795,276.89233228459307,0.11818102253262322,108.3223997717544,0.39607758501792306,0.4362122135213818,0.8117340143916005,516.3064025917673,38.01962114525127,329.8861217043681,42.011164105168774,221.3405241407119,2.4452345531581887,12.411306589150621,93.41972213710767,0.2161856835972723,51.70950443563726,267.6398431795699,4.828466858036227,1.9951698628026944,32.622784203527814,0.5003109042563137
d41_29_G04_1_1_S,glasshouse_b1,Forrest,T1,R1,S,143.74552843207817,74.52684897552663,415.51477597638234,0.16944767018372195,151.6628620728285,0.3800883019838457,0.4124309582784213,0.7291055228061688,899.7553720038937,52.51666030711373,529.6269654007205,125.81102471496773,314.49229198934347,1.4520839353780122,26.245191904278478,148.082761628872,1.913215483063325,66.70017119251929,431.8482259744386,0.9371860874249203,5.400736078856505,46.032227047893976,0.07030949289912625
d27_20_G03_0_4_T,glasshouse_b2,CALINGIRI,T0,R4,T,185.98422115123512,140.1551327781636,1100.2900446408164,0.12469010878910976,398.6590117250373,0.3956992283419239,0.4353694136106377,0.9039714509462845,2207.878427432229,139.16325724241167,1351.4171650388341,211.56167400604988,904.7789830881981,9.165278741270743,55.08229932682433,376.9499953493675,4.9344063795930255,168.8643289237531,1184.5962923974473,12.227860750903355,9.508176157025856,127.63445015856848,4.003751007788291
d1_T022_27.09.23,field,3811,na,R7,S,975.0990313412159,461.12525081285975,3060.787716800009,0.14909661216440448,571.771358076687,0.20876590009103146,0.19042764878811505,0.721157098290753,6054.031172276156,115.723431853035,1992.7622764501873,2821.18607956475,287.1785285532231,1.5048655459145288,535.5509005356096,99.32630793921825,3.31579065791291,1678.8475564432702,313.32585976050075,2.532179069319208,86.19064712581452,25.347709334187392,0.2013724309123196
d17_28_G04_0_4_S,glasshouse_b1,Forrest,T0,R4,S,120.56259215781208,69.62874657841525,338.93529984936407,0.1976617290737694,126.37317582983182,0.3881286852995152,0.4113092612840126,0.5853265213001284,756.0732610382269,42.66469443680881,409.03266061075504,30.375518950244054,312.5429379168151,0.9182370185294153,21.48321623876432,128.88549694582872,0.6698537572405389,36.297634640626896,404.95856700041185,-1.1375010680413342,2.6935940843192574,41.929192317974625,0.10204023658281676
d31_02_G01_0_2_T,glasshouse_b2,Gladius,T0,R2,T,229.3570077078757,150.7631761825835,1030.4596766338257,0.14436786741405078,391.67510997420976,0.43231174561198166,0.4333823387478791,0.9136252875535008,1960.4037171587393,155.7291581362555,1363.5417914235436,93.6921172234874,905.6646033201455,12.011381074344735,28.17050245939896,403.03203818334066,5.802115313661864,90.535552545064,1267.539999294558,24.838881286225973,2.8849234984038317,148.36254759804683,3.806508417968138
d37_24_G03_1_4_T,glasshouse_b1,CALINGIRI,T1,R4,T,157.76849517054433,129.25605304452432,927.0930040543257,0.12946839976431507,349.719736927518,0.38689007529208613,0.4124036709501229,0.8260801700016777,1994.0182481530642,120.0937529155014,1194.0731558600892,218.09000064906326,782.7992633556921,6.212736496209702,49.90825208010363,321.3406096309619,2.5556841481127393,157.80650777933297,1017.3742768338462,7.09798940383112,11.120836199019664,106.62476677587584,1.7201048134698738
d05_23_G03_1_3_T,glasshouse_b1,CALINGIRI,T1,R3,T,24.171248636461076,14.67395186582198,89.56241677514188,0.13401058472675814,32.241135244723594,0.3651248411533991,0.41298046122444715,0.5757186137850547,185.20280346043575,8.973627226084368,79.72983794280975,19.890110566308724,67.08126517075857,-0.3542953918234663,6.75466404727165,25.47469834503079,1.035535257248611,32.81436120611464,90.22862610614598,-0.09404000912904259,-0.17989389264050004,8.314135618515266,0.5707574604718013
d17_32_G04_1_4_S,glasshouse_b1,Forrest,T1,R4,S,33.21051342731574,12.587831612282184,135.51853899292468,0.09915825135797121,39.80035027890188,0.39978273246429025,0.4346144357261481,0.581704576141695,189.71501823439002,13.840085508202025,152.12950997850297,25.998178207990378,98.99529406281623,1.6213454173262498,2.6633289891817915,38.867369847093876,-0.8128870267257804,26.051081520497796,130.756636094842,0.05477862236285549,1.0741549499443261,13.956676526721196,-0.004425327583463798
d6_T020_28.10.23,field,Gladius,na,R8,T,1244.7525883539026,1026.2626108375257,5409.839668184257,0.1899347834277882,1077.4746774874213,0.22446876845316693,0.24025873527042724,0.9839652036601085,10444.46673112317,241.866672381315,3833.8112850348575,4647.095985714868,744.9154358841665,19.681554589428515,936.6505272217937,271.9172047761083,13.523956493180178,2945.489809389443,832.9243463503122,43.06714102101486,157.48361446799777,78.22743793237163,8.428203410958035
d1_T010_27.09.23,field,Gladius,na,R3,T,1144.357220023347,684.6781758656315,4232.907250435507,0.16165660095166182,836.8362531702621,0.22251200049290315,0.18825598509606647,0.857281740023776,8315.789860710014,181.14289257702788,2919.2995180235853,3695.032315337335,550.1123416249317,7.89562253635902,728.1855759025618,207.25360624770002,5.697212297321934,2308.163845969318,615.7553808954506,8.558024361627137,119.49892327181956,57.799393122277,1.2656104190435895
d07_27_G04_0_3_S,glasshouse_b2,Forrest,T0,R3,S,61.847055851982425,40.814892200099244,177.8624022850968,0.22506966653372631,63.303647662094114,0.38354832891421553,0.40945662858775966,0.5997514081000908,392.96218064139225,20.41663016450071,210.845976160063,58.73845296657789,157.8462953055046,0.15363154669815574,4.415276413891148,62.54048237003803,-0.5003173689391475,20.391984129359972,195.32104353086507,1.2974237567864546,1.5914321002113283,21.21826174555796,-0.5600320706176273
d07_06_G01_1_2_T,glasshouse_b2,Gladius,T1,R2,T,49.652062822522325,26.197904467230313,252.48926874905865,0.07811437689733124,101.33723120640809,0.42017072354513635,0.4332226508841378,0.5892312338261348,477.11830748301185,36.48908320255577,344.49514738838695,17.895986483090418,239.29783517843987,-0.1001182023573234,0.9239214356797505,100.8375579064244,0.6114657427205682,40.98021230189519,319.2231867621526,0.8034802695150051,2.089794895046513,34.32850597441123,-0.4322697926928878
d09_33_G05_0_1_S,glasshouse_b1,Hartog,T0,R1,S,56.60543303517204,25.63556776612805,191.9781329449296,0.12673348383001135,66.93862221991861,0.3896769278005493,0.4121981299869606,0.5882978235848699,383.68304190865865,25.3047819663479,258.0703177621206,59.16356200241694,164.23721786379093,0.13337766611029267,12.246230994011576,70.24888130710596,-0.47265972430123965,33.59172691126831,226.63621461191792,0.2168436931387242,1.569193923633747,22.683075552713046,0.8704893263317244
d41_30_G04_1_2_S,glasshouse_b1,Forrest,T1,R2,S,171.1588700610118,78.13458296171206,387.7456454605207,0.17729858909486382,125.58305950699739,0.32890936493098777,0.3240338196780276,0.6505251912343302,817.4837885424162,43.650372679813366,443.9465528554682,198.9342229766948,242.09104453456138,-0.07285438974413017,43.86311022327947,94.32807596164741,1.713410497851958,115.76960726934243,318.1990632085936,-1.3479696292607242,9.005969599180546,32.697767622180294,-0.7797326323828805
d49_08_G01_1_4_T,glasshouse_b2,Gladius,T1,R4,T,623.6934640168151,413.5489354694687,1727.1642470894833,0.23338076027410662,590.7414390978897,0.38561462003345304,0.3238734126792534,1.507542670325858,3366.408834205228,246.85159248909895,2130.4076845409327,718.1240123965047,919.740073988492,99.03569777521567,176.7369239074263,428.71262256562966,81.43718393736836,536.29875627845,1326.256586575575,254.75307056437245,35.35059114274103,158.33557739737915,56.93994227943272
d37_11_G02_0_3_T,glasshouse_b1,5489,T0,R3,T,312.5373176875702,209.41235320178097,1043.535407081191,0.20360569550406507,379.34900313594056,0.39833624389707484,0.4366503958262008,1.0115988225312387,2049.26572046774,138.79375828707595,1289.297389400751,227.6341556221293,822.0789596822468,25.95117934348047,43.31792350005084,352.33919477099965,18.330477696167513,118.34930381090486,1123.9434832518828,62.933117155036314,8.444308332582828,121.27097387620006,11.367805943965312
d07_43_G06_0_3_S,glasshouse_b2,3811,T0,R3,S,82.01057112891978,45.92747475320923,226.41329415986743,0.22334584138735253,62.85747199607572,0.358785389767157,0.4104444615394493,0.6010554007570935,377.93681663975855,22.98107900776417,206.05615423465957,62.17099939694198,132.3575700162255,0.8694784314844023,6.8837026483420765,55.72807564063289,-0.30507084048164906,43.542842769382,162.19201119308653,0.5603282642739634,1.8340195613534043,18.420751307996415,-0.8103065125781702
d43_30_G04_1_2_S,glasshouse_b2,Forrest,T1,R2,S,183.802833959487,88.93570444749625,486.22704078605904,0.17771722615707305,145.20859013259206,0.3395621539933002,0.3220065216244822,0.7115386772140276,840.5165315721506,46.65175973745847,476.1189421426567,195.13072587797404,262.5453123676723,1.7301869307723858,35.43040505737761,108.19233320000393,0.8193765518389724,143.25003521773812,345.83173255157465,3.4829926806422655,9.079680846940644,38.71588427540457,-1.2944975550284794
d17_27_G04_0_3_S,glasshouse_b1,Forrest,T0,R3,S,90.52112780621832,47.34741929456276,367.32576710708673,0.13058951597249155,126.11133198868164,0.40028044017594633,0.4363485892695223,0.5737544965440147,679.3626473684034,49.109703352728495,464.3920839184134,-0.13129794967148456,302.40641406005506,-1.2568451141688488,20.887690295579183,131.5220955168027,-0.3177401880798418,20.875070666909423,404.69945148242647,-3.8446812384382496,2.0672978675758085,46.210586743365425,-0.14911681225758808
d49_27_G04_0_3_S,glasshouse_b2,Forrest,T0,R3,S,503.5212964293282,364.5207622000456,1344.4794705031122,0.27924852213825785,442.0224457642327,0.40108721897129296,0.4100633908475568,1.7015488413961604,2443.101383022041,193.09942031343834,1647.7661494996705,360.8670490104175,855.7495158819075,84.29235825089363,91.4792662014788,371.6057360098016,69.67220248974802,283.40178081920584,1158.935735564103,219.42943697127438,17.583980974253315,134.07807804519118,47.46660667577291
d27_22_G03_1_2_T,glasshouse_b2,CALINGIRI,T1,R2,T,118.33499270988933,90.55106247953967,672.5194886870271,0.12728025770753162,248.58008408947808,0.3997626225001302,0.434165756260267,0.588751915320922,1302.6677988899035,89.79211637321835,884.7018130729182,81.94237321520738,622.9569149482987,1.7660805240558284,13.871309672901246,259.7687281903939,-0.9066447955048685,66.49616584541694,806.7338024691674,1.8485174467550582,4.349918544680361,85.11508577340177,-0.03419160449860945
d09_34_G05_0_2_S,glasshouse_b1,Hartog,T0,R2,S,101.02497961198993,55.574309246875345,415.27149245756533,0.11687607901879736,163.54100735074218,0.40600983329104906,0.43694369715113934,0.82490386180224,965.5679124704579,63.0165479191157,596.8854918167216,43.950302229468775,380.77546584874847,3.832909789658223,7.262776120406576,168.48947934267144,0.6828825989928313,10.703719555139454,522.498517627988,7.944687484092033,3.7987669419033443,57.63194363519321,-0.13772667749189782
d27_10_G02_0_1_T,glasshouse_b2,5489,T0,R2,T,234.73874986934587,163.33692495329237,1078.305309687599,0.1592158250051003,377.4202007242245,0.4030812081911951,0.4365169939668988,1.0319027448687288,2018.6191104912161,141.31843680201314,1321.380194918595,195.31631406795782,900.3049949070056,16.294407094728005,32.62713334100237,378.0062927774082,11.915383638098534,92.41800441381834,1190.6369486729102,39.83073761900249,6.266076562367833,128.11256722713023,6.271314631693653
d15_04_G01_0_4_T,glasshouse_b2,Gladius,T0,R4,T,91.3823480620207,37.32634739382098,559.6166426290089,0.09996060752872075,210.78591742253582,0.41175018099401267,0.4349742826909499,0.8685636804417334,1164.070808997104,77.37169528894742,744.528843772267,77.15414330270758,500.88171263236086,-1.3923690707644774,11.155630425594062,208.9260129128088,-0.5297768655938123,42.17252260228393,661.6470589278681,5.061959542976934,2.0009052026561602,74.50603741596375,0.28703491605705683
d45_45_G06_1_1_S,glasshouse_b1,3811,T1,R1,S,627.2616291401963,343.7117404878714,1587.698482280405,0.2181279254847874,506.24388869170315,0.3639301526889029,0.4114946863744238,0.922454968040215,3082.611193880963,184.6965297809071,1801.6600003222966,546.793274769101,1002.6020497625859,27.65980491397368,131.17486381186154,436.356829295511,19.859678516624186,386.1738897121096,1375.643009567365,64.7494574075593,22.722134606679187,153.2968589609624,10.565117432003253
d43_29_G04_1_1_S,glasshouse_b2,Forrest,T1,R1,S,170.70969578358103,79.32337086981957,491.0023420042643,0.18182563019979697,166.25058310421753,0.3716369435280095,0.40931913777779183,0.6578028382443577,938.7584452194096,57.553164320841745,536.3778944897963,146.92392275879018,344.1167653937526,1.127024636437526,29.31831805866269,146.34614306697813,0.21072714859623876,89.20776086681462,467.0394895583484,7.277518564099706,5.392011357557916,52.085683010939825,-0.6090108943529344
d15_36_G05_0_4_S,glasshouse_b2,Hartog,T0,R4,S,153.50381775760454,75.4149967955179,451.2684460134634,0.1488019862723681,169.36446733751572,0.38518668380303384,0.4341052198623556,0.7321516097550492,1023.9344612872424,62.264418253566845,566.9531510573701,119.48107193295634,363.4751303484258,0.8307150705180328,23.32424113837846,159.2865017802771,0.9959816397762351,80.02825195989791,498.74142501810104,0.42124116823717594,4.646953436663965,56.28585580838573,1.3231044572618318
d25_09_G02_0_1_T,glasshouse_b1,5489,T0,R1,T,153.05947356130764,95.66538120453201,823.7452167932231,0.11089592214575486,334.55531417525873,0.43138027297994336,0.43568073539973895,0.7306894937612426,1636.4895642773579,121.21852979092021,1132.3852913148557,29.767629466636198,760.6531091452249,1.6806916055106236,11.828431921010033,339.00446958754196,-0.06181089569626108,51.53374713721,1081.942589833958,10.15261133856816,2.099844356247603,121.67106662902334,-0.14347212539217657
d21_38_G05_1_2_S,glasshouse_b1,Hartog,T1,R2,S,112.56935654497252,45.676886700317276,508.03401433109536,0.10198937102232213,180.25440418693915,0.3999843577686224,0.4342244791873718,0.647566579071894,1018.1107785780407,63.184991089989104,609.2584817863586,76.68356438253875,413.91241159924334,-0.6888336406675544,20.086898524123924,181.3392504219673,-1.1286341967511835,65.48395540572407,573.9240977072913,1.8384955651361143,3.3428884710625573,63.12313180557414,1.0543546346493675
d19_13_G02_1_1_T,glasshouse_b2,5489,T1,R1,T,72.5749197904411,45.017311281119184,489.87578554404104,0.09282044455125171,178.08015900294265,0.40442936565927967,0.43862776255809216,0.5764114356616153,908.0981958893783,61.731662996592846,610.7774516247568,31.01626564610266,439.09641113750644,1.1406641919955884,10.432061770270058,187.40540570478885,-0.25352168578274664,12.613434711581332,604.5821529739662,-1.5039880545424784,1.3442717027170614,61.961551183592974,-0.4985830388206903
d35_01_G01_0_1_T,glasshouse_b2,Gladius,T0,R1,T,312.65868023510444,181.23609843573126,1062.254727212962,0.1766969502803659,384.33730404864525,0.39955265729025113,0.4355180021753124,1.0250608257751654,2030.5055773270635,145.67037080864853,1332.2073202737795,208.04028240942645,836.3646826426993,14.12222715189077,39.61747640692679,375.325561299929,10.419605640917705,147.0595367041853,1155.8640826580681,31.16235724747835,8.771049041204204,132.10248291069703,5.211969358080287
d31_44_G06_0_4_S,glasshouse_b2,3811,T0,R4,S,282.306719894906,174.65563750585534,1208.7152864366053,0.14833866155190262,426.5714760260151,0.3856927524856674,0.4351257810556542,1.0697143666439126,2301.2545510506966,154.0111815736398,1451.7365683870437,298.01332838364334,917.2497056913638,5.9252787785043655,63.34492253343544,399.1292413782849,4.321905996898643,200.50564757070143,1258.7657148153046,20.834572744549924,11.438519884276847,135.46938887530757,2.5996946196157142
d07_29_G04_1_1_S,glasshouse_b2,Forrest,T1,R1,S,22.594402394371055,23.36451188417303,62.586449240494076,0.17580252002295138,25.671983593821835,0.3790533650216084,0.4095750374322383,0.5205025582194043,132.53570201913698,6.4851752231635675,101.1022286611663,1.7951376862278536,54.44528463970354,-0.45551004035784404,5.345406396101948,31.01182927121891,0.044567805097554127,19.399729390264554,79.99574123392975,-1.8310127563057579,0.781510814992907,9.02253903723927,-0.3131996458688832
d11_26_G04_0_2_S,glasshouse_b2,Forrest,T0,R2,S,28.98993205888418,21.25072852810058,148.7970563896487,0.1466324648956207,60.709786213047224,0.417808451346831,0.4342849580902443,0.6220469315905223,327.4333140487571,21.175281498793694,219.42798348891574,17.633587130646827,137.41375997101477,-0.5702496574613504,5.896408727889731,68.96310714228143,0.7428235387231685,16.19414053229843,192.79074818559474,-0.5700676145417494,1.0332612226013917,22.53065650151207,0.4392451862459983
d27_20_G03_0_4_T,glasshouse_b2,CALINGIRI,T0,R4,T,191.73270228842878,134.72054115679882,1149.200336285035,0.12746689462087452,395.9797992875855,0.3951140135483816,0.436154420273509,0.919253154095889,2115.379853792475,139.93924051311868,1368.9127793002144,181.651910784016,896.8416363022367,7.437762190654639,55.40040349639164,382.1938349997599,5.657596925695542,150.1899337384455,1208.600291489631,20.553791850917374,11.07492130447323,131.46314466430408,2.7548198121319287
d33_17_G03_0_1_T,glasshouse_b1,CALINGIRI,T0,R1,T,224.62989015454335,178.53892595309065,1161.9333230739785,0.15687959261846932,402.3870675575912,0.39153651772977177,0.4088333302821952,0.7876304909095379,2284.61210238424,144.55234567338877,1397.8126470578757,262.26976488986156,902.7417294151079,9.047623212280593,60.74943353932921,378.99515395514544,9.433019959565634,192.73393269235513,1191.453354031479,18.126054090382805,13.013037628471835,129.61860419881717,3.8260821289962883
d45_09_G02_0_1_T,glasshouse_b1,5489,T0,R1,T,592.9107383581141,474.1697267985463,1676.2288518675516,0.2851675108550505,594.0021283307065,0.4016487973356245,0.4086665374509863,1.5428724243347094,3120.665561261236,249.2066045624452,2142.3994512834365,433.3537482139654,1154.6618189748244,84.63619036912006,99.45141969063033,514.7685640015217,68.20561102746652,296.4310127616563,1633.411357330743,209.0918727726882,16.517855251313428,190.21462621803315,42.88039028750903
d6_T002_28.10.23,field,Gladius,na,R2,T,1552.9705419491158,1257.4262474066293,6108.758550515489,0.20619519768978659,1161.8117363491758,0.21656002018353585,0.1906512794514632,0.7436342223170758,11858.152200284929,248.34651292334257,4172.81465064546,5365.293083779888,739.2233487230708,3.3291245893502106,1052.379388231307,259.1256810031016,2.7340091867608707,3307.2647782422046,820.0450925673928,8.733174540400672,172.15868524216106,77.09859936662288,1.6661308092724618
d43_18_G03_0_2_T,glasshouse_b2,CALINGIRI,T0,R2,T,455.5969872506162,341.0441964250026,1636.6201033519903,0.20495239945576,600.7237588841128,0.4001547665839596,0.434733358324729,1.2044109577595727,3203.2404770327003,235.58361005871583,2093.1280836779342,453.4487344738489,1165.3723376667751,35.1740249461685,110.29763959726093,534.5566055442205,24.559538703971395,372.11950325937534,1652.853234680933,79.55693994510423,22.176707778342124,195.36564126356487,15.055478433332702
d25_06_G01_1_2_T,glasshouse_b1,Gladius,T1,R2,T,113.10766318350315,69.64941925460604,528.9645873803873,0.15029702229549108,166.34732629583135,0.36934266101021046,0.41164278289180306,0.7228696279243705,937.9761600716232,60.973049053042125,613.504505790008,162.4000632643215,351.1247850409454,6.757854118144297,44.07682611393768,142.68336063437744,6.392593457753454,107.68138783697485,460.7768365507716,19.9936178711476,8.995381564059103,50.94178792261523,2.0395809764329096
d31_08_G01_1_4_T,glasshouse_b2,Gladius,T1,R4,T,219.6010720331184,139.6488850647386,666.880487031381,0.19894527145374674,239.7978772661138,0.3728609674209823,0.41167050752625556,0.8736995229586446,1323.7619549002545,84.3475115847806,832.0373007847135,267.4911552863444,475.53687954532785,11.836897130304214,59.25062489278594,201.83645278166358,8.263466048317508,191.89450962492438,606.1250707007256,24.80164077628109,12.669046627116224,69.91155119583173,4.843525853729351
d29_30_G04_1_2_S,glasshouse_b1,Forrest,T1,R2,S,76.85695473513977,40.32960182991295,273.15572987677535,0.12946283223534918,92.35032213249183,0.34331850679987097,0.3260884219345636,0.5861887125892737,548.2735265922456,27.029274076297508,314.8215253271536,86.42380316843217,181.07691735244592,1.20433947315733,17.82916002599346,78.68559733560267,-1.221493751089683,83.60678397189567,237.83450159214738,1.7680947793037098,4.641427718470932,23.263377007416366,0.7031165392816565
d09_14_G02_1_2_T,glasshouse_b1,5489,T1,R2,T,31.35047735305569,31.00306616856706,165.3367569148366,0.15303568053408914,61.314866694200205,0.4184668652028673,0.4384856850768483,0.5916601039772929,324.21762765529365,21.357451332095536,207.49466085843036,0.03836755710520201,141.72891168963596,-0.529667841084135,2.015932361800044,69.47567006788086,-0.8240933147196821,6.050649563363128,185.4131335884905,2.0181287193402833,-0.4593954596139185,22.53849215130004,-0.5210037760435353
d25_20_G03_0_4_T,glasshouse_b1,CALINGIRI,T0,R4,T,154.76334505993032,103.70098469545009,988.7425033643194,0.11138131493282362,357.41847849933595,0.4028505915844096,0.43704451144749357,1.0280070421465617,2051.864735926183,136.4209105694185,1266.6723530596853,122.61210427456436,876.0791120332539,13.425355754387125,37.54156292795709,361.9347378318856,8.319467371902215,110.09521533997584,1135.6978656503034,26.693046955081975,7.214854260664005,123.61154752609954,5.483487601646759
d31_42_G06_0_2_S,glasshouse_b2,3811,T0,R2,S,336.38317796296604,190.73644953609306,1156.731091366447,0.1685301632462549,435.7776917978727,0.3955259960152292,0.4373767264977037,0.8147616892019893,2287.6067141386147,159.64598493193694,1496.1097726986586,237.39304948213476,957.3296564580471,14.452446843404891,57.43232923024949,418.6632834775824,10.62647448391745,153.23664900917,1296.1282408552572,30.6594818300846,10.21712314177935,143.56680728906227,5.148064500691197
d31_14_G02_1_2_T,glasshouse_b2,5489,T1,R2,T,98.92489879866575,73.46330983425923,606.334876330624,0.09496445174258417,237.25687717601514,0.39398498261052284,0.4324967033522474,0.7200764140035876,1261.0923640327553,83.64315301380412,835.4990714375754,129.13676048229541,552.0682646132665,1.151033465762385,37.27661675761894,224.22542872294585,2.015760128141686,94.10385373336737,704.0822628494504,0.19474352019520946,7.606216856049466,73.87869114495182,0.5989184881905772
d09_11_G02_0_3_T,glasshouse_b1,5489,T0,R3,T,67.05907333369083,47.91974825008216,288.3845312982029,0.18328062460445307,91.74875988725296,0.40882118046114096,0.4355509063569092,0.6163569819335438,496.7512163545911,35.64920506944068,323.7692131314453,40.88768455262379,212.11502643333688,-2.040463255695513,-0.18196476301500386,95.31180138954726,0.9714621485836673,8.495290736921204,278.598147056435,-1.1894578743059867,0.3034517319694743,32.22791409400181,0.5107670688357756
d15_44_G06_0_4_S,glasshouse_b2,3811,T0,R4,S,149.99816017475302,115.98723673926739,654.3106031387101,0.1715724152131169,242.3664363539076,0.4035539373314089,0.4112600937082569,0.9625149569126566,1328.0473456461523,91.82142221652703,852.6914816527651,93.50339424715833,555.5721192653233,14.456805108830075,31.78004880986088,234.76813005704182,12.19294526888681,40.66614054572729,754.0571261583999,36.08952702572825,4.314013909505955,80.8232618447342,7.567686635569685
d31_36_G05_0_4_S,glasshouse_b2,Hartog,T0,R4,S,331.724583643698,206.8818357656376,957.6882741111278,0.22456331474369334,335.3422639826835,0.40210036010428524,0.4342117195095525,1.0560496825290673,1853.8161201437122,134.72516089026138,1225.926942499579,206.47736351516704,724.4941424420189,23.698006679311963,49.18810474551505,322.34099122288626,18.178291856686034,119.33784546640561,1032.589892237439,51.520629260710464,6.8802564107237885,117.1052260202335,10.88763033873859
d31_37_G05_1_1_S,glasshouse_b2,Hartog,T1,R1,S,77.24032892150075,37.04686088238808,266.39038325160277,0.13674546311489572,99.23378811501185,0.38428405398866716,0.43425951651709876,0.5847853020455007,613.9365057006147,32.414400791551344,336.7982870541905,67.89817351874696,229.6360686024898,-0.44753034574435957,14.637230627137082,97.8306877428726,0.18592072560154826,15.750236989160001,297.15388062874365,-0.16094151970343112,1.8711682401520762,33.76426407375286,-0.07821924438855574
d31_46_G06_1_2_S,glasshouse_b2,3811,T1,R2,S,157.6274228256355,83.52557961791186,640.3256879778912,0.12725191876189543,225.97209938094284,0.3818980421313162,0.43465753529414597,0.7228298307676374,1184.1946803356777,77.18037790642282,797.6058525749288,90.34719025808141,502.88077675999307,-0.825708954812587,29.756308811619313,218.29364568908193,2.377642076036115,86.8401720727833,669.7257504169139,1.4223844957130485,6.395385582634965,72.85789869275267,0.972885840244089
d27_11_G02_0_3_T,glasshouse_b2,5489,T0,R3,T,206.5617597555736,145.5884817838116,841.9310502440104,0.16826601809944094,330.17191313390657,0.4234857774837117,0.4374389642199383,0.8893347548290387,1657.0384938814154,128.72876860644524,1135.6803142872811,66.22924686151237,727.6406130904995,19.151323210021648,24.00612042693018,324.5790334016291,12.78445432485898,65.30646774089095,1021.3699147751473,36.89472446809938,4.25226748088663,114.8515436385687,7.872690252476663
d11_31_G04_1_3_S,glasshouse_b2,Forrest,T1,R3,S,63.411907393679535,35.47778867458564,118.86469343783634,0.26463484840127327,53.81289738648349,0.38503713334079565,0.40779980321210346,0.5937434182730995,200.39429927928416,18.31576214267288,186.1335393278339,45.36824684419476,116.94767445454676,-0.3822778319729707,5.100650884225885,54.03775327374438,1.4463686747826345,34.86980543689977,171.37096070702404,2.9763552619921043,1.0963595687998235,19.43500768233798,0.9244220925427528
d25_41_G06_0_1_S,glasshouse_b1,3811,T0,R1,S,163.7426808621524,100.98920424483882,686.3271917833254,0.13493599280059115,242.7617568083579,0.3866260691075686,0.43651522181392693,0.7246138769110518,1417.4290891685312,92.36275810996037,873.2328725084067,151.57360718953782,587.3203730835967,7.746751620724979,34.74832034812161,237.9116747392526,6.778073848538164,101.45395719848212,759.2982600201797,12.951655285654692,8.535300232552073,78.10520669480316,4.30307348114905
d21_39_G05_1_3_S,glasshouse_b1,Hartog,T1,R3,S,80.44769707526942,37.265203994495664,170.969612364586,0.19449023200307342,79.13593704386015,0.3990394462705652,0.4364062226159118,0.5876856173288937,448.0106414992226,28.88678136717981,289.8779578330889,66.35482625282651,195.676941549823,-0.2474454875248223,0.290758901033513,83.93023010262971,0.3993467691904211,18.88364244321067,247.78960619179108,2.2319547076364206,2.04308098165306,28.381178222509146,-0.3788426946404498
d25_48_G06_1_4_S,glasshouse_b1,3811,T1,R4,S,126.36418587806466,80.55366424094576,619.0489130668401,0.1169661175714646,214.5234092084093,0.3934746726279012,0.43753902448172904,0.721981045831823,1125.895167870435,77.92601102924199,761.2707050951655,114.38910490379938,529.1975779961986,2.2406033912806675,20.481694168517446,222.9008493683568,0.8782899856061711,53.134487889868694,679.8698084473298,2.887302157534523,4.599885550955418,74.35792490809874,0.6754756320716025
d41_43_G06_0_3_S,glasshouse_b1,3811,T0,R3,S,677.8596121552174,494.4903036937202,2007.1958951647248,0.24755472702397557,755.8432858138227,0.4207094819741526,0.4339957643087081,1.4502952482485885,3905.6977144832335,320.79866204241125,2711.2633973231514,479.9608381662687,1478.6240550688026,112.82743236885753,94.3313627559731,669.663129034885,88.28301722661695,332.46227888117835,2104.9867091603146,280.43672574140453,18.723567706762154,246.80042870050582,57.80821845051415
d7_T019_04.11.23,field,Gladius,na,R7,T,1694.7262452980497,1322.919973721234,6570.643811336837,0.19977137907275203,1242.9841752973762,0.21433779352676743,0.19134709546716377,0.766555258513266,12759.674565849455,256.1410615600609,4421.622686368101,5907.3323274134,659.8813711260277,3.9631436266486757,1172.613913296159,236.40144480262467,2.7466276199819966,3653.2030526965355,725.7141448319941,9.288860470335901,192.92041851930344,66.4729728217452,1.9024183284113645
d27_23_G03_1_3_T,glasshouse_b2,CALINGIRI,T1,R3,T,153.95181465373932,94.9217009649277,649.2373774249297,0.13475259737693085,237.94637923224693,0.4036093036757163,0.4322454684003469,0.6054754074249676,1236.7961452938082,91.79431280874182,851.7731919999887,88.0201493859971,558.4853541088312,0.5174097241211886,13.171446664919053,239.17969344213176,-0.7181957066058509,59.91355119768451,766.9102167366627,-2.4903657504428653,3.7163814530110955,81.26971661308896,0.6300648936081724
d49_25_G04_0_1_S,glasshouse_b2,Forrest,T0,R1,S,629.4183720663422,425.6407858659331,1502.0581661208364,0.2862967162158267,502.7345204130669,0.38726681053515544,0.4099373497197381,1.603196684774277,2714.6006425655737,208.18330455918172,1796.3327438449896,474.10771299122604,896.2541541675787,90.39581437224265,100.25794681947356,389.21824104213295,72.27100491968459,348.04076633403605,1259.5213354955388,226.80396391462713,19.67606066729195,140.00903983591766,49.05988726186756
d6_T012_28.10.23,field,Gladius,na,R5,T,1082.4010830135435,446.1686718643531,3355.985594141609,0.1337280156838836,602.94822987682,0.1984417678473536,0.18713647936544076,0.9306916720147539,6547.433028901324,116.33204387731992,2095.7104417363826,3116.6813731535844,214.18657779808663,0.7983275882072914,600.8210708975157,74.56335122567408,0.7324059537023032,1873.5395788733915,237.17338400086817,0.3873559310927064,93.19786912719812,18.618952608734965,0.9381128745153318
d09_14_G02_1_2_T,glasshouse_b1,5489,T1,R2,T,20.909881449426965,24.86776645303267,178.12875013311844,0.15429319965440327,46.46005345113028,0.4217964970759487,0.43579167034837746,0.5822658574555578,230.30102029474523,21.594536684760815,213.43535391262876,-7.622041319475317,142.976407371635,-0.24586812906829192,5.360188878148846,62.083121497986916,0.8490017537195051,11.008196313751336,187.51375590235398,-0.7043248781522695,1.6220093046625084,21.018570635824158,-0.12173071487110032
d07_46_G06_1_2_S,glasshouse_b2,3811,T1,R2,S,50.41653471791883,27.701887997746965,147.66520519799988,0.16543308177788352,46.237584191952614,0.38609314110286036,0.40967925756687124,0.9162201237743589,212.3440085721723,19.927480926568307,179.7651533879297,19.69202895540095,118.30065604353209,3.107818762811786,10.97411558954345,53.07360117772113,4.619395214249291,22.51247723085542,151.4296074293094,10.278192189417023,1.7775806116201203,16.622424402261277,2.893520474507609
d05_43_G06_0_3_S,glasshouse_b1,3811,T0,R3,S,22.601967857438478,15.82382406617575,70.60397512225134,0.20904384129107936,47.9438386154091,0.41691679735769255,0.43136609278096816,0.5969589360531631,247.06518670630135,19.023600982272118,117.61777539428822,3.6109250140257805,92.02885875902392,-0.46266022136081547,1.2084532204999348,41.58251231006803,-0.16822383184739118,-0.7837307800236903,128.12592282108594,-3.0367448890931334,0.6799740860606185,15.0307816191395,-0.1744215580716478
d37_16_G02_1_4_T,glasshouse_b1,5489,T1,R4,T,243.7120667685057,180.68342318180106,834.6175804160871,0.19862686661778842,303.87426683565883,0.38836284013436745,0.41092763372003405,1.1000715420379916,1618.6553590491562,113.15779982525738,1039.227889707135,189.3216151577816,672.1357154124552,13.945776038325977,38.342586397039845,282.78725162205876,10.423607107740235,123.90493847938122,882.8341671427579,37.47081272239501,7.921314926107883,95.22728898123003,5.823073266131195
d09_16_G02_1_4_T,glasshouse_b1,5489,T1,R4,T,35.44310941354879,12.219721853879935,139.9803872311042,0.10739357858768007,48.989042315919384,0.4167903374967468,0.4380160892236769,0.5996294422872002,360.5587466769106,21.66951692425148,160.72123710087877,-1.2818970215096162,130.59570668573002,-0.5820814594662621,4.603421002275924,56.875365144946876,0.15375592192933527,19.791721894493655,179.64085848280143,-7.4498657182718695,0.29529538323514154,20.190649189637423,-0.10810871173662781
d5_T006_21.10.23,field,3811,na,R3,S,1390.657874641534,580.6042665874842,4715.232731415248,0.12132378470701832,821.5371959812292,0.19429830120502573,0.18632111906980034,0.6160281379363596,9376.598352846593,154.60503937883396,2879.600275908602,4422.456102193303,245.8781379256617,-0.3871641314470789,827.8850208404963,80.44569390065794,0.07802973744762398,2608.5591491975033,268.03079195702,-3.163821261473049,130.78134152317972,22.76089071579778,-0.402885323686425
d13_10_G02_0_1_T,glasshouse_b1,5489,T0,R2,T,89.2507013200641,55.677037686198034,455.07023346889144,0.1485923902889165,165.96018421890503,0.4060311658038715,0.4356447709868228,0.9860568190784742,900.2171296232668,60.26422909765967,592.2357981099312,21.919668067312468,394.6267602934606,2.337203678456393,13.645738789167389,173.35466795674535,1.0126866691603083,45.60290638339487,537.1746147037102,3.298533222443158,2.7397523635240266,58.80094713471586,1.1274207416337305
d49_44_G06_0_4_S,glasshouse_b2,3811,T0,R4,S,2158.2462640325343,1853.6646116602906,4345.73131612222,0.4301140185838811,1466.9938410258167,0.4043896706896606,0.4108615451842391,1.4934734455448075,7816.893454524219,674.5938224295178,5562.02044740717,1424.4232925558424,2399.2749262785032,485.7459921780224,331.59975837034534,1075.7320692453977,360.7838909574909,1037.804996678538,3386.246352567889,1141.7618868451943,64.48259508050853,393.1678630698047,216.64095115336025
d45_35_G05_0_3_S,glasshouse_b1,Hartog,T0,R3,S,988.3536314735898,768.8338978105999,1822.860850974227,0.4190525573236714,609.7453710762954,0.41176016019205014,0.40929396803339885,1.8133327816006017,3313.763129352194,307.9981693103149,2408.55011742938,588.5238994946327,1039.7284492352742,196.26406098067704,127.4311808942115,477.1432515874064,155.62864045972185,427.2700458843686,1481.757406324678,487.2235660540267,26.104506715417806,175.89239389655356,105.28609851927706
d15_18_G03_0_2_T,glasshouse_b2,CALINGIRI,T0,R2,T,96.47466159254817,72.02799218492228,587.1703038918781,0.10610783749059058,224.39546299805974,0.4093771477300974,0.43665935181821397,0.916757218613485,1160.4165440258296,84.30229589324748,771.571136942509,83.87681260652371,532.4441672493894,3.291281151679868,16.454485223515498,225.0911142634717,3.5847086383981055,51.03335161465547,720.4136583781076,12.571284237232176,2.4472308723582383,77.17949198837279,0.578631838005121
d41_11_G02_0_3_T,glasshouse_b1,5489,T0,R3,T,326.77200863899077,225.17355011254415,1127.6848799198262,0.19830804078427786,395.80023096777944,0.3910181082059653,0.4115819938590303,0.8854343563536953,2198.5991913440216,147.6698441288629,1407.2152090454674,248.04615461116546,835.8707389921535,25.19474473565813,58.71675402651976,364.62727465927026,17.231661140973273,185.54324489585716,1144.1718698229142,52.863800250109584,11.6200989968906,124.44160651061821,9.448121115420237
d11_42_G06_0_2_S,glasshouse_b2,3811,T0,R2,S,105.94853180472737,49.83657306344044,322.2922517904036,0.14113686204161652,116.74201219110802,0.3961577757475982,0.4115224401003864,0.5978002615089175,732.6652542688056,44.3515375832068,402.70046999242425,91.75229697707127,278.1700531056361,0.3236630596438013,11.324543875351074,123.99354797665508,0.017710312892730375,43.92366077673687,391.3087243041091,-0.09155645333408327,0.9100965641396941,40.90625766966898,0.11769663858890439
d37_21_G03_1_1_T,glasshouse_b1,CALINGIRI,T1,R1,T,269.29550734788666,216.2105359186959,1122.7946762285665,0.192195306484703,372.0283483111032,0.3847248042428979,0.4087916850956512,0.8697300608241555,2082.915185736811,135.73939824453512,1362.1927021080994,228.75123972342718,862.6372239268112,15.116577470893583,61.65441535786297,361.8300637480406,11.990651930608154,199.24965355021453,1098.631011990673,34.454271514813996,12.91547469761965,119.61596902556717,6.314003897257021
d09_23_G03_1_3_T,glasshouse_b1,CALINGIRI,T1,R3,T,65.23445415608339,59.396172109098515,232.57847100004648,0.30599084693494133,65.5590994780988,0.4102862939008101,0.4353882929330462,0.6275404341020181,308.86661913353925,23.22860812467613,229.61057829538106,27.22396501405257,163.01739719941196,0.3011958450511197,4.729136744898789,65.67207051602448,1.065366245439073,39.64612347950657,220.3064156963321,3.9833063789564704,2.573452611074136,27.04335298250649,-0.05536498113509333
d19_25_G04_0_1_S,glasshouse_b2,Forrest,T0,R1,S,59.746842132310356,31.082579569353094,309.2626435695381,0.10145640579079097,111.82337822083753,0.3995862110845838,0.4365107252682758,0.928787297960242,722.9297092027593,43.20081423055251,425.8498576098484,59.336824572251544,270.33943640385513,0.3096165812911522,20.154992915594576,119.13737488038362,2.2470185833733707,37.14982097698989,368.4788785855652,0.097778062017702,3.1915843635057377,39.773616871875184,1.3488026637826558
d31_38_G05_1_2_S,glasshouse_b2,Hartog,T1,R2,S,196.67790944492842,104.382324286067,577.289009336796,0.1744975501063882,203.21674681465015,0.3806297065158018,0.41077431076632454,0.7745192197295102,1229.856277111864,76.42112196930566,717.8892517696995,154.0540997381443,449.376222806813,2.4051963047285976,35.468228564734495,194.56599014707797,-0.20675547734452793,124.97952700917601,609.1844974673586,2.5273236373993035,7.1223293467733475,67.23501679471708,0.8143248346493845
d5_T005_21.10.23,field,3811,na,R2,S,956.2534266362426,294.9320860750851,2681.1987576432302,0.10673353632101992,473.4871823190845,0.18946264708896096,0.1890206729659462,0.5668941630341531,5452.931185972637,87.9312361268358,1638.8835448617824,2608.739623792517,136.58807670847733,-0.1751799569191501,481.6844020623155,45.90571527760567,-1.1070644079489471,1498.308096271516,119.85397676448287,-3.197246351833021,75.90431656740245,11.003441033295601,-0.07675404895120225
d45_38_G05_1_2_S,glasshouse_b1,Hartog,T1,R2,S,444.9175925795287,239.6186336337516,923.3064714187931,0.25573517157220316,295.8378920905281,0.3492498729750606,0.3261742726190137,0.9763301066911185,1864.641360078856,108.54906219509441,1048.262335488679,372.03951667533886,549.324657605732,23.955492004317296,77.9246037819729,229.44154723609492,16.89602118137894,263.7975239185394,714.0561957597009,55.315164189032814,15.715276171474605,78.05872471650986,10.630157066085578
d33_12_G02_0_4_T,glasshouse_b1,5489,T0,R4,T,283.554181011783,213.08125496078017,1176.505199032797,0.1822581583795748,451.14332646416744,0.421792200664671,0.43426721395853374,0.9284793319610729,2247.3503599755004,172.779911228271,1532.1910310521434,135.7066957285789,1025.1954750162788,20.82155749834053,27.171487174498033,448.19293228502545,14.697926536363925,95.66182080056372,1409.7221469803267,41.93834736731734,5.213734307504513,161.1088759331716,7.151239643145734
d21_14_G02_1_2_T,glasshouse_b1,5489,T1,R2,T,51.95957667297915,19.614248106828928,463.68835600081627,0.03292577034706557,185.65794675529725,0.39840101019153285,0.43803552418612723,0.582960198824601,897.3453001202689,63.19397243939845,633.9622760896973,65.79906579999064,445.2970644378444,0.6333779329480113,15.656222749408402,190.0228080491588,-0.11356239446076451,31.161591853018898,584.2902399628675,-0.3462235367757742,2.555588471713312,59.63889943085741,-0.6058740983765658
d21_16_G02_1_4_T,glasshouse_b1,5489,T1,R4,T,69.65951383824806,36.69769105515729,374.46424090951973,0.10190784844238447,147.66519245273784,0.410251680965016,0.43370692111437004,0.7203681672248367,746.5787424663562,51.00178443207234,513.238995543555,52.532756079685235,377.370270920255,0.9537556733740714,13.76738988996997,152.97062592801495,1.4119934262796776,13.348399638476435,492.2497751031805,2.742070766832198,1.1648695074200561,53.02840180462867,0.5732739771451508
d33_20_G03_0_4_T,glasshouse_b1,CALINGIRI,T0,R4,T,225.86065342778252,165.59770910118476,1379.1210964869324,0.1243198761111159,477.7228940263822,0.3931432125348798,0.41150692926881866,0.8770590921853831,2621.8712674196813,170.71706819627465,1648.1500686690758,240.66897162134492,1103.9820447011468,10.370688769620513,54.45808976818965,463.87398307093713,5.856705850941717,191.70391080317756,1442.375794266139,18.56002015104451,12.706306759040611,154.41946760146521,3.4631684646320298
d17_22_G03_1_2_T,glasshouse_b1,CALINGIRI,T1,R2,T,52.63537114817111,27.99025622014215,463.11640670844787,0.06053840357507608,159.79428255089027,0.41449182146357383,0.43557948132444163,0.5830252585701929,663.4348751754513,59.56402251937845,558.8104790244315,-14.365868261178598,405.5739818173058,-0.6828215033715166,17.571194482441754,174.17962689695415,-0.6967356179936289,24.64155329772382,558.6344588648183,4.502862783473241,0.6222217410119103,57.43903448914918,-0.7733554671281363
d6_T009_28.10.23,field,3811,na,R5,S,1282.4043975986735,815.8031373858257,4499.668461368243,0.1778373066370446,853.1976160093467,0.2092523347571247,0.19074135585982607,0.6837258432943338,8862.075793647628,175.16511089673952,3022.150844162359,4112.468489147745,444.2738444230741,1.8902415912300041,789.780903880559,160.78983415896096,1.529198068868209,2487.43528582458,525.145824885197,5.061870169569002,129.56063522496663,46.592868732429,0.8935859934826149
d45_30_G04_1_2_S,glasshouse_b1,Forrest,T1,R2,S,230.26682955690174,105.51276637815346,530.1920827029754,0.22329721524497084,158.30554441561162,0.33846955840115517,0.3238347687464221,0.7882840145084244,997.9870841857198,48.75407142354063,520.5075851918008,245.34639548909502,288.5514095518166,3.5945053577535835,49.74025757273331,124.54148417852089,2.503169502693014,163.35728479557474,388.95913809931335,5.757674040201198,8.452551662940788,40.09598333519203,0.3616989052834625
d07_12_G02_0_4_T,glasshouse_b2,5489,T0,R4,T,58.87545294719329,46.04387427225964,212.19871605360697,0.18070684099924542,94.95657718486524,0.42118535131320095,0.43481397980075054,0.7196596107349644,492.1828652863182,32.11073938508236,319.95925314447226,23.738596518445668,210.96823250234425,0.7300612175242676,3.239487516110011,96.42574022200272,-0.7023762585621971,6.000931690246819,305.2396277904745,4.362321241660214,-0.47217967372480973,33.821237474090644,-0.9353758404470108
d29_27_G04_0_3_S,glasshouse_b1,Forrest,T0,R3,S,139.29436643981936,92.5353123216535,633.9846044911056,0.14578707244759187,228.8772266857752,0.4051205315107673,0.43448744652768,0.7338337711415067,1202.7230706075898,86.84948938167058,807.0240391656117,40.502120473458746,561.845859066661,1.9880485041683462,16.342474167910392,239.0308510622665,0.8676515920429901,47.01521249306159,757.9634046073905,2.8761945430329683,3.721584097965574,83.89729330797456,1.298738461279485
d5_T011_21.10.23,field,Gladius,na,R4,T,1292.3653573615163,615.3804705231412,4516.248064850903,0.1426738657275708,791.262576945392,0.19722306371520168,0.18824881503624097,0.8519492417606771,8778.257217551165,152.96443100092168,2756.4344450060876,4188.454211244859,285.55784385666027,3.1483593422713065,779.8892367184535,98.84171928823491,2.662586835619994,2457.50624777792,329.4219059023669,6.357598507833974,121.66459602528428,30.21742066124974,0.7370130466250496
d37_18_G03_0_2_T,glasshouse_b1,CALINGIRI,T0,R2,T,303.77692021076933,203.85549732436112,1263.4418819426526,0.16664813496167757,443.6640739934635,0.3972416955409159,0.4359957661731437,1.0386803925081594,2348.8301446972073,163.95543334153976,1586.702430822131,265.06018241165407,910.6169843812073,25.73244433877433,74.27186177444833,402.8841871916818,16.492749585211694,236.02962854611346,1259.6009826369623,55.506439182903264,15.607995515062498,138.59272499091614,10.027493526426465
d41_20_G03_0_4_T,glasshouse_b1,CALINGIRI,T0,R4,T,463.34623702058184,359.62683571795156,1986.012157891836,0.18200016760113583,733.6444088258961,0.41409773535424493,0.4346777206783892,1.0230052293877248,3895.3015358393645,290.23821398949303,2601.371498221153,327.2808480711889,1563.7062890996872,52.13426400252997,87.6389978414424,699.0255936856373,39.647460593674886,251.6719631481197,2195.4863647497223,113.74486996842222,17.57434241796768,249.62418280708732,21.887811032254884
d37_46_G06_1_2_S,glasshouse_b1,3811,T1,R2,S,212.3985932501222,119.70275083687595,806.0191527900809,0.15799898142630048,260.1557373808259,0.3583940999516138,0.4113702048022518,0.723045201632547,1516.9284271617255,86.63340049295455,904.8065801447734,233.0214507009886,563.5201892608774,1.0602156095006112,58.92135305365628,235.8754665957518,1.4540920177426595,171.19613199310731,727.4450542388207,2.58543590117971,11.305969693001947,78.16627538899306,0.28302738133023236
d31_22_G03_1_2_T,glasshouse_b2,CALINGIRI,T1,R2,T,129.01107107118978,95.34538381696521,802.2819269718768,0.133763697036608,282.9415945153159,0.4007063673578121,0.43582677588963237,0.5810224628692275,1504.6506348078124,102.04029600115783,987.7680753956474,97.71206727192724,692.0390580307369,0.5996218876888166,16.511265953132344,284.7073715072189,-1.0176273838651166,59.56237712074923,904.5432846514892,-0.1838660181248521,4.650357405091302,97.65626037929749,0.6525707266949929
d27_42_G06_0_1_S,glasshouse_b2,3811,T0,R2,S,252.39318343097713,148.12324287477404,1004.6794938886223,0.14913171192756872,375.4346528299626,0.40886340458591974,0.43538742584515666,0.8745958306804291,2045.0695277644327,144.75047432003146,1287.7946671873794,120.4066984728896,850.0462460832782,8.606441440986849,36.120487326240685,380.16681786022474,5.6032932766868635,98.73156695274359,1182.4276944073106,22.632734738851887,6.029289924546132,132.95503310197154,3.205629763060492
d07_16_G02_1_4_T,glasshouse_b2,5489,T1,R4,T,43.45339561651516,20.86521756488965,119.92987857925152,0.09588662019210405,41.21131933215454,0.38568937700642714,0.4359221617242864,0.6612817167995297,196.3898568057967,10.350041462976716,120.19713115993765,18.87063554189116,70.4203032452818,0.8138205482615659,6.177489950693942,33.07345517229924,0.3783716453556086,25.46281015050255,101.63326113356749,-1.0369175512210818,0.345380570903309,12.085380200027235,0.10458949999723853
d13_15_G02_1_3_T,glasshouse_b1,5489,T1,R3,T,42.53438625586425,25.847003513189474,204.05497770403989,0.12325759853391724,81.7304251658576,0.40811736386231007,0.4359216227773331,0.6497824682660458,405.7500668295848,31.702853924783625,281.5894033408879,60.448806681767934,191.44374391333608,1.0099931043809445,19.293216121220254,78.4726642900388,-1.6978456572406628,19.878038593830745,252.55343957683587,-3.7785626430043173,1.4633524604447954,27.957821566481762,0.20117685071570193
d19_40_G05_1_4_S,glasshouse_b2,Hartog,T1,R4,S,46.29803851579162,20.199503959839063,302.2735706546344,0.06876431572078207,117.21618836545721,0.40907575840261157,0.434693466231324,0.6230172444771952,579.5135947974554,36.761963299060305,380.7636711947294,48.07705586958182,266.48001276420956,1.25409596893869,7.716634707209225,106.92986977647931,-0.8798856366626585,35.165700527897556,342.84700806820535,1.6066621725752714,1.8407396015369217,40.50273693562017,0.7962565277663405
d35_04_G01_0_4_T,glasshouse_b2,Gladius,T0,R4,T,472.81988961497615,407.0313810712863,1340.0047436714228,0.2924926141715547,497.75002127696115,0.42565250304278646,0.4355996104569935,1.6014072803419022,2602.65569549465,224.95363578180022,1864.207180885449,241.2920786156365,1035.5168267274123,81.71490026255171,58.32670038456832,460.9532212096334,67.65307415846466,191.80276951032334,1426.765561602559,216.92973624817182,12.504552939131797,163.45826520845824,47.998240668218294
d41_16_G02_1_4_T,glasshouse_b1,5489,T1,R4,T,363.719436772565,265.6199462101624,1070.471091991753,0.2530975764304908,369.0974193472982,0.390369383127156,0.4120365824801581,1.089274002424571,2011.1559239532132,136.36510742559395,1332.579555839549,195.2802850440155,816.5792257772404,19.802109484330455,57.539027811818116,346.82058087018055,15.593837627021866,165.10994452916432,1083.5043708479286,45.09937688101774,11.099418626336062,117.11126549158533,8.459945822875621
d27_47_G06_1_3_S,glasshouse_b2,3811,T1,R3,S,136.20091317647575,72.70587024079657,454.66491012825935,0.1469326618901095,164.66941254586743,0.3743896181469795,0.41121255526915157,0.7379892186893384,1059.8785667600523,55.26271011648724,566.5688170813635,90.70928990395177,382.753288031336,3.0115364309769648,30.900432967866756,155.41833883034568,-0.8211780234778647,88.0987376428969,473.26094318098785,-4.220541088064216,5.350229082112795,52.01566643271429,0.04299483896378453
d05_03_G01_0_3_T,glasshouse_b1,Gladius,T0,R3,T,37.92848548011514,31.66424399783617,167.642731908994,0.13115191891330488,71.9399465505191,0.40787317261980527,0.4376576133744258,0.7333300752918471,310.5703419075085,27.39280263107696,241.5136921215015,54.68930725134334,146.9638966471953,0.8381856429933002,-3.393119433753034,67.45846454769493,0.34700779520571723,17.2148635726093,181.60236279140838,-4.898004741234415,0.6400189991461935,23.796879940285244,0.0422776112265488
d17_27_G04_0_3_S,glasshouse_b1,Forrest,T0,R3,S,74.42500524402958,41.21994391564108,353.8273756541293,0.12951886123059123,129.28565211441702,0.396962052815154,0.43396419830342786,0.5751263070749373,781.8989286280146,48.31510090578337,446.5642256682714,65.96150979145354,317.0156844951629,-0.2758496396871911,16.561953556109017,134.4021154163773,-0.18580929288780737,51.550175099091874,386.8919361949125,0.9554790248040129,2.6085609201261235,44.17846421370903,-1.1894569248964701
d49_36_G05_0_4_S,glasshouse_b2,Hartog,T0,R4,S,1276.1767377351903,935.9651691872767,2661.0000532840368,0.3540077729573003,888.5014865904951,0.4152996304987105,0.41047362935941656,2.498389217546397,4802.829291487522,509.25750417966856,3454.022752199681,986.4914469539863,1415.78464794911,273.6025697330969,198.82963099698537,635.3625659001862,266.3418282189283,626.7941275126648,1980.7308843099381,842.7817439370094,36.8852674434522,228.43196040889995,242.2977344576257
d11_34_G05_0_2_S,glasshouse_b2,Hartog,T0,R2,S,112.91940149453642,59.73724494464014,449.37623245329684,0.12313906703225667,197.32558337402122,0.4193019321897697,0.43488647388055,0.9688777492035366,926.018492766679,72.38803123960126,603.9568789285242,39.943609770391554,442.79076395682216,4.250473582415258,14.373243115151123,198.92104837805556,2.577442869781805,37.830591932277684,624.6708020516552,6.091233524604352,2.0015365562995506,70.16095446290933,1.5709348756130592
d37_24_G03_1_4_T,glasshouse_b1,CALINGIRI,T1,R4,T,159.5722125311986,126.00499502757674,984.1279313603568,0.12840700607705455,341.3506168045753,0.38825836464702357,0.40970517984546345,0.8075286269778396,1917.3888435235247,121.77303443906239,1200.872290163289,194.88291047240622,778.9243627018906,2.7564459862632313,64.73105083250906,326.60108477121565,1.865136346398903,178.0799384933422,986.8884468477266,11.321884456816495,11.450998950819109,107.82802752511621,1.9769369385319902
d45_39_G05_1_3_S,glasshouse_b1,Hartog,T1,R3,S,363.1963046709499,221.5228323111902,919.2344311399535,0.24351943126655282,320.06399313759664,0.3918111579715143,0.4079447312848151,1.1603515798905961,1827.4905568175855,123.69262215385619,1132.923070071317,218.76954625271938,667.942587494804,32.56813692208152,50.648586194495984,287.63408937615463,24.89550675284257,155.76195022210555,878.0259611845676,74.93068440816778,10.031714643488142,100.12997489422153,14.1211437525293
d17_35_G05_0_3_S,glasshouse_b1,Hartog,T0,R3,S,116.82011723138683,48.34307028957535,362.9363761585755,0.1438093158920251,129.85718867809535,0.37992588665745675,0.4115961695930091,0.6455099904041597,767.9709132701012,50.8814142498598,444.7332996186995,118.1708284705872,300.9722289120908,-0.051331168709486286,15.056910275233783,126.74056651151655,-1.457865264229549,77.14084866872071,402.14952843658523,1.037197659699451,3.4989374807208153,45.42039897738256,-0.9735750675879853
d27_04_G01_0_4_T,glasshouse_b2,Gladius,T0,R4,T,255.52538060373385,202.20467565282053,1081.0562392013555,0.1827154323629957,406.3499666677349,0.4085126890740639,0.43499951717121876,1.1043534927409475,2127.948163183363,149.75682407578773,1389.3066057665822,148.84993156284676,893.7629160356187,19.733556151082563,45.567465308945295,389.1860934398489,12.53514611089988,117.8242068133566,1242.483466467708,42.07426687409194,7.559698266740306,134.7720334403509,7.841806495791835
d6_T021_28.10.23,field,Gladius,na,R9,T,1162.2792080610607,385.5801553065611,3492.2759125065913,0.10903854518768702,630.0344350034834,0.20319950687233573,0.19022217900299396,0.6229946518367283,6993.170237356739,125.96069560812779,2230.4804555187866,3305.2105608756865,241.60830635421232,0.44594187272159913,628.917250416348,80.31895215023657,0.5941106249059638,1960.4452544581416,266.7500666265944,0.3035489028335569,99.68559963056119,22.461745800524522,-0.8482795674439333
d27_34_G05_0_2_S,glasshouse_b2,Hartog,T0,R2,S,183.02036588066193,108.06184761987882,871.1435419464641,0.12870734924131472,304.1713469722747,0.40202175004846513,0.43614443637583633,0.8206453366560571,1702.0916455628935,114.45993689889606,1039.3619062523644,112.0146379926193,714.4802352029401,8.09919568453434,31.398416004687583,306.82807647869475,5.72709406206857,85.46565847033742,974.800440396848,19.826257446483044,5.123683765589388,105.2365353329092,2.9949880451181436
d25_03_G01_0_3_T,glasshouse_b1,Gladius,T0,R3,T,140.5445523153945,93.88877969630508,822.3706758083124,0.10783719616640033,301.42068136222696,0.4127926628532905,0.4346480922548919,0.7866558069047139,1533.3963281761428,110.24041507920923,1023.3020673206039,74.02680988965217,703.07471347765,7.4390462662733965,31.42234464057689,309.09447645677795,5.110753763917109,74.05563215919383,975.692703094235,10.753604350053973,3.3020595620289552,106.19493936775427,0.8782206618731911
d29_20_G03_0_4_T,glasshouse_b1,CALINGIRI,T0,R4,T,198.247674933205,144.79573218659974,1154.1455224325975,0.12686981243004833,421.5806899581077,0.39637394362191525,0.4359831296682467,0.8462571723292772,2237.1090415742697,149.28223001160924,1454.6708799671,168.36983735299688,970.471315678345,6.870673822784776,50.87828326538674,407.630175416631,5.331906285672997,173.13057557351016,1266.9167372509005,16.149630040776152,10.717980966795079,136.00509423223988,2.750980386629458
d49_21_G03_1_1_T,glasshouse_b2,CALINGIRI,T1,R1,T,598.5074288947127,463.9381848862477,1642.906262563742,0.2762085968809636,551.0394043474713,0.3726724713271583,0.4113789886476768,0.9764889585120301,3213.2184198840578,205.1698291518418,1967.4470615470327,485.9381692972673,1148.7426272817843,28.052775647991115,125.42269734366796,493.0521460095784,19.55561850967572,387.0970419729508,1562.4863708362536,64.72136542584391,24.87463682240297,168.84767444982185,12.15082495947331
d07_35_G05_0_3_S,glasshouse_b2,Hartog,T0,R3,S,30.81329431941292,19.437347676013033,91.55961537202795,0.08325879101334527,38.32635285523842,0.3480377394985583,0.3271228230750839,0.5861102091125772,276.55796512035397,11.20119504189892,120.65265241447644,18.72975993123839,90.17691652443354,0.5639990535119724,11.042495783291644,31.96418221749162,-0.3797854543788185,50.03806554284821,110.38179081824316,2.16271100024001,2.5696139869164987,9.852619940980773,0.51349913058532
d31_09_G02_0_1_T,glasshouse_b2,5489,T0,R1,T,266.6719773275981,159.82897172481054,994.801518127718,0.16137319165993816,404.54878553041414,0.42484210092883995,0.4350658980185099,1.0221114441481856,2077.6646485336155,160.0776197504336,1377.7619418981392,154.93428252288558,871.360828904944,21.46600082825462,34.66012497628497,393.9480534761782,16.434574114124352,100.82182188440603,1224.3617752105183,49.496287939435035,6.614229714412112,143.40803611963176,9.122949010683206
d09_32_G04_1_4_S,glasshouse_b1,Forrest,T1,R4,S,34.608769392709355,17.411633078114747,88.9414400460518,0.19357826261946923,27.874081683709466,0.39210887208850526,0.41033390040488665,0.5744812284288295,172.76373660996262,12.151750700098331,127.16738896651805,21.070566485069875,76.81992431077266,-0.007264305769893223,6.481313447906914,32.377465604623005,-0.34899883388405367,5.606620300838029,101.60895282960614,5.1559852883151365,-0.12874085137281954,11.540802356935089,1.2667334376246384
d19_20_G03_0_4_T,glasshouse_b2,CALINGIRI,T0,R4,T,124.51743876264013,75.42667293895876,774.7720025830106,0.0950835505756562,258.10603203419913,0.3974062985328936,0.4359955142487056,0.7887940935776728,1393.4683761749432,93.66273022323945,888.6403920436818,98.97850441448094,614.8225846486976,10.133529183179395,21.834342251534387,258.7865505765653,6.064171991309079,83.87679452389636,792.5746869167759,22.2173681029643,5.996787578762372,86.09470704249236,5.602471755355779
d19_37_G05_1_1_S,glasshouse_b2,Hartog,T1,R1,S,87.54854834249741,42.62247350023208,274.980396236939,0.14670607782097678,106.20176453910202,0.3868372940293411,0.43675144519872794,0.5997217107271593,544.9579603442883,37.985382275603996,327.2751892556676,89.69457723856388,213.15971196047317,1.0803551097256918,9.490775375725196,100.96950397080407,-0.9003033362841649,41.48307261859306,305.09267973312996,0.5813069373705332,2.268497352421904,33.1624374405443,0.880651303589762
d25_33_G05_0_1_S,glasshouse_b1,Hartog,T0,R1,S,153.9301888160013,61.906326496527434,541.1829192695777,0.12429507716676257,198.4031338036547,0.3895184420471337,0.43572466060809256,0.717377462716169,1132.8912819137342,71.90129698493801,693.4221859730956,67.79341016353601,450.9987042248022,3.0835656855590052,20.492451587377655,191.39370598997755,1.3692332075163631,83.35102974968831,590.5734830535389,8.874660502920541,4.651957183272564,66.10786150032692,1.3417079467981468
d31_27_G04_0_3_S,glasshouse_b2,Forrest,T0,R3,S,129.81645672772228,78.19892950234575,660.6782325612807,0.13451929114390412,229.61422944730305,0.39894081191459174,0.4341866058674176,0.7316011236789791,1259.5567371316808,86.44817187473625,778.9962575805478,92.79980176715617,563.6390450291372,3.4442519404374057,24.119433812062933,236.3754528071077,1.7590843172459687,60.47654681018817,713.7534484649648,1.8937851428599255,3.547848748010922,81.20279499848799,1.1297348579379234
d19_40_G05_1_4_S,glasshouse_b2,Hartog,T1,R4,S,47.771457425863254,19.112479568791585,276.9966650754554,0.06965700397732945,112.99188070474398,0.4086594376446946,0.4355468862483917,0.6160542393598641,527.5351027884614,41.66222215521595,384.99916103435896,20.657294345162434,269.304249647523,1.0151100795038128,7.450565002559857,111.25844197057314,-1.33236975499396,52.5149160202473,363.8028268328589,-3.222908440205892,1.1456973668033301,38.474450925929084,-0.6986805742957273
d37_29_G04_1_1_S,glasshouse_b1,Forrest,T1,R1,S,144.0793991513016,70.73092258061853,411.8704723490468,0.16731140369847672,141.01074051845086,0.374810111907684,0.40834444156239963,0.5776950120014193,776.8745650073105,46.649748886724794,469.1847379332264,84.2641187212423,305.61043936631165,-1.216057494842809,22.191890144877753,119.92363547154406,-0.2397967050663752,51.64959431646605,402.1889235719533,-3.8832784610685165,4.687298072173708,42.4799285514658,0.082471826897863
d27_09_G02_0_1_T,glasshouse_b2,5489,T0,R1,T,197.8989403185174,135.27335052871766,921.1508538902476,0.1478230120978219,364.3620025015599,0.43606435307746544,0.43564113431267437,1.0226428748714393,1826.755848762285,146.46650877698474,1277.2409974004693,44.11213148883047,823.7444803257636,28.058762407232287,22.17351378796237,367.1859035562954,18.56894899022224,70.90792232328839,1144.8586103214377,59.83806474932548,4.234554387325474,134.63344262420506,11.180725604854167
d41_38_G05_1_2_S,glasshouse_b1,Hartog,T1,R2,S,304.5112551068683,157.30940050992598,736.7700297517182,0.21406620460299863,246.48549553785026,0.36023044686099476,0.40945191808818115,0.6472618619788804,1470.357959890898,84.49388446404059,884.0827931701639,239.0699881343707,510.0173707610519,2.2875044104922244,47.77568248349037,218.07080458808815,0.408106965623325,188.2880440864657,673.9782452507188,2.386873019772924,10.311679461776437,73.54908917979132,0.05030133788113833
d17_01_G01_0_1_T,glasshouse_b1,Gladius,T0,R1,T,136.6619698874162,98.41897191009578,531.8947884868838,0.17360048605382236,213.08230000040055,0.42707958445683897,0.43622388632550424,0.5929258007853568,996.2960265405571,84.2249857578334,727.1214680733889,63.46378477865271,504.0077902805275,-0.4843502036183212,13.68707114695815,225.7004245473755,2.2574664023795536,53.963915872383346,716.1134712025192,2.1497531179575384,1.4029430204214417,81.19896414239193,-0.11297905876967662
d09_36_G05_0_4_S,glasshouse_b1,Hartog,T0,R4,S,110.78322309639523,69.44421417219668,348.3314910107934,0.23376835463418658,131.95611469148653,0.39792718055317,0.41045490866506945,0.7770411388002284,692.3779165431569,44.911298634764215,441.0665249104695,8.772417823499026,308.2033372962876,2.806128678114309,20.85370078549913,124.83747171167349,1.1907195059424167,14.909278457252661,393.9215077508748,7.0175553073350905,2.20713885296839,42.31753952475016,-0.537525722364167
d35_22_G03_1_2_T,glasshouse_b2,CALINGIRI,T1,R2,T,194.44258288338153,137.50659700251077,928.1947810634607,0.14279014471607976,346.0824826092495,0.40328468793801125,0.4356574433528801,0.5644060133600693,1774.566440778029,123.38699562266633,1168.4017463728903,129.78723630649685,832.2041320845577,0.6653127829662326,38.312532225134404,350.86385285345784,0.6492032665242671,63.200958790573424,1093.7698422973365,-1.5053152207225835,5.434136465749594,117.41469578321622,0.6283898688464323
d35_36_G05_0_4_S,glasshouse_b2,Hartog,T0,R4,S,416.0308525949677,276.0235548764871,1121.449685984584,0.24670715694959017,393.8003433917645,0.3886548967791676,0.4351155393704013,0.9243295751311779,2116.962857817142,150.7098001006204,1375.250138598763,279.95750002579933,848.9509097353836,11.870580251404128,54.193032083275945,380.049035644026,5.7342854717875635,158.5969468273429,1168.2350102034904,23.90802248842492,10.47508328381929,133.42094071055791,5.33183008232827
d25_01_G01_0_1_T,glasshouse_b1,Gladius,T0,R1,T,210.40269087818191,126.98458034673466,804.8079545549001,0.1623335159178247,301.9497448763552,0.4153736490661647,0.43556587095055843,0.7812803700945968,1521.4554849288313,116.06375414916722,1082.6287955002606,79.81830759950584,693.6932112276521,2.0912026501466756,24.522156024991567,306.26352732791196,1.6939621713261144,75.53757553013948,955.879228224699,3.6269395902678543,5.096782185943575,110.206613980143,-0.010530327723975885
d45_27_G04_0_3_S,glasshouse_b1,Forrest,T0,R3,S,362.2693657642871,273.0759725746335,1036.0722343518025,0.26503352926216955,365.87285631998986,0.41453234811985945,0.4392329183767988,1.4357293041360961,1975.6375040259177,158.7858102438514,1347.4018096595562,211.84347975313526,747.9911824294379,71.61291367839061,61.12256287046857,318.06363919529844,56.74743504182555,167.0483845757606,993.8954927561812,184.18919691865008,9.280112692063856,109.32083988902694,37.049352900857656
d17_38_G05_1_2_S,glasshouse_b1,Hartog,T1,R2,S,104.98090789908902,53.77231708838981,338.0352336394989,0.11634111398851592,142.2775107443111,0.4050825021296299,0.43652270384983455,0.5855009012918738,769.3340988742201,53.61869458220572,514.1620750868581,53.753789391285586,356.4250033857693,0.1578389241555176,16.491525476016356,151.7479895801348,1.1089070439547517,46.68447026166821,480.5674981632094,4.3893476830406915,2.080912051203076,54.087568114480554,-0.15362091237903414
d09_08_G01_1_4_T,glasshouse_b1,Gladius,T1,R4,T,39.70678169376428,41.33222209077378,297.9536961122687,0.10151987235908151,119.63352824635594,0.4363150245513731,0.4339499038446156,0.8694633066077878,696.3740420164297,50.11556232149715,460.78767326727706,22.908813195649625,300.6130019636304,9.163887748924807,-1.2943645830980368,123.48827281387636,7.384476877433344,14.855166205943192,407.98152182867335,27.136656452464663,1.0907280034365947,47.16239266155082,4.456623375220946
d7_T002_04.11.23,field,Gladius,na,R2,T,1624.0617635369188,1256.151792126016,6178.055457110036,0.20258413654191035,1162.671015449932,0.21214504383671545,0.18722721710771995,0.8951831923465131,12073.599651092101,241.30984009204968,4138.197743845792,5519.0905756958555,658.8578526446437,5.7570764306461975,1075.6430807117374,228.55930240696577,5.457982511127084,3404.880891123877,733.9957513585359,5.828578568075724,176.1976085905918,66.55953112215494,2.9828749656332487
d41_48_G06_1_4_S,glasshouse_b1,3811,T1,R4,S,321.1250343935028,208.88011566178795,1028.6580588759527,0.20116154647136403,345.8000517108107,0.3763204873683984,0.411962734045649,0.9659177354855971,2037.0595215262913,126.1644335388202,1222.8230234839498,277.5287238080864,757.6855333027522,12.101942891984438,63.275718588467235,317.2901319863063,8.003465309295866,210.15713495275938,996.8208353011696,23.786914825906777,12.313156718440382,107.81714314084333,4.384501884952238
d09_04_G01_0_4_T,glasshouse_b1,Gladius,T0,R4,T,56.51294306426878,46.43122532083342,341.20917976085246,0.11680361711403393,136.7575460586048,0.4331339134048021,0.4389120468231716,0.7338551403115776,616.2424629223926,51.309184077193706,466.5489056065112,29.354505522528022,324.8274552568142,1.780002289438148,9.369409843494445,144.11593830733628,0.6389334562842905,-3.0696407598488875,438.2985713536376,0.1028048269206735,1.2205586833322322,51.66776905037982,0.21304605278054245
d6_T023_28.10.23,field,3811,na,R8,S,1503.3001980524266,749.8275003577645,4716.585067680088,0.16080132733131713,850.0573726351441,0.20180494874745558,0.18880011456057352,0.7224535241549029,9307.662165936228,165.06458913974393,2984.890199513152,4343.866903371255,332.2298228388175,1.5827218934476388,832.8742060342595,116.10821873224032,1.0739962682617792,2611.943136372073,349.1822544512632,2.9903379336489646,132.64443126686825,34.034632843838494,0.11853673727500175
d11_16_G02_1_4_T,glasshouse_b2,5489,T1,R4,T,24.671915597395998,16.94579165421052,160.23789332671902,0.10730269556082848,75.38903253745522,0.42763306745070706,0.4344643036210467,0.5821308107550689,291.09594312525195,25.12087782637571,253.27481359998225,21.80040652246175,175.94703595609613,-0.2178447804618727,0.3493274740495824,67.97195883744267,0.2062032774331997,-14.27063614392076,210.71202530264176,-1.8810797678693199,0.6451434604270168,26.877219579919313,1.0013864720620491
d07_32_G04_1_4_S,glasshouse_b2,Forrest,T1,R4,S,6.628154723363309,11.867428353804696,104.30748046079444,0.10796831548219234,24.046191802001143,0.3809797327406802,0.409020105894804,0.5881219446834335,128.58008500176936,11.974411293969435,100.55038520194863,57.73993336370276,60.98050484056344,1.3326997642739284,3.702947907364571,35.79769628609897,-0.004193706071343581,9.14501420018679,97.07660999792296,-0.24220625695050482,-0.3239503631660007,9.328435181618147,0.860682484388666
d07_41_G06_0_1_S,glasshouse_b2,3811,T0,R1,S,53.404287426752035,11.881828156314283,215.30318340453798,0.14578557714817744,75.35711942499957,0.4070792700655965,0.43483608579719735,0.5830497652076,343.46665732461526,24.89922478721299,236.1150580318772,56.6310829824391,154.80556723356202,0.5442073389697675,2.4700586070565853,70.68446006259956,-0.561304677035878,12.62435069790536,218.96300142579707,-0.07145565302568213,1.4429600675798269,23.373350832774875,0.13962219173443643
d21_14_G02_1_2_T,glasshouse_b1,5489,T1,R2,T,35.556517144249966,24.710504290441467,511.2222979025154,0.034247522235576575,179.14856139429884,0.3993848189295091,0.43285975085811423,0.5910296067786946,962.8899152076316,64.56169699280079,644.4029930720952,116.19722113527754,454.9275452942712,1.8870476125526319,13.68069710765379,188.0420414099061,-0.9778800872145165,33.63713933781635,576.5743800994776,7.569074299205705,2.4132332433075923,60.75241411405022,-0.8037123211150288
d27_21_G03_1_1_T,glasshouse_b2,CALINGIRI,T1,R1,T,131.91127924933167,130.01345816779371,873.9003947985386,0.1359503021815406,315.0070462931941,0.39155234721099785,0.43613326556783316,0.744663848242247,1761.9400502927788,116.81571821329123,1103.0901687025926,167.11708204223595,733.8652075902661,6.796134507325139,41.613112519306085,305.6287551722876,3.926110234426175,106.67384581279913,966.8547667193712,12.080524928722559,8.020831450929402,101.4195340854197,2.253772007472678
d19_48_G06_1_4_S,glasshouse_b2,3811,T1,R4,S,101.53368973908678,62.40699918699185,487.58533389441993,0.12170204595211805,175.33142273473513,0.3922916032160733,0.4376724881133267,0.588659459781285,930.9897756652126,63.38708518815851,622.9398158061455,92.8218008605252,423.9069576756585,0.5238420603516347,16.974306382964592,176.79146163397584,1.0895713328531116,50.5653368544389,566.4020448773285,1.9993168985596843,2.363752708451496,58.60283470974424,0.3091939933830952
d33_34_G05_0_2_S,glasshouse_b1,Hartog,T0,R2,S,329.54397178168625,258.27679233176576,1047.3676704747681,0.24954175749012963,392.4570021732708,0.41505665149684284,0.4342344425140279,1.1043534609799888,2034.5551034858038,154.67983893030734,1384.559024816866,145.6510711591245,823.7882080203043,54.35330267883393,37.66643672005702,366.5003990643885,39.62941292073489,134.08844816352186,1127.4461349875942,127.01844419973291,8.855443625955873,127.15024326167706,23.179785896373616
d45_16_G02_1_4_T,glasshouse_b1,5489,T1,R4,T,565.6584520295538,416.5638730318053,1497.5340009600782,0.2744334548870927,504.84901683907765,0.38810494829866055,0.4113383422865913,1.7408844713393292,2793.3390630826975,207.41574973141377,1832.9912921405805,448.3875327010423,1030.3445518911972,60.501280927954475,95.7488507949437,431.4438342189694,51.212022918645765,283.4401951056976,1349.9823750765734,163.9699337519911,17.717643657910426,148.5567458820337,37.66584824318991
d25_01_G01_0_1_T,glasshouse_b1,Gladius,T0,R1,T,200.6868435471022,129.61481601663775,823.6862760388534,0.16514958820368342,312.35330934689097,0.41576043890112396,0.43398880988725186,0.790192740843595,1568.4878283814976,115.16738604833918,1073.754316707425,87.85849239717803,698.6364763800077,2.768240623968996,23.503070311930582,306.24734250832375,1.0623327222518473,66.50537655723834,959.1413846718941,-4.951187124970118,5.054230866038539,110.26770262668967,0.8384453137326523
d45_05_G01_1_1_T,glasshouse_b1,Gladius,T1,R1,T,743.3356677651135,428.4484228762292,1842.5767961176955,0.2304230829390091,622.2416983681604,0.3722286844076334,0.41142539751071955,1.0513604892353972,3632.1338569018135,230.65601375584603,2205.6610771475202,631.0525510635451,1178.2381885675504,45.84357238922502,157.0016097846444,510.1581808056401,33.89692814689016,483.0318104670395,1605.3617631036943,108.73014594512013,30.799002460041468,181.82243748483236,19.486962713094513
d19_27_G04_0_3_S,glasshouse_b2,Forrest,T0,R3,S,98.5758600572986,69.85389823549352,463.69495059824277,0.1562215065516451,139.0136727105809,0.3941537030896606,0.43146675810352814,0.5698617861484088,899.60774649463,52.1897934143485,500.45964872584295,67.2467334202464,362.2713598731622,-0.15408090523930862,23.572238345364813,151.77748779403092,0.7326568752170037,34.790217278519066,478.46593707882545,-1.0966989422822715,4.184842358846315,51.97138664107191,-1.4671552872961235
d45_21_G03_1_1_T,glasshouse_b1,CALINGIRI,T1,R1,T,464.2378789060844,405.91810536297834,1464.2857864315074,0.277881938112261,486.28032531045955,0.37675943818617413,0.4101202220185468,0.9786600465540065,2782.8935165848875,186.13780844592344,1734.7917293726437,432.4611500592634,1020.8945537900772,35.57859938529888,104.27039842130797,421.4545100867141,24.068708635927663,318.3748286945705,1370.5038527661668,82.33563006605885,21.04798842837573,147.6037114528558,13.998651558667605
d15_06_G01_1_2_T,glasshouse_b2,Gladius,T1,R2,T,54.75211505983446,35.182370814804905,450.7468228258942,0.08440913294357003,162.458647827398,0.3893257196998605,0.40861446319443256,0.5796607168747849,787.8760497553611,50.83851685487782,546.7853243597197,140.16260340879978,366.5729931668944,0.41968125699980935,12.943879805175168,148.82015521356786,0.004594785155341165,52.586689991299934,481.81925367960866,1.7026248356556497,4.7891223757736965,49.854993641674454,-0.9566827244696676
d45_47_G06_1_3_S,glasshouse_b1,3811,T1,R3,S,461.2393783905201,251.80702999181486,1222.5515286941882,0.21025040303717923,399.79875934612886,0.3628557856464473,0.40904982819328944,0.9776848456704528,2355.2144648689396,147.53082984022612,1408.8464278247968,409.4994656377222,741.3752626517233,29.696738680747046,98.13532445451006,326.1960643733548,20.51847460989504,328.09094146032567,1008.854661944027,66.43765606963812,19.838042491723108,111.88275561686852,12.024182523191756
d41_16_G02_1_4_T,glasshouse_b1,5489,T1,R4,T,359.7606179115238,269.6656856511677,1043.2243523359446,0.25576399049514775,378.8650234690018,0.389838145027943,0.4105097680416468,1.108665367383225,2091.3355415296455,140.17668278014708,1287.6793512069057,234.6058823541233,809.0123381870881,18.896764798190496,65.29123643721684,341.51651678284327,13.517785785616123,194.74806847409883,1088.0433612678557,46.834716051113716,11.58526024715229,118.35473887141994,8.873064659201043
d37_10_G02_0_1_T,glasshouse_b1,5489,T0,R2,T,407.2968593786299,342.79723244237255,1503.3164172022111,0.22381286812195952,575.0382633514881,0.41197986959245736,0.43471980986795494,1.1151135756541042,2953.915975140514,219.62415609740188,1991.3860704262408,210.268426272521,1262.8646289339963,35.5014532128461,52.98607461509722,554.6236167599487,25.65680605840042,145.12449347260747,1738.718931771137,80.67145968248687,9.905551615609225,193.88273566785793,15.3390656242813
d31_10_G02_0_1_T,glasshouse_b2,5489,T0,R2,T,309.1349833132661,233.25132697762413,1277.8983961589013,0.18818483560423444,453.0868814320914,0.4085942320408326,0.43641554672195243,1.2143894169360783,2408.5152453497712,172.00690517795894,1586.1221446346347,164.66241880363089,1056.2304980040726,21.439576198637397,43.04395311462429,444.6509205377596,14.605187677654193,121.55367376582552,1424.2768723367165,52.53021056273958,5.816864946592368,156.61825871320735,9.98132031805152
d35_20_G03_0_4_T,glasshouse_b2,CALINGIRI,T0,R4,T,320.6667275640732,241.61363296890428,1535.1663100891374,0.16559986687501635,547.735264330159,0.4043703106551398,0.4338120396094333,1.1218631028537862,2925.9113035331607,208.8473303226285,1933.2635719612863,282.33640340075107,1254.5196960201488,24.07170963812696,64.29439433889085,535.8381550169992,15.60225005386577,178.96369651202096,1661.6387194719434,46.514167246981415,13.017834028711151,182.38225819070155,9.212824378747413
d21_23_G03_1_3_T,glasshouse_b1,CALINGIRI,T1,R3,T,107.14526983614837,65.6756839377213,492.2172420320017,0.14310075286073115,184.72528053351525,0.40155622519885265,0.43495569360410247,0.5843147011429417,905.9010019376143,61.70803592251463,588.9763005196318,62.435259688405054,412.82685848672935,0.6275162181572699,14.09376527593013,182.63401308861847,-0.6939217792156783,42.93243683250236,569.0253710351249,2.1492466136470885,2.6923025175192947,58.810399669626364,0.24345190950229706
d37_22_G03_1_2_T,glasshouse_b1,CALINGIRI,T1,R2,T,171.4501753929203,132.12224130021445,952.0516301231172,0.13869121630184078,342.12200398334244,0.39985285205343246,0.43718799851606355,0.6236490391483508,1909.0824627876166,127.15832425045522,1178.958963963092,142.6019106233571,819.2351868084648,-0.666700397898121,28.391205808125733,348.65578544875285,1.0239565372433892,91.626505140033,1125.150153308338,0.328514508474124,6.81752791719708,117.393184998671,0.36390841102357757
d29_43_G06_0_3_S,glasshouse_b1,3811,T0,R3,S,278.2029044681678,211.45013754099355,1269.3681835511704,0.16832056475739346,475.2191665695429,0.4167728695868995,0.4336672527148835,1.1729159806009164,2436.635817118884,183.64430679164397,1656.2459931924066,111.06373396954754,1101.8463516361485,12.850085837226493,30.270121169146364,490.44138844922094,9.497186026599824,99.61417950353244,1513.6632283731485,28.598499040057078,4.838379952810951,172.11911636247598,7.439360428953755
d41_47_G06_1_3_S,glasshouse_b1,3811,T1,R3,S,285.96064137432245,175.8269047122542,872.6798973387596,0.2112625450680172,272.6798255497834,0.3636802278094833,0.41156237734363066,0.9147346633762796,1706.6428769719987,98.4805235264026,1001.4327669657647,274.3867066773752,542.5434208317278,16.062709210040797,76.81813037853749,229.47240986009152,11.244530296227873,230.79269625110487,726.4895071808936,42.90859993492573,14.503473922335122,80.72414353290706,6.190851026927509
d49_37_G05_1_1_S,glasshouse_b2,Hartog,T1,R1,S,211.8129435108554,123.27200098152271,390.3301824157344,0.27887677091462587,133.1722725483251,0.3570151520485436,0.4106169095504843,0.7127559237774659,874.37245839737,46.736006203853215,448.3480493242232,199.3817301159013,268.3216182461323,13.393318851098876,34.5435073652651,113.80987128636883,7.2768717003462315,111.69888496037049,374.32503600902396,30.20901324730399,7.083876143564439,38.78832289755432,3.706793013268235
d45_29_G04_1_1_S,glasshouse_b1,Forrest,T1,R1,S,181.2046278099215,90.19563242849325,516.3231519976569,0.18165994347199835,163.53369928407218,0.37029573763203605,0.4096090805664005,0.8476436285941453,1001.1470295434501,58.13233500562947,594.3069094554044,146.30826009257677,374.28391044397017,0.5830752301113858,24.250841721086566,161.39791091268026,2.1276363573207617,111.82325510635023,492.6869219361479,4.340097103620803,6.402606855263766,54.21480216392649,0.5351150986198571
d11_18_G03_0_2_T,glasshouse_b2,CALINGIRI,T0,R2,T,59.348041921204356,47.77850378421263,458.1706538329646,0.10353949611669415,168.12851368437873,0.4093774149653725,0.4357137061929471,1.0263453921674472,933.020944991156,63.42639291196328,565.4686891634203,22.34277875000136,371.5326253976998,7.930450446816539,15.35179258378742,157.2217959041424,6.396816370067417,19.2463722562018,513.7106968523444,17.663460893724313,2.5149231795829556,56.056035675994124,4.310225841461879
d4_T017_14.10.23,field,Gladius,na,R6,T,1014.9443650150422,308.34162843829233,3342.649070570953,0.08903941232099667,599.7809284182235,0.19997262117213752,0.18868792274909932,0.5927067798651151,6650.659786933204,116.140970261678,2117.013169349324,3101.7660736828443,215.25915589005473,0.38539305690238285,595.5553098979308,76.70326762498495,-0.3382721698799428,1866.6753245691011,221.95352581356022,-1.3810257942876616,93.70207859853593,20.904157837834266,0.12146914087591715
d33_17_G03_0_1_T,glasshouse_b1,CALINGIRI,T0,R1,T,232.06282054185135,176.18760776432168,1150.9030549158135,0.15647016632343494,398.8613823460402,0.3899419866416259,0.4097241157657434,0.7786621872549897,2259.993998057544,144.8177289468087,1415.8480064100181,234.71294246062143,904.8698407891051,11.53507265099392,54.72937691060329,383.14144916439506,7.004656796784142,195.6949171781417,1196.449577711555,19.989529324484504,13.345883376945478,129.51240379258613,3.200781886591139
d45_27_G04_0_3_S,glasshouse_b1,Forrest,T0,R3,S,366.5821802154214,272.42100716987756,1034.244277973131,0.2637700551264712,368.92456436382685,0.41526078672671257,0.4351467001567702,1.4530777743937,1967.6792808256903,161.33311959792954,1343.622039037271,215.4896940897612,746.2184849704838,72.97989281284694,54.448172165657176,319.4905353285324,56.16453829727564,153.14432710122594,1011.0504622815713,174.6991719950728,10.659553367901347,110.11274598663121,37.76229882034801
d31_27_G04_0_3_S,glasshouse_b2,Forrest,T0,R3,S,124.88774290531894,91.25000542732084,579.9575730422721,0.13377195439254386,222.1972487995983,0.3987225652260203,0.4352386578431459,0.7212081441975629,1221.1684901773597,84.63656553639227,813.0604051070665,70.78224911203799,545.6563605021777,1.3211096817591574,21.26264426483959,234.15064108201344,0.273326048934719,77.22468350517461,748.0841306244433,4.52428158807521,4.3531239316642125,79.47910820531087,0.5702038290568887
d29_27_G04_0_3_S,glasshouse_b1,Forrest,T0,R3,S,139.4623397694419,93.10263542704288,621.3410765061561,0.14738898062542624,235.90938983640717,0.40315325145497405,0.43430249550268857,0.7230574124910442,1261.6999914314156,87.225671776526,845.0334396926092,59.782455594930695,561.0927641017587,-0.3655197382631792,19.86124888335324,241.46757927540298,0.16353589720619155,61.46978882371416,746.7102162712276,3.7280344249711614,3.925985062271362,81.9235314483019,-0.9315278443476949
d19_18_G03_0_2_T,glasshouse_b2,CALINGIRI,T0,R2,T,133.4142369308343,74.14521339541096,763.0608412759997,0.10351310649114778,258.4391791913551,0.3940070816335738,0.4330481919523633,0.7260182262406983,1418.3789953012874,95.15889946758564,852.3969813479512,73.99316863144578,599.3403451937586,2.6529732354456597,27.734805635415448,255.07433565260098,2.415656631201613,56.507676216255845,783.6960196983506,9.56115870673192,5.308031549011027,84.00987485568022,1.071513650700797
d49_20_G03_0_4_T,glasshouse_b2,CALINGIRI,T0,R4,T,820.6125956367923,663.7644720618545,2670.042690180019,0.25288866020397666,968.424046213694,0.4166571274917418,0.43473790290842307,1.61111345700634,4980.75281220059,407.5210560460012,3519.1820956074753,591.7148574734439,1924.0193998535628,135.64425287591834,137.8863923135522,862.3612780005993,105.24668155574527,423.74382178184015,2679.145203352941,329.4332569638989,27.45052566670255,312.27739984763144,67.34814616503694
d17_17_G03_0_1_T,glasshouse_b1,CALINGIRI,T0,R1,T,93.12596188095472,77.94275101234446,632.4805344778127,0.11038025936572692,257.9097811176652,0.41557186432674487,0.43642492490192636,0.877755623551422,1271.5986694484677,93.31478903411382,860.9790834121206,58.32771975599982,615.7116670063634,6.504488529715666,20.593221003174122,263.2805196832479,4.393149984681885,62.662726913454776,810.6402073975551,13.580897415534551,0.7155494471222825,88.6062134430742,1.6440801097503852
d11_19_G03_0_3_T,glasshouse_b2,CALINGIRI,T0,R3,T,71.49209549591008,41.41142859463642,400.89154409762773,0.11395359960391022,149.84929027651893,0.41436929009285445,0.43668006607189574,1.0293924798684837,808.1793791437763,59.59867801592141,551.6905742741579,31.27315519437433,379.21686500394884,2.034476260531667,4.248311791968612,160.7904962351228,2.3807080245920855,15.628837703362116,508.51476348746365,11.418307230421377,1.3478858162917635,53.53076489443784,2.897021115611712
d13_02_G01_0_2_T,glasshouse_b1,Gladius,T0,R2,T,109.16414947970995,65.84753114879548,458.38179344913556,0.14469480559023107,172.53532769467853,0.43967894161771703,0.4352715577363346,0.8538222525015375,887.3538334377151,68.35325868862603,633.291574611479,-38.49933555645295,407.7968278102243,4.128002902882474,1.6091044718053,189.3841567273318,1.7057599677241002,24.577421131990622,563.8344967695679,7.155139895898747,0.8201853352184743,65.25226745731783,1.7667383377476422
d25_43_G06_0_3_S,glasshouse_b1,3811,T0,R3,S,221.10565247535004,140.30227011731634,997.6567193128033,0.1440313698840114,400.78730236667485,0.42530103927380347,0.4361973473137482,0.73218008476905,1966.2623036481232,147.89379517945878,1337.4338819205213,86.96540277708728,899.9005752174735,3.5752848408083455,19.957536645507826,404.7685401851879,3.5749670979521837,77.60794592217297,1258.2587609060354,9.88641103559264,5.049651249314382,142.51735285906844,1.1817311428149044
d49_36_G05_0_4_S,glasshouse_b2,Hartog,T0,R4,S,1284.190422441434,936.8431380357049,2625.1823956210515,0.3525814880981406,871.7425800747938,0.41699174882858336,0.4112191677212819,2.498122806119048,4777.727050524954,510.39003907959847,3477.6489041591126,948.6393813584112,1416.522419475812,273.6280160218716,205.96116316985834,626.6001083193504,264.0479918748636,629.1496875555455,1970.6968789610942,841.1466474337147,37.092158485539294,228.9880274729706,241.3012445535457
d45_25_G04_0_1_S,glasshouse_b1,Forrest,T0,R1,S,520.2621200275855,332.54473574306667,1240.7100810377578,0.2674433715680011,417.23655187793133,0.38259557212166906,0.4125085451355594,1.3418154152107227,2452.575973607397,170.57249200267907,1497.7234760716813,392.4954844817283,815.1948695396254,57.059094963389924,73.38270616962018,361.9260235297474,43.665717686565735,275.50698892975674,1120.6930850959293,139.20799651458861,14.605844278749895,123.36729010156213,28.177045201334273
d41_06_G01_1_2_T,glasshouse_b1,Gladius,T1,R2,T,417.82947010290644,278.7031498036599,1051.6468984079925,0.268524069025859,329.98134107800433,0.3571394932863612,0.32326741665185854,1.1307095957034545,1997.1800321138992,117.11087290390154,1168.123204819613,442.7624697326891,586.1382440351567,21.218150754755715,104.17544648890478,250.36629637807405,17.304282632191683,348.44889652494743,778.7719879868424,49.76839474435994,22.785193628843732,84.20541016236494,11.359606027921531
d05_24_G03_1_4_T,glasshouse_b1,CALINGIRI,T1,R4,T,41.268750665810416,23.703189486262673,102.92971975977099,0.2487307939884062,39.46949098316896,0.3674630294440323,0.413400072400076,0.6147673220901609,205.0385646822257,13.292538378182485,161.26660689716542,71.80990045377865,78.1552271452185,-0.8533689464027088,2.406864148929391,38.74962019282456,0.8852584935406002,45.972899240662244,99.62399475362399,1.668575130915323,1.5058249372830614,11.428107365299159,0.47146208375930365
d05_35_G05_0_3_S,glasshouse_b1,Hartog,T0,R3,S,32.75898366598127,8.880046801796082,83.15632145220704,0.12291667003816635,33.88930969081688,0.3681343505510906,0.4098198119236706,0.5789381191635152,190.58651804316355,13.246878500962657,104.23564753199082,40.40053181503066,85.63793129195322,0.9435438149926753,5.171725001994769,38.09755897514861,0.7475774683357727,3.5923862076617503,112.94850173357271,6.423265139295262,1.4248601467068553,11.482772145361947,-0.49518419663695984
d41_18_G03_0_2_T,glasshouse_b1,CALINGIRI,T0,R2,T,377.1950498590762,231.47878555938667,1438.948939577041,0.16027929600474616,518.4287093165934,0.39288448936872167,0.43658925214633987,0.8702310354873822,2974.78267933313,193.34005322182503,1805.2535214428565,366.9773003750813,1033.9153891560134,13.275304028997429,99.94324317059977,468.86183701628255,8.605469490229765,325.0308415731851,1478.947554392254,30.865121785945707,20.384268659083308,168.09804965088315,5.032620614706655
d15_04_G01_0_4_T,glasshouse_b2,Gladius,T0,R4,T,95.1572680634605,50.0091681840829,528.4376329317238,0.09880493939439271,202.6438887341034,0.41046227959009945,0.4375620879082623,0.8615681587849857,1100.5980161006964,72.68526515782277,693.9306044809159,47.25422619525679,502.60462316636216,-0.7941122754727991,16.71811993547154,208.15066795878423,-0.23533638109247068,48.42089737478136,672.3259922526237,-0.3538230154491089,2.357594051436831,72.2317840010208,0.1318548423541827
d17_46_G06_1_2_S,glasshouse_b1,3811,T1,R2,S,79.45366815786677,46.49933352153903,326.48648831349453,0.12044234526934165,131.27203991934326,0.3932262666648716,0.43890492088218463,0.5930970647898224,684.0753546684076,48.29091313036198,425.5753088445984,122.69654397284438,282.60968132792095,2.4490231307633974,12.18158831724921,118.03156878123426,0.9337785523402469,46.05803614898034,401.13328279002485,0.8010986915777338,3.057359763190445,42.15074942218935,1.37409790739672
d17_38_G05_1_2_S,glasshouse_b1,Hartog,T1,R2,S,91.64212513327814,54.06807179747241,391.20816122809765,0.1161000281552172,154.77711637456872,0.4046779598177834,0.43539424651762687,0.5784380499669479,807.2055821774477,52.69325136746425,542.5315020485561,90.39454113254715,350.25448194335604,-0.7627541294305873,9.564360297363498,156.3792153116737,-0.5507061353874052,41.423606381153576,485.0866471965813,3.519759310543266,3.2237040821791654,53.373609697122895,-1.0965635599249228
d33_04_G01_0_4_T,glasshouse_b1,Gladius,T0,R4,T,327.64349139942135,238.38295319396536,1235.805216277252,0.19457474416868506,451.51535125543774,0.4103691966537031,0.43273842846839433,1.2255343859882208,2445.9280799739913,172.59402273718777,1592.7270145287182,206.69045613657852,990.559820744556,33.738694216408334,47.48211494959184,436.3382061254751,24.617772222254516,157.7664950538658,1359.94187440232,80.71338303800373,9.90318094241928,151.50561516286038,15.628583168024779
d05_35_G05_0_3_S,glasshouse_b1,Hartog,T0,R3,S,46.59523654684615,21.76454837316178,137.0420386521256,0.12072834854076704,36.5789955339518,0.3707239598342793,0.40926183295683294,0.5736537465021885,297.317163591384,14.038287313444965,141.6454057404107,54.92868173238374,94.30712233307074,-0.22015250320569577,5.765800734912352,31.45291000735113,-0.5424153615128652,47.92854085146553,121.1208558893113,-6.171926599345804,0.741310303558789,9.92407092664959,0.53332618303707
d37_29_G04_1_1_S,glasshouse_b1,Forrest,T1,R1,S,138.22137277907376,60.32697554961695,372.2404275397038,0.1647040546152994,133.50170572609343,0.3741125311269899,0.41229136602598876,0.5810339002097139,726.0855870761366,50.408749075252715,484.03283842142946,81.9172939912683,295.0143052134461,-0.007922919471487525,23.936147879588543,128.76887970652535,-1.2304023758831124,68.90271701161775,398.7706589105772,2.3967907523539798,4.657313509396766,41.88902676497205,-0.8861564833299407
d13_33_G05_0_1_S,glasshouse_b1,Hartog,T0,R1,S,80.53975988499303,51.40695021433145,263.1667675234113,0.13522240344155353,125.78673705248508,0.4092670450879882,0.43596551078395385,0.5838783103027612,675.4510806982759,44.859443602285594,416.1882525601335,54.351669849202466,278.9939752396268,1.47953592275488,7.723707621374145,124.0930608263858,0.49164158556655885,23.53074358399522,386.0769820756256,-1.7239453655734416,1.1927869902844983,42.573632235012944,0.283628889130558
d11_42_G06_0_2_S,glasshouse_b2,3811,T0,R2,S,80.3638438370587,51.15388563552291,342.2849160793279,0.141740001806617,127.3370013371435,0.39613383537905006,0.411787474953986,0.609663892696569,645.0291003465996,43.42974445035926,408.469939037969,53.14565054094895,281.4371402597741,0.22384520275737735,11.864524064630842,122.34396971476998,-0.09112689932227871,21.45286547415681,394.7613676252075,-3.9401033138083794,2.8456961514107557,41.226112805327084,0.7356443823332498
d31_46_G06_1_2_S,glasshouse_b2,3811,T1,R2,S,175.26268004442085,76.19977458583527,592.6184068401253,0.12946757562913383,216.44178657257422,0.3801123650222563,0.43507833189642753,0.7215342148885021,1204.7946831421661,79.02183148082075,763.7861142394238,145.60341262019801,514.7570616686459,0.8348520089596057,29.36495129106714,215.6409598496781,0.29892715012061843,89.16992831924918,660.9554364033537,5.950509802991376,4.984427770167413,72.86720228485474,-0.08307831548286465
d17_48_G06_1_4_S,glasshouse_b1,3811,T1,R4,S,111.71685378443001,58.77470733831627,450.3964672149956,0.14387245211210511,157.05790499945235,0.3961614301216042,0.43643496692030453,0.5825772630137839,749.4387088538278,58.15171462263594,556.0217295877949,86.06051966495735,383.527500740905,1.375144971344432,12.39364690911325,161.26243716395297,-1.2762971245867523,29.794942037935087,496.0941857862184,2.261366047141769,1.3964027395681935,55.160481344129245,-0.3869252891505116
d13_11_G02_0_3_T,glasshouse_b1,5489,T0,R3,T,65.84490318604986,51.94162641261398,385.26786008175355,0.11663418896127109,160.36196285931538,0.42036750553067415,0.43275111552756707,0.5967388644886499,859.3400218870082,60.54374873739978,548.7421489583685,32.6783998130332,378.6510956035874,0.5347797058889842,11.43793355566654,160.4146719209992,-1.0632690289935047,36.502559385780145,490.84520571397775,2.3371368588436217,2.412225279812946,54.94003154822808,-0.7156677052730449
d19_45_G06_1_1_S,glasshouse_b2,3811,T1,R1,S,121.93617100835077,51.433235213005204,385.6805635969208,0.13305605204399587,146.36486052441774,0.39915732330504566,0.4357913171402701,0.5745061603207365,857.2265982514818,59.24332473525342,551.3726299342153,57.633637414011766,366.45235395679606,-1.1381394903325905,16.08043862884254,155.50282151301508,1.078115813043942,49.97605810180935,498.1625704481902,-0.6024964990631424,2.7988486257243577,51.18419130924851,0.4599300349907197
d21_12_G02_0_4_T,glasshouse_b1,5489,T0,R4,T,88.95366760499209,84.35315615512772,644.8421987592772,0.12946674556252297,251.67134929110068,0.41999732394202494,0.4337563065937912,0.6057878115640628,1219.5702143810054,90.38525368427469,863.8915145373207,53.15144442320957,589.494120421685,-0.6569863704538013,7.046322057846708,258.1514224273076,0.8138088910243735,35.6133485243496,823.480412368513,-3.7270875435914466,3.03954279420699,91.15695696643965,0.11028099341077215
d11_38_G05_1_2_S,glasshouse_b2,Hartog,T1,R2,S,53.0907219937986,26.809348116225834,227.18661233454378,0.11633845608915933,88.48695216629487,0.40279984135970215,0.433717367701639,0.5669758341260964,486.9440269463989,32.948485795084146,306.26731262703,32.172041742764655,219.66203373133635,0.9745349723798113,5.889837482414563,87.060529997352,-2.3387403789872585,22.78303380643688,267.3564024288964,-3.811790020624498,1.8764304837305992,32.27325029832695,-0.7755360765610505
d13_28_G04_0_4_S,glasshouse_b1,Forrest,T0,R4,S,88.65711858574318,41.892840699753435,236.82090127768487,0.15095902225117608,105.09601354688752,0.39790936721162523,0.43458245880450447,0.5883780264096787,504.87613133535535,34.85132108251177,330.2627870197411,18.299741059838773,227.63487140708963,1.6741905584528538,7.572902609277703,102.76644287790788,-0.2577536070136728,16.444706270622504,297.42548683909655,4.761566689341908,1.929141603963249,31.993619887123568,1.1622408123784989
d31_27_G04_0_3_S,glasshouse_b2,Forrest,T0,R3,S,148.8840685241823,89.18212519390845,661.3957304263299,0.13399169716731243,223.1255336586961,0.4009300973013545,0.435107903930317,0.72645751027503,1263.5751692617237,86.10024792156776,807.2247313341279,111.89234319973674,556.6799556750472,1.9196560221627377,20.294310463702878,234.26141828422516,0.9913611091285467,94.97936318084162,717.8341242337943,4.590306306583863,3.7470374289749473,79.44111778679182,-0.0503252357901251
d25_09_G02_0_1_T,glasshouse_b1,5489,T0,R1,T,143.60636053732665,89.1785201973006,790.2287973016839,0.10808794608586382,323.71476660968955,0.4310731100598296,0.4383527066805381,0.7193879612378085,1615.423562225816,122.74945847771949,1100.859917181439,39.332973039088614,763.5308596299327,1.1003839661381103,18.6984252559117,335.8347680659783,2.2770255750415593,29.992816008508637,1066.3250393849648,-1.1352881640428114,2.4089249675306053,123.09329282155873,1.4408479864933001
d05_39_G05_1_3_S,glasshouse_b1,Hartog,T1,R3,S,8.591514437180173,9.100039006255447,11.716660744972792,0.1446521458063482,11.350547658566228,0.3857395639813674,0.41019394216834815,0.7179951139450496,39.78020996814631,3.4038943621021414,47.44619317307901,2.058385307606944,21.050005801602587,-0.32598213748735316,3.8550630288736065,17.540746725646503,-0.31515588715941967,-21.04896933873567,43.55259236813373,1.259627954758906,-0.2890737461534241,2.779340703224321,0.6479929814831845
d29_09_G02_0_1_T,glasshouse_b1,5489,T0,R1,T,227.23603417988355,125.3522187277238,1006.9072754848338,0.14198767933742368,389.9638440054689,0.4330050903998467,0.4358959947080148,1.3452393162944674,1860.4037385808513,151.99443688604273,1307.8993004347824,84.59045114991675,817.6877067367873,32.64634555483673,20.503051013576243,366.3301286233126,24.621713194959355,96.19946195181271,1165.5302862283945,70.00291438612454,4.760959682045434,135.46462354558568,13.633006793814916
d49_06_G01_1_2_T,glasshouse_b2,Gladius,T1,R2,T,915.5045652229976,740.6757292274821,1805.5426904672809,0.4165515323536245,580.6767685365276,0.38730199487382616,0.3243346198445401,1.3823520456491956,3247.9304763002037,255.86561230500428,2185.762240736937,676.0976279870526,984.6497431809706,135.48244069571115,156.49525671587062,417.15769232838386,108.41636641184193,504.6188585044058,1349.5866053258858,341.9423242867084,32.756914384606674,150.85384370392694,70.08157299402319
d7_T009_04.11.23,field,3811,na,R5,S,1183.9978175949007,711.4270631130868,4425.8619598272435,0.15983092404897964,847.5383543107121,0.212362810386554,0.18899988047590732,0.7657259313147057,8648.690995890218,175.37089057528334,2982.5096933255604,3963.362525645062,461.80599661882,2.8379585369693916,769.597462053069,169.49501515624675,1.492395806765743,2427.021353818283,535.341888095682,6.1306851987792,125.11655823786161,49.3955793500867,1.1500075427566068
d37_26_G04_0_2_S,glasshouse_b1,Forrest,T0,R2,S,227.88719738404262,147.94812388752229,764.5134342296274,0.18849229905753087,297.18898511537,0.4117117724812439,0.4360797996032487,0.9699189014194582,1489.0572186022891,111.92667123718083,1017.8925414111493,114.8773642618159,642.8998841593603,14.854287775611533,20.11596910002637,288.6835896901235,11.202835187285181,88.52315980003046,906.0737837969394,38.352068116856245,5.728332083986604,103.97029890594088,6.376691633266458
d19_43_G06_0_3_S,glasshouse_b2,3811,T0,R3,S,127.00469336917934,72.20781314230932,706.8826778477974,0.10067728135665363,269.73019140242354,0.4056485879427913,0.4374160091540094,0.7223420748166427,1430.4152647049852,99.86416448348568,934.8866459902698,90.32578733152738,611.2166777389865,0.1865664690142262,24.359872216082305,272.81464512531926,-0.32327199245380045,109.98322187161426,859.1551134073007,6.036075124469473,5.000914415583675,94.64079317536553,-0.416646494038724
d45_34_G05_0_2_S,glasshouse_b1,Hartog,T0,R2,S,944.597074728535,733.2893188613646,2193.322397410437,0.3380900171420549,793.4595904047565,0.42819219689921134,0.4346038128371715,1.5886083514560176,4032.480913830548,385.24626159129355,2970.9867293278394,588.0460241487901,1317.2418553365453,255.5681169920598,133.14581635191655,608.6512821120034,202.162966217613,440.76308467808883,1907.4663012116293,634.8246591412859,25.987978047179826,224.574020932623,130.97224876713258
d27_38_G05_1_2_S,glasshouse_b2,Hartog,T1,R2,S,169.054316294928,78.12405295980608,575.0012889493005,0.13934146486667862,201.670738313281,0.37780472858645453,0.41094394448847354,0.7823331731671415,1133.54232596846,70.15532542510303,699.1953267954801,153.03864457147662,455.53881291685934,0.7469430601415307,37.95199791741919,186.25467823955222,0.03419604782411684,92.25186115118495,576.4996900132968,3.3602463852097095,5.911351598975772,63.578233865700966,0.26622729612861395
d7_T021_04.11.23,field,Gladius,na,R9,T,1128.0501708055199,396.129901368216,3384.737794139723,0.11652764518557406,608.1897075351638,0.20262038168041763,0.1876755303695119,0.6782161193053258,6714.007807813652,117.58935755396766,2122.9508041781314,3150.438696995161,224.6355995672399,0.6406825739763373,604.9587158451254,80.22094496691149,1.4965813198541114,1874.8089024889389,253.088648275674,-1.575989587227419,95.6384369790228,22.993268663818895,0.583107184877319
d31_07_G01_1_3_T,glasshouse_b2,Gladius,T1,R3,T,165.9369719326433,114.83884008091832,755.7001170013441,0.13927981266380954,267.2356580552489,0.38847050246894516,0.41163898124470155,0.7828102675816486,1409.5262025537616,92.3856505455612,990.1538126037115,168.9212869471145,564.2048706222658,4.083396493056306,53.44992729257818,239.29777118454416,4.386986184156154,152.18963161362646,778.4613222005615,10.956516617773275,11.156021643764829,85.0840025616279,1.823277546777058
d33_12_G02_0_4_T,glasshouse_b1,5489,T0,R4,T,282.130310168826,211.01722661473895,1187.3503170945025,0.18263720210810047,453.55464463475073,0.4205888485846886,0.43497874184204627,0.9326992079295024,2279.4021986882603,174.94365507708406,1502.7164142151369,115.70431779650016,1012.8136365025932,18.590334350356624,30.27836056681022,454.3423690665311,13.065380286973571,109.43745155641474,1415.5288285299016,46.776827334196874,6.539236524708163,159.51442974718083,8.179029399829513
d13_24_G03_1_4_T,glasshouse_b1,CALINGIRI,T1,R4,T,78.57084978380098,40.53550714258398,445.2258862732317,0.10829509778913977,161.85274631311245,0.41383108269616975,0.43453383042830424,0.7871370971257392,907.7295805608646,63.63201321399535,571.370340803411,6.513305910925432,403.4986355073432,1.1687260786960854,12.996249942276833,169.84332439543797,0.1807672531921129,13.252050121695977,538.5862173733797,0.9033288135026125,2.368417287290835,58.84773262996394,0.9995569087312326
d27_43_G06_0_3_S,glasshouse_b2,3811,T0,R3,S,270.90303100245046,169.24864254744423,1256.556089311323,0.1460910334620599,453.3095096031215,0.4094255907452271,0.4341861007362158,0.8251644236044391,2352.6298349723324,165.98912787184227,1531.0169207575098,162.46286914862426,1025.7776774382053,4.7341416748680425,44.57790644441153,451.07780367825865,0.6469288966380855,88.43191746926291,1449.8137553766637,3.25039976566185,7.179537137332006,157.94917838771522,0.9103456347774961
d29_10_G02_0_1_T,glasshouse_b1,5489,T0,R2,T,215.32347902079493,183.27405539974464,1137.5295087901004,0.16766063591956717,427.4414208347734,0.413159673603836,0.43694174797245167,0.981412779455889,2270.3375174955895,158.91282229840175,1452.6043332986987,103.22687829026754,985.9376062654693,9.73976682193779,23.890435280001693,431.6487035247047,9.062832981470242,98.65752770310218,1361.042035985486,26.536604827927178,6.62543313908877,148.98033827129586,4.567144066286305
d13_40_G05_1_4_S,glasshouse_b1,Hartog,T1,R4,S,25.61180775671923,20.635082602690044,132.72668476571567,0.10874714644005833,47.97987736345372,0.41249864034121353,0.43717031822953956,0.582187696496479,283.60454543362044,22.542333416990214,145.4514559806123,0.29364635211690704,121.43677895983043,-0.24451468227263318,3.962060159246103,49.17440809373955,-0.7772981340771857,2.403138245222406,141.0448778657803,2.0706899350905306,0.0360490719537534,16.4093631165562,-0.24989684713732893
d05_39_G05_1_3_S,glasshouse_b1,Hartog,T1,R3,S,0.7429544219089124,9.163766996054141,8.995499414760111,0.147392703629916,20.192732173697262,0.3853126209139195,0.41177893920444303,0.7197320580259999,169.31377900435345,6.201676522509159,65.76826294011575,41.52447724167095,33.12604863630739,-1.1046900405541895,2.2144565002769463,13.647465129249058,1.421173245115302,-19.006077079525138,27.000741156774673,-3.134938871798159,1.263430034214734,3.2530580607711586,0.2547058723492971
d45_09_G02_0_1_T,glasshouse_b1,5489,T0,R1,T,590.8852988106343,476.3896580036087,1687.1084708323215,0.28577529222489534,601.8381532752729,0.4030895693359367,0.4105004883439103,1.5420240829985172,3152.802293580696,249.59472640278813,2113.5776414099437,426.80057645524846,1150.1670050319785,87.43715248550824,102.25716687223232,522.2556025650482,68.91228826859431,306.45621354904864,1599.2595790589373,213.44703605597485,17.34256651192247,188.37121349772013,43.34030778955916
d19_22_G03_1_2_T,glasshouse_b2,CALINGIRI,T1,R2,T,72.35502000765322,42.417687566056436,480.34442346458167,0.07880196774060806,186.14096969567262,0.40634798253868637,0.4335500551586933,0.5999966317573934,918.6461884607146,65.20726045642846,596.9901915136851,50.146709130237824,430.63989595018,3.42295861056295,12.929449841623374,182.5471516326542,1.2688100154468158,25.532817123782745,572.4138101799062,-0.6699484456635635,2.6770815860090873,61.574676772917456,0.5353402378839018
d09_04_G01_0_4_T,glasshouse_b1,Gladius,T0,R4,T,62.70144066311504,43.0857145269771,293.00576593643655,0.11671540415357629,141.97153395396197,0.43418510453463416,0.4374414874013327,0.729507509926527,596.2957322227678,52.20337285688019,469.2803780528399,37.76354716284175,324.94924215225376,0.3409732492150344,1.554608315977779,150.46110677596158,-0.7447628665475794,28.31480511760487,454.5497886171283,-2.935273757662965,1.2317256692743341,53.37170500085367,-0.5629869586569668
d41_29_G04_1_1_S,glasshouse_b1,Forrest,T1,R1,S,141.77696618989057,73.35117488999319,465.1607845495643,0.17207335866430987,152.37769239459672,0.3802802832536527,0.41117024091746435,0.722898193071973,744.6867582089031,49.8248849905535,508.77838727992565,92.3715822321718,325.9289882279439,1.7242637035567323,16.762280674348315,136.16149646523408,0.5261326137039621,56.665326272804876,429.70522194741994,2.1095249722521783,3.832956987095198,48.30324833979456,1.3256639066491545
d41_08_G01_1_4_T,glasshouse_b1,Gladius,T1,R4,T,340.39882912688694,222.61956121534334,1066.161893861964,0.21371164715968238,362.8197324000453,0.3868598322552067,0.408769299734003,0.9105423987705933,2028.754052563479,139.0743196728777,1266.8177728625499,438.7091582932111,631.5913122854024,17.353878466387886,99.85214100806054,297.43542951039086,11.703700788020935,319.45280111170655,926.8737951195758,37.16440739694493,21.4675928417259,111.36350718924005,7.151943201641586
d4_T012_14.10.23,field,Gladius,na,R5,T,1085.56060055579,442.56153155379155,3455.440293728549,0.1279230883057904,617.9293377146896,0.1974446602248245,0.18759518846025786,0.7173500661787774,6853.0548915632,117.91245432142443,2167.6359283325137,3233.309402834651,217.1758727205163,2.3548993411203245,609.9839108613029,74.07168337698056,1.3893770793451266,1882.9479838986558,245.82052306883548,3.2475249542749554,95.87931401075036,20.78344375717428,0.40541003794001834
d13_01_G01_0_1_T,glasshouse_b1,Gladius,T0,R1,T,97.87839453189098,56.627884490331,376.1111810158742,0.13693907893093274,163.86399080561168,0.4312679649505212,0.43558297090196446,0.7276593495837607,749.8797520946721,62.363494172167066,563.4950351845094,59.33873881277199,365.22778537504325,1.0941670447165683,14.886972498286728,167.4045650955828,0.48084137774882785,27.577953269427454,530.1376031867504,3.619889195671531,2.3738357651323128,60.225922234160265,-0.21124215221682074
d21_46_G06_1_2_S,glasshouse_b1,3811,T1,R2,S,87.41451119157502,53.844221268208386,424.40609045674205,0.10017715461086188,166.77171874849873,0.3964555676443933,0.4337135140343658,0.5820781694910572,921.3675272545144,61.889281325095496,545.9919736852114,49.36880261412403,400.91203950495253,0.06937700328149639,18.751043919308408,167.39923206131064,-0.34094994135310897,65.03641384602909,506.9615890945223,-0.619441146112222,3.047221229415265,56.08849267249309,0.5559194307795864
d27_04_G01_0_4_T,glasshouse_b2,Gladius,T0,R4,T,258.08632605749517,207.74012027560235,1108.123058017426,0.18081608428838591,397.6099539692062,0.41005505506538825,0.4354790825151311,1.0923274118430808,2207.0376291091234,152.2356468846734,1390.1959202299136,132.21987839382928,902.3982900812808,18.298416983182822,38.445539964437486,387.74162205697814,14.786799326695366,102.59288710696822,1242.0195152735166,42.27749485438487,7.934018189782412,136.7635886887856,8.545283243434401
d13_46_G06_1_2_S,glasshouse_b1,3811,T1,R2,S,72.98877668812172,39.589024576822354,206.801821941683,0.15681375743145504,85.83043300076395,0.4108003245403056,0.434438688793161,0.9288613820161206,505.3468321909534,32.28513154706441,292.3814505940914,50.80487767156909,182.7455440853367,3.1649028179250775,13.35228096506615,91.17198285330619,2.0854399246965585,21.943390097410692,269.112598872239,5.926407758964762,2.1417431548582613,28.587643981608473,1.9456371091603246
d17_29_G04_1_1_S,glasshouse_b1,Forrest,T1,R1,S,51.2747078976146,38.7727945931465,168.21683796512053,0.15997504581196706,73.38184515022628,0.36278391157165957,0.41195449218670843,0.5881056152687313,286.2227695132699,17.240042847384988,201.91593287631824,65.67888282162424,148.97920491836766,0.43567444214353107,4.12237924027744,60.992799112625065,0.5650394004731427,57.27437826772809,176.82856153282682,-1.7146695009378976,1.6752130010581991,21.188650689890686,-0.791939345865202
d33_41_G06_0_1_S,glasshouse_b1,3811,T0,R1,S,319.3590957650517,201.742836926478,1022.5855716212544,0.19757888050194045,344.23048161105584,0.38665372224445527,0.4116664161561948,1.2417143554388983,1953.5311381312665,127.72367957757773,1189.6596497319536,251.5973314129216,717.7112746528783,29.248755773785245,62.87759400923813,303.47918938167214,17.69883000946815,223.8402713139447,951.7960031667916,60.52605637548728,14.12458735898783,104.76587872926767,11.52985283926904
d05_06_G01_1_2_T,glasshouse_b1,Gladius,T1,R2,T,23.45251866885234,13.678764861342687,196.4059923547196,0.08744057002160555,59.57212813750128,0.4116311635288794,0.43394400319985355,0.5797682582934102,395.497382696656,21.95551711903128,183.70971872059695,8.638932155748492,137.44286792127923,1.4638959205264086,6.328063376193668,56.468083808806675,-0.6016044676890664,1.9709332049230888,199.4255561146073,-6.991106038403782,0.7411764534733731,16.97588336954547,-0.13537472236157236
d21_15_G02_1_3_T,glasshouse_b1,5489,T1,R3,T,81.0135658638191,49.03346687906597,421.80862127209934,0.10671259188936971,142.9026600641816,0.4115525757894678,0.43572165110277944,0.8433607088096597,788.1499007097569,56.40648479891215,556.3547703170292,52.07981591023642,357.4534504464805,5.322659684910408,12.043377857810542,152.1934056364505,3.435342924029544,42.047766733043154,486.43786677323095,10.513172896868697,1.382109725047636,50.874872950093554,1.782444981845366
d11_37_G05_1_1_S,glasshouse_b2,Hartog,T1,R1,S,37.41461083192503,14.531769617821684,122.17720335972447,0.07286367438757492,53.77712863418799,0.402246826912257,0.4361580633468056,0.5846446509898533,391.7721136233045,23.018741611972658,185.91644111625072,55.262332123757574,128.274651117941,1.4433981865870893,2.8133185842309554,60.532514955649035,-0.16217131725709136,7.921487001841827,171.14412708610953,2.51847736059941,1.0183171519140226,18.684275463241594,-0.11858581867514602
d45_29_G04_1_1_S,glasshouse_b1,Forrest,T1,R1,S,177.77581412245718,101.36170873256265,519.6937611909116,0.18290341423649548,176.0787670289227,0.37391863542638865,0.4105996620330568,0.8491448016446179,992.9852055587093,63.50642658782527,595.1723096558051,118.40786086131685,374.89730355571055,2.1446697468343454,28.513185225917812,160.1791425961574,-0.2599243234785541,106.40928064607064,494.5183140265622,4.433900003654295,5.971805175297356,54.080849463284004,1.6217600600327935
d09_27_G04_0_3_S,glasshouse_b1,Forrest,T0,R3,S,67.42929740971837,48.383783514844836,198.92020287417165,0.19004950962060083,81.59697788346894,0.39392754040164607,0.4096355141490923,0.600567424893493,491.2519797792376,28.592979568409522,269.6568104708647,32.93041336778015,193.2466877238498,1.6319059040100732,6.938194080790632,77.29831001380447,0.05199788885108939,8.147106831490179,256.5753366691634,-3.1450369309008757,2.1346303649331837,28.705919377553094,-0.4676269253846156
d19_14_G02_1_2_T,glasshouse_b2,5489,T1,R2,T,67.5719412091425,32.010620146227005,467.11971691143816,0.06780859167351896,152.8807903489912,0.39318772399768,0.4328201863123765,0.6461469623839808,881.3470046761105,57.46385220385991,588.0785645879021,62.68172117497265,383.8527360734866,0.5359024213208127,17.44409491245276,159.67453998744986,0.11964809155562814,72.98030432237456,512.5826762327104,-2.0973248423280544,3.1567507686061833,52.90927324051802,0.0021910752424196545
d07_08_G01_1_4_T,glasshouse_b2,Gladius,T1,R4,T,27.964986554317292,35.85410353159003,223.90144910180882,0.10713051420671157,85.29332402377084,0.41634733594380186,0.4352116783113037,0.7829756547069759,460.3042869323917,32.62360946056877,322.4295844588127,35.463842612489685,216.2422310094803,7.472932450666541,0.9966490359821449,87.94697657036056,4.623049615330562,22.422992190781425,282.4521580037416,18.289494870605353,1.1213081006471903,29.438320020013457,2.5168994351871645
d1_T010_27.09.23,field,Gladius,na,R3,T,1142.3598488096488,687.1691588538087,4261.288856045355,0.16097023665905183,823.5054435031569,0.21979453678428368,0.19014718127040156,0.8474677106314049,8185.510544165668,184.31449614434308,2907.2046482866435,3690.7365326140944,552.4770938398684,7.084730251512334,731.85090156332,204.5033206273835,4.441581086172473,2288.6667351517276,643.7549639362252,10.408323803193067,120.94405412592137,59.93475814461909,2.859317142355471
d31_20_G03_0_4_T,glasshouse_b2,CALINGIRI,T0,R4,T,246.12729989644527,172.89950037162552,1230.3439095238955,0.13548062473026334,440.44259915642914,0.39693989299649546,0.41020493827379334,0.9199046431136415,2485.128427501339,163.00208428940147,1572.6321079561621,180.2860818701514,1047.3948485704516,10.22612281097906,49.302144962296346,434.04796155696846,9.581339845656649,178.71068532676355,1381.2863827468057,25.351671628609584,10.372052426883213,146.12228563654807,4.32730400328662
d33_41_G06_0_1_S,glasshouse_b1,3811,T0,R1,S,309.5903706001289,193.91637588798073,1005.4332801475067,0.1996477074357344,346.3673372674752,0.3877090978407806,0.4109326593341446,1.2553022549876267,1940.6392971377725,129.71825851125175,1195.715094924376,283.53912656698066,713.6376272491531,26.655326336574284,68.31980982912407,302.5032896389822,18.25736075442791,208.84246764192753,934.5427518998828,63.99357243040508,15.82072617168423,103.80327937674274,11.802312511682539
d07_41_G06_0_1_S,glasshouse_b2,3811,T0,R1,S,54.30260334754399,31.840688753637394,181.61901032109367,0.14382354141019268,67.80655296895807,0.40529568612005584,0.43545988803201235,0.5704287816028615,344.4044750627741,26.355675696175357,267.6254782621455,61.56618058498038,167.673271796657,0.33107654326215324,-2.989384616330538,73.62394600336772,0.33171140069020566,33.75480608341428,210.59130333025146,-0.5439101859077908,0.6270883042536446,23.589227206730975,0.5474779722482872
d41_02_G01_0_2_T,glasshouse_b1,Gladius,T0,R2,T,399.23207581014725,261.9686634938839,1275.4388034983444,0.20725862363814285,475.61474348922985,0.4093229310710376,0.4361952311240419,1.1082278770950273,2485.733826698864,186.16929281884842,1636.2967963341846,248.18024985733902,1033.6760715608318,25.05443659139401,56.74260595964755,453.4618802596689,18.635956052866447,165.10400332257964,1444.497432203413,55.14487571036763,11.11666549803404,164.56815185192522,10.368843592138782
d49_25_G04_0_1_S,glasshouse_b2,Forrest,T0,R1,S,628.4554373230801,423.04432741071884,1463.1084194697355,0.28482994408872364,490.60161458650754,0.38690048324752385,0.4120964092965462,1.607912333047013,2719.387087472933,210.0167424918448,1807.678595001885,497.6591080969164,905.5411320086778,92.08581452483453,104.13928027117446,386.4559574646425,73.23763065228589,341.3250394339929,1249.5928197557455,229.2566024614224,20.518926690168506,139.43519122470897,47.9865940337491
d45_25_G04_0_1_S,glasshouse_b1,Forrest,T0,R1,S,525.410551392235,343.28801592739194,1229.6017908540891,0.27084533935807753,416.9408239328268,0.3818841184358397,0.4100655932180111,1.3412796371516091,2323.73490786154,168.49834493220442,1528.7516302665606,395.34495103034953,826.9580679335467,56.88172618065968,79.50638210376029,358.39413030687325,43.4366478751453,257.1738244963742,1126.847589283233,137.83316393909928,15.320364776339188,121.42752291200857,28.364226138231896
d33_41_G06_0_1_S,glasshouse_b1,3811,T0,R1,S,325.59445343866525,196.1169271696178,998.2014286074635,0.1984789401735649,350.9026488907501,0.38710235428418904,0.4101376356203392,1.2449796168972485,1848.374337165849,127.92806560295767,1189.8382014730835,259.5420321259851,703.3085841192503,27.203849800337064,72.10541645765811,298.04385984125025,19.37413869828698,196.60525586750296,967.5032485406238,59.32608154976835,13.063540911052442,103.52932181406076,11.611730988664062
d07_46_G06_1_2_S,glasshouse_b2,3811,T1,R2,S,48.199641047241805,33.785065608718824,134.60909484918358,0.16379503242916313,41.65310598829118,0.3884206581242232,0.4106607563027612,0.920715917553807,266.6838407643266,17.784373185132367,161.50981186438145,60.423904733338624,121.68246481616931,2.2081023926498675,-1.8115182768249767,50.438012728846736,3.2031167293070726,34.25515917884592,138.14297632929274,10.933882355692392,0.8738728200058763,15.681215141284401,3.054331684725907
d2_T006_02.10.23,field,3811,na,R3,S,1279.8120820617362,536.521092551202,4494.814655114721,0.11869925972631845,789.9625332877774,0.1951372034336816,0.1874539143691765,0.6609706902920475,8896.145216047324,143.1181365148524,2745.8961813376386,4228.245325606713,236.62275567706504,0.9072043296749485,789.6174809925155,82.46589187179673,-0.3651341597738743,2459.00687006564,269.6086404175143,1.6951105255229724,123.15383680900771,22.64886468111023,0.881345251647261
d35_46_G06_1_2_S,glasshouse_b2,3811,T1,R2,S,196.67124968311975,105.11087681219755,707.5063171958263,0.14207797724024973,254.5608353103984,0.3723306716077881,0.40827337124071406,0.7176268694767606,1434.7122620267105,83.71746513338884,872.0378716499724,185.90356414650768,552.6773970239188,2.562341551452261,41.91074800080411,231.96132935394687,2.4353939654433256,134.42531964049758,717.8889041194088,6.165283874639574,8.72004956014972,76.48840329417571,-1.2099742464051413
d37_16_G02_1_4_T,glasshouse_b1,5489,T1,R4,T,243.23550277182446,156.0198467249153,875.7588766477166,0.19790135699843095,297.7838949815915,0.39105923335717263,0.41086063370286047,1.1120226092816976,1648.2629932732157,112.46022528486515,1044.5349975683166,189.06300562074935,675.7862535111839,14.009392893472182,45.01855725877682,284.24489029030605,12.056186651029089,132.79903788238613,883.5284227959883,30.140772488081492,8.701165427153255,94.45491929917343,6.815759295246982
d13_20_G03_0_4_T,glasshouse_b1,CALINGIRI,T0,R4,T,121.55326281842328,71.56710670480868,522.6534285882768,0.12438240074438463,196.40407978975264,0.4043807076398991,0.43843096670332893,1.0645917652302785,1055.7078959214095,72.58709752246742,683.0703143960185,79.77437883376325,482.57537354561134,3.3765908428153115,14.99992891489975,209.88872809858873,1.4686680190319756,35.329066329082266,621.9809137453219,8.98870718143964,3.307662070519398,70.21283029643614,0.8071520946015507
d49_04_G01_0_4_T,glasshouse_b2,Gladius,T0,R4,T,987.4017592808682,717.186562873101,2556.6733330130273,0.27980109828406813,862.1809668306304,0.3949681849223688,0.40992546254614065,1.8246118679817978,4826.618191509806,382.5691503526441,3214.2427413529704,782.2450707764426,1532.104178766577,206.87878859148796,195.76269510406823,666.8190639825308,165.24540809154706,606.3935017994149,2097.684562583257,514.9414204196817,36.25749065181145,237.09739148902307,109.33179225257476
d05_39_G05_1_3_S,glasshouse_b1,Hartog,T1,R3,S,7.725345188879664,4.846713438320286,33.197078412719996,0.14900705654506155,15.905970897007698,0.3854559152269828,0.4112444800894076,0.726548187332028,89.45839405881594,4.638380294324207,54.665735498046814,-10.765870049315865,29.796047231470123,0.17047616396890786,-3.825503448352875,12.426820931179552,1.3253066733004673,12.57803898617171,49.66520534258139,-3.7295647742416156,0.5057444981666677,7.024612797181838,0.49600478468196335
d29_09_G02_0_1_T,glasshouse_b1,5489,T0,R1,T,222.83745641879992,135.25506714060631,983.3296116522287,0.14419809448627072,386.5119318628013,0.4329631125358613,0.4363934129794613,1.3457911242638878,1866.2379829611543,155.33400378383834,1324.3152618376453,136.86511754235158,823.9222376222073,30.107306082187343,33.60564947606241,376.9863311426002,22.4424999052098,84.81443206701422,1184.4265444446223,74.81962356937336,2.8678701194564526,136.56970183543982,13.750470999270126
d5_T019_21.10.23,field,Gladius,na,R7,T,1596.862880932181,1166.432188181331,6390.2662503949605,0.18024698424891752,1209.2278097727537,0.21321544720409472,0.18857629197171105,0.7695722070879587,12493.577647134223,252.79101305466895,4289.59821089581,5755.446075850577,655.8285803364602,3.3371189853641092,1141.417473964833,224.12717477318847,2.862594351295085,3580.5669723494234,700.590257053495,2.6850389352769612,187.0975314506362,63.719035093251456,1.1274090318970824
d49_45_G06_1_1_S,glasshouse_b2,3811,T1,R1,S,779.2195281299718,478.79623561376866,1851.8328070048465,0.2605456506930666,573.3702243485093,0.35749127059156477,0.3225365759391004,1.0538722593138363,3487.22702087794,211.3785993784645,2066.3211175002807,781.3156075914844,1068.781267929773,45.392532997438245,167.49840760808297,468.14536847452166,31.678771349746697,508.5445486780107,1441.0950210483138,94.7344871631427,30.772495179696037,165.10226835580698,18.025126832357753
d37_09_G02_0_1_T,glasshouse_b1,5489,T0,R1,T,347.0607418087032,205.3966478008267,1152.3225097361444,0.17511275741361793,449.5878144582532,0.40795092653796916,0.4327249831190837,1.0033510388801532,2405.6240564606987,172.29654222399842,1538.0627549047988,228.7222627602787,935.2794788430466,32.190518058553906,43.30788640022089,423.18285808176324,21.691374005446214,193.53382848062958,1326.2705138219565,68.63543280338783,9.852913792316004,153.45777709933859,12.876332732586768
d37_18_G03_0_2_T,glasshouse_b1,CALINGIRI,T0,R2,T,300.4733026508359,213.82110127491293,1236.7644044570625,0.1681344462738762,449.0119320609377,0.39565134149152686,0.4377711660608959,1.0638334217626664,2394.170320108508,168.26548364334923,1562.8023618657887,315.8432010445277,916.1755571274524,23.55081413560674,75.17218470216768,396.2861479872306,16.5002895100598,213.52113240660427,1258.9728091967781,48.48510716259932,16.1606178178124,139.92013692382125,10.836899351116354
d09_04_G01_0_4_T,glasshouse_b1,Gladius,T0,R4,T,60.912105012359866,38.34521916748254,378.2500796301842,0.11678485018498345,143.42148840343435,0.4339719391882626,0.43509229505757724,0.7169591978769313,644.766093126136,52.578452503807775,479.9269843050724,10.712918435116142,338.94616567745453,1.4747520666995266,3.5237618977921716,143.99850596624745,1.3306492886902221,28.47782465794615,470.0143964260133,-2.689576199963626,0.6812680789302448,51.554452744437526,-0.05470816282349092
d41_11_G02_0_3_T,glasshouse_b1,5489,T0,R3,T,314.67728913775557,231.66236914123616,1119.4557093428632,0.19726451980903842,392.08989463293784,0.3896343711199398,0.4113073248889791,0.8880414107772678,2147.059327078148,148.71506445830607,1350.8812721452489,247.98240604600676,853.3428517392343,24.722893374547056,50.5107152959423,364.10732995528167,16.764620304914736,180.29954508472227,1155.5832663195329,54.370622789446465,10.963708629836136,124.63600864402238,8.197278888229011
d13_01_G01_0_1_T,glasshouse_b1,Gladius,T0,R1,T,95.73949625431838,70.60833010898489,410.51137188983347,0.13705600529982603,161.08074767716246,0.4307878142104659,0.436942986929182,0.7297137867855634,769.2681948598165,61.341418692789446,551.2607252961144,33.665364120911,377.0668868598529,1.9052620949367611,14.323244559615835,160.78101491146822,1.9498573420077663,36.73874657264177,532.1096548896264,0.5454732287235018,2.060771919420055,61.875938373925585,-0.27966434148214925
d31_07_G01_1_3_T,glasshouse_b2,Gladius,T1,R3,T,159.19485507157154,113.77520178095737,732.8108387510598,0.1425810232123756,275.7674893207306,0.3876249477965295,0.4100262771477098,0.7821043595378492,1461.8802731673843,100.6824736823245,945.085708428964,202.95771612500334,553.8930277138056,7.722309917976497,50.97571328578343,245.8366696183597,4.163962328003088,156.15319317048863,751.2388332576375,16.185092093826842,10.515105178566134,85.62142506745317,1.768545802560876
d15_45_G06_1_1_S,glasshouse_b2,3811,T1,R1,S,97.25633750552674,47.11377729432014,340.1706837551386,0.1324914184026133,123.16087759710472,0.3858483167907221,0.43493454724211766,0.5909460211712084,594.0405597009375,39.25871462028046,430.8731623161265,113.97601264013315,251.4459360865973,-0.6069433345985448,7.60177805753291,111.3606788780071,-0.5266993985282906,55.11509409658808,373.35988560166487,-4.297943741211092,1.451305765062702,37.94170953126459,-0.713761916565156
d09_21_G03_1_1_T,glasshouse_b1,CALINGIRI,T1,R1,T,68.22662450443254,46.16285730896098,265.6184498256552,0.18062457282585642,89.0467006989438,0.4075425256937604,0.4343993832500946,0.9250301140373396,543.9427347730461,34.32685448077897,366.18115863393626,14.642353927060789,222.75698516004633,3.411886401496024,13.91732491152406,92.04705671449788,1.3794354164417353,41.84713167614058,287.0360519164875,3.6537617267494706,2.1050194706517873,33.67417261823157,1.3298209623544217
d1_T004_27.09.23,field,3811,na,R1,S,939.7698589646827,385.97499709858096,3634.861837423308,0.10281124800006809,704.2670784299247,0.21876079370380896,0.1880392197710638,0.9097759694527389,7202.551574101152,148.6447985786702,2511.351790677296,3165.774003477357,427.5839170129523,3.774945019742334,637.7087788095561,149.86525048431312,4.243196964605194,2005.8806047165747,471.3917296039532,10.12785950141486,106.75702739193808,40.8649251292929,2.4148507403685304
d13_07_G01_1_3_T,glasshouse_b1,Gladius,T1,R3,T,82.42158069542084,70.2710469088556,484.902684617491,0.13661236961997156,171.1598452272106,0.41110219377413115,0.4337563533496877,0.7281844786608124,925.2947033551524,63.762833649224014,638.1398479323168,33.5582233727569,448.8686652021032,1.0344701711508675,6.895957909767649,189.71023227927876,0.010191919572526548,49.503808560164146,572.9450161442505,5.2021889217483634,2.8988616124050175,64.46186572638806,-0.4003145781211447
d4_T011_14.10.23,field,Gladius,na,R4,T,1183.5474732812713,488.31788921671114,3839.2606243695795,0.12920951632370092,677.5145954004892,0.1989311158815684,0.19009398161524213,0.8314901755543982,7544.729354958318,127.21092918197002,2359.410066684109,3572.311904794992,235.93339654225994,1.7044041159239536,668.9409858582515,78.82685924159705,2.6461989684973894,2093.430864171449,261.9042880035996,8.6679963191006,105.89878881529417,22.846469800939968,0.8449048943797199
d09_28_G04_0_4_S,glasshouse_b1,Forrest,T0,R4,S,78.92355733704123,47.40044410222061,222.02235771714518,0.25857714902827345,73.19989492820503,0.40215158379797467,0.4097335709872545,0.6527428547229417,396.6954729838202,28.614251480184347,272.50572340800846,41.53943479039986,167.9168146739748,0.9353447719531542,7.569521061552256,78.04447239188968,-0.16313412348576528,18.300946381838045,242.5363555876954,1.412852062867367,0.8656221310444331,27.418694917387043,0.2565402749731516
d21_47_G06_1_3_S,glasshouse_b1,3811,T1,R3,S,78.77499238137274,51.64185196733132,376.5090865507281,0.11368784646802121,154.56005081697384,0.3894411804061682,0.41133777254811393,0.7248966671101732,841.0265937370824,53.493933109756455,523.8559374658565,8.171621240449504,360.73331404657546,0.5433025044430414,11.344452550707912,149.91001304899405,1.4702676121184093,26.301502612305214,468.12789530299284,4.853058714088679,4.661308779298152,49.47069307584211,0.7330425372351248
d29_26_G04_0_2_S,glasshouse_b1,Forrest,T0,R2,S,153.2673820225284,92.81767306413387,587.8476724126419,0.1768136256138223,217.3466012713384,0.41019247764768024,0.4371272053597844,0.6035289696679709,1160.9042326857557,80.52496707249658,728.1745853947558,70.72981704645301,498.57520791102354,-0.19414321296585346,10.104308814441382,220.582684569706,-0.6776465827506147,58.287387430952705,700.4751281815984,-2.14983802864683,2.508224708859047,77.27514327052364,0.6709827140047988
d45_05_G01_1_1_T,glasshouse_b1,Gladius,T1,R1,T,731.7365209911283,431.3833555971738,1879.1100784322425,0.23069416625062814,630.5243647529934,0.3713455242874797,0.4112700189435307,1.0511656526666133,3577.533180393937,233.3682036518718,2194.298178248817,632.0535977243262,1176.8070622625717,44.81477677882942,164.96031676902595,509.5571266033908,32.650424567097154,489.6362769821205,1613.5043994704317,102.1075194176936,30.42459117686079,181.9973730055573,19.539294582215188
d41_10_G02_0_1_T,glasshouse_b1,5489,T0,R2,T,531.8436975777398,428.20913259774534,1731.8903985325712,0.24716917545746478,632.9867698840925,0.4117217053012642,0.4344950497917143,1.176069233808776,3341.376239608212,255.26433708372167,2244.3767482517887,319.3778755746844,1350.9704988458307,77.80667456140004,66.02279752969228,581.278523598403,64.14860749705859,212.08635744753087,1837.6023351625145,204.0390673911289,13.158183312177458,203.32463512613927,40.589138017810754
d17_45_G06_1_1_S,glasshouse_b1,3811,T1,R1,S,83.97172519327648,42.940202784825914,349.23322662477966,0.12623439537164122,141.40576810440126,0.3960339274204446,0.4367115749146459,0.5825816575255639,800.8001056317437,48.36902293625971,448.46464034660926,33.07482266326246,306.645206324069,-0.3691470538600307,15.868638242794825,131.79325336074945,-0.34547205242527923,28.93146744958498,424.5125837952684,3.2068152945073924,2.381806330458933,45.52758554966026,0.6417132738472217
d15_31_G04_1_3_S,glasshouse_b2,Forrest,T1,R3,S,78.75455719337167,46.26427454293117,192.26991980206577,0.1930927398461086,69.15754683659169,0.36096596651347,0.4103095972589907,0.5796411680857956,384.87803337543676,23.701155581625276,259.77574361898553,24.435784257484727,168.0519281943684,0.03440557138595968,10.375831838597207,63.54950594240997,-1.4268511912108879,41.344275520144755,212.41948108974688,-3.103242747248439,2.219999058380946,22.19732791863612,0.8579530469295804
d19_10_G02_0_1_T,glasshouse_b2,5489,T0,R2,T,85.05717683817244,52.60375443191344,650.8288750631395,0.0907875275331296,233.65976368397253,0.3940749189315195,0.40871364328511217,0.867207700240337,1268.241523725276,81.85194353984079,784.3431954543091,59.39908632462611,552.9619461142582,4.537500386299123,11.931890618180901,224.88241654566966,2.4082706698575835,38.18753653962748,720.3222855768228,10.691034525886353,4.601778617100783,75.96865132513973,0.5517865850898483
d4_T002_14.10.23,field,Gladius,na,R2,T,1549.3145327278335,1200.9584538086156,5916.496993829296,0.19956341175993186,1119.74498819167,0.21475710682973687,0.1887331475455039,0.9282841147895917,11470.810690801256,238.9426233397693,4012.9912442992595,5243.894770152255,666.3771975219707,6.833542478485802,1015.3391116029377,232.98350516862124,4.3289935118966305,3218.066769338114,767.7112951448249,15.186978168141412,165.01638570438283,66.49241844792242,1.6024158811812927
d27_10_G02_0_1_T,glasshouse_b2,5489,T0,R2,T,233.8806567801388,173.19789375535913,1030.5934351461735,0.16145941667793057,378.144078635767,0.4031881296355471,0.4361956149350512,1.016592509733173,2104.1563178574697,143.23297222997465,1347.13358015723,145.14654366734646,897.931267954614,15.378340042989457,28.058981257661024,379.1864345370583,9.570796487077024,87.06059636612443,1170.7126565626559,32.98402151933148,6.67789758170449,129.5097566987125,4.872651157244572
d31_15_G02_1_3_T,glasshouse_b2,5489,T1,R3,T,204.73911671297958,119.90693316927401,761.3105817437449,0.16493216124332172,266.36721793275916,0.39099134327371193,0.43606341046557456,0.719732501313331,1429.7884437439432,100.19117264880666,994.047529672884,160.41894260383293,622.1951892542374,2.2557966269033347,31.525907804659894,265.7528398156638,0.9696348033479668,102.5409437914906,833.5855827745667,0.34930682606395425,6.296785104716074,93.59703692967226,0.5035637483153002
d45_02_G01_0_2_T,glasshouse_b1,Gladius,T0,R2,T,511.8587576019974,352.614074400902,1451.948367874393,0.24380249238508428,515.2259415515017,0.40562779686499345,0.43553836461644435,1.055828228003955,2773.846295650169,201.82480245560367,1819.7908095275504,268.46213572464455,1095.9398520372426,29.09178035431816,60.32679012299563,486.6329574061615,22.244339145146366,208.2032779331475,1551.504563842929,68.63365515775334,11.01265659196991,173.25732826498788,13.492551689702596
d09_10_G02_0_1_T,glasshouse_b1,5489,T0,R2,T,63.43688208196576,30.366346599888182,364.1797092360084,0.1173373738329047,110.23268298079466,0.4158631625919351,0.4360782440665945,0.6053231751213896,559.5016081796639,40.47781025650902,407.44158989420106,38.76038716923656,281.430861979338,0.6995006449245533,6.658687545847813,111.31196881724608,-0.3195068884162661,36.52656266822056,372.8619114755361,3.1438655926533206,1.630638894556859,41.106895064311985,-0.0882456892565145
d41_38_G05_1_2_S,glasshouse_b1,Hartog,T1,R2,S,317.4445919752923,166.9875282248251,756.5822001229827,0.21387167778457206,243.6704982343988,0.3620184790508567,0.4111911925560748,0.6387082942041028,1500.356320681302,84.94838591436157,878.1602994468227,258.027608896461,516.4828862209955,-0.7889327190955058,58.08275757383589,217.04828624801422,-0.30945228934519275,177.39443144362153,674.4919868065946,3.5397764188903844,12.770376780801218,73.35886095029196,1.261600333286532
d25_15_G02_1_3_T,glasshouse_b1,5489,T1,R3,T,136.33942330737918,101.23732945022803,521.4132134306988,0.1837500263538769,207.4782570250113,0.41227997360721264,0.437619703102044,0.8661429306232193,1083.7835268182312,78.30309727901518,710.7245607577916,60.94496415752621,471.80937096162995,7.207136894255505,17.496207201068295,210.0709286379944,4.847132322703301,41.22378887543526,651.6806586089439,19.015293640450402,2.866394929430919,72.29288373814649,1.940332965388428
d45_11_G02_0_3_T,glasshouse_b1,5489,T0,R3,T,472.46299432359336,336.8937710021429,1420.2904599784897,0.23403231949074704,501.144784168472,0.4048596739669382,0.4336277228374573,1.105490659176057,2678.624099732398,201.92479827654705,1803.2214556290396,297.816909907249,1044.3127688806237,54.178606800889774,73.88562663041802,464.23541324457756,40.61601412184669,225.02198687937482,1463.3469006540208,126.41056602721818,13.717569368180639,167.73437142395835,21.95599917325034
d17_42_G06_0_2_S,glasshouse_b1,3811,T0,R2,S,161.51784276454237,98.86810341180497,560.9481726659405,0.16383294819736685,220.20407181882473,0.40836528157324853,0.43547257557072566,0.6030512948172514,1158.1546488984247,83.4024385719055,799.8098532630895,59.03330843601252,513.2623216544542,1.902205340021827,14.599718248020743,225.62040142395546,-0.6225252889734747,79.16074126091269,706.793566098151,3.801458852572593,4.459073332570625,78.16283067049741,0.6093948953099425
d13_36_G05_0_4_S,glasshouse_b1,Hartog,T0,R4,S,123.11093670718438,62.83052538850751,437.1866257202927,0.14986621213067633,165.764030135991,0.3953630932719919,0.4360172130330789,0.7279633299247327,848.753003968491,54.76183476984842,548.7473835174476,89.91435745337441,368.5102344434946,1.0676884909182018,18.62250054939233,153.5674754078093,-0.6000844129745889,40.50092060397535,503.93555315232936,-1.2944520402174169,3.3993114232648667,54.11109080342021,0.833671957295778
d49_41_G06_0_1_S,glasshouse_b2,3811,T0,R1,S,2047.6767867693436,1735.8520035264594,4349.582464052439,0.40253410438240295,1509.7688911061707,0.4313083670712249,0.4099014363838129,2.4719677271004317,7755.71129570505,817.0185545034954,5864.371205508211,1330.2413187256861,2487.637903176773,518.6162318824254,315.16203446908503,1115.0475017700624,457.2798766174113,975.0175348141223,3487.339667155948,1434.655059426851,58.51423298304249,404.2353578519123,356.01173043575886
d31_04_G01_0_4_T,glasshouse_b2,Gladius,T0,R4,T,296.94475094160487,187.13428417466653,1142.8132475441353,0.15391872245753987,426.67179673722677,0.39973063811196174,0.435593827277702,1.0009017694331634,2252.2824876943496,158.5079363312881,1449.6959781596395,208.3426169317966,955.4052949664461,10.077276872213202,50.65494456780195,419.2566263147608,7.402212643798971,137.78190771086955,1291.9038605536066,25.870885054922045,9.299303606687563,145.0224969555293,3.8005415094681543
d5_T010_21.10.23,field,Gladius,na,R3,T,646.8783196465039,236.47223106317315,1794.4113272516367,0.12756836679131972,314.7079166200574,0.1959856879598848,0.19020158137655316,0.6735347625091888,3611.9081665849494,58.71365679065234,1087.6374949677702,1701.1414636377065,108.93717989455074,-2.774399596049568,321.28358012727864,40.652288349677875,0.31094473993231425,1002.8414992809468,130.32747227638518,2.042192206745684,48.13405050564738,10.875812379074707,0.3225751529111748
d31_22_G03_1_2_T,glasshouse_b2,CALINGIRI,T1,R2,T,149.11746155306236,96.2330881011493,795.2715355217746,0.13212103507301381,282.4519142637753,0.401710739047925,0.4363949950731251,0.5761295264508802,1482.4590803774586,96.97191503837932,990.1881391394575,89.81209787763123,691.9858470673782,0.176706886387282,20.20489105140585,283.30386887016994,-0.9301741168019825,75.34753146888474,897.3013247592198,-3.073624917387743,5.01322881554224,93.87204461548095,0.5483962296266338
d5_T019_21.10.23,field,Gladius,na,R7,T,1597.0704982168422,1157.513535070822,6465.299341655421,0.1804550959512719,1222.4124018158552,0.21407618883528146,0.18977444707151078,0.774349015075517,12422.305981277368,252.0402980889907,4332.964518308575,5744.070549466697,650.8873706283167,4.618320466144427,1142.4876245328878,224.18402977891998,1.3557618696467215,3568.041943240275,712.374777413365,11.672556833750331,187.921634218927,64.6874773062921,0.7238166799734517
d31_36_G05_0_4_S,glasshouse_b2,Hartog,T0,R4,S,334.76921028562924,200.3023548059162,947.6093557905994,0.22337360706532944,345.1274882630724,0.40395715382749725,0.43561364013818465,1.0497129128793892,1838.0222524552544,135.72836617848827,1240.581791364496,181.07507949100534,734.7363760689647,25.926647900141596,44.736708591942225,325.38117170786825,17.52725829664604,119.7094210143492,1024.434547364963,58.700457839053016,8.7964419892858,113.46882704216203,10.095650065354505
d27_10_G02_0_1_T,glasshouse_b2,5489,T0,R2,T,211.50582665155585,168.87687281777008,1053.1481331567288,0.16030951594690923,385.06184049264334,0.4044039303360736,0.4351073571467863,1.0291970100025616,2044.6637916129605,144.4206652168177,1320.0462063894172,93.03740781346478,900.5190169307784,16.616921556817065,36.680831469940934,376.72668786511446,8.899044681407096,102.97700376969938,1196.496703617645,31.782514598352556,4.81878045615608,130.85907986588296,5.199446096591565
d45_41_G06_0_1_S,glasshouse_b1,3811,T0,R1,S,1196.1547404308212,943.9157035354,2822.91763189281,0.3307349559943992,963.9346342325185,0.39461206771327967,0.4104397707339192,1.7473921176735034,5223.857142226002,417.0981857161689,3550.0609553777904,877.9148120981326,1731.4609242434187,213.5386127276533,214.24200741487186,764.1776905150425,163.72759794930437,667.028678246719,2389.249779418801,508.6633228496337,41.425112596625205,271.93675476192954,103.19644908541696
d21_30_G04_1_2_S,glasshouse_b1,Forrest,T1,R2,S,66.4327640379925,18.865687632338677,181.69086924884618,0.08312558085645688,76.855676830777,0.3690078125230965,0.41147355601436114,0.5749203637575812,357.0990344647322,20.92471165159136,267.1567966648551,35.51925450921786,175.85058039099667,0.4201953319676472,7.482035677133088,65.99299147453416,-2.1079701326174436,35.53032190839909,202.69493840668315,-3.4504842002493312,3.1356156965608433,21.06250592662081,-0.4685785912824431
d29_43_G06_0_3_S,glasshouse_b1,3811,T0,R3,S,291.5002734843355,212.4961890442198,1267.3264362247023,0.16575679456901032,481.3017535140633,0.41752079242872703,0.4383435171585323,1.175238866875224,2350.178861353448,182.55024197776706,1659.5307691627327,153.745699661861,1114.3449456625008,11.72807360977869,29.691982097478977,483.7778124079827,8.997149853785022,85.1017493717567,1503.0980372677707,32.53673746342979,6.470260094460949,169.48846792744757,7.7317674760640696
d07_36_G05_0_4_S,glasshouse_b2,Hartog,T0,R4,S,76.78261239305482,40.48392021500704,231.1182672932157,0.18515772871790945,84.75933708489835,0.3706738351155886,0.41149419835630985,0.571966717686805,532.074397821691,30.629426966457583,305.7660682738527,26.098921521920303,190.12989189161664,-0.6367737139708726,14.196920787028306,82.78997207074121,1.0669312584917012,73.16167986455221,255.84414652523967,1.2226851215709265,2.3717315702115083,26.661403082345057,-0.9035402445947666
d43_47_G06_1_3_S,glasshouse_b2,3811,T1,R3,S,375.24608373312907,231.38394903440832,1021.3179849638158,0.23035606444643708,337.5261677148069,0.3654667087699657,0.409234811159019,1.0261876229761944,1948.0718948282815,123.29907665645504,1170.364839431346,357.62550251326013,627.8832929702736,21.893954527425212,85.6153781396496,271.95910699252187,15.396250604261304,274.2234160706359,867.6450667544564,48.516444656923035,17.31790908426502,95.80362366773412,7.338028923181766
d17_07_G01_1_3_T,glasshouse_b1,Gladius,T1,R3,T,81.73247280665618,57.597076238842924,575.3972173711317,0.09931532750308006,207.81333123745796,0.4046541934384514,0.4358887690394345,0.7286210137863828,1053.3756997585529,71.53648448100385,683.7476859721131,25.96027040481051,505.413523087422,0.4996524297252018,16.338521883981006,206.0069175854551,-0.9635783480847637,49.937968237154905,653.5390976710105,3.8679830577517373,3.435910328686717,68.71612024282544,1.6991628190131098
d19_45_G06_1_1_S,glasshouse_b2,3811,T1,R1,S,131.86731473370295,58.340891787915496,415.96473301007,0.13116380228961086,151.15759600591252,0.39905462720178436,0.43394267725212293,0.5834978784820257,895.4949853487824,53.272084240360776,520.0435070683332,46.31125059222003,354.2239882059783,0.19611740538304048,11.346040502828192,151.2255825076823,0.6072191070635201,63.6457693242904,483.80507166482386,-0.5842219802373195,3.2070576507764965,54.51962734909777,0.9954401508724102
d31_41_G06_0_1_S,glasshouse_b2,3811,T0,R1,S,284.25459640705765,191.72597029168645,801.1491169757368,0.2277877196803432,289.9847494857393,0.3829686085306099,0.4113671204643131,1.1313466500565537,1558.931624642772,107.36305415297441,1051.122268978404,186.808081932608,633.6103512779677,21.554797550038323,59.869168698746,252.89590304598025,17.906624556915208,144.65937240954204,803.1023967301409,50.90464819017187,11.965842660819176,86.07588087914105,9.998345060074863
d5_T011_21.10.23,field,Gladius,na,R4,T,1305.043103450129,620.4278669336292,4404.986123726064,0.13822194818186662,787.9618010445021,0.19971879854222388,0.18954723045415375,0.8821836068553062,8737.316263626526,153.31492140001012,2792.1236890042655,4154.412727754692,302.3416276496264,4.391093900222178,780.0253661350204,106.05392105821997,1.9018077507954008,2445.0361094588993,323.60294783662954,8.326961861423449,121.71101974671546,28.643256634540716,0.9872797352210534
d15_11_G02_0_3_T,glasshouse_b2,5489,T0,R3,T,99.48317775815241,71.5969995310864,501.3027423392542,0.14201385644949183,183.25353367381194,0.42018205926982716,0.4381468122401255,0.7284789571501541,972.7050590366566,69.17879927774901,600.165058934232,21.802715854035092,423.56392333927204,0.40582307405485096,19.066257662981236,184.944895222837,0.623327649905531,45.772427257350984,596.1497034283876,2.385796538382915,1.7525814376848512,65.0398627023666,1.1275251714756462
d05_22_G03_1_2_T,glasshouse_b1,CALINGIRI,T1,R2,T,37.57389065670306,14.819026376922523,70.91910000546872,0.24346551713535716,29.13168386443431,0.37092620978759955,0.4100524694288109,0.533273487932227,167.3660957385408,9.285127597308412,62.475964703884436,1.3884225927020797,60.34761817094554,-0.8351020654606117,-3.3640441297823918,14.171661951240807,-0.521694139541026,18.214686977310482,52.641354333770465,-1.5374235480517444,0.7717156414092338,7.552938419224235,-0.12178145479566811
d13_28_G04_0_4_S,glasshouse_b1,Forrest,T0,R4,S,78.81190776641446,43.67576892913364,249.36126157742785,0.1539644065632088,99.37644134320416,0.3984516473721524,0.4359665009794854,0.5909889267771232,469.78954722344423,33.15729813854008,327.66095693431095,10.007040651536691,223.68131077373184,0.6484138127883219,6.566743571037314,101.61368109509004,0.3620252984576,36.432671918853494,290.40710615736157,0.6308414585523672,1.9856059226727685,32.82248968607312,0.8227097174530164
d13_45_G06_1_1_S,glasshouse_b1,3811,T1,R1,S,100.90172927257377,71.17675156863008,290.9373355514775,0.2353545494318801,112.64638882039827,0.39498385142291975,0.43593162651612144,0.7220971941666539,661.9240746329841,40.51244449233532,366.5506944601,56.7792887841427,255.5362473286105,-0.010465630816551441,15.312266201726473,114.4520967227091,0.496551193811296,21.034909080901308,357.0741701505357,-4.065464438244991,3.049242259474825,37.58263456255979,-1.2264518114300085
d21_02_G01_0_2_T,glasshouse_b1,Gladius,T0,R2,T,127.06209400663094,84.25528982587761,689.1333158710665,0.12331617535336878,278.390322114717,0.4342782275013008,0.4361355667913764,0.6495697164179307,1389.4904573087256,108.35510733175882,944.0753127239396,23.89989842780076,652.9566456347908,0.26193427048090356,6.5481920541154,301.6181274060696,0.24865342122047995,9.876672994463462,944.4436042061927,-1.4528038796909346,3.12781662306561,106.79646367924735,0.17007474365872266
d21_08_G01_1_4_T,glasshouse_b1,Gladius,T1,R4,T,60.95637893411275,59.63551572251514,507.5549625585732,0.12311928058020659,178.48515944642787,0.3947406828107056,0.4088149176456752,0.7880563255695511,1013.5795245665516,67.85066224896293,613.380009424823,57.44913848281231,407.98851249347405,14.18802915896358,32.58714811218632,166.79437857480053,11.114914530617776,93.09453385335698,536.1319312769145,33.517849468716655,4.127345418504095,55.74297731864759,6.134286996253652
d37_07_G01_1_3_T,glasshouse_b1,Gladius,T1,R3,T,244.19080466939675,152.40234748953165,980.0013742216805,0.15853452747621852,332.37625931741144,0.379808885887554,0.412124511192598,0.7830365075732205,1953.0980589560018,120.63174241555494,1130.1652234379712,320.2059260364716,653.956287240789,4.8110305870244465,81.4756354044832,282.02737621580707,6.439772577143061,240.391059526008,890.7224557088978,9.365029295135693,16.412043351298855,99.34277850592716,2.943229890615902
d05_04_G01_0_4_T,glasshouse_b1,Gladius,T0,R4,T,36.18992935243458,30.192476636933332,182.53457233131417,0.12398521363444634,76.37284221472636,0.40801732314835754,0.4337594824536416,0.7202806225770327,390.81369044455465,28.488568332623974,259.98992064544797,-0.23680721464858934,184.46068138591718,-1.6572084822077857,-5.308463717483094,83.2177082537705,0.031557750169014576,19.437559347136762,239.74138516019048,3.5273414403503285,2.5584141225067905,26.708251697690212,-0.27889826877389773
d31_22_G03_1_2_T,glasshouse_b2,CALINGIRI,T1,R2,T,152.9991360577843,90.46343183657635,755.0219101882391,0.13198283062565974,278.48953742601174,0.4024190939725663,0.4361313782815154,0.5832045996234922,1553.6242826790049,100.86074685777396,1007.6430471690179,101.02131450946274,699.0692120304832,0.23053378481027748,21.717297421945144,291.84075101629924,0.16086710090431844,80.88017410393087,923.6616278746437,-0.4296297543814198,3.7103922215363236,97.70508299175532,1.7353869904547408
d45_02_G01_0_2_T,glasshouse_b1,Gladius,T0,R2,T,522.4792046069026,341.35818252639876,1444.734331034272,0.24382088430770077,510.53406446998764,0.40158803275414306,0.43532330402871455,1.0534573371368394,2689.072650179129,199.3743554014358,1820.4261000974793,255.40410587454903,1109.6869163716622,31.89094036991772,65.2019920901896,495.52032993317437,22.009868483709713,190.4572924833919,1536.1811400961303,66.33875067819436,12.042711872643485,173.34092954008042,11.912482376430852
d31_36_G05_0_4_S,glasshouse_b2,Hartog,T0,R4,S,325.9019234738971,216.93027024787858,928.9667800236733,0.22334601596581444,344.3381872374901,0.4037335086474897,0.432088815924152,1.0488227463562139,1902.4596785389788,134.5394074304582,1207.3705674669352,184.99722228297958,717.5101590777238,27.51720862685564,37.35852318152747,325.0548251579607,19.226020998209272,150.7888858361051,1016.7876390695519,58.426982201068675,8.599101170470894,116.41029817549486,10.683336203934187
d3_T020_08.10.23,field,Gladius,na,R8,T,1262.3078201447518,1028.7161365800314,5554.271021755711,0.1868954311278136,1095.0225010844688,0.22455668157498196,0.23928725864109932,1.0790430556547952,10784.26781772081,245.06277992431484,3940.7038117696916,4804.574538342384,727.3479894632377,19.185671715616085,969.6549394225017,259.16596439096435,15.115262770028997,3039.784858828864,833.5626895197122,45.016605418396324,163.1588644811068,74.03820514567242,8.398452400720084
d07_24_G03_1_4_T,glasshouse_b2,CALINGIRI,T1,R4,T,81.54700679369108,38.56738384172632,209.4965337118489,0.1741778172022043,74.86558114553478,0.3758433951362282,0.41196213766503487,0.5785024058141741,344.88368023547304,21.873469700029087,263.2001430283193,101.96938664111146,150.53428697640908,-0.6909065091477063,17.116158791229324,67.36501051206567,0.39037338368922225,26.143257863017375,212.5474289259716,-4.211014919846919,4.081507451452783,22.660551132011033,-0.5216876303268779
d07_46_G06_1_2_S,glasshouse_b2,3811,T1,R2,S,48.08382296766297,19.837491890912084,139.7948147712241,0.16258901120313968,46.431765716185325,0.3872123216000334,0.409548601942214,0.9164346919697435,244.5294430544389,21.66324025396595,185.27960700187722,17.50499129440788,107.28197495106733,5.382087275989405,3.2943954209416484,52.26233609182353,2.9951918310937247,6.034464645391608,153.86741628930892,6.178214808977683,2.2356887969232337,16.56822099690033,2.571560235112129
d6_T017_28.10.23,field,Gladius,na,R6,T,1084.7006598394487,383.7783876254631,3659.5393022052826,0.10668118879338878,644.7150321089576,0.19928975615858585,0.18999353788179427,0.5376502129012146,7201.623672617811,124.60203824811951,2259.679725269425,3406.407737145754,214.31331230216261,-1.2639451181206254,644.4533090121606,74.65828904841727,-1.3095494812552664,2018.6368904080057,235.24068033477366,1.384292899712894,103.11276162325186,20.308276238122282,0.5671261843998717
d27_18_G03_0_2_T,glasshouse_b2,CALINGIRI,T0,R2,T,170.14871785365423,129.80854037083003,954.9896365096112,0.13179129172126172,359.9937988523937,0.40417391752901943,0.43719434186202843,0.7750730638563914,1888.7191288150382,128.41166816066206,1242.6399322795746,196.25692098815392,803.1828892691105,11.237721995901742,33.95376414366073,346.70285367833975,8.271282090270049,119.40815800878546,1096.7835035914009,23.254765890873244,8.61615497169514,118.93568106555331,4.47159212009037
d11_03_G01_0_3_T,glasshouse_b2,Gladius,T0,R3,T,79.71601563442316,57.51541994376676,419.3133160668199,0.13546756588067593,166.09123392351177,0.43143648593909256,0.4328339746090413,0.7298321115301146,777.3752931360787,62.93905167052435,600.6598599467708,9.446032553278599,376.5706839372404,7.016799000565172,9.127000820083746,177.58867125498716,4.5176279929309064,3.6279579320517623,544.3250415876988,18.339500127740333,1.3223681287020534,61.377903302666425,2.249546469611554
d41_46_G06_1_2_S,glasshouse_b1,3811,T1,R2,S,378.2737982440487,235.28201712535906,1126.9172297654254,0.21602856373090273,351.5549187659215,0.3734470018970513,0.4105615563796447,1.2475993204660343,2091.5379111391217,131.43273936805969,1283.7431833741948,336.6965866795675,729.4856592083331,21.879887941182663,74.62822610878453,312.6573362301939,14.560017571742813,276.1409248233983,983.6102128081254,54.8188349779112,14.635878622615005,105.5958783598761,10.153427457280246
d11_24_G03_1_4_T,glasshouse_b2,CALINGIRI,T1,R4,T,67.833778532961,38.502415890074,307.5264178853928,0.10488420362979763,151.2298132116606,0.41106993572940154,0.43505758448173654,0.5936403566057504,667.9318120952265,49.729850365281635,475.37586093261615,6.139607864483793,333.1833061258882,0.6735430536966067,11.72842192196687,143.24515903606462,-0.4292527929651663,43.72402695933508,481.4446376978299,0.9478060089718399,1.9076092480352167,51.58846624864045,0.5771117227776132
d25_43_G06_0_3_S,glasshouse_b1,3811,T0,R3,S,217.2910978926943,141.42050902057318,1000.1516318998569,0.14392268259477828,386.1685471965643,0.4226404910907498,0.43581673849088093,0.7357051767872886,1950.1028940688013,147.36410086372254,1333.7831172234216,107.55944711349753,928.0192824065681,3.7135946237388016,19.234517799926216,404.0996217089991,3.515774616097844,74.08568273493897,1258.8381208719622,11.664278870554153,3.671438455686654,142.42640029533004,0.5753527032810896
d5_T009_21.10.23,field,3811,na,R5,S,1209.4745048639627,729.4495344433254,4513.998462691104,0.1628150599814956,848.5590915737954,0.21149549911836707,0.18960205608333877,0.7794042721297437,8780.031026196033,181.2796084295984,3000.461912964232,4064.830245546695,456.8807909565559,2.8504877625687226,780.2810910237673,166.3375982880256,1.7241642619229,2467.9184732335966,523.6420421668812,5.5117236739224875,126.93156754529724,51.701114269316236,1.4636507541349195
d13_46_G06_1_2_S,glasshouse_b1,3811,T1,R2,S,55.7959112016595,33.57017342029541,204.3900825634286,0.15671636527158336,91.40657346436197,0.40658430607862867,0.4363173081848036,0.9282065473431355,491.48559500801343,31.88056472873226,300.5132739885706,21.248912740658994,200.21973543745221,3.298687719038815,1.7438144694825066,87.49600714504952,1.9792170206597235,57.1220746294192,259.0659580304684,8.817917964228135,2.5394854753004967,30.248974056318886,1.3938628858133781
d41_48_G06_1_4_S,glasshouse_b1,3811,T1,R4,S,313.77017010179924,219.55706419730086,1067.334337732503,0.20380259353132052,341.8186163560863,0.37710938277446926,0.40979807407747515,0.9806187123949344,1972.3899342333573,126.12702824590163,1210.3870105895776,255.86153724934582,756.1521014817182,11.746169260540892,66.39354426202247,320.43004593162215,6.1728746599468,183.69218031704784,1010.1398074868011,23.855722569870714,11.546282195953639,109.15450282643002,4.289626178221892
d35_42_G06_0_1_S,glasshouse_b2,3811,T0,R2,S,501.52183393855006,347.59411008622413,1449.2785136070643,0.23802849683276317,518.3303492488712,0.39758496931916143,0.432298780964923,1.343825185691956,2758.4153497077627,202.85273869841038,1805.0787102039674,334.95329324765294,1069.4540225967298,56.02399655256175,68.68490264212181,463.7664545643656,41.6751427035339,210.33684251825548,1468.955895372512,141.09356056932222,12.842774679405412,161.23442430234275,26.48174180333374
d5_T005_21.10.23,field,3811,na,R2,S,936.7479201471151,295.78218173570235,2720.806412916391,0.1065169771174548,478.22194031366723,0.19204376222760178,0.18986681128169716,0.5672126450396702,5441.610107046791,84.98991861840831,1651.5151068355012,2550.1244157876417,122.21420601577647,-0.0008439382339597761,482.52339014520163,42.81920547798922,-0.6049620286254931,1525.4652746904244,144.3904423152987,-2.4811075924916217,75.6052222787819,10.99359132372335,-0.4567217529543852
d43_26_G04_0_2_S,glasshouse_b2,Forrest,T0,R2,S,270.3202401785613,170.30579412301563,879.2815294738039,0.1919913957161684,326.8270991434658,0.4033476865809204,0.4359583381198452,1.1695869781404762,1736.064590766926,121.13291501733461,1082.911413249738,124.2650223979747,713.7284981319378,10.860774760586702,29.58374543048454,314.71817768522794,9.008341275174253,104.11853154692888,976.4781596311008,32.68427460528929,6.067130473400632,108.36391944104771,6.707043503222739
d27_20_G03_0_4_T,glasshouse_b2,CALINGIRI,T0,R4,T,189.21258869028406,138.157095637222,1065.8538971932085,0.12607844966399007,387.0229260694377,0.39380394130264706,0.43648332107885035,0.9203681101103189,2142.9819364138334,141.4778050823036,1359.2770833861487,197.17050603718363,899.2870897867608,8.212457862420056,53.81921848605587,383.87018298494,3.901233056478035,158.74451488693674,1223.4458973200244,17.716999483370333,9.428088689815265,127.33684395409682,2.9698759149818783
d19_15_G02_1_3_T,glasshouse_b2,5489,T1,R3,T,64.81923173467511,51.568379891527,333.20341189096075,0.1415648711158955,139.34521968283178,0.4069706993845226,0.4349764917729864,0.7432496217915197,736.1327326565544,48.85659359158231,452.9055469008118,70.37234860566964,320.48451713922253,5.714141759842889,5.530444056752772,138.57777929314958,3.543537420356607,22.816730673655073,418.93939236052836,14.464996345566464,2.9697860627299564,44.58933519050428,2.36790613784788
d25_22_G03_1_2_T,glasshouse_b1,CALINGIRI,T1,R2,T,115.37463851341386,85.0525623616855,674.3347293318001,0.12320820831683535,227.6205379962752,0.4020394268785821,0.4343829693732089,0.5770080794750758,1147.906427960645,81.42119908020345,827.3508061686572,87.94592058383677,576.1686190676544,0.6903736423062657,18.186254025366487,238.25387173662546,-1.5768472704049612,43.15152439259235,749.889790056638,0.49865824108170603,3.5111931496061586,79.39657368534738,0.5752818586459292
d35_41_G06_0_1_S,glasshouse_b2,3811,T0,R1,S,371.7508974314025,230.9995381386781,1224.0026096952042,0.1965677256773308,421.95612098172245,0.38510163717092655,0.4107104840866163,1.1358915841972481,2244.4143304525273,154.13522060273388,1457.841596742395,298.8920116713689,864.2460631075365,22.98760507182741,84.74925558484013,374.9315886524677,16.60675040923782,246.94428056327456,1174.697299825329,48.519768255661106,16.50829986252605,129.12339398073112,8.523251745594761
d37_27_G04_0_3_S,glasshouse_b1,Forrest,T0,R3,S,235.23216124323196,163.42624728875987,792.7420794923848,0.2078429644555221,280.93680725375873,0.4092659061358386,0.4367416430394602,1.2219615541525166,1505.1028259720358,108.34157700367261,977.1655726751836,128.34762985805622,621.7432871621875,19.279353694439,40.05382502567548,272.9697465970591,16.873437133616864,100.33235466333396,843.1811784114547,50.667211982646556,6.222876979422483,92.51141176351204,10.271431462469195
d4_T001_14.10.23,field,Gladius,na,R1,T,1153.254127061956,611.3839109049061,4128.918795181065,0.14720375028838667,812.3376673247573,0.21751535285791,0.18776559344238714,0.904044097118991,8123.885860316436,170.7725534138346,2824.372795489192,3662.683006180169,497.8068073940612,2.125099954025974,726.0660532846796,178.13908343993327,2.0184632080597598,2291.475099571797,553.022579402283,6.589958203047916,118.51868484576718,48.68629172396767,0.9428323989813182
d19_43_G06_0_3_S,glasshouse_b2,3811,T0,R3,S,125.90702421279417,80.10172768589551,738.0591525191561,0.10128920064898471,276.4689791203706,0.4054778751916435,0.43412476723752697,0.7248688284038648,1434.1677053544397,102.3004992626732,886.0762638621935,110.82103506515215,625.1515064021113,-0.21688764358586665,32.830887451108204,267.1800023567206,1.0628235448874537,80.73073617768559,869.65385751817,-3.2403957275782447,4.0538065050002725,95.93340909824414,0.022571407331242493
d25_30_G04_1_2_S,glasshouse_b1,Forrest,T1,R2,S,94.00491850984292,31.916743493866786,309.88753793025637,0.1314257513854285,83.32679524879015,0.361388939205543,0.40920661736265224,0.59557841566323,543.8986576486411,29.48232367610829,297.39421651487874,92.99698291991461,206.66361062341616,0.09205630864875954,14.962295586013719,77.38081422025975,-0.2639729331060842,38.156229703520395,259.28931212333083,4.71991310740863,2.355904236002888,26.526839215470336,-1.1592533085128582
d41_02_G01_0_2_T,glasshouse_b1,Gladius,T0,R2,T,400.7712104819519,264.99498188124556,1348.0293520666214,0.20776739143331258,469.50839494745196,0.4094661625901751,0.43608266359779085,1.1070942300971223,2505.880417659818,187.23184847969821,1681.9591202339843,217.6979992652188,1046.1434958610985,25.75485886806909,55.24459899192366,461.73423712287405,17.961699888956332,182.90470597058183,1414.9788968587686,52.30865046880939,10.780538473195767,162.4358976104722,11.18943876908357
d45_01_G01_0_2_T,glasshouse_b1,Gladius,T0,R1,T,482.522858607917,305.95465011506934,1610.9812832245605,0.19220052467649493,624.8717728363964,0.4112911617555041,0.4365458724484417,1.0487436760663478,3252.513012224898,244.33987578223594,2163.1093378496644,270.208080558244,1358.2600396351356,17.28430007691843,57.492808963273106,618.3594637510636,10.800913337154956,210.4295874629011,1928.8816144693658,36.67478859745367,12.013169980872245,220.61768869392327,7.008613668160034
d41_27_G04_0_3_S,glasshouse_b1,Forrest,T0,R3,S,255.52661294128356,182.34516796803032,857.0353617998261,0.20783908038627788,315.4632199133405,0.40928388985827013,0.4345537237864199,1.4951524490585484,1669.3697583237,127.60744246239145,1121.289740127508,175.85818822021892,692.4567244886007,27.84793451994623,34.1045649081773,297.06417227834464,24.111156960290202,114.87807571266286,931.2535022645909,76.81759267114742,8.116321087239008,100.13002265730498,14.390547552660781
d45_31_G04_1_3_S,glasshouse_b1,Forrest,T1,R3,S,262.13164005547634,159.590518237158,690.4259915214064,0.21851893076523182,226.199819564731,0.3599116180196017,0.40930978992750894,1.1262405309617438,1450.3937325704946,82.61176821378453,784.8432757233444,276.2216956640135,439.8567273243571,21.594825663228224,51.151679233625636,194.2082124957007,15.236840407711393,199.38499127128512,599.5100660558786,46.42560806381123,11.328832930257072,64.10509137537524,9.579337428114442
d07_10_G02_0_1_T,glasshouse_b2,5489,T0,R2,T,61.444356590941055,38.63516067697294,222.86672351694307,0.16191989136941035,84.44925631829156,0.38059086535138564,0.40980755136784214,0.5846075057796379,490.66175163904524,30.64030930856832,294.33081007943326,70.60351362328625,193.80758443137034,1.6529879662177742,14.585875345729136,84.5043034787562,0.8784665613520544,35.576242925492956,250.3047605864259,2.3372172813716547,2.564781188654889,27.891123225848798,-0.3125491141294113
d27_18_G03_0_2_T,glasshouse_b2,CALINGIRI,T0,R2,T,179.690647027241,124.55007171305513,950.9814728631054,0.13011847018772932,351.0963249681337,0.4054682179580882,0.43189848062760994,0.7883875580241579,1931.2776622488798,131.7123313588086,1255.7147808757247,142.41845635871297,803.5152522344093,11.310366730724956,43.45517544155506,352.4148024617073,7.230856088329797,144.9998154349869,1075.1821929428866,28.49280335149635,7.310097296556182,120.49527882134205,2.9481644614421247
d21_37_G05_1_1_S,glasshouse_b1,Hartog,T1,R1,S,76.85606922971931,40.75945216455499,265.20494036871685,0.14309016020049858,98.84756407899894,0.3953128431338218,0.43664736790748376,0.5649103026341207,509.3402715071294,38.044053100883076,342.0554310862762,60.58404793978577,233.92809039813235,0.4696632192498253,6.383603560593301,101.41312822130205,1.0393141087635092,32.71803538488923,320.192506879077,1.9543598300385345,2.0110293737203992,33.63115905870714,0.12772229539859548
d45_18_G03_0_2_T,glasshouse_b1,CALINGIRI,T0,R2,T,484.5813817010296,358.27786879185226,1774.6278255088873,0.19973225309449272,653.3609160099204,0.4078638583365395,0.4340425016599689,1.2357591312262235,3448.8185096527977,265.9644932887239,2319.226302135452,515.8636657153127,1206.181757989199,78.18450039903672,123.07972664236816,557.2068835403082,55.01341480600435,383.5942393584293,1751.3670250324367,174.23944766705222,24.925864922470115,208.780525932392,31.372979519698543
d19_14_G02_1_2_T,glasshouse_b2,5489,T1,R2,T,56.28268565993924,19.78888675896573,513.3534017233142,0.06881787029958114,162.17183353556047,0.3946495916024548,0.43632081880114637,0.647977832244278,928.5852979339147,56.27626386958457,585.269331907811,84.81668025665165,415.3188603339854,-1.0692212099923246,18.64295551296196,158.78171339038227,-0.4459654395590866,28.538050735370682,513.4369325833479,-2.318455653956956,2.8855289859984063,51.76257572104861,0.22488143641888192
d13_28_G04_0_4_S,glasshouse_b1,Forrest,T0,R4,S,65.95564283382826,40.536067334931374,248.72072569632897,0.15385471742256904,97.06353320380497,0.40040336310470476,0.43485007031273365,0.5681492668062437,505.68965062711953,34.00702411063866,318.26525135701627,39.71090233891854,225.4111837033222,0.7452812834309264,6.046530002855568,95.07294834474656,0.6445107041134033,16.928402641915966,279.19832116207124,0.03959693906252783,1.8348579016061108,32.23119402845198,-0.23476435842985316
d41_48_G06_1_4_S,glasshouse_b1,3811,T1,R4,S,301.8825198824769,214.47015040328083,1056.481347374456,0.2024621379411174,333.5938561822714,0.3759928869150338,0.4088719088149157,0.9794316824482941,2047.1315273680111,123.29026866066116,1266.6234600058208,249.463631331133,758.9324120182185,11.937999599476317,64.232274107053,322.3816376415718,9.660539476371978,196.99729248051258,984.0977653182414,21.69662532226517,13.037255861546761,108.59947446511602,5.37098912318487
d35_08_G01_1_4_T,glasshouse_b2,Gladius,T1,R4,T,265.43266072338446,175.427750480646,901.054053391866,0.2091932914694612,288.76821305731477,0.37940823823364705,0.41096310906181405,0.7520334756090206,1636.802329269168,106.35374649440051,1007.2657983567585,287.96551115352804,532.3991325731206,11.506153835151576,74.28576493379231,238.44758082865872,7.359457866138725,260.73070444142445,757.0848877529709,21.938139427614917,17.44286259492228,84.59328575042045,3.8356550078429654
d37_12_G02_0_3_T,glasshouse_b1,5489,T0,R4,T,314.10206738840446,226.26606631306083,1355.8479540430847,0.17201522500145977,500.18249987927504,0.41924224311657465,0.4350256001719152,0.9367249945383975,2653.63447748978,192.88557017563792,1779.2769867425955,213.68545402519047,1101.8979954426622,23.774192653738293,48.898742123826075,487.86553914059033,18.60486529520551,168.97864479172677,1544.7248460007634,54.97561840533946,9.55115343624628,176.22120194493922,10.966161138007353
d5_T011_21.10.23,field,Gladius,na,R4,T,1302.104533061298,623.4621253458947,4448.1504791679445,0.13951935491483589,802.7738162059901,0.19915267270123793,0.1883679734486969,0.860696858537624,8736.448874224961,152.07776838138938,2811.7278868670937,4159.955202962058,304.6938297449671,1.1626984923555357,777.8690012674472,100.00088655291556,1.6731156914775311,2429.0234243439572,340.6001134650943,9.014782452891533,120.70517788608886,29.27766578713472,1.0189779178073142
d37_03_G01_0_3_T,glasshouse_b1,Gladius,T0,R3,T,301.1737972446733,219.84009211286593,1299.2867349524145,0.172002277438494,470.4082351010924,0.4064610039617647,0.43519901882156314,0.8506110690848219,2515.8274158729128,178.20417085341379,1637.5261544499729,188.13318545348645,1072.5237201636332,10.346673511764427,58.80596956985522,471.7746835474283,7.8380099117868856,153.38214075186548,1455.14155909063,22.10200690839552,10.996949017942782,161.85446033235803,4.44704110614752
d13_10_G02_0_1_T,glasshouse_b1,5489,T0,R2,T,110.1352242695282,66.25961851002253,430.80542404992536,0.14803655794538573,175.65662896921344,0.40599377728145475,0.4364335657645203,0.964171712786729,885.2529093802065,63.30215999563663,611.2953239465601,61.02675239201288,390.19081559455424,2.4376215381133277,11.325211356819468,169.4487252089853,1.535318682619634,19.487263721771892,536.0717097990214,8.156180818893407,1.5504644040763678,58.33214105794927,0.7802141232493494
d15_47_G06_1_3_S,glasshouse_b2,3811,T1,R3,S,85.8537558491858,40.94209438301015,330.9690038603156,0.138737350096984,122.49602985888957,0.4018090174020833,0.4356819095846974,0.8777355017495234,676.3519519960212,45.40755041571625,415.9624759223701,32.48160325990874,301.74361093363194,0.7424905819067189,14.273663140648143,125.2063073902067,2.524914910707371,29.0404600079228,399.98130646938705,6.1323947382780375,1.6082269610606057,42.42791867346888,1.7324657395179266
d07_12_G02_0_4_T,glasshouse_b2,5489,T0,R4,T,66.95731894091435,40.413164680190825,245.44073843781717,0.1823228377940097,89.7399640514652,0.42230722853875324,0.4359670688002934,0.7275723882716488,431.2451477037419,32.419812485129604,337.087194648305,19.274356384430156,217.51695549522123,-0.11506159170000813,5.649058813456815,96.24400285584079,-0.6687435209646018,-16.944333682108052,318.1855194225037,-2.2113304203851527,0.9404352491708111,35.5331966148696,-0.21173990445963053
d25_18_G03_0_2_T,glasshouse_b1,CALINGIRI,T0,R2,T,162.0423992883012,126.51519471282847,897.8316198093047,0.13941540233658453,318.3288795051966,0.4060079501341156,0.4353075511804202,0.7335442918701788,1687.1195394229835,119.18115993769574,1082.6609881488234,148.53543712087338,727.1047559891492,13.34781366190392,23.866769299709098,313.70916199413176,7.194683579811697,102.95348510357948,1000.9826375480458,23.943171329541332,6.487865115149886,106.54437957135053,4.593528224746085
d09_33_G05_0_1_S,glasshouse_b1,Hartog,T0,R1,S,54.66700273959066,20.31451582828866,177.60265167471772,0.1281682699097296,70.55831309514062,0.3924808587296778,0.41138976884510187,0.5774657017292724,352.7893252923229,25.256635622502408,264.0678897908812,-13.479510864406748,157.88593112481337,-1.2444267044059156,14.891089279333372,69.44736874931648,-0.46120866610965106,5.107668626921551,213.44491775268392,-2.328809819383481,1.9253298037624451,24.034515018809522,-0.9768584422939777
d7_T010_04.11.23,field,Gladius,na,R3,T,668.2567085123757,255.39856481948644,1917.0899794386178,0.1327899395229531,338.30537906750857,0.1964788918877914,0.18971186012445643,0.5104976385190341,3785.668757504816,62.23967358414998,1159.3488596707712,1788.2602159038918,136.10934184377882,0.4374517518949278,333.12826062372324,45.09581665687233,-0.7071595687570288,1041.8172286530605,112.9402043140907,2.3070437200157485,51.44407459991612,11.420869322007233,-1.1879866298830084
d27_31_G04_1_3_S,glasshouse_b2,Forrest,T1,R3,S,118.86206071987839,66.58625332996662,331.6937593850884,0.1917559191645289,118.7551089041297,0.3597391296356317,0.4111055360969488,0.5879375519879255,716.3523987252673,37.41411301345677,366.6160133737652,84.03159530179609,264.4557936901575,0.9588372923327823,13.15800911179575,103.7706236941783,-0.9492583773438698,53.26944183634703,348.13155616646486,4.577688584497569,3.39947298270824,34.53481570289331,0.4418578775097428
d19_27_G04_0_3_S,glasshouse_b2,Forrest,T0,R3,S,94.94843560234379,69.85043234630146,445.11036049733553,0.15392976416988668,149.29535008172425,0.3958815191397131,0.43510957297413555,0.5858385960539831,869.6076361537257,54.6654965376674,519.3859447965673,76.06403171072178,369.0275921013261,0.760117874266582,16.124486794775205,153.53989948236207,1.3554543714845035,35.80289118294927,499.08994099287196,4.443023238676562,1.9611438338338845,51.96729689409269,1.0352018212972052
d07_06_G01_1_2_T,glasshouse_b2,Gladius,T1,R2,T,29.21501149031959,23.923454670996517,257.2312359698448,0.07750121603888784,90.06769042260176,0.421084168536414,0.4359615829357649,0.6033823690582641,565.978148869134,32.7424159624573,292.07604796996975,16.607847133257106,234.1991751152711,-1.1737033217915314,4.329352451997819,100.8430283738591,1.6367829773966711,-10.372255550661293,316.95605993514283,0.6640841906849207,0.8096657183523583,35.033954744445936,-0.43518964222627937
d5_T005_21.10.23,field,3811,na,R2,S,947.3603241811296,287.897901126831,2650.5169716596506,0.10796056706232415,477.23314304382683,0.19091144784685501,0.18632239097386843,0.5744608612349369,5437.985118642033,89.47456727606735,1615.3464887629154,2597.730994349538,128.43106458905393,-0.8168585123632334,487.5393853800778,43.028077550350304,0.32749332417010435,1541.7254216461579,131.24000932660547,0.2580016602195881,75.87478240115334,11.728204939555775,0.8308055944215951
d43_08_G01_1_4_T,glasshouse_b2,Gladius,T1,R4,T,407.18448782510575,231.4958718473733,1341.622999578225,0.178590422966197,449.2320949222473,0.3702544661992413,0.32471610394361367,1.2056811904671416,2517.6557492662814,160.1542654639225,1523.958811380283,578.4712272683054,705.4147985660686,26.909718746423074,139.12995222786031,323.18194328869134,19.624051766063573,461.2842963536292,1022.3412964807114,59.93954609208703,28.217306544807055,118.01069190976233,13.672895765735914
d49_21_G03_1_1_T,glasshouse_b2,CALINGIRI,T1,R1,T,574.5331177527278,460.4211649370753,1673.7285870426697,0.2738855952352004,554.5741936477793,0.3731012446655264,0.4108964066707413,0.9611752029180103,3182.645638857011,203.96196863063903,1997.419889338068,505.4744136990519,1169.7514533018646,28.71433611180925,128.36337855678036,495.0688219478968,19.917187294679955,391.26017961617424,1537.324920624504,63.472373618498146,24.76885557471296,164.8731675028062,10.30192490092854
d27_09_G02_0_1_T,glasshouse_b2,5489,T0,R1,T,209.65526448336263,137.93691309191465,929.5917035320616,0.1460746290011485,367.6945864153468,0.4372092773011105,0.43395640745882896,1.0217574734626313,1857.0582000609825,146.46310193713836,1267.9663143860696,112.51232246963903,820.0982822537381,26.626611391175192,13.691820310938095,372.0290421957218,20.39042553920934,49.47164884819226,1152.8183133002626,63.86541125928872,2.197353256970751,133.44689055627535,10.759053433162064
d7_T011_04.11.23,field,Gladius,na,R4,T,1292.957448565033,600.0467961934548,4398.665409019635,0.13892382788180818,780.4241698701406,0.19532967289498918,0.18970841949218925,0.6889148476777832,8688.512397257522,150.28609997162908,2698.700888201032,4124.605031832709,273.07438778915304,1.1124497608542485,778.281335875757,96.57836903051046,0.4669246053723493,2460.0760486130575,303.6414574640417,-0.060517088442528344,122.56906959757563,27.80004801310898,0.2485779300252076
d29_26_G04_0_2_S,glasshouse_b1,Forrest,T0,R2,S,160.8898172092774,100.65284891943745,606.5840341703035,0.17675723515328656,210.88933757828292,0.4113727637574283,0.43512199901452225,0.6067440107590136,1074.1664744776872,77.92911727208138,738.7628921558232,58.03755033515489,494.6062290293345,0.5391919116027627,15.905247924452375,217.89869264803073,-0.35633813259216907,42.90562064764858,676.3742968918373,0.5155319150425418,3.5197340806367494,77.15875432616699,-0.12237016628715307
d19_45_G06_1_1_S,glasshouse_b2,3811,T1,R1,S,114.85446854210846,52.138320679121385,447.4308244505072,0.13249953566820946,154.85398598622677,0.3985616587822812,0.43757831621717125,0.5844861442181113,825.6593547523651,54.79263677802925,547.9885894184899,71.43624919802814,351.646742097516,1.3247907310243456,15.536636329677208,154.35157113274212,0.39583637933069815,59.08032224495129,498.50762307488884,0.1996339998740749,2.6075190188146546,53.32160882673162,0.3334652442706866
d35_22_G03_1_2_T,glasshouse_b2,CALINGIRI,T1,R2,T,186.60301167136527,130.48444554053873,924.1902080635135,0.14587091524095291,349.0164196150454,0.4005546945680045,0.4361002988648109,0.5830870595234879,1836.7599188240986,121.10853474875735,1175.4070064762072,133.68258517538035,830.9268430122771,-2.4919019481270204,26.791151574190355,355.4450871535176,-0.25740433018538666,79.72126888610221,1102.4818478244183,-0.8361342387371501,6.301617346955083,117.00667526580133,-0.4690619495894922
d17_26_G04_0_2_S,glasshouse_b1,Forrest,T0,R2,S,45.751823102439644,23.376956969486425,287.60165583438317,0.10735424185282316,98.6362911100808,0.4293054111329708,0.4386222884847207,0.5950444525362801,530.1657664429915,36.79275304145631,330.57762723478413,15.901476732927417,236.77930552222483,-0.9347254003602744,8.308915508429706,106.35976771830467,-0.9398737663554706,2.704615995951432,325.8197344440634,4.191418294102945,1.1984959341980044,40.43069252838684,0.17603126149070678
d41_30_G04_1_2_S,glasshouse_b1,Forrest,T1,R2,S,160.9987170051685,79.99383830009099,443.1619052999675,0.17759819498696192,121.56004756564509,0.33103398442287063,0.32291773770741555,0.6575099075922897,800.4833178029562,40.57990193376248,480.334272850616,190.5373222440875,231.65607883573574,-1.0154777365088132,47.62532640369746,96.99259516276305,0.006894800468208839,130.4356215966719,310.89386108292933,5.595649779147723,7.739518683421977,31.963421098427315,0.7957551347437338
d33_21_G03_1_1_T,glasshouse_b1,CALINGIRI,T1,R1,T,229.9656924359285,189.42218611572403,1077.2550643564064,0.17106941775335424,363.2353377750182,0.38934775070722577,0.41265823887396574,0.8676287184704948,2072.417394800001,130.96139557967675,1319.5590900291668,210.2597711469586,835.6337223329348,7.621398348443458,53.73532490107878,348.2219925568446,5.265859796105367,173.1555385163233,1112.553071100192,17.944376669090197,11.126743710660257,116.25972350703542,3.4317039261330744
d29_11_G02_0_3_T,glasshouse_b1,5489,T0,R3,T,198.67745360857245,118.77866555878731,850.6773084163264,0.14641977230294514,322.8891988051686,0.4199682177403691,0.435890026609617,0.8835790389053323,1597.8043206788725,129.20790478691939,1111.598151680655,115.36594254615648,737.8483244997692,15.193632910144325,26.58438401194696,324.3939020281969,11.158438187415555,56.176997444327185,999.7748187754454,34.75999901972656,3.6265898872070212,111.29068477411604,6.696930788612931
d37_11_G02_0_3_T,glasshouse_b1,5489,T0,R3,T,292.05384730148586,205.3847349245453,1027.1308750492383,0.2012688294221291,372.47067758883145,0.39728172472692885,0.4361109014797151,1.021872164517666,2015.6655036065551,143.65397071488493,1305.9634641655734,126.33545329478018,830.7914502252158,25.13027757827494,40.869880788011145,358.5598684550821,18.28831909414095,104.32448343896107,1118.8584379175124,52.70520527530756,7.14893462206455,124.17419874475962,10.61068651821302
d4_T015_14.10.23,field,3811,na,R6,S,1145.1218694202055,478.41554516910816,3568.597635695065,0.1344128617177656,653.9921851081407,0.2021878545008033,0.18946176010117127,0.8327903670973114,7143.067204234099,125.71286025843678,2315.5740556388337,3402.8566746884258,237.6240083506215,-0.22267416905138548,640.7385578443963,81.26812668361377,0.5781168665254947,2024.8033510474047,281.7144437059643,-3.254895165792022,102.45558214436731,24.936229638484654,-0.49634748068645296
d5_T020_21.10.23,field,Gladius,na,R8,T,1258.4416214176063,988.0343190894381,5318.201741817722,0.18583151726478792,1074.4694540758173,0.23019675021573147,0.24096882992624627,1.3796453029713007,10415.585067429687,247.2492098154283,3817.0742783438927,4595.431476118545,734.6459384576573,26.378595000393425,931.3714108173076,268.48261246096365,19.700778404405163,2908.001906004458,829.9548169668748,58.000407786922075,156.99725715615537,76.85091987355595,12.86095036680856
d33_29_G04_1_1_S,glasshouse_b1,Forrest,T1,R1,S,97.88428469069582,41.19177478258173,326.1626457741756,0.11417627957901363,100.0616210128796,0.35063203991908426,0.40837912084289435,0.5716463508527329,642.2452809588635,36.2454686770207,399.84617662744716,128.83873754100043,209.92525723840703,-0.1994294041133918,12.551924999615466,89.34450907005731,-1.7804308250606518,93.0761077030615,299.8944504025506,-2.0186543458608823,3.5399380809785503,30.54605855650279,0.17189658734370827
d1_T008_27.09.23,field,3811,na,R4,S,1347.165921268667,566.2221178546714,4475.909001458748,0.12452965299027327,799.3346285410294,0.19415258218011636,0.19199140722960123,0.6201118795758137,9008.880096205876,152.58115024183576,2792.6754784770765,4242.904197250131,253.09694866948357,0.21007519210490017,807.6836201643476,88.124059035658,-0.5640652689929633,2519.831289864765,278.5179179013022,0.9120076574666409,126.32063954958876,25.19516755772722,0.7088528038055449
d15_10_G02_0_1_T,glasshouse_b2,5489,T0,R2,T,81.59990853324402,64.85564902668837,508.0372751404235,0.12788519015398084,188.8207949235334,0.3998722726392117,0.41311966609816814,1.011036281046135,1016.2214711673654,70.05389976370402,649.4321714503218,88.65478522686561,451.6660432278097,1.3144327411665802,10.574917336199098,192.57038754667775,1.2626346073492698,28.968976078263033,612.8383344929945,6.6443156896509645,3.17111535950324,66.77375178103242,0.6898578046924368
d19_13_G02_1_1_T,glasshouse_b2,5489,T1,R1,T,73.03362664267067,42.0457718802395,422.11760704095684,0.09270140888682994,169.96461406607813,0.4078631994557626,0.43403747893547334,0.583154400014739,974.0672180470715,66.17132915914031,561.1253997934957,16.53601293852729,441.86443854842605,0.9888937435752588,6.649656032099173,187.77202958289374,-0.3619855009131112,41.9907842882816,594.8909908376875,-0.5262339485683999,2.7323914241045215,63.345779643293156,-0.4668101454391517
d35_39_G05_1_3_S,glasshouse_b2,Hartog,T1,R3,S,161.740212822567,97.97443907684888,476.27253921567495,0.18434357237001045,168.10199146037044,0.3752320654735608,0.4108159729604564,0.7292940659470316,980.2633605622217,61.774786994537884,604.823086347662,95.97909990247602,408.8125061619872,0.2379825223109564,29.953655376122914,168.25373325753054,1.086956620758253,80.01260821460531,521.1556616570733,0.1310190519159098,6.384803105599339,56.61797129929187,0.8845876315498886
d41_43_G06_0_3_S,glasshouse_b1,3811,T0,R3,S,673.8209261684154,498.33086192397957,1961.431133062221,0.24801648077191502,744.3270302429953,0.42064728217623504,0.4358702026663446,1.4445304412810374,3826.920717874651,323.66213906428476,2677.443771356538,391.7332701962721,1487.4214562855059,111.88961361289259,97.8490642418626,673.1306975615913,89.40160158010649,285.830195143192,2104.5140686891955,277.4460571612506,17.76494793297313,244.79282772130114,58.11558274134971
d7_T009_04.11.23,field,3811,na,R5,S,1174.8289868562392,704.9058557432626,4425.0569956808085,0.16051869457856716,844.6504226953006,0.2129800970600648,0.19022817165933756,0.7720985833860045,8722.031255104665,176.8790515430861,2953.701016766563,3990.372535427907,470.83870605536174,3.391438992283454,777.8383511210661,170.11494770597213,2.0287720943321847,2460.2560711065626,529.3668006082988,9.671510357645754,124.41386437701775,51.75110884243953,2.496531478664663
d43_43_G06_0_3_S,glasshouse_b2,3811,T0,R3,S,848.8377591323801,645.4685800939168,2243.1873857903065,0.2896934009111973,840.6696929458392,0.4233393477891129,0.4358637426210982,1.7494176495596991,4231.213298335163,369.76156811302803,3054.6947956107474,513.0297650685693,1590.8161357422807,162.48571758705444,119.51449306064747,720.1044734253032,128.82186894806347,378.0980141088465,2257.14003212768,405.3875438142533,24.01165973347798,263.97434022898466,85.67572644333681
d29_29_G04_1_1_S,glasshouse_b1,Forrest,T1,R1,S,74.04528788821486,25.18383993880335,293.5197401096201,0.10719334813992475,94.40643728228763,0.3620032091388349,0.40995364370162124,0.616753587323608,618.1725130880233,38.03095719138589,362.3761106737282,68.00795707961288,220.20617982981273,0.3312418902719634,16.641037849433364,94.94945310716936,-2.019788733588004,68.20856217853412,291.7745287485504,2.913312368109439,4.457841568361683,31.110807389928556,-0.7254740743939088
d07_06_G01_1_2_T,glasshouse_b2,Gladius,T1,R2,T,31.810236825957425,14.56236044170097,253.51140200105635,0.07757052245714778,101.36341660530283,0.4202655696437863,0.4359632231223437,0.5934846437283152,587.4493866559753,34.78446918780677,359.67072921289747,56.92892190478828,217.27182142768356,2.2067384598170614,5.347145751975875,98.22267526368586,-0.8726686650763249,-7.14457059451842,324.96402968828204,3.0554809777359324,1.1354854817232634,33.549078361914255,-0.16765768860277927
d17_48_G06_1_4_S,glasshouse_b1,3811,T1,R4,S,108.51684689273469,62.157209067697266,401.19882805227775,0.14465404116820524,159.91011573974768,0.397535465397215,0.43713806026568985,0.5792088006623259,880.2821609873105,58.617593159553394,534.769202856072,37.75976960151175,379.0797512664697,-0.9876935755561073,13.58794589955588,160.87536724945792,-1.6479326041769464,39.3929612126969,514.2347704360874,1.5646052546123101,3.0370178652117423,55.20682990199998,0.840053478707243
d09_10_G02_0_1_T,glasshouse_b1,5489,T0,R2,T,54.79426971177955,33.90754088755519,280.56338828648853,0.11649345714408725,112.87002606986894,0.41591119618079886,0.4354985723991029,0.5999781067214621,561.7488251907247,42.97998457052792,368.0391189330646,58.46760631049332,300.32882809798457,1.3991188589025152,6.51461192671053,116.8606581148188,-0.06214113367027928,31.91525573051,362.43204316628373,6.698480347516984,0.6346762700900799,40.563254009103964,-0.464380992237549
d11_20_G03_0_4_T,glasshouse_b2,CALINGIRI,T0,R4,T,97.89258464061712,50.13353776365262,456.5385774305682,0.13102385832711186,163.0845906658124,0.4113004269092328,0.4341869305824368,0.6516240197878076,968.1507774099905,62.32467925154887,588.9357344002676,29.744500641258277,387.02356979242796,-0.4177876294102286,12.178905445760694,172.32004100171085,0.5821765376711299,28.58197574370162,545.2178068403655,-0.6431860833663879,1.0599490130955294,57.01622639108927,0.7992973569419195
d29_44_G06_0_4_S,glasshouse_b1,3811,T0,R4,S,269.78795914765425,190.46522219913524,1150.8810887955062,0.1654214701130178,415.3135561428949,0.39213923175310833,0.43502813684087216,0.7851792804538676,2220.3899363648557,150.19696700992225,1462.9206505146396,231.75982202185287,913.2202991803422,5.695258664593126,50.572839629151716,402.03730166325835,2.847863791574749,177.3348768526938,1219.3529859200492,13.173872140646306,11.096311682887496,136.5927039835354,1.7539149656006108
d41_46_G06_1_2_S,glasshouse_b1,3811,T1,R2,S,404.83622983690225,235.25906555296564,1096.2847699216,0.2192293955651367,353.88033098733956,0.37195776182811296,0.4084722302399519,1.2249811956905496,2118.1912636073125,132.9191003085998,1287.0827313052796,294.48878332424147,739.8085935801041,21.875932759758907,74.59186707326947,306.7836553816141,16.689292677332343,265.1792282812344,983.6010949401235,53.138691812822536,15.897242780535551,107.47745794850171,10.264042716517919
d21_25_G04_0_1_S,glasshouse_b1,Forrest,T0,R1,S,91.49726963807379,69.77921574840231,378.18647360660464,0.16944431822850506,145.35953205679033,0.4038439790259865,0.437459553003047,0.9224911259712837,783.4441608094276,53.16207637582446,481.58550581415216,56.72719060130277,321.0480147347282,2.150228434746243,16.81267755522063,141.4987199504352,1.924923465404052,49.00801260836067,443.4010767020416,8.872880431214716,2.8863191080224566,48.95247499775035,1.7831139238496025
d5_T005_21.10.23,field,3811,na,R2,S,954.577592851877,288.9950106394584,2740.824616862461,0.10738118532211124,467.64646636687775,0.19140733381168337,0.19167941354532123,0.565850756995011,5406.470572981353,82.33076691994127,1625.4327629394054,2602.441773400428,114.81833981996081,-1.0169334619348684,482.71556368922694,42.14740029797996,0.7940651203610753,1499.8744592116043,134.071030936041,-3.190004522007565,74.33789863264951,12.076207345800873,0.2945676057357432
d35_42_G06_0_1_S,glasshouse_b2,3811,T0,R2,S,517.0166558542576,339.4489007760309,1362.3307229834763,0.23967469790978072,517.2928830473187,0.39747012813095306,0.4354752474650982,1.3339727376289285,2774.545118021766,203.659289992542,1803.143843544343,281.5794556412096,1065.3687263005893,56.847274290357134,60.23028679836332,460.65820701710203,43.37195613053591,220.2380951413157,1441.3097061012515,135.26361304440158,12.436061117615372,162.60753104013457,27.598112078399147
d21_40_G05_1_4_S,glasshouse_b1,Hartog,T1,R4,S,58.755752483666875,36.89810432052798,358.60100875849787,0.10540147170218327,143.22211930040808,0.41781136279938275,0.4359645082688058,0.6043074384573345,648.6839654087332,49.089930555125335,459.8944612928363,38.857741640014105,299.74404482346995,0.013687191868088554,11.63214600752629,137.04858730961737,0.7080561717610669,9.376392006898678,420.41336157326316,-2.1645115992483532,1.5543973541072273,49.39542710001841,-0.43882662411983514
d11_16_G02_1_4_T,glasshouse_b2,5489,T1,R4,T,32.02946642386216,9.23647121459365,167.16682466672796,0.10860281922270687,76.50604638943933,0.42814735951262217,0.4351377150669896,0.5794156470696357,427.10783414196686,26.298756238392194,215.19737248371376,58.736277359355,152.68693397857763,0.04590273658360211,3.452985974618165,74.60557096107634,-0.8622775508355024,9.767005781799844,206.1696080937073,-4.213913318083254,0.9794042958345466,27.118410090000957,-0.2853595766413105
d07_27_G04_0_3_S,glasshouse_b2,Forrest,T0,R3,S,54.835072167251624,34.272087875663104,156.48201086534732,0.22353569628872252,66.82214736507873,0.3844983307582637,0.4103459217102672,0.6094471845330222,410.77338260191163,22.18773358180283,224.72935736910944,2.980214811096065,156.78820314541508,-2.0312678923077168,7.681611523059535,55.50604356131769,-0.35806519367517575,3.7575682907820465,196.35099729622036,0.9177914766806264,0.976703826562923,22.76628816198815,1.153041682201581
d43_39_G05_1_3_S,glasshouse_b2,Hartog,T1,R3,S,307.4114953566394,194.88027457737144,797.9391092091892,0.2446020034218275,269.3868149791206,0.3812904140153469,0.41082528341192914,0.8633303235827373,1578.7274881572687,96.8023851558921,967.4104823798764,198.0869363852503,572.1478344901967,18.05477616736296,47.957676205894956,237.47123879440187,13.780219498041907,163.24378617115136,771.217920233934,41.08328558459024,8.904008693272754,85.32097678401134,7.176047164523891
d33_40_G05_1_4_S,glasshouse_b1,Hartog,T1,R4,S,155.4047189966355,100.9022550079461,889.7799185540717,0.11941936782776938,319.1419328181409,0.41721468779525334,0.4367354767575263,0.8785310734350964,1683.2982346892657,117.5638774732838,1075.7874808097067,97.65757459935065,732.294569810112,7.965793434147475,30.216078914963543,323.4748994635577,4.879659803875483,84.64107180063844,1017.0802204773095,17.458279088580788,4.8603327501843,111.73711480918085,3.245649699617903
d17_13_G02_1_1_T,glasshouse_b1,5489,T1,R1,T,56.950226595239144,41.77082952288179,436.142209809363,0.08112930177050008,182.69775856902928,0.4153141740425019,0.43522735695280934,0.5930201702627088,823.6837793016462,61.672290303330165,620.1389992735078,67.2221396325744,435.9892459761866,0.6232846386017801,7.372618569091605,180.02751883062507,-1.9708235577925426,8.225338740565997,565.4698722554831,0.6665576644405636,1.1199817154430436,61.01331510470102,-1.1965273882247096
d17_09_G02_0_1_T,glasshouse_b1,5489,T0,R1,T,125.05898055346368,65.81617633798813,514.1835443096666,0.12888834199661667,215.4401577035153,0.42767100486618626,0.43474463372667077,0.609031974806562,1033.6261619052243,83.5932794525796,729.7027535810249,13.545234097417225,511.06678252597226,1.5301002794071916,15.565562449237895,230.29851189968025,0.24389905927295333,28.44928164684053,711.9453047981995,-0.9544374875078356,1.273349616817373,79.00415573361221,0.5790991412721691
d35_46_G06_1_2_S,glasshouse_b2,3811,T1,R2,S,210.92568223401204,103.05795562701876,686.4718899461271,0.1413257561760576,243.5656918210742,0.37321197631675257,0.4120647802486428,0.7324422681295899,1365.5526488122614,85.70060633909733,834.830783568963,154.98370205958537,555.4045356043534,-0.31444800798962524,44.186062163611396,228.11885837305155,-0.4054039198832511,125.66830126628895,715.4375998111484,3.8520066851933215,8.750093906763599,77.83381973611549,0.4521235933078669
d7_T012_04.11.23,field,Gladius,na,R5,T,998.4700586191753,429.2851981969201,3245.4363411141626,0.1300646704924041,602.0063285909031,0.20027326234907963,0.1883363416924169,0.6154986410570465,6557.475556400554,116.06962247465235,2078.8468061380213,3080.843967324686,225.2278659837063,0.7908316732335855,585.4423135899774,84.15174748553248,0.23208207979381296,1846.227562446788,239.99371747428066,-0.38862552943426326,94.63813185970886,21.419570512590038,0.16809495643110128
d49_44_G06_0_4_S,glasshouse_b2,3811,T0,R4,S,2163.092304412225,1849.4140514600074,4325.389816890411,0.42800792875540006,1467.776024735148,0.405660972207911,0.4134377338611061,1.4963981026852855,7816.11195094116,677.5210547946734,5598.52653925036,1408.3688390464206,2396.9104510412794,486.4815771794136,333.2587466116271,1074.4929181137347,360.3534506540631,1030.9487894537654,3386.5581500174203,1136.611608676208,65.15929947707768,392.3796595646702,218.7943884335724
d37_32_G04_1_4_S,glasshouse_b1,Forrest,T1,R4,S,152.21811529269584,66.9059186026909,432.96456367965135,0.14584164732362842,145.19311477947352,0.37179238220333044,0.4125697598740086,0.8166445416509244,940.3571968280462,55.076218582361896,549.9833778771614,124.40881157529715,327.8933075751506,1.5851564154197508,24.946442383502667,139.1447486321481,1.5748500172955087,92.58563120677401,428.265339117198,3.064908280946577,3.344290589681732,50.46420264353163,0.49086704192275865
d31_31_G04_1_3_S,glasshouse_b2,Forrest,T1,R3,S,135.01922287301667,66.43546667453941,344.86496110708447,0.1460896850265623,118.07956727160084,0.36248897952264625,0.4091492314089437,0.6004772469617944,794.0366314951851,43.983498795551164,461.2773243486967,129.44643258482722,291.77933719020746,1.533210682953854,20.85946852768869,123.14669331084494,1.0916491387541696,63.07029608087496,393.26562518837613,1.7364430838975864,4.188377338443553,41.06965017530323,-0.6360777594517886
d33_15_G02_1_3_T,glasshouse_b1,5489,T1,R3,T,218.86159442497498,146.69626078187437,775.6233937010043,0.17872766330604822,290.4554656505792,0.40228454135992225,0.4353218494631631,0.818934328766479,1510.8793786000363,106.98226934765214,1017.7667202322002,151.78000040574534,653.0865271062894,9.431029145823942,28.564083350403926,283.76310454008956,5.989845011330203,93.33721821336093,885.018550693916,20.0484968215152,5.841881202593225,97.89608647164734,3.1047951856983533
d41_48_G06_1_4_S,glasshouse_b1,3811,T1,R4,S,324.4832683034638,204.34950295500448,1013.1341315609934,0.20222946441505,343.990323298523,0.3754658167241585,0.4099901410342785,0.9862297829978914,1978.4369383678745,123.5269042443046,1190.8429931822448,301.8369030593096,758.615081039583,11.484940683984675,65.14841502631565,314.6576623480342,8.19404023603377,185.52694438935097,1002.1553160581238,26.18989777101142,13.646910188693575,106.84163077018962,4.972177729436772
d45_34_G05_0_2_S,glasshouse_b1,Hartog,T0,R2,S,928.8924187873092,738.8402599092234,2165.4644322907643,0.33826148665109923,794.5744749787546,0.42748244457513856,0.43482401759833983,1.591358819700835,4083.545301139437,385.5893526072706,2969.6960370281395,572.4955790624648,1325.1239254774043,255.39818854119898,137.04037602927764,608.8590513749048,202.31035842452877,444.42384184187796,1911.6526702771791,632.5222610019914,26.667480602835845,225.3220531204112,130.05736089197495
d11_24_G03_1_4_T,glasshouse_b2,CALINGIRI,T1,R4,T,71.9093018793648,32.890104135879234,371.16388845610464,0.10871053175432593,145.79589972435338,0.41310310035431197,0.43810200038168656,0.5943161460943364,763.717130452169,52.555371195900236,492.9481414793648,23.82975715262114,323.7347739844975,2.2239392808356597,14.529827929106059,144.61216485229912,-1.0197360976289738,14.870011366767546,459.243432504453,2.575729498783427,1.1078416319161666,52.00805875034284,-0.5310998056606959
d17_45_G06_1_1_S,glasshouse_b1,3811,T1,R1,S,101.19390686237966,52.773625185620055,385.7434553428463,0.12645333816308216,134.56852812445507,0.39317863137787196,0.434568694237679,0.5943226974930841,762.5913795549059,48.38039989202726,444.52258644306613,69.61484304979803,310.5924456868318,0.8507882930690439,20.006028504004178,131.7407743365578,0.9624114146909444,25.986784737498102,424.7092386308029,4.612975016066593,2.140489367350205,44.508177259469875,-0.5266442896710208
d49_41_G06_0_1_S,glasshouse_b2,3811,T0,R1,S,2042.0541576340033,1744.6970425146108,4306.814419114477,0.4043001853352596,1507.678700756557,0.42915302425287144,0.4090996303479889,2.477956488549059,7758.797671820939,818.5712866588747,5871.9530087513185,1309.3296878437252,2483.3203334425084,520.0513421214246,298.88926455759673,1115.5952901052456,455.626538428942,965.089994003596,3504.0807348683093,1435.5010386440986,59.623797274896155,405.3426303454914,354.6898363093802
d21_15_G02_1_3_T,glasshouse_b1,5489,T1,R3,T,57.29020286914828,49.15074853172563,389.92303471574076,0.10921614381721954,151.29569898910592,0.410727475631433,0.43401124470762714,0.8453437608824812,852.7553629347167,58.19977408886748,528.1983610322292,65.96478895895818,354.1831276442964,6.825758803396953,14.638784598740314,151.7105908823852,5.441986786853363,22.460226176176867,486.95961675962417,10.740401308667,2.3362651985493947,51.68388563070075,2.2795610837589364
d33_38_G05_1_2_S,glasshouse_b1,Hartog,T1,R2,S,193.37479953177424,98.16624356381215,608.8883082129588,0.16565941877224405,201.27437934129773,0.3811343294171486,0.409945749391502,0.8479097161620691,1212.9111102035604,74.3927745107068,695.211525304506,167.30183055749598,443.62267710481433,7.434459066378163,38.5492385446009,186.3840736659541,6.467609963259029,114.53547052350372,587.0574272093609,20.956354436945922,6.881797507371547,63.77941391161121,3.0763106535307307
d3_T005_08.10.23,field,3811,na,R2,S,898.4788022898929,265.4177941124281,2643.8345061324135,0.10414416420543848,463.61724816993427,0.1946853556198973,0.18925286761727184,0.6129120362873068,5299.707742005483,84.71965186913158,1625.2411264051914,2514.1468712347773,135.4209304481538,1.1313015397224102,475.4775629732888,48.13577098831191,1.094687327219067,1459.0959592391823,147.281315597736,0.7155974562150412,73.6450734533662,12.920364081536736,-0.20295268283555953
d29_28_G04_0_4_S,glasshouse_b1,Forrest,T0,R4,S,198.6181657196845,121.41439238070748,595.0397260983838,0.1848612303983453,226.16482167794737,0.39266762952663814,0.4347539786155529,0.7365583215313926,1273.5161561359819,79.52283038417346,778.0206253675487,115.35992265050547,505.68937417517736,7.7216066489603445,28.14111762053666,213.9170177012528,4.054676673997811,80.0944979574275,659.3676887221119,11.275535149505224,4.125791638551318,74.01668252659123,1.8546479513758654
d41_48_G06_1_4_S,glasshouse_b1,3811,T1,R4,S,313.5426029998307,209.2019230036184,1021.5736983846277,0.20186277590972176,334.89069579373546,0.3741886479658124,0.4118336253415702,0.966371081343748,2024.9416593497137,124.22668308921256,1209.5765136723537,264.7318159166158,755.8979811329718,10.623088223047054,64.40951285879805,323.1268347437148,8.008926904477779,203.76271171142346,997.8680205332299,27.46330435165729,11.75267065431085,108.67610948629272,3.792800259156545
d43_29_G04_1_1_S,glasshouse_b2,Forrest,T1,R1,S,153.2577763060045,85.28331530396923,433.74475027212225,0.17879126705099058,161.8404668834477,0.3720431690750511,0.40926947676407877,0.6447881629556892,859.3898103271465,56.63082822214263,551.3965535589036,114.57340624964449,341.63976167140487,0.31531779510903113,32.735382858655356,148.43032101497005,1.175555781833772,119.51363724332776,457.47077982543783,0.14052936827510942,5.797426459219356,50.28905898602763,0.5730023625562322
d11_09_G02_0_1_T,glasshouse_b2,5489,T0,R1,T,74.52336122356432,47.449059274843506,337.08263220042215,0.14425562964875346,122.24339401938828,0.4180054890376253,0.43741498889017305,0.6057292314536644,622.1572640791715,49.40632113456627,418.85143911442174,29.50024096546166,281.01916287571447,-0.510540719583922,9.76485290764197,119.3745696744158,-0.11950862716958596,22.085725050436505,371.83531005624127,-2.9152689497886266,0.7562731423379269,47.391584271442206,-0.7947334942505969
d07_05_G01_1_1_T,glasshouse_b2,Gladius,T1,R1,T,30.589950404128448,32.299155645479686,210.87991386730548,0.11753917366777301,70.29384584841317,0.3882875661746919,0.4343346842118165,0.6156114469555647,483.4435974201264,23.818587220793166,219.34363216379208,47.330696135551705,162.00971350365126,1.574546959290032,9.444740637723337,66.55432387587656,0.6136454443628029,23.93628773639797,219.5528312503301,1.3981930797353972,1.8781187470626013,23.15994450686414,-0.4497714022990847
d07_43_G06_0_3_S,glasshouse_b2,3811,T0,R3,S,79.2100010684469,46.601775412792314,149.37194953788378,0.2219084890078071,57.61026281517897,0.3602166076309811,0.40591711024536026,0.5978721406062169,317.08883134525666,20.261042872731647,233.88667772247052,77.86254731108492,143.49797314525088,1.037306826703111,11.170412577149479,52.98259559129592,-1.031625580321359,22.64144953511389,165.64861013977114,1.5656590087906181,2.550495320785784,17.528497586121418,-0.5695392700967181
d09_33_G05_0_1_S,glasshouse_b1,Hartog,T0,R1,S,51.45691537324339,6.798869221329973,168.6720441214494,0.12589597754036555,63.442705901805724,0.39305531798780247,0.4088638489150937,0.5710200660907768,364.1196505735167,28.767032883819102,225.48563425061832,72.29267262420814,171.18547357591777,0.4290975695598136,7.656786064689582,76.4499339954633,1.5679439405889064,38.42935748884479,226.57812265829955,1.2238243573045096,1.6295474876177878,24.912569267022032,0.1258591739141581
d07_45_G06_1_1_S,glasshouse_b2,3811,T1,R1,S,40.34410062433184,31.200727807269104,120.98121218965818,0.1770982929589717,43.11637293122967,0.3793342504549166,0.41088506609611203,0.5920030906870681,219.73835419816896,13.343355526592049,142.54013256267785,53.52243244067512,91.09496207215827,-0.13714880900145793,8.397347002439213,43.83081600114909,-0.30066320895076887,7.836240649364475,140.01518604407377,0.7337730387741722,1.9918907226842935,13.95580509824109,0.2678725405196716
d31_29_G04_1_1_S,glasshouse_b2,Forrest,T1,R1,S,119.21514169164949,54.182204122546395,299.6229372749009,0.17304555403677252,100.77916180541209,0.34980487415844214,0.41335070499821047,0.5734152732556977,607.057843987885,30.238825192790458,369.7948792007987,118.08737364313106,207.36150921842975,-0.05201394146649022,30.779320252988057,92.59164604474402,-0.7539331602628135,80.16704058735162,277.4113669776842,3.005156398123593,4.740552119278917,28.50836958823065,-0.8532507083121432
d1_T006_27.09.23,field,3811,na,R3,S,969.7693778497483,295.9629584879808,2768.963174211857,0.10445976001417523,487.105986698893,0.19509391971130335,0.191809417103879,1.131643514578568,5522.649088547029,89.44107493147794,1720.8023099490608,2606.558898022487,130.98623278308443,4.613294067444976,487.5997020704272,50.81456447195085,2.9856868458234254,1531.2579597381202,159.89554169468747,6.618832169506099,77.66194690175558,12.769669904553586,1.3872853540311456
d19_33_G05_0_1_S,glasshouse_b2,Hartog,T0,R1,S,107.05105901326853,58.9265632804049,469.9390872417709,0.12081717561707815,166.56898085703247,0.4005860097213372,0.4347610617959711,0.5968682801562092,992.0970524189386,65.661462472036,563.8357119651045,61.50981811870362,397.0184659588342,0.15039513514262612,11.627335940158428,171.45033755629,0.7578242452067261,18.09316073893615,541.4084100562737,-5.646248811254346,2.2055920409457768,59.697007401969906,-0.12236987040504345
d6_T015_28.10.23,field,3811,na,R6,S,1195.7344389253778,438.9337221755582,3648.1729685741852,0.11657874247118816,663.7924087270374,0.20002651318092263,0.18881284060201353,0.6808562326756784,7352.105654611001,126.62572410623967,2322.6523691625566,3444.0813479415956,234.7496334503389,0.37596551990925003,658.9982560415928,77.9832019213304,0.4813198083422258,2078.2833555056673,233.084894482572,1.3379400761269884,104.27576024776155,24.933197125751732,0.9657471083890449
d4_T019_14.10.23,field,Gladius,na,R7,T,1560.9221048629236,925.4629267182288,6056.776890311236,0.15438089538371275,1132.285100697816,0.213042887113237,0.19054009797763294,0.8424483120960311,11751.10234983897,236.05276349669668,3991.641366179733,5482.261516283054,562.0820348062259,3.67555242295556,1083.4087344840962,187.65264451583488,2.084182531003861,3404.4704482843804,612.4605035812799,8.400958169246657,178.16202182051754,53.07087567147633,2.1122226985570296
d37_16_G02_1_4_T,glasshouse_b1,5489,T1,R4,T,257.0115038614626,177.33228272101582,878.8459164707349,0.19920470248510708,305.14634980330516,0.3913275484632606,0.41185825973836615,1.102769918975864,1685.7560260476512,113.36498548083654,1016.2731220845155,181.54737073299654,669.0557966861439,14.74395511054313,43.70591938312731,284.99489404230087,11.254828054934157,161.3864290491061,886.7928057034247,32.34073246215203,7.161196630940093,95.59373712971076,7.659531079785091
d09_03_G01_0_3_T,glasshouse_b1,Gladius,T0,R3,T,77.30511603732724,40.12824057020109,372.0754927543043,0.14024737384357255,143.9468527038997,0.44411779079294444,0.4362258901706254,0.9083518106965667,755.6218675459212,58.28009264900001,443.9952800128018,15.609399503062926,328.82493836676065,10.875950298750258,12.787464481573025,143.18878934359262,6.364814538269244,25.589602128518305,464.8030240676506,20.134400361669897,2.038265389409939,54.58165445574551,3.6314013486977004
d31_29_G04_1_1_S,glasshouse_b2,Forrest,T1,R1,S,118.61617526702389,54.29252861962487,310.37687391365404,0.17432132951166648,104.29488776518241,0.34748588285545134,0.4126541567407288,0.5824810017717486,616.4078134481296,32.69626647948857,400.05855722150045,98.18134615710724,208.26756420716225,-0.3571922278178962,19.817996577276016,86.18758261955278,0.6968575616109266,86.95884857115048,268.79154893800523,0.3926089166288996,5.657791901544402,30.07668019457192,-0.7710690439064356
d13_44_G06_0_4_S,glasshouse_b1,3811,T0,R4,S,134.81096878974395,93.64771608753868,608.6489001658006,0.18123697429190133,215.4379272399731,0.41208437080818194,0.43259651816054545,1.109093321048532,1070.4276552302904,81.5706148529193,741.715938788115,39.55639221359252,488.4996745817469,14.981175787823906,23.208996141279894,211.9217665637286,9.7058707936696,52.58656712939651,653.5565382694726,28.826683086325904,1.2601482311326255,71.97213719455004,5.3616644638559725
d41_20_G03_0_4_T,glasshouse_b1,CALINGIRI,T0,R4,T,466.8870564644115,370.8895546312435,1980.2153934115045,0.18366144066859974,733.9853324676264,0.4129347140797443,0.4337979172047329,1.0220558870220346,3807.894700346501,286.24010774119597,2573.913447491242,305.14149632522236,1575.0782357275616,53.43036936588594,86.10924793586122,689.1704558419908,35.74029536232054,249.04010852711946,2196.2898631794023,120.13849915758213,17.243126190601988,249.99982529675287,20.73383331558646
d2_T022_02.10.23,field,3811,na,R7,S,1034.206036223985,385.35054070315704,2835.932402684945,0.13357419417162683,520.3334864786495,0.2045177959005861,0.1896875609192229,0.6713595995151531,5677.574979149883,102.38646485228476,1842.1470179283397,2603.3963805148737,232.0076185717658,-1.04590060642268,501.81406536766514,91.37220199549553,0.8562129836394721,1585.31906162339,277.43221115555906,4.269733431606753,80.55638688136958,23.295314032561237,1.1367556910233363
d27_41_G06_0_1_S,glasshouse_b2,3811,T0,R1,S,153.29392402887942,97.39837161549423,716.9023023353192,0.126023525740743,258.1701446853001,0.38113514683607447,0.4108981564937218,0.7299107781460527,1466.2492504147958,87.58834260194476,882.2479734005647,169.90862125777537,555.0165379368715,6.105803476337842,45.495217843418445,233.72087192393107,3.9854997489481643,151.91148324383985,758.038855138558,15.830982869764204,8.987213533303796,78.54934428899087,2.6527329289542205
d17_08_G01_1_4_T,glasshouse_b1,Gladius,T1,R4,T,56.242108555636676,51.17776655464611,520.9131741852582,0.11190381720507114,182.7296424631727,0.39916134335172826,0.43565107783172285,0.8439514427503841,971.230634854754,66.71260120230657,635.8207288468298,71.83705410881434,429.93551728063886,11.424757969156952,17.057332462677152,178.64472485256238,6.873144816460152,43.44447960762133,542.6104059987001,20.658542791126337,3.686963965336114,58.00217583934417,4.445972485492618
d25_10_G02_0_1_T,glasshouse_b1,5489,T0,R2,T,174.4924285988373,121.83677818523068,845.4457679067004,0.1321977301845604,310.26436159999406,0.3991117900370119,0.41140015204137265,0.9200739127049605,1674.2579465449198,112.84418804361111,1065.9890196533443,105.57046132440584,762.9718401684432,7.564175778900239,19.08314299985153,311.1784795653671,6.1682130613465835,50.90172934937301,999.0284837404508,17.046552299023585,4.658504263390231,102.80862056298176,3.0665243640549797
d15_37_G05_1_1_S,glasshouse_b2,Hartog,T1,R1,S,32.269481306185185,16.53591418304879,242.34235819939624,0.09844319770661929,80.51073298547873,0.4005081379815746,0.4372077921262884,0.5710738809808192,384.6109974608087,31.457382025516885,305.9577698514021,31.324005807426094,200.74447938927545,1.4991619124550053,11.292057619342048,88.16282246301007,1.2364941975020172,39.075457428527585,259.4678150521075,-0.7394083885150834,1.1669261324104583,28.64759900535363,-0.04942326298410508
d15_46_G06_1_2_S,glasshouse_b2,3811,T1,R2,S,46.221473647688306,34.3408838427425,298.34107983389924,0.10621347261312883,115.20885532905014,0.4070839244219714,0.4375770390674748,0.590907193379561,588.8627353560977,44.20900965659488,365.1517189000235,36.119876245616645,269.31450428027125,0.4991575292998657,10.295392988655493,112.51099700089134,-0.08309482887769574,4.169935830300826,354.5950641203302,0.5307129245925722,1.053087160594447,36.53515047244502,1.822917730638685
d25_33_G05_0_1_S,glasshouse_b1,Hartog,T0,R1,S,131.940042165886,63.25845091702079,597.6745999309755,0.12417959709122312,204.53271998827825,0.3918909804242118,0.4319899098711839,0.7290938555094992,1117.7296024650307,70.66899529370595,686.7806478230128,142.8311214507758,452.04197567864156,3.9721191805854166,16.26706887197592,189.3086998473935,3.779036534736517,85.32460637992666,608.761010971263,8.834451023910423,3.8145829790898493,66.57443404850704,1.5091254222508157
d1_T010_27.09.23,field,Gladius,na,R3,T,1143.374733831419,683.5095520504415,4227.110228502385,0.161850935370438,831.0821375238014,0.22218463890136184,0.18991729953460001,0.8447484275562701,8313.827237915993,183.93670392183472,2934.3131939816235,3706.3074799834967,555.0939133470868,5.771071024782339,730.4241637301462,207.68801008233063,3.646849452929409,2284.6249654773283,645.2119705361001,14.312325916115107,120.14796723399947,61.74214226693571,1.9912068479295435
d11_11_G02_0_3_T,glasshouse_b2,5489,T0,R3,T,79.8217915387662,51.092874415231215,323.11852809559457,0.17173637886988963,121.1010138017295,0.41803781506092685,0.43520734615955525,0.7324559383524959,746.2676175805436,52.047415814361216,478.5548916510116,31.1025859933823,301.11824120320745,1.6049323270453026,4.792297231920086,136.3330751185631,1.8196388324401256,21.270963053234194,415.39129666894405,1.4855340709638978,2.2122360732547763,47.36135531867391,0.1863898951762813
d45_31_G04_1_3_S,glasshouse_b1,Forrest,T1,R3,S,286.41653870945896,149.35217556681692,762.6850625966905,0.21796339703759485,228.89868804574667,0.36182798801720734,0.41098698541276035,1.1303647185663872,1508.7241766742156,86.39983135375418,823.2428061617926,266.5537303121689,453.9883006063295,20.55072974288043,58.454982238515385,184.73939381956728,14.348807063218054,169.51109410436317,590.8043425673649,51.33774902995193,10.034394126878915,65.15719793990834,9.410889480552534
d15_06_G01_1_2_T,glasshouse_b2,Gladius,T1,R2,T,57.86269689276106,38.553025648058124,433.13663765521324,0.084039472954599,153.30622692746655,0.39233346051086093,0.41108350563787366,0.5719652861394502,885.4327801078072,53.37241137478861,490.01000092597445,9.022979981392744,367.56828220261684,-0.7394595274427205,11.86538394612808,153.71394202518877,-0.5579053801615048,58.37120415178766,486.37970760595306,0.16579793504235635,3.16203832327946,48.4573457927818,0.5316534573036513
d7_T006_04.11.23,field,3811,na,R3,S,1466.1628277668501,720.2039682566946,5520.608280717393,0.13248789155482762,960.0536969815519,0.19608323792867355,0.18788507372154634,0.5782836035159662,10848.895696318235,179.54646871979222,3352.7243113552913,5184.713729007003,294.0470767317544,0.9532239372923412,976.029277303239,95.0721805451259,0.3757918910573506,3087.5334685790012,278.6274962925419,-0.46198000628902913,151.69064314626903,28.564766011847112,-0.16315808230913204
d49_22_G03_1_2_T,glasshouse_b2,CALINGIRI,T1,R2,T,345.4639458804256,256.29184646899853,1267.6405760852203,0.1963380780278247,417.6723726786593,0.3719560960982063,0.4123595693652894,0.8145097018333834,2405.971532856356,147.91665107510093,1481.6792159407926,423.3349379073208,916.2737956908414,8.597224474666408,89.05510360540568,382.05370578102935,4.498211275768054,281.0640075714573,1199.654607414786,10.02928828430559,17.48045375484998,129.5804956290445,3.581631512792084
d35_43_G06_0_3_S,glasshouse_b2,3811,T0,R3,S,395.7467963272274,287.2898950582441,1514.1724235225404,0.19080768060535452,558.8697136389749,0.41258101882897624,0.4341827383388122,1.5625369578966333,2837.7723092558567,222.74878558938062,1944.0537605546206,285.09833734450166,1216.7786050351974,29.45760407479205,48.387927689852354,539.4726315605191,22.26450876261716,201.3898061511703,1690.7430714542875,78.72336411100248,11.03809006572682,192.26037772943127,16.145138113052973
d29_12_G02_0_4_T,glasshouse_b1,5489,T0,R4,T,159.37746532675644,116.7912681628778,889.2667766809159,0.12848201619406913,351.03513139116507,0.4162874208922038,0.43703123653281495,0.8730120949220814,1757.4204754219352,130.51034558543833,1211.0353243280426,82.224903192355,834.0787290747534,4.225996433278192,24.544124367619304,362.17096568413757,4.225982175599091,62.98523935066435,1117.4456608011753,14.00391176058503,4.173121072806306,125.21919074323775,2.7751777325993894
d49_44_G06_0_4_S,glasshouse_b2,3811,T0,R4,S,2159.318988169068,1841.0638229946562,4332.096000809452,0.42710747311127983,1464.354470784862,0.4076570475027499,0.41024225899748024,1.494523951608271,7771.284722923407,677.2330507198669,5604.413823764886,1436.6523658339572,2399.267080420366,485.4713168231952,329.61315770002926,1083.3584117382711,360.6585020060617,1043.3904032244527,3401.042071281216,1133.7853638827435,64.90104093988275,396.9073149342732,218.4629030779442
d15_04_G01_0_4_T,glasshouse_b2,Gladius,T0,R4,T,98.67665148597212,66.61565225186378,531.7996231410632,0.09883102679450376,213.77534143251648,0.41204715288242527,0.4356573576767095,0.8829519521909812,1103.1861036066205,75.7273209873712,706.8380294809522,50.97231745753544,494.64918313427376,1.483900869398781,14.335740893520995,210.58899730831993,-0.20476709718133956,38.71536406853704,666.5269804131614,3.525814303870585,2.5545031668438907,71.84307311777692,0.20790215759577962
d09_24_G03_1_4_T,glasshouse_b1,CALINGIRI,T1,R4,T,101.7950029031455,75.52974600273313,329.5031740465799,0.21583046834172087,119.11224194029805,0.41023486482835414,0.43543599713668774,0.9366496757076729,603.9950159779164,44.95006051831419,354.21915330924605,35.957607828748316,264.421761670837,2.134949754479054,4.94296366769841,121.38731644317325,0.18481447586348998,54.221879976555826,365.6570495486667,2.340761151295588,3.149416164041891,40.80650927251818,1.414714858721514
d19_21_G03_1_1_T,glasshouse_b2,CALINGIRI,T1,R1,T,104.84764778160995,70.61606358399763,590.601218480944,0.12020250705596955,208.25249272830823,0.3937530712190452,0.43745349604803235,0.8526442720598165,1143.5827340086637,76.06810060945527,735.0385277244781,88.72321136677022,487.6492338153233,2.330249762553812,26.271528679423035,197.7233834158539,2.494252281049687,75.75945684287692,651.5049652582484,5.829273804369988,5.816201384396317,67.20326911108404,0.651083065848618
d15_38_G05_1_2_S,glasshouse_b2,Hartog,T1,R2,S,108.57292299621012,48.47955829479847,408.82297021444214,0.13063881927359874,143.5617904701451,0.40215722066559595,0.43624512589417497,0.5792942165715028,711.3952867058065,50.728390880672954,465.86809439522557,54.69227323751545,324.3336418067844,1.3277045311382383,10.745779992442733,143.47304671767097,0.5959990522990442,35.87365576125015,450.12810646210534,1.4335912469620504,0.8670166455711483,51.02368161816186,0.5698453446783073
d37_44_G06_0_4_S,glasshouse_b1,3811,T0,R4,S,396.6012975173996,275.21971708048034,1420.4974329021306,0.18918651326619942,473.12537107718276,0.3791226250433792,0.41317652545828,1.0198468505870708,2718.300469367402,177.2716014700465,1703.8716738942755,435.95502736607665,1006.0152284329646,18.516705751656172,92.2311415962292,434.48342264584545,15.801814988735382,297.6359239683298,1356.5772462255557,41.397288281453896,19.680322518660212,149.83387561122197,9.726478681534587
d29_33_G05_0_1_S,glasshouse_b1,Hartog,T0,R1,S,205.783151686415,98.84121969692157,628.8097851421436,0.16331918502103926,218.2720871788827,0.3826537268437902,0.41235121124965984,0.7229620404023327,1202.620980668062,77.20629235494644,759.031310169754,158.439477362561,506.9553764331111,6.2580981856652445,37.99980810415735,208.13435319207153,1.8645441207550495,104.45570286217566,690.1666163008869,4.761614933660656,5.048253715605444,69.14907215244952,0.9309756522928625
d13_02_G01_0_2_T,glasshouse_b1,Gladius,T0,R2,T,104.88992430896171,63.49633121930393,391.8010575180078,0.14484507505632863,176.00383995017256,0.43881821810719945,0.4365728842201525,0.8393293454984098,864.4448103364666,71.85566768604473,611.4348816105023,-23.20658405443383,410.7163092164286,4.330859958233469,7.097800338219519,183.32533696871604,2.1832680062351493,18.878175913831505,570.1435302774961,4.758223281883586,0.8954220822894214,65.15262615548528,1.2339084328741048
d09_17_G03_0_1_T,glasshouse_b1,CALINGIRI,T0,R1,T,66.73150274421697,44.45241043339821,391.4438553170075,0.13445936363240207,168.5959260766258,0.4334436537934357,0.4352752270067835,0.6516603845508243,791.7576448484991,62.89943547993013,544.7560884933929,25.969312308919672,391.54329280286163,1.5577518947719586,0.9573292353813727,175.77500556835204,1.806922104039007,40.49956888815103,549.4351735922477,2.266378429729227,1.6693869763910385,59.786987494945976,-0.976629669632184
d21_12_G02_0_4_T,glasshouse_b1,5489,T0,R4,T,102.7671292790279,79.48530729114293,651.0900406058537,0.1265108505559805,248.52486242224532,0.41974781859726185,0.43361471549911007,0.5914687214535506,1310.2411779123001,92.8983891734935,850.0185493548869,55.269711590168036,605.9335266128863,-0.09725765066928044,13.52170602104323,263.75584594957365,2.294144204947825,42.57511078285869,811.0946562145134,3.020289819316603,2.7125325166245435,92.39809803338106,1.6298400642160469
d43_36_G05_0_4_S,glasshouse_b2,Hartog,T0,R4,S,766.8316179373844,550.6494917029115,1738.8806755084554,0.31808806338497864,616.1666947354583,0.4287841759844558,0.435933468416665,2.1487646068121733,3206.0616382351022,313.2377346353757,2355.431418371192,399.9249306364008,1163.1225194932686,147.31674370162497,92.34613906820488,519.8847528156742,131.60981186802985,286.1877961688153,1638.3953469746339,415.68121367008945,16.573326744644902,188.87536440176834,105.5250024886229
d11_19_G03_0_3_T,glasshouse_b2,CALINGIRI,T0,R3,T,85.00155168186073,46.532227761064654,407.0103749449489,0.11421369216391926,159.34982293167255,0.4137789882155365,0.43518171075207357,1.0253305886152293,832.6742172214301,58.114762830172396,524.5397204675844,21.619183067096476,369.2420622960946,4.932969899116853,1.3262459977367307,160.18882670226148,2.9760518405939242,29.215985605554305,521.1241675958704,8.183569877062032,2.454938507495344,55.4858902906308,2.220016445366032
d37_19_G03_0_3_T,glasshouse_b1,CALINGIRI,T0,R3,T,343.92501175338685,248.4545456095049,1380.6611468403291,0.1766619869679623,488.02749644318834,0.40054240639647604,0.43631170518438506,0.8708473463772465,2727.179301372453,183.9281241957405,1716.2952978852963,213.3634100748387,1094.984676777834,9.326728247087978,67.61526717039307,479.28388946077814,8.557977453024273,202.6674752519136,1502.9443130476736,24.39407530706907,14.525877533888982,168.1207460613112,4.202778117726191
d19_42_G06_0_2_S,glasshouse_b2,3811,T0,R2,S,194.66004535228342,112.15823356339875,671.9811329867681,0.1594100434736644,250.7762903211302,0.39344232061372897,0.435450371684517,0.6044196465251958,1357.5318306362726,92.06969577846267,812.5802842396226,81.62827635930708,560.7687743506966,-0.6789383341530703,25.319953631647994,237.8391705806655,-0.4630607912312079,71.91071155764214,743.1473813642905,1.266004523882944,4.786890633589584,81.56989649197214,-0.37118263301091214
d29_08_G01_1_4_T,glasshouse_b1,Gladius,T1,R4,T,185.3932809122966,132.0752510464068,664.2171751619187,0.17852926175507125,233.85115179400057,0.38158452148314354,0.41246828042816736,0.8727016103829729,1319.1918589399245,83.58076541199218,824.5555052631179,180.39815153632287,462.9112255480035,16.751371771128465,44.945454868384175,202.7476313480867,9.946708026097493,146.23214829333637,625.1632783608416,28.490217285884903,10.048742408965898,67.8791403026283,5.735773663590054
d41_43_G06_0_3_S,glasshouse_b1,3811,T0,R3,S,687.6471260657437,492.31004382825074,2011.0971980925813,0.2503253607696674,742.1352737459027,0.4226344543333087,0.43539383917558333,1.4566790036167614,3850.5415427459425,321.0934230464351,2661.6676692443416,456.3455920913093,1491.070333535409,110.45361945330157,95.60808463406548,667.9462947709959,88.44214500917407,310.66160252195385,2128.045192849595,274.9462568901012,19.886944982922618,244.29354983195452,57.71690538105054
d33_40_G05_1_4_S,glasshouse_b1,Hartog,T1,R4,S,176.93349880452843,100.90055486714176,820.4650505599668,0.11997933908831221,331.2214334592852,0.41927974600698054,0.4353033689660388,0.8631278347556569,1685.574692192489,120.60591301251132,1107.3300781013004,73.49725380133076,736.6320792441805,7.358711195866268,22.017458487382704,321.83814015643406,7.575955547624563,82.72444586943033,1001.3933272673257,20.81348180826314,4.160320887794622,111.62509033658172,2.9692713789223455
d15_25_G04_0_1_S,glasshouse_b2,Forrest,T0,R1,S,76.98422263025769,26.46903252040923,271.84854565393306,0.09704601602068025,95.97723165351094,0.38477874620458447,0.41113488475870624,0.8287950878767475,574.9937142592984,34.86986680842321,315.7208746598281,41.622738819281594,202.42779580053292,3.4300240205296166,16.922919353987744,91.0522233168845,1.4687866966060064,47.58311632347382,242.1626168164759,10.49393195893595,2.7829462102221796,29.040961003265966,0.767450480761609
d11_39_G05_1_3_S,glasshouse_b2,Hartog,T1,R3,S,28.2526257946448,22.873155537199224,85.40868980930911,0.15623378362060183,46.16644533990013,0.42350984591895896,0.43597572202849055,0.5881809465461253,152.26149903642056,16.876668107070305,134.7535407388146,11.501094377746037,104.92467625444156,0.31194302224069936,10.475978964344517,46.690723394030556,1.6268138011027087,-0.2119819167060779,140.22064714498077,5.979777804936636,0.5384901608147893,16.90920525776106,0.685886026945222
d13_06_G01_1_2_T,glasshouse_b1,Gladius,T1,R2,T,57.76814835937159,18.851554536200126,418.8737681671557,0.08069429930162803,147.422953044393,0.402210230085717,0.4368272102514168,0.7331229106087407,877.4710692651099,56.93109850751474,568.7480897034906,31.483693823598486,386.3019927925158,2.355571069351401,12.88010502367828,167.30489813274792,-0.8770512168884036,47.30738940969073,498.26303971798103,2.067911065667076,2.415678382879982,54.945607335531214,-0.5841084240718322
d27_26_G04_0_2_S,glasshouse_b2,Forrest,T0,R2,S,142.58964292916718,89.37675303886162,557.8969051113895,0.16364726296984258,204.82149658112613,0.4139063586797556,0.4345895388554393,0.7787860075813986,1093.831620808195,76.4769974776477,663.9285708981614,55.793946499000434,483.29311912820646,2.86007684352776,22.298985370436704,207.52631294932405,2.0760927429521177,67.05529580059321,648.507170225176,2.3287023281097077,2.898546034644022,75.6742460402876,0.6466060016570607
d27_11_G02_0_3_T,glasshouse_b2,5489,T0,R3,T,197.18343742807264,149.29805982195663,820.2830725718364,0.17115050390281936,318.3545674903203,0.4266029339927429,0.43675762701835824,0.8801887832479229,1603.425706459208,128.78090323455427,1122.3750942061354,84.86954345102536,746.0027227701572,18.90399451487875,22.991052571029762,322.9622871146429,14.487126478035869,67.23834012537519,1012.4480848402042,40.12369726442405,4.933734766032863,115.74733314034303,7.830364760897857
d41_40_G05_1_4_S,glasshouse_b1,Hartog,T1,R4,S,405.78787323700425,292.2932233357667,1258.4847541443,0.22403792594656768,458.721244175022,0.39734267457924133,0.4377018222005342,0.9613620760575949,2549.6890821951265,177.10120234124003,1610.1923054513857,281.74369698121814,963.5892508217144,40.52414546423559,64.34885757184378,423.1520526572988,28.93603251206194,210.91094085682977,1328.1696511340824,92.64736039462936,14.398699869188928,147.72504263771722,16.27556159222988
d43_41_G06_0_1_S,glasshouse_b2,3811,T0,R1,S,1048.8242203923319,840.4509800728574,2389.6931248804144,0.3491142000990487,816.7023128605837,0.39644763019148815,0.4125250418568575,1.4653184071441305,4426.079229391698,343.49530427286913,3020.1620187621797,672.8893790236993,1555.3444356409736,137.25571315967113,167.04454270496552,680.3869264847069,104.8269465815209,535.9628322027795,2152.832042409846,327.3116932840692,33.17274216452835,245.06343432587755,66.16093323132314
d33_30_G04_1_2_S,glasshouse_b1,Forrest,T1,R2,S,95.90503032632951,31.957490925554584,310.11000874090394,0.1062914796165311,89.15076594637705,0.34750461955671413,0.3260101160965596,0.6049690944902395,644.6955237759935,30.875202461690467,317.62555239004666,109.46000713020256,212.07184286805014,0.42220074424585263,12.742799061733471,78.17554014469275,-0.8175126811778683,71.10323764503615,251.86736632987567,1.3563800110098803,4.892477002148275,26.49155066628959,0.09190286762834968
d21_16_G02_1_4_T,glasshouse_b1,5489,T1,R4,T,69.19336812761053,41.1389703277833,364.92243424799574,0.10110742950393706,153.42583778786474,0.4083681762452729,0.4352032309623451,0.7178576414710336,828.0943977913486,51.02461984921471,514.0846649546346,49.60564387295535,373.5941157306012,0.8045740949651532,4.882238205904876,153.05537752856264,1.7799022259295356,15.201000002194807,484.6381724967467,-0.8492192488100243,0.9473290648685543,52.53536980642116,1.1863173807675484
d17_08_G01_1_4_T,glasshouse_b1,Gladius,T1,R4,T,58.703626786052986,64.20350857961401,476.9528294944283,0.11042426551609316,188.34999296514903,0.40026467987493397,0.43514955044310777,0.8465817301215462,1082.4756788439176,61.01208325065858,595.8271968696637,48.598782727453695,424.1953115206302,10.833037042441596,10.788371732302458,170.6627720525841,10.16691298206093,51.63067471570878,557.4446369962913,27.475644843999596,3.542600379609269,58.01784950472333,5.211210315286079
d27_40_G05_1_4_S,glasshouse_b2,Hartog,T1,R4,S,115.00812275328916,75.04564392876193,608.1593967727312,0.12060552356924895,220.76136197377122,0.4115078220409057,0.4331911126429346,0.8682916102946888,1121.11779973961,84.26851211260575,757.3227142090323,61.90510988282713,509.57900940497075,6.266959665580969,20.00121009656227,221.1723584341442,3.6592431312604954,89.94210709160453,713.5128204235251,15.264095669198761,3.9189834588171673,78.9565843682289,2.1013935103909533
d25_45_G06_1_1_S,glasshouse_b1,3811,T1,R1,S,167.67696658790072,74.41143079733891,590.1274653232475,0.13206861449485802,213.63654283265242,0.3865821735178305,0.43477212182454705,0.6581695886727595,1246.2088051043813,75.0210784931784,761.0391681287766,138.16847156179526,483.68944947920403,1.139101026974289,31.992439438726127,203.65776449195212,0.3318666527906702,86.49802224898279,647.2297451506487,2.9114223975898597,5.566442085243754,68.55487916795688,-0.6320980897191696
d05_36_G05_0_4_S,glasshouse_b1,Hartog,T0,R4,S,44.454096379913295,26.841438566754718,167.57754573147284,0.16443259206730934,50.91721666338782,0.3645934122604964,0.40993198126063046,0.58026991972433,240.3577062918554,19.774699056627444,171.6401817973369,49.39204598083541,106.04577770988556,-0.5078317860637368,3.0872977092453118,52.69245325692316,-1.230950296922859,5.470676107020147,145.17152497371347,1.295204989206883,0.6541370677135412,16.066966456893308,0.3621448731478228
d37_22_G03_1_2_T,glasshouse_b1,CALINGIRI,T1,R2,T,176.45485486784705,142.56381947622225,986.1683564009624,0.13730175515760445,346.4758589283246,0.400499105136272,0.43501809096538635,0.6165482397192757,1839.89031806586,125.16076577931365,1211.0902726164973,154.83530557294483,831.2761913424912,0.6883744285539279,26.57111179049664,347.3467847044711,-0.6762863214559811,103.19800468406301,1102.3812608496494,-1.352777440787465,5.935328214093734,120.39452015277759,-0.6149669635247237
d25_09_G02_0_1_T,glasshouse_b1,5489,T0,R1,T,130.6485526605194,99.00142934063437,821.4595665769058,0.10703275607761695,338.7038604600344,0.42872253867941584,0.4328501595493083,0.7224028864728251,1669.621077039885,126.0712161271595,1091.9801002692939,55.9845191055634,755.3113517850251,4.206011238843385,17.903114617887525,344.27477089286674,0.8403869577237275,72.58290199027178,1059.50818184198,4.828468424229991,2.571602178503997,122.40489884488795,0.6210798369602373
d21_43_G06_0_3_S,glasshouse_b1,3811,T0,R3,S,146.62416865023826,107.91158576075178,781.5704508663819,0.13361118390597262,307.59641794234824,0.4139268103515123,0.43677224549567967,0.7303712518869765,1620.1640632441736,113.79987380428305,1058.7380075339402,85.0073861321432,706.7104748402205,-1.1975750695224934,20.229407561610095,308.22798632880523,0.40731675723657035,57.00178496451609,1005.6398035061127,0.3027244542699363,4.0550394682714375,109.60253427554174,-0.4187396719028204
d15_33_G05_0_1_S,glasshouse_b2,Hartog,T0,R1,S,84.30289392097535,33.140804355445205,373.37112406415525,0.09944633368978176,133.23703629406364,0.39770547884089247,0.4347420489922642,0.5734891342270029,671.8279659292377,47.507106824935725,464.21376385843837,86.42346043804343,307.07449796415426,-0.809550380357744,12.42415833228859,134.5945164196634,-1.6959304814357268,32.79234464570213,401.6723407379208,2.423021611913923,3.0142584289586756,47.52419348690297,0.49979140140015643
d49_08_G01_1_4_T,glasshouse_b2,Gladius,T1,R4,T,615.1985478984409,414.5513994964739,1781.5938323200714,0.23467075397483259,586.7823381386592,0.3863988484412342,0.3248990946521027,1.4904577501863685,3278.1533436949326,249.1405103855469,2159.484360391522,717.0520558833055,942.5610837705706,97.05673548853557,166.5033060408274,426.1024161362739,82.15698683901775,549.5005947029566,1330.3370779684103,259.3419786471865,33.650172903719415,156.77080754913982,56.41601773898558
d09_03_G01_0_3_T,glasshouse_b1,Gladius,T0,R3,T,72.94537998907263,47.74013441066087,348.02474422835536,0.14113803546424486,147.44931651566935,0.4433875488740843,0.4360512030343739,0.9210476228563667,675.3014891146017,58.17059560189443,532.1701963081239,-21.181892861339765,322.63476447959476,6.603139646924429,8.506750463584847,143.70218543176935,5.49085392660834,27.994071254739563,480.97271888448836,11.258746341531843,1.2369388998778077,53.10633901498451,3.034712962552203
d35_27_G04_0_3_S,glasshouse_b2,Forrest,T0,R3,S,207.30034953283044,162.12204475475548,745.8934888379603,0.2160937629446021,262.4849849664282,0.4005047289041712,0.4341003286944146,0.9859042600537427,1306.4886779116268,96.96553944478862,909.964404504656,114.50981869548293,581.460587976731,19.752136418297464,23.656667243574606,246.0629214838877,15.094039913748334,79.06319543969094,776.7868800890373,46.121637915462536,6.772818683298219,85.58512327058656,8.885223703315157
d4_T021_14.10.23,field,Gladius,na,R9,T,1154.4274737620171,417.96789450909364,3502.6538931708014,0.11840409405745518,640.0822518498775,0.2039659671886533,0.18784517572466866,0.9556057626352549,6925.557541031574,126.27685180600898,2245.886544405112,3219.946758545787,253.85176134233532,4.8645878758497165,611.9453784283562,85.09164715990114,2.8721612662363674,1960.2907478142229,283.5763510433746,10.146288163434814,97.680908615937,22.48116673407535,2.008531533270948
d17_29_G04_1_1_S,glasshouse_b1,Forrest,T1,R1,S,43.37846931986125,28.930814659753523,219.4341161389943,0.1581954556475892,62.293514032849096,0.36051924824447734,0.40944027541786804,0.5918914129504077,341.9409131700253,24.989043946589018,238.75159366112018,56.55701513126895,155.81820302145132,-0.4196968481156559,10.989842091266256,61.00095021092254,-0.15232408065870112,19.82341001429048,187.837841205517,-0.05786536556093335,1.7614143738971106,19.07426539022184,-1.2704612019736423
d15_04_G01_0_4_T,glasshouse_b2,Gladius,T0,R4,T,91.77855038146538,58.355414436974854,568.3376315842455,0.09832326160839157,220.0948617453695,0.4114255805560851,0.43764483764269085,0.8757545427787582,1110.9455875150813,73.4085537470467,714.9290862668108,72.54990315834058,507.1249727322536,0.8890293878977253,12.590597700706372,208.40861327416093,0.557050043727908,23.790001340038856,664.5977594350536,0.609141980274009,3.0451866829263516,71.56561008389436,-0.052965198128495816
d09_20_G03_0_4_T,glasshouse_b1,CALINGIRI,T0,R4,T,75.42806391050284,58.70550914339872,326.88312904320696,0.16974130826201728,144.33704106948497,0.41873371986856767,0.4351427508465256,0.7227640491529589,674.8753754932443,49.29215131139452,429.73408745873166,66.3001875585575,302.26085136590586,-1.3225905232937794,14.235712358157222,135.36286663351427,0.9262218271707738,53.75380408177726,420.3466961028014,7.358469106572023,1.9651328137230628,47.70994332660158,0.7434047292538069
d15_36_G05_0_4_S,glasshouse_b2,Hartog,T0,R4,S,148.53056064838924,66.71189874066953,475.32544832382854,0.15169360030700557,173.41640482754593,0.38462257408504136,0.4368926777612456,0.7252568967856466,954.2258334130026,59.00705142908157,582.6777986280234,76.69558404912317,377.91714754574156,1.384255573713851,23.887493134674035,156.8851678982075,1.8304846952930849,66.22661333022042,504.89558421246335,2.8528956952043867,5.21562528642819,55.43962555859157,-0.2683685985519303
d35_41_G06_0_1_S,glasshouse_b2,3811,T0,R1,S,374.38101866565665,235.47937674060333,1211.2448211985543,0.19767392339355772,422.16587847161304,0.38492252048813735,0.4082749247137277,1.1334750197296661,2338.6423518906518,155.2663071595072,1464.8187241036514,262.6123488356084,869.0129688753742,21.941316055773896,69.31663073319919,376.78990809830754,16.201976560852504,260.8624560494295,1161.760504975956,52.16120334420905,17.8508474701817,129.63731034075346,8.567438893329093
d31_01_G01_0_1_T,glasshouse_b2,Gladius,T0,R1,T,252.46628015554117,168.66035897375835,928.2680679380129,0.18251896317433788,330.21710370765345,0.3971662916199541,0.43466272187254196,0.8169290273679446,1725.0133417700824,122.90459019074844,1119.6935807073135,147.86455032277465,732.7887981102808,7.300896165864231,31.828906008739374,319.95205140769036,6.492570982133438,110.29216238905681,997.6102749576525,15.261260022981165,6.797721498735131,112.34252271811208,3.0259125879304074
d07_41_G06_0_1_S,glasshouse_b2,3811,T0,R1,S,63.22117610298783,27.168264191897045,186.08174935645002,0.14565547432293294,56.936078350260956,0.4035486932480763,0.4355169151309437,0.5899316169461523,400.6162079955329,28.00078307086916,234.81356672936957,6.513091720155504,163.22129570780066,-0.5724384146416597,7.25875973207069,67.08891869965535,0.5664758801994396,-1.2272821647082317,197.49954294099066,-2.797116624626461,1.7478568048190242,21.556040229206147,0.6495888100037003
d41_28_G04_0_4_S,glasshouse_b1,Forrest,T0,R4,S,320.8886022898726,212.50220521044474,935.7809153249677,0.22789114506138156,333.4507878826749,0.39391170902368194,0.4324932308120512,1.1068050926575963,1869.4681781061415,126.02882696623571,1188.83167808966,263.9429918387362,717.8057441750873,18.586870587577224,46.71146936310783,320.9717269883516,14.084402635816716,156.5972215661909,991.5777574520866,40.01933484291543,7.460882706957332,110.40637112290283,8.686070434561266
d37_18_G03_0_2_T,glasshouse_b1,CALINGIRI,T0,R2,T,293.0738882288492,210.4073055413522,1256.139787807478,0.16407681957003045,446.42371062988235,0.39610824389140825,0.43706865924129323,1.0448302495813357,2449.7490830029865,167.2482508596608,1515.6790329321645,292.8284513567494,923.8564883729489,23.34677790376738,76.57791371463931,401.8954868318255,16.375474425978872,246.12577897173202,1257.567551489016,54.72142427919352,15.593538024563776,139.91488365930556,9.08012572835036
d07_24_G03_1_4_T,glasshouse_b2,CALINGIRI,T1,R4,T,62.910066174110604,27.547265699429005,200.48686895239445,0.17386139743942114,68.49674923352904,0.3758713483210824,0.41022526585695485,0.577395867015058,464.4250642229446,27.05953621595013,256.8782529051257,49.93356566658729,165.97025790911795,-2.3872987757209145,5.1497525753077165,69.82355333826322,0.8359472929943297,45.486553801473384,217.95679373247376,1.9572092785979358,2.531444208353741,21.385781102188147,-0.22946775330364325
d13_33_G05_0_1_S,glasshouse_b1,Hartog,T0,R1,S,91.96582556749166,47.194001344554934,358.6497909383447,0.13440475342069177,119.95337383815132,0.4092165295210823,0.43549827251798884,0.577699332770434,635.8727877122435,46.328887600480186,432.08362420305696,51.50797687720586,299.7867698888933,0.20601076060354157,8.570333049506,123.85861809406995,0.4743480607399189,19.70452679225076,390.0614731342908,-2.6896331512210816,1.4764369788292195,42.498632014448575,-0.0339912585412725
d33_34_G05_0_2_S,glasshouse_b1,Hartog,T0,R2,S,342.7257824272844,269.71677183822493,1044.2212280223264,0.24920284283740543,397.347310009581,0.41446149568114693,0.4360866198106396,1.0974645479208547,2093.780325572756,158.5443363338475,1382.9533535736339,186.7577045318514,838.6120308705085,53.346618069808365,33.927756252977154,366.31211146077663,38.641346097550525,125.84053905780775,1116.118370025007,124.18166256631154,8.232163437706735,123.46730746563155,23.838567314246415
d5_T023_21.10.23,field,3811,na,R8,S,1502.6296749171017,768.8172561512418,4630.088391280853,0.1646945003768579,834.097492434851,0.20163216256975086,0.1860123461659638,0.6770721878482873,9023.61110160165,162.54426966088934,2903.58740416034,4295.615808790249,328.19155223606003,-1.0097464553118485,815.8915588027616,116.40144114278083,-0.7322407053571652,2557.2479788930655,357.3586459434263,-1.1065045856914748,130.86052159553736,33.20855745763404,1.303317476568405
d35_18_G03_0_2_T,glasshouse_b2,CALINGIRI,T0,R2,T,236.24899720870658,147.63756975930974,1138.6380262823973,0.13594328637616188,399.50816830171954,0.38716625628945367,0.437239369759601,0.7801037653268476,2197.2553765757034,138.48364745346726,1373.6918982973234,324.93092359240813,826.2288139199139,8.549390712475295,72.88590215915983,360.44155619489106,4.933702172929235,210.58400903072803,1100.1003927600498,19.398240561444307,14.233875901606853,127.30338144061776,3.154384786155701
d6_T011_28.10.23,field,Gladius,na,R4,T,1330.3002730825997,636.7761257370975,4622.465940676287,0.13957290675007844,816.3977924276954,0.20065119305671547,0.18962321330493134,0.7573031812292783,9057.599190572151,159.2704801552545,2898.522084444628,4324.489033367732,306.01160902196483,3.8367515240992978,811.7553166638248,107.65342443849678,-0.9721220172721747,2564.99569145091,321.90233399268766,2.240155651982098,126.37155911432744,28.250156422951253,0.7072892443403476
d11_35_G05_0_3_S,glasshouse_b2,Hartog,T0,R3,S,84.21547302378656,67.04507775036497,207.80831824892581,0.2474892906250292,90.77165319075606,0.3870909107224657,0.4109437857657468,0.7194986052750437,483.54855965548364,32.722662254622264,382.4591378934523,50.15339661146652,220.84362593764232,-0.1852238048418695,8.105427058779442,87.62612461403339,0.0017083181739706577,52.972179148107585,295.43441367947355,1.3843090753429075,1.9492314230071133,32.18495578239603,0.3077260500837024
d31_05_G01_1_1_T,glasshouse_b2,Gladius,T1,R1,T,225.5262467548328,150.8211859430419,870.7759897217362,0.16667907615606356,316.5603043092443,0.3982290119582695,0.4345438541621995,0.8730200033101424,1653.122571725709,115.91915599199929,1096.210112293503,139.61415903621298,718.7768385951881,8.782829902314177,40.29106424834178,317.99404628812715,7.265559931960311,95.39856207653258,970.091725243974,26.24574136122933,7.93869809244577,107.43730582696672,2.954711059909576
d15_38_G05_1_2_S,glasshouse_b2,Hartog,T1,R2,S,103.11108194189283,48.08523304292336,394.98906063784005,0.13041030221535696,143.89749245050092,0.40175094275468703,0.43664226791944527,0.5771886352256775,831.9859674181266,54.475546391538806,511.76982248517567,74.92312236443553,326.58384651239174,2.472328802412477,17.89044435517927,142.96708708267758,-0.310466946242633,52.059647253257936,448.79650318497784,-4.4292446505815715,2.7113230591006054,51.09253940981426,0.2592280126087496
d05_31_G04_1_3_S,glasshouse_b1,Forrest,T1,R3,S,54.22426694544107,35.832531693252065,94.32096111226215,0.402649496747166,35.08242653352553,0.3912639823880345,0.41114471685271586,0.5815152091096795,235.46228162192062,10.647599723367566,105.6140958022727,27.21865273651958,76.97321675530597,-2.3739720718846486,-2.8665707074731075,31.227904910353562,0.12751242169022245,35.34281993317384,97.97784799955319,-2.877456854992159,-0.09356029539373134,11.675919619243318,-0.5120359812356382
d43_47_G06_1_3_S,glasshouse_b2,3811,T1,R3,S,383.2532725050483,236.40517913209345,1020.8297553167858,0.23033239782540277,332.5229037487868,0.3646412168732821,0.41030960343345974,1.0207276046838667,1974.8049773450928,121.94733681036766,1170.777451889782,382.507993457856,608.2525498188747,20.693371932362535,95.48725639215043,275.94256652678126,14.814459633199174,273.64029266381107,872.6892549991393,46.855879942534,16.59288021764235,93.72370495828848,8.13520719169284
d07_18_G03_0_2_T,glasshouse_b2,CALINGIRI,T0,R2,T,57.151668916214014,40.48874040327243,261.14984401105556,0.17980702036470228,83.87676591747282,0.4229700315095069,0.43472924804448854,0.8736736363889085,340.71948397290663,36.62194932751296,306.440445515659,30.10624054023475,183.63968975844395,10.860945364110293,3.157994928357933,87.80303471141764,6.338403470681704,-13.392619028130685,277.5059154844956,23.598024608413237,0.8890606781750521,29.926726064123553,4.504869395995996
d3_T001_08.10.23,field,Gladius,na,R1,T,1154.2570740430715,715.4630950661306,4202.400535336167,0.16904892061211702,811.8593013969793,0.21796125545967568,0.18650832139995333,0.7982700955039513,8262.686802068021,172.46183437630575,2874.8417955626182,3713.140424204144,506.3515105601065,4.938867815402659,737.9329876376404,180.66178311303221,3.115317695580707,2321.963197788609,540.1889717491526,7.006771408809913,120.72914934077941,49.32710863768016,1.515540617107564
d27_06_G01_1_2_T,glasshouse_b2,Gladius,T1,R2,T,185.56479500806404,135.8882438633597,586.2699330117462,0.2321990863589114,201.5193819452352,0.3860903500812095,0.41147612486132956,1.028973501454208,1132.3941277897177,79.34848436147608,725.6152347209695,166.87683350411677,387.6985650666629,31.630615619603404,45.46563573988431,162.5238490463967,20.9630261251797,163.9589806321141,497.0903118035864,67.36414725730754,10.44226796116503,56.18761857794471,12.104715263617209
d41_22_G03_1_2_T,glasshouse_b1,CALINGIRI,T1,R2,T,213.57495489047514,158.72271724539073,971.9612400841044,0.16067478481982386,362.9594301475243,0.3989435167776948,0.4332599234355084,0.9324767748309598,1967.348820785388,133.02266826228637,1259.50186682174,138.83929148190796,839.5686344695414,2.442722897312716,38.91661832278092,354.76298246779373,3.251407986899691,126.5879101792869,1147.6724926831341,9.956121441275641,8.348663741072658,122.43271133518064,1.2693721343511195
d09_16_G02_1_4_T,glasshouse_b1,5489,T1,R4,T,39.75737946166263,15.65462422334204,173.3657639278407,0.10826583495592884,51.93194630072492,0.4168037411095415,0.437356070787282,0.603397675509598,232.58556819828542,17.315511306569025,173.91205577696832,1.1114655699438707,117.9766617548865,1.1117137926983998,1.2421466751896455,54.94706232340294,0.4352889447141575,6.165091287976601,176.31638395085363,-6.817277968542582,0.11316017429340652,21.274391026185558,1.0469611192338217
d5_T020_21.10.23,field,Gladius,na,R8,T,1253.4886238360064,991.189279572874,5322.60485153182,0.18662519519254692,1073.8026027956398,0.23121407253668952,0.2410124529434036,1.3752611109494095,10366.93797899008,245.62453052021127,3849.0195613701594,4552.831095759591,745.7736986192343,26.274619793886988,929.4369033849262,268.7811274514021,20.126584857733317,2919.6090154603494,837.2878575495284,55.173913398600845,157.32154197889207,76.7798589693814,11.561924263177012
d35_42_G06_0_1_S,glasshouse_b2,3811,T0,R2,S,492.68655742178635,342.9923288263594,1460.3645490525328,0.23630439308550363,517.6354327762903,0.3963233695690158,0.43401201633050046,1.3373169871723198,2755.5304009001015,201.24005510696503,1785.6913324633508,308.26532086306673,1044.6923141854152,58.61071613907955,72.32061365983964,464.35655671843955,42.707783526460936,224.08841359190146,1477.659365524529,142.31184744584164,14.105326706281698,160.66672413353325,25.821615564438602
d17_05_G01_1_1_T,glasshouse_b1,Gladius,T1,R1,T,77.00133843240297,39.408779143765244,488.2403119844977,0.08876169935941183,186.436217083892,0.4124600362958294,0.43626423190771024,0.5780842587842758,957.81464845275,60.82615045559101,606.9719486907854,90.0558840045106,427.9545571203521,-0.6363898382580152,1.663617984551406,190.14396254813533,0.07057717291312125,30.650106370130086,579.3896103514327,-1.6584445129368222,2.1186754562301617,63.867095883572524,-0.8850231489008225
d37_27_G04_0_3_S,glasshouse_b1,Forrest,T0,R3,S,225.80013881775383,153.81117325765624,739.491686312079,0.20673609488828829,278.47420746973444,0.40960487892476416,0.43537769834670775,1.229336151398606,1450.379715388649,106.70433040906205,978.8438285155157,159.74319717355513,631.4442708555226,20.691677802826526,30.953653354108464,274.7440919739326,17.35790064880796,90.96075037487851,830.7616948610563,48.81464939295029,6.678163426360506,93.44509451303236,10.194311243954765
d1_T021_27.09.23,field,Gladius,na,R9,T,1110.8893275382268,366.56721494075026,3199.7141227400434,0.11306008253470076,606.4164780268027,0.20448874181273505,0.18991440987390967,0.8604405243431589,6504.198823809179,118.11013203759892,2084.6338068377936,2950.8089818050294,265.9347094416873,4.006710617415182,573.8937530206807,85.53517740959559,3.45044899461974,1779.588751422024,281.1549819749545,11.475483990078736,90.76509175257564,25.53394195016248,2.333388248918691
d37_48_G06_1_4_S,glasshouse_b1,3811,T1,R4,S,257.04530625300976,196.3311199058837,886.1392504705598,0.2090666864707323,309.8785280521045,0.38037990146253353,0.41114135107842004,0.9166226809489261,1769.0652746105036,110.21959237527524,1092.3262859711372,178.1145212758383,699.9169360724248,8.54930011308552,41.236869607275956,286.9373940876615,5.327277194458155,136.20154236883158,922.1691504159899,14.678893879363093,8.630575736507947,96.2039143991407,2.5873926366700375
d11_06_G01_1_2_T,glasshouse_b2,Gladius,T1,R2,T,58.79789156031829,36.95214776931985,410.56195399412866,0.08347168784562574,140.7282170439073,0.4009410957254625,0.43614831137186044,0.5991740786691424,753.2766055472914,51.10617039354211,478.5563376284142,9.623806091506026,370.25605613897017,1.2936609151779308,9.945735460042343,146.9868356278217,1.3990330180409236,35.348792788532,459.07803270875957,3.171674947686049,2.9700437160021833,49.21695480545524,-0.07055658652967463
d45_46_G06_1_2_S,glasshouse_b1,3811,T1,R2,S,598.2896720618099,375.137394146734,1438.2791221265334,0.2513167407169601,466.0087984630268,0.37053734428906154,0.40961377727644377,1.5455163755139754,2740.217266611124,186.72328073674782,1747.5816209632235,551.5518933159042,888.3056696308623,58.24704315707657,124.524979799023,384.5831459790675,48.54111609756518,404.31650538600934,1198.649664158076,152.21396449230068,25.249949792561942,130.13752498498405,32.509745229093
d31_36_G05_0_4_S,glasshouse_b2,Hartog,T0,R4,S,328.2019630529375,217.13322953877594,962.4793067930314,0.2236503310686423,340.1638090598226,0.40480488356871264,0.4351507040181913,1.0456572498229448,1858.3237482256652,133.26763620777808,1192.782214692534,180.2038571601439,728.5125991990956,25.338386287059834,43.529057351993536,320.7225448881843,17.576707528521727,122.60004719522912,1004.6682806195668,55.56886229053638,7.731527783977664,115.00757340163088,10.50464374632222
d09_45_G06_1_1_S,glasshouse_b1,3811,T1,R1,S,47.61153946669368,26.084133782912957,192.85244926878363,0.15205824021081832,64.4941781480246,0.3894197975693307,0.40798165207375814,0.5835286210303217,377.10001453640723,19.24575520447387,232.58145106888043,35.950989955395585,140.88506420467573,1.0512593404686266,1.028954432673868,64.58291492673457,0.05110614060831338,33.61951768513196,186.4978967091538,3.4442414366758287,1.5243891946109347,22.65167694490817,-0.4658740468573452
d33_01_G01_0_1_T,glasshouse_b1,Gladius,T0,R1,T,295.08062129854716,181.61245116531026,981.5207727582015,0.1883482085179098,349.5640376860813,0.3975766974951746,0.43480106568251686,0.9253164301210339,1926.0898607312927,129.2369318196451,1261.1332378359089,202.1133183378554,781.8374928505574,7.120100370628479,44.0101224655612,343.7756034467693,5.176334119511422,123.9826272814841,1069.062730785034,14.609810481015368,8.072334661244042,118.78618654441672,4.371104412657471
d11_21_G03_1_1_T,glasshouse_b2,CALINGIRI,T1,R1,T,104.54978604191685,47.5359564407139,356.4802196059567,0.13908351442041939,130.84909932057718,0.40100752411396967,0.43604986012420266,0.9309873926355384,717.1189949791811,47.34239101284962,406.5537187146106,61.66863403586654,301.75599525459666,0.6011755616219341,6.864464031618416,124.23530345153564,0.5285905535121558,19.231926705859987,387.7422323363969,1.2332055270929598,2.54392181477911,43.51020614488548,0.2251165439561189
d05_06_G01_1_2_T,glasshouse_b1,Gladius,T1,R2,T,28.58427349910427,12.544243654206863,157.34065500114875,0.08349638056008304,54.119959829096274,0.40960441496007893,0.43291757717150786,0.5886453440669905,317.6121889333049,25.865834472771247,189.48931370084205,28.253530676393268,144.61812306818808,0.006814568168046809,3.827800204686324,61.131829077393405,0.06298268434972122,18.833138151574264,178.2253494736748,2.4731306152049335,1.4353959505913725,18.60550792954048,-0.13856378174747616
d05_10_G02_0_1_T,glasshouse_b1,5489,T0,R2,T,59.83928570715581,31.3831485886774,199.57533589267297,0.2026801632213593,63.333119609535665,0.3898175314649774,0.41148310751680256,0.6241950788176105,375.9432150364114,22.53518212774457,218.58355621175724,55.20916259769943,146.1741176327046,-1.1668920393874922,5.204641235267649,66.28913965293748,0.3397074276990553,36.55917779703593,211.3709797556716,1.4833789150583914,1.5426527594375357,21.46232190109842,0.5390847635316827
d37_06_G01_1_2_T,glasshouse_b1,Gladius,T1,R2,T,274.97179775045373,144.98031804645225,797.0399956895576,0.1761611940393133,269.2088576182449,0.35080975397638087,0.3270326139038446,1.3385855773439626,1555.0960638093295,89.70486323359671,903.2880285799198,347.2070852457728,454.9506829550255,6.793837969154765,96.87680508427343,195.77258646519354,5.207886128845871,285.05612606852526,615.5715507065476,13.225536902472863,19.150205175278597,68.64448940852726,3.466582668468833
d15_06_G01_1_2_T,glasshouse_b2,Gladius,T1,R2,T,47.38326753927902,40.33229129029873,370.3733687963595,0.08287168920432567,153.8200992445633,0.39056884117528606,0.4120191601074358,0.5890618382964047,801.0372604914868,55.83696569418235,537.9723941613911,85.26230562393242,369.1254632536489,0.39333996398819154,21.676703076010867,146.66884611530597,0.8170307332978117,60.53125758859931,460.83531451101027,0.5872331838875823,2.8548425676794267,49.03557904078175,-0.6204015742320746
d15_11_G02_0_3_T,glasshouse_b2,5489,T0,R3,T,96.7073968821764,67.26939273457928,471.0540276084435,0.14497909445580717,182.60951613713317,0.41631282675159426,0.43536561219116454,0.7310413011317008,949.2010820537832,67.04398947443153,626.6464727095384,80.40627104655778,422.30683843798334,-1.6682171036921556,23.577021235944066,190.70264455289401,1.2324153343104938,24.724627031297693,609.4849213681135,3.4774226833772772,3.6301762742083694,66.13919699218236,1.6985149704736695
d45_46_G06_1_2_S,glasshouse_b1,3811,T1,R2,S,590.2230744684105,373.6432146458231,1448.020912270231,0.2528460588204195,474.6714279288754,0.37027389777422726,0.41206887967653283,1.5383518887933116,2822.774951759928,187.92035822760405,1739.5029823051332,568.7889578353942,902.4849119940477,57.963804304021586,123.83417909909353,376.28134995722553,47.50209284964739,393.4534349824711,1200.7142767665277,151.36785761245147,23.18883994541211,133.28407802730845,32.67295889884342
d21_06_G01_1_2_T,glasshouse_b1,Gladius,T1,R2,T,66.65450012617875,38.598602064320026,422.8050995621619,0.10088691097898586,147.01235311654173,0.37764197339360717,0.41180415345457,0.7813549336167712,808.8723292325589,53.12622734000719,537.033844339108,104.50645308079996,350.3415841072649,1.7217845708256259,20.80101536194968,140.33934506816823,2.175153462177137,74.12114000127022,447.23644953387094,3.9247608031176826,4.831395114545592,44.54947639630239,1.6109044576232938
d37_42_G06_0_2_S,glasshouse_b1,3811,T0,R2,S,424.5230487641192,293.17433899783776,1473.7604984449567,0.20098267368092865,533.2287817142017,0.39694416937974725,0.4354495384824872,1.0309831554782962,2902.2208489761956,200.8127955441473,1810.8238835029636,348.25750044770217,1142.5302603649347,38.07297479572524,67.28648085235356,495.0173097842278,26.739284698367896,220.96038076799886,1539.8826563808761,85.91953131159599,12.503824704864352,174.90326121313348,15.43675993818539
d07_38_G05_1_2_S,glasshouse_b2,Hartog,T1,R2,S,23.1068951631434,21.651954258817817,81.9103802694973,0.12187155711406553,20.277969157280133,0.38894931930264637,0.4100184945689836,0.5644279866706561,156.51131633564458,9.962994158933643,129.4974857144894,10.406544672908726,79.58788092311397,0.7315776386880862,3.0276248590555386,34.27156062288916,0.5807347780840433,-2.0978146618197613,103.63182320115925,-1.9021350448281307,-0.7203572878658119,12.948691033485096,1.3730089556876603
d25_29_G04_1_1_S,glasshouse_b1,Forrest,T1,R1,S,83.2954458458888,31.693455703288933,218.32528135208946,0.12322446928362643,85.71686227049669,0.35027273932711556,0.41390501472400876,0.594774864219129,491.54307171859085,29.63779455548878,323.01801585954814,104.73864495401233,189.9801151559906,-1.3584388465626942,22.646945137335376,81.91690558191566,-0.887948442352124,59.71761280063964,257.90877444711174,-2.209688071918552,4.607004879115614,24.428181733948897,0.620377512206678
d11_18_G03_0_2_T,glasshouse_b2,CALINGIRI,T0,R2,T,72.06303304777511,40.80861504088061,397.86975771015886,0.1046162602172026,152.13228496154542,0.40819786559219606,0.4320402450162099,1.0272220140456632,856.6520078556413,62.01476768395012,572.6323184474035,83.34077530701322,385.3267944486427,6.9513281985995565,8.641059832129274,159.26201050375644,5.900174287402077,33.12982114415286,506.63497777496514,19.995711152037057,1.8091732545273609,56.16491207536258,2.2537921820690414
d49_45_G06_1_1_S,glasshouse_b2,3811,T1,R1,S,792.9402064262149,480.1753485836154,1852.7892172780887,0.2608996309582352,571.8720807171075,0.356574569221009,0.3278575274958979,1.0519003962278004,3528.467554230111,209.74676827757298,2074.323250089205,721.9457342669475,1065.705635640509,43.59673644025703,162.24571735009926,464.0033839553722,29.710493430591722,489.8550089892508,1466.6319939204188,95.02122151903946,31.428872658541565,163.8039184407621,17.553272816988983
d07_02_G01_0_2_T,glasshouse_b2,Gladius,T0,R2,T,46.48907548642423,29.290850863959836,193.71813331882916,0.15297626220741528,77.61438346265338,0.4440180349750015,0.4377234601814527,0.5906635175430713,378.510624918799,31.976776869217424,319.8997198492353,19.489488131442016,184.89844080401667,0.5368602528633033,13.84874372441617,82.68912401716788,-0.7125559566593076,9.93159217533798,260.535418024147,-4.589842519396725,0.16816751094823945,30.093111638384567,-0.16092416954059635
d25_36_G05_0_4_S,glasshouse_b1,Hartog,T0,R4,S,215.6464810188397,126.50944753448019,691.4171487204733,0.17980968370306527,236.09301769062753,0.38389055675249584,0.4344607100304057,0.6539949115820075,1354.3740266567736,85.02868747536782,847.482361535341,121.2767430670063,537.4566232536023,0.4178343044801821,26.207298596311677,220.95515709196798,-0.3885006981215736,99.7525923985242,735.8122527397156,2.980020346866925,5.511209536703263,78.5480359240221,-0.07151559938806445
d25_20_G03_0_4_T,glasshouse_b1,CALINGIRI,T0,R4,T,159.19910824310287,109.61890336933195,1031.7221230592272,0.10728248424328596,360.6041987656475,0.402774563301131,0.4368068161093011,1.0306790871495954,1989.9447591401624,133.51997094059425,1258.1145807932262,156.1098338081978,841.3560697745112,13.523279815808518,38.87806720179036,365.58106883244176,9.651699656054983,123.36391257560362,1150.241577272329,33.12356461326182,6.311064421363267,119.0120499318232,5.657469255777586
d31_40_G05_1_4_S,glasshouse_b2,Hartog,T1,R4,S,169.54373164561798,96.14917728206733,737.1077380882656,0.12897922025193595,282.0781375782516,0.40716217333173305,0.43480336045914303,0.8683131293891875,1480.6397624942613,102.10513947437131,927.5163138023651,109.13578206772196,631.729819224885,7.809390150746327,23.008997732442424,272.4804435101297,4.856792260938703,95.80349294011272,846.1169072848638,11.472522198239306,5.147796423564647,97.44450476528066,2.224646094113846
d7_T022_04.11.23,field,3811,na,R7,S,997.8167285337563,445.1147076801677,2961.708478208353,0.1501216866658229,538.486747045802,0.20179336613684595,0.18901468464548266,0.6596366850742649,5796.5594499739245,107.02959293117375,1885.8779889925897,2685.363129505586,228.75484762742937,-0.3466879989978948,518.8730079223691,84.09640200458611,0.014329263375532364,1636.632424748547,249.0609404902742,0.5219417951252134,82.3095391281221,24.53920897187027,0.21190403056848536
d43_06_G01_1_2_T,glasshouse_b2,Gladius,T1,R2,T,581.6875958086242,418.7990653627967,1279.8780243871336,0.333328633012958,391.238242623078,0.35922766416610924,0.3256980088872889,1.3726761737111277,2315.488315532899,153.32172893256808,1422.820092459006,546.6294991412974,658.8858653909228,54.894049931648965,140.63853212783746,283.535538592524,42.38576908325044,422.3690033561731,887.5982231248411,141.20608633086331,25.685967721405053,95.69454933522175,30.22721118471059
d05_01_G01_0_1_T,glasshouse_b1,Gladius,T0,R1,T,59.85422398020718,45.730983477680326,92.38431022496977,0.2917982464427484,53.36905622733616,0.4260924228489466,0.43370461278569866,0.7263143073263418,191.97604217373913,22.649543818383904,147.97460478702425,-0.7538308626756951,114.03858796348815,3.128449947515488,0.35906742300063277,50.75767338358255,0.6953471042257385,5.255285092042026,153.41082608265776,6.36826132124337,1.839382609688179,19.02591205178821,0.5864135268257148
d35_45_G06_1_1_S,glasshouse_b2,3811,T1,R1,S,346.21968843647954,178.39226155521763,1029.0156595693104,0.17937234226044788,338.33425297971405,0.3800313378429615,0.43442352271625917,0.8844429393543707,2006.787268462584,125.23163697938497,1214.265090532302,239.77482501645477,771.8321228031054,4.0085371521127815,49.91625001649864,330.34364199430274,2.5315320656374696,208.45002155003164,1050.1662134366604,10.49110624445473,9.311600465346977,113.07073244408934,2.2900281728143232
d21_11_G02_0_3_T,glasshouse_b1,5489,T0,R3,T,130.13494957605727,74.3273213439035,634.7263335328857,0.13365646994366168,243.35876392574136,0.41990274761360846,0.4356587745953404,0.8769824562741164,1240.6576011770635,89.24557613730342,803.4039658195129,48.31956179964563,564.5039097166805,4.869089621174892,13.40434884875426,250.00166015486133,5.755142891445425,63.17987099659793,780.5700490619414,16.946322351243765,2.291863590402523,84.58167700268348,3.492187815967016
d4_T010_14.10.23,field,Gladius,na,R3,T,647.4375607684827,228.88078858611627,1934.1930256207402,0.11952518579411016,335.27760495080946,0.19480465061243632,0.18701851260714175,0.7586609955297927,3856.713483859854,62.907563374788666,1204.9401553761606,1771.4406357881671,110.58979058918032,0.5082903775502381,325.9307527745806,43.68806856527788,-0.5131983464082377,1030.2624398963353,134.52051867000867,1.3302957005088647,52.496646882114824,11.466272369743061,-0.34749046468934963
d09_48_G06_1_4_S,glasshouse_b1,3811,T1,R4,S,88.86348615963287,36.59355693467833,222.00532703970686,0.25602440781720126,80.84021975425334,0.4069838784578658,0.41104720979417736,0.726473004401461,398.17692999242877,29.94297940715228,248.8783851838307,-6.009349392663744,165.16382307971898,2.4982166360745817,5.1268423613806995,82.54818353076267,1.3538870546803379,21.764710587424783,256.8147344157549,1.9706959152136374,0.0031434405161774315,29.100476977375465,-0.34863969708049203
d37_12_G02_0_3_T,glasshouse_b1,5489,T0,R4,T,330.20069415541036,232.6248894209466,1310.173941089067,0.1730863632999597,500.7024495018757,0.4198637389801224,0.43643170847717694,0.9192131113310675,2564.5633688701455,198.11832428768543,1783.477697672688,182.76894593889105,1124.4958720723923,26.75973935122158,49.071070347490036,499.7386186985242,17.735170026872137,178.5290107406746,1556.1102305348297,54.04528316086407,8.585258058966287,176.34332486482802,9.093720291590193
d09_21_G03_1_1_T,glasshouse_b1,CALINGIRI,T1,R1,T,73.03595242985372,60.91763266305243,280.89007036460845,0.1816114376685985,102.42897791975912,0.4062661443222442,0.4350510924513336,0.9255782034398741,521.0343683436965,32.06861293940076,331.1475949549654,34.86828866383686,217.55493988142314,2.536339810194872,6.843386275108412,92.11519672513317,1.9649960984792914,20.307470142195548,300.316378995293,1.2600699613569928,1.353429072183997,33.175020046018,0.8508274030973071
d17_19_G03_0_3_T,glasshouse_b1,CALINGIRI,T0,R3,T,140.6684899124666,93.22377686485191,661.2916597426074,0.1516421985350445,232.57555289453384,0.40901967645223747,0.43823843234239634,0.7310716782118684,1281.2954200813545,84.58007593383371,821.019127581146,71.93256873135199,571.5655430633783,0.019801562816086138,15.300883003972041,250.95653649666662,0.07710131322260366,42.81425636547078,755.3203714418078,1.5931263505832982,3.7615302682482525,83.57422753511395,0.33396159231016787
d05_41_G06_0_1_S,glasshouse_b1,3811,T0,R1,S,48.693158471744304,22.87454796275788,145.97759045069452,0.11767715308175612,55.37777873260862,0.3755266528462743,0.41099103160844097,0.5758079377040075,301.9413084708806,16.81084158105201,154.52458656967812,57.81246304727814,91.75707741115899,-0.45201764737083183,0.273964449998533,40.66457801185382,1.0515432139746481,35.50282936876685,136.6664665833408,0.6708240984299856,1.612642121023534,14.068899391827502,0.6960390470871957
d07_18_G03_0_2_T,glasshouse_b2,CALINGIRI,T0,R2,T,52.76713562982456,40.36933935036471,249.023541343532,0.18069699692379645,81.47853318846802,0.4252205558719351,0.435674145087165,0.8800674221511741,358.2111763468907,31.889518617253394,301.3315181123553,15.20417689304777,195.59303532849555,9.99160373199145,3.309360591860183,88.76291891961486,6.682469742304222,40.425204630639016,279.12088625062046,17.3613072962304,1.0472703835699284,28.445327567956163,3.5939728602155787
d21_44_G06_0_4_S,glasshouse_b1,3811,T0,R4,S,179.17853705801545,118.36767205668862,949.9111549377724,0.12883343843264644,340.6035263774709,0.4074855098009754,0.435610373491345,0.9241669854959758,1768.9622085088097,125.47881905412105,1160.5347005941621,155.8713671006031,770.1817262461562,13.288122029223958,26.87977656820999,338.33678863111453,8.84032016244262,89.23525607332938,1041.6761293115644,27.239101658913476,4.187399484368244,112.50356302996354,5.289685549222549
d05_24_G03_1_4_T,glasshouse_b1,CALINGIRI,T1,R4,T,42.40713997456045,28.892643138754895,114.93835850981893,0.24961884656121658,39.65824955838433,0.366867775967511,0.41038772827004005,0.6080129999252823,187.27104083653742,13.159981087703523,140.08175604913635,24.4700358298498,94.32877462221458,1.0066552492349017,6.42546856278674,35.1616971095376,-0.33084155190169606,38.9404556600242,103.27454932131171,-0.6719476945401033,1.682733950090117,10.977756306931367,0.658505138413436
d33_16_G02_1_4_T,glasshouse_b1,5489,T1,R4,T,187.17763859431216,143.90208245717196,765.6167049043736,0.1780198375163258,289.0518053841958,0.4043889113086211,0.41077812657091245,1.0449118839261413,1510.8279356520563,106.1328287075081,979.3033455703335,106.30737080221084,646.4820367389024,16.499986142527227,34.45862286140017,270.75239112834925,12.787636945262998,86.78488354028256,871.5825790619558,37.02073324987852,5.2356753878393185,93.73239802760479,8.080054999452205
d2_T009_02.10.23,field,3811,na,R5,S,1186.5243051139653,637.1827795814954,4251.876635328198,0.14883176827488723,821.9815408401236,0.2109896626760307,0.18474681568308546,0.8675987381870812,8419.798135290952,172.1386926625428,2881.476767245761,3879.7414064656145,424.21063811126453,9.805675154558864,753.530550342877,154.5038890845065,3.7590850519484293,2347.631958407773,477.4028954906012,15.642803876242008,123.74820635883336,45.17857222042067,1.8976983459518677
d35_46_G06_1_2_S,glasshouse_b2,3811,T1,R2,S,203.03825492940703,104.96685162527969,770.898134014198,0.14381713355704429,248.5610663395253,0.3718583554832366,0.41134526244538644,0.7267122167789299,1386.6419429183597,87.10828762349149,864.4401319959882,177.82366132749112,537.6480024315412,2.4306566286666555,37.77312539989611,229.26193220163032,3.2129221252534004,133.6520526332108,742.4870484353636,2.5539211092755894,7.50825778835368,77.59361689271371,1.4244620925626663
d41_37_G05_1_1_S,glasshouse_b1,Hartog,T1,R1,S,132.59048932921326,68.42958860068636,315.9406417510795,0.23175115679980246,112.15099585116015,0.36690907813146756,0.4093928688262604,0.5992046656152383,653.6582201721278,40.61596361486658,433.20599898535056,111.67447251986025,232.76288612431958,-0.8445612073524448,23.969959910379583,102.76774657779087,0.21983835658367235,70.41405776910042,315.22986389367753,-3.6187171597431846,4.536530819816806,33.33463222347074,-0.49872311159192956
d31_05_G01_1_1_T,glasshouse_b2,Gladius,T1,R1,T,229.10450735459168,145.61990462452806,861.8259804463048,0.16507168987260518,322.2794982909622,0.3998087177345781,0.4363202703725258,0.8586437137923382,1685.5031134895235,112.4981392816911,1121.1518751555127,75.98903395584531,719.1609960532517,7.403715996539512,30.817315652111745,305.1518230636392,5.451660449109074,108.81358933405103,975.7348422175506,19.366264644620415,9.31822987525745,105.32649652953525,2.373869131855674
d41_12_G02_0_4_T,glasshouse_b1,5489,T0,R4,T,445.08689394486083,340.640755087713,1634.574906311684,0.21519028290410486,604.2274166714858,0.41557990778730314,0.4353519085357782,1.1013126243586664,3045.7201546442093,236.1044094543359,2114.3492437866535,322.57654901562915,1282.6898645882256,50.016602151714594,59.73949960117102,571.1707551488641,37.256120079735645,233.3917206117714,1763.4104697480925,113.24876987969272,14.322615932539222,202.92057387135472,20.437892879197555
d4_T015_14.10.23,field,3811,na,R6,S,1147.2280304307008,487.4984189449404,3565.1033473112034,0.13389576566473657,655.8271749746839,0.1986778142458838,0.19050450999292057,0.8216831604690672,7102.703427279456,125.27374687636814,2317.0432295328583,3352.080087571105,252.56203641658828,0.8082288165283875,637.1444431208996,88.5463122207009,-1.8621979991765125,2000.6537607807525,277.078335192015,0.8063574088726375,102.72511000927844,21.62491831987643,0.39619063933294185
d41_46_G06_1_2_S,glasshouse_b1,3811,T1,R2,S,385.0632387359638,233.46601554362954,1066.661393559996,0.21702510778024947,351.04654760201385,0.3715808364256962,0.4134029631228652,1.234935805325107,2060.649383224949,133.3783907031976,1278.3117285685516,350.42552744477644,731.1704455149896,21.587618980388573,74.53834502371527,312.8630159867621,16.177324332497065,227.85496109542134,985.4818708969528,46.398194029934494,17.230554640791624,105.98907929415805,10.401923844740754
d31_21_G03_1_1_T,glasshouse_b2,CALINGIRI,T1,R1,T,185.13639559688272,175.0418551755411,1015.9486897684499,0.16369611099317927,350.50268028332266,0.38962770642716277,0.43536327871358776,0.7270042241109372,1916.8145097401084,123.13578895852609,1249.5909131420613,186.56168005725596,815.8742268356007,6.578172017080258,58.09315564487548,338.74185241561844,3.777740945648573,150.89458922699242,1077.053740609291,14.092299633717909,9.88857395149951,113.68626038325299,1.047044021906352
d45_16_G02_1_4_T,glasshouse_b1,5489,T1,R4,T,566.8023378863284,413.7144765269161,1509.9533637007266,0.2746374420318272,495.65839241016016,0.3872496867125172,0.4113451875914953,1.7492885179552984,2776.758893685304,208.6122346333203,1860.3560429787985,404.84508502209815,1005.0040018568145,60.510991241078756,102.38869896098578,433.30521857964266,51.79328468829866,324.25840007347426,1363.959397775684,160.04092337621327,19.455985799463612,150.50202985455215,36.44074602126009
d33_01_G01_0_1_T,glasshouse_b1,Gladius,T0,R1,T,305.17609518725993,181.48762799931325,980.4971765748534,0.18729031836418938,354.6022007462569,0.3956642919474619,0.4355072299811834,0.9269816492268591,1962.928831426692,131.16912633804804,1227.1773199227302,199.50257760167605,779.0935978886142,6.01986854540397,50.932450592729694,343.3915008564923,5.9455983683323845,136.60748476558868,1050.1621499766948,18.275533930336394,8.542175878946601,120.10524357717075,3.4040404577658143
d1_T011_27.09.23,field,Gladius,na,R4,T,752.3663165516498,227.34766813020653,2049.2305386881194,0.10849861559676705,374.79615233761496,0.1962107218672928,0.19087487870871364,0.6519056265532293,4079.8982811627957,73.97497440711024,1272.3335207229322,1972.7585308900111,123.3085088573418,-0.42146849645122275,368.1308620838379,49.483250488910194,-0.7163536868032345,1144.383799513082,141.03190881651977,2.4582190733213505,57.76394556797122,11.513021599789226,-0.9787425346838312
d41_03_G01_0_3_T,glasshouse_b1,Gladius,T0,R3,T,359.0518410219317,239.84774358574597,1548.448692734101,0.15600246384481742,545.3534447435538,0.4011792260600685,0.4348938810250397,0.9193806387685993,3028.052280097196,206.162765016605,1922.265782494852,250.3988686668389,1214.6721488540743,12.250794200306165,66.86747551217644,537.2515558414786,8.019758910645395,199.44640514409082,1687.4020894321172,23.31728476509086,13.324896138718673,187.19691251225333,2.0932076452378645
d31_41_G06_0_1_S,glasshouse_b2,3811,T0,R1,S,287.6275078686172,201.2786744168498,792.3325479221428,0.22948963736231417,296.74264479794147,0.3828269263623473,0.4100950250073856,1.129628868457118,1786.3899008743847,109.5186913468674,1031.7796269419234,220.71317186606487,620.6912484351448,20.55998353089191,56.91977250985912,258.93274099726546,16.89747540099217,184.20519517010584,837.8048913266845,51.939222009635486,10.908093289153893,88.05245584127549,9.937761851008554
d33_10_G02_0_1_T,glasshouse_b1,5489,T0,R2,T,362.91982160817804,300.4567179707197,1316.0789381940187,0.22729572102420076,502.7551317829954,0.41384513943897927,0.4330896827343508,1.2443733193201842,2527.7573123201714,195.30114811840815,1737.2469761156285,112.72565178696028,1115.5008780845635,29.20224401235812,37.579973022917045,481.5860004110274,21.922213071671056,139.95280143223692,1543.4620367389184,69.3981902425973,7.559215727766409,168.69123423950597,14.87752204987138
d09_32_G04_1_4_S,glasshouse_b1,Forrest,T1,R4,S,26.880486445845253,23.954125107137596,126.3412207687177,0.19433676128800254,25.448164507316662,0.39200298022736135,0.4119398254338129,0.5825530922602208,207.32308070883082,14.964522006470267,127.05029690275904,-42.932481875640875,78.30231530083367,0.09976319250399496,7.3360507562778245,18.955269795121843,-0.1868060135535092,24.868539851398598,107.20665283853744,-3.4938882854158853,0.2923374285625229,10.220239820270034,0.538410525482055
d27_18_G03_0_2_T,glasshouse_b2,CALINGIRI,T0,R2,T,182.15743552707744,127.35302364032164,968.4981928805001,0.12952805153751992,350.20724280260544,0.4020551206379519,0.4328480099651111,0.7832382036666684,1994.2622425315674,131.22024930260525,1254.2953493793118,158.52747850183735,807.1905242700437,10.817754619072346,42.79799454998334,348.1961553583313,8.935970904545243,98.93024827798804,1084.2738231433411,26.05889504124487,6.70450418350608,119.20472998810216,3.7875391805134995
d4_T017_14.10.23,field,Gladius,na,R6,T,1022.4113182764441,303.5522116234377,3322.3344535418096,0.08900687705534334,603.763212477782,0.19888952701890425,0.18708677142206936,0.6072699245919837,6670.306242901444,114.1789420328216,2107.8185118080532,3105.2533139615434,219.1617651583788,0.15892979134680293,592.919325969393,76.35340895186985,0.6068523026490895,1887.2638359615676,228.76524119670208,3.4985436608451486,93.59968646962574,18.568118845622482,1.5557376604356505
d07_21_G03_1_1_T,glasshouse_b2,CALINGIRI,T1,R1,T,57.598410198858254,30.202921607157016,191.4119259064213,0.13994930882693116,62.97574286806329,0.38799440845776484,0.4358333314188989,0.6182464916421734,381.84770112913304,24.729341671322192,214.04133784140677,32.08736202858123,139.05588922885906,-0.7790510185128855,7.017770906617455,55.07889627697635,0.4010651551111768,7.893708459231654,200.150678418819,3.4971365108649257,1.7211048964616489,19.58945559543934,1.0681926296965774
d31_24_G03_1_4_T,glasshouse_b2,CALINGIRI,T1,R4,T,121.18044954618212,94.36480547970444,867.4765644107762,0.10719440927046185,300.2161166530767,0.3813550445871163,0.4094484660898875,0.7162317013996595,1699.136048986273,100.27753719956505,1034.7488048480645,156.3071034388872,689.4678091746305,1.5884725017909678,39.994034981019105,279.21898587184546,1.8970591429381827,142.6841023224651,876.4600847930953,5.286745398739491,9.7464708902117,89.64931551425344,1.10262903714209
d11_25_G04_0_1_S,glasshouse_b2,Forrest,T0,R1,S,37.81158397779756,21.846107976087122,144.04207391590805,0.09703356970281542,63.557539566597306,0.3954478111805477,0.40822960162403116,0.920401395858276,332.90267320141476,27.07095916396925,215.19339558759228,38.75098621351819,120.96230618633727,2.060846863212482,9.401138744382225,59.63798299943981,1.3217257324699463,27.882801143225773,172.48567560272622,4.39092571666965,0.4535407367009363,20.16690197045362,-0.011083086045087454
d49_11_G02_0_3_T,glasshouse_b2,5489,T0,R3,T,707.0086501978578,519.1365523561373,1734.926808142827,0.2923653992357695,628.9889221108605,0.4037181185959091,0.4332348766637785,1.3054294383700384,3307.2831192831777,259.4955438560888,2278.570827275433,408.6635241272911,1268.287098750133,80.32801997045975,95.14333726343867,569.4700088243846,61.60683000029549,275.599228079026,1782.88830522039,191.38710637662496,18.29095100875041,201.14268236974723,36.32618531974807
d49_40_G05_1_4_S,glasshouse_b2,Hartog,T1,R4,S,948.4572967300527,691.7127513394453,2056.7276816792137,0.3275342560682549,690.6709288887982,0.39539098098013503,0.4125235521944401,1.7434629805686983,3902.951417771805,313.87382675446577,2616.338217926246,709.8809549895717,1255.0948373678445,139.18069233418305,150.61748878205975,546.4248779624038,120.64172274340986,482.99585145219976,1732.1515408882162,381.9687070014657,28.20350815389707,197.5736419627303,86.98140005211347
d15_31_G04_1_3_S,glasshouse_b2,Forrest,T1,R3,S,61.76829695127377,35.099537103451055,178.77207547239283,0.1929831474664426,76.83689993146609,0.36368614849388897,0.41198574765406215,0.5703293615203957,382.55563508753505,21.020569463658706,248.85236451741318,64.72324128857103,168.09121496761577,-1.3366356549835203,3.1662617584261596,65.37625728835863,0.18369334070179727,20.50267486564301,207.4256459773214,0.4252437664720917,1.8256182053144898,19.028832217784064,0.43153264172175815
d17_25_G04_0_1_S,glasshouse_b1,Forrest,T0,R1,S,62.3267343794981,29.794219676173125,248.7219892076503,0.11797420767451401,88.68954999412173,0.39868925260504035,0.43661011554855966,0.8219099462115051,571.1846391417743,36.520673221205186,324.47505880580906,66.98571289177085,219.56387870725675,0.3837997790548757,18.766736476388093,98.08170544381005,2.199962084012461,27.047481115082814,292.11679476084544,1.6055979792435526,2.2408846926744976,33.191959625515295,0.23014644348879032
d25_29_G04_1_1_S,glasshouse_b1,Forrest,T1,R1,S,69.25041200724255,44.47586666832351,291.6086396463886,0.12491791310636857,94.29179048989496,0.349122471182712,0.41359662220422305,0.5813147645516712,558.8911589021238,26.982094972941006,282.39376045069446,74.40345030803488,178.13171481009016,-0.18959462498866433,16.79503390974917,79.93588599434781,0.2869954095274891,49.62869913482847,239.5153900437465,2.3807708427069536,3.9161560884279822,25.487235730141983,-0.5740122607007602
d49_43_G06_0_3_S,glasshouse_b2,3811,T0,R3,S,1824.359836798175,1532.4096357534481,3693.8283256063814,0.4134750622810468,1331.0188226939722,0.43765486673311277,0.43360521030746524,2.356543484123074,6702.644870741861,721.3019987970855,5166.199618446609,1013.4144175983157,2143.0353054723073,530.5136299781796,238.58704749852035,970.3976138253621,440.89981685903217,737.7225860857017,3050.474632042381,1385.8695069075611,43.89954829995062,355.55395687780157,319.6104976138457
d17_30_G04_1_2_S,glasshouse_b1,Forrest,T1,R2,S,44.45583051807333,9.22709205512448,194.24108306665116,0.11083673314311546,55.77758259206956,0.35732324114123165,0.41247579309837934,0.5736289341475607,263.0233675765958,20.62059164380576,186.2890571773391,39.22871187771829,123.6410705642329,-0.08559693425711584,8.45598993441904,53.10850081317257,-0.43198842736535426,35.613762528802084,187.88914209955522,2.9946904958654548,3.006214835161649,16.09875846778738,-0.6456778540738105
d11_25_G04_0_1_S,glasshouse_b2,Forrest,T0,R1,S,36.9647713244251,17.11705048345377,151.71468928126592,0.09542969103412237,50.18943627200121,0.39488140600390764,0.4131206484316584,0.9258377780593174,344.7222271916078,21.440493140790036,213.58479600918457,32.07164635840535,129.0026625952925,0.3747122295151908,4.65010186934082,54.991334789183696,2.2806451503650202,26.96579298249259,175.7705927472018,4.644196894590117,1.9345661697377357,18.424775093361905,0.5432958610115872
d35_42_G06_0_1_S,glasshouse_b2,3811,T0,R2,S,506.92587721003326,336.72562916133006,1442.1289733310753,0.2382190809555555,517.7422220327638,0.3962080430594901,0.4343293346409254,1.3411729761699855,2713.482610658778,204.9014059467502,1795.113568266066,327.7706116399154,1055.75121508978,56.143800465202524,71.42298087202187,463.27934592656436,42.79943893170203,216.20627123703824,1478.1143518471738,134.96909612070496,13.49119620036362,161.16993072007423,26.017981008588652
d11_37_G05_1_1_S,glasshouse_b2,Hartog,T1,R1,S,48.79650478376117,20.44301376655054,157.67576910742125,0.07301563544247525,64.71691087274746,0.4006400136062683,0.43642514093581974,0.5694700164836981,294.0351463301142,17.78234821543214,213.58311594269088,46.74062797574872,117.55411610912851,0.36901873896622245,1.3875273647764108,53.06770064629633,0.08443116592473597,-2.603091890803576,149.44277649040868,4.7618641327872915,0.9272267255408831,20.19127218652544,0.48303549352049263
d21_46_G06_1_2_S,glasshouse_b1,3811,T1,R2,S,78.19878205957005,43.05501075164451,432.38445805306776,0.09688302735863132,165.33923535160696,0.3958964756090554,0.4346281291118722,0.5835552912844117,866.5829387469407,57.07399279534334,557.944112321532,106.7724196436487,391.27913462163247,0.7212971801651704,14.024429722634169,164.4584529012606,-0.00018370236903766457,41.07545881436825,484.00130835135366,0.5879890564862158,3.5338255047899922,55.827727590696185,0.1166195570726333
d19_48_G06_1_4_S,glasshouse_b2,3811,T1,R4,S,114.17614937271011,58.24062340668818,481.39953879595146,0.12249097802146956,179.73344386700938,0.39267345063965076,0.4350775595652131,0.5823112450935723,973.5946487847892,66.4134781762997,615.6811776718926,41.733858544146294,434.0685211449442,-0.6907741501557548,15.95185272589296,177.498288595714,0.6383535581956752,56.20903446810869,551.8457463525265,2.7517970845881123,4.212196266611308,59.982584614598245,-0.1906651464141256
d41_39_G05_1_3_S,glasshouse_b1,Hartog,T1,R3,S,260.7935047224548,148.75701295068248,695.0755451968201,0.2015429972757337,243.48399480351486,0.38044848561916955,0.4130296277760806,0.8694891712693557,1360.8452774286536,88.27552065326316,873.0106265936529,197.54990302134718,531.0558703810897,13.290496450493748,30.920497326942716,222.3234987492488,10.21379364810612,111.72140905430118,690.3148276046569,29.197736555010465,7.3988403216728305,76.89346575563349,5.9282719928362315
d21_40_G05_1_4_S,glasshouse_b1,Hartog,T1,R4,S,76.49755728512541,23.14043250906552,380.750874888711,0.10681523722876637,138.65798784957633,0.4183254312459767,0.4361882428875204,0.6074274997413932,672.3348823192547,50.432435675898525,435.897413019872,-3.9545318928628177,317.5901753188339,0.2553880706608566,3.5074016612404453,137.25679439216034,-0.4230369306644086,7.418836796857406,441.5276477139908,-4.650015923829818,1.5669748183904397,47.98413196087473,-0.38540392494720493
d27_48_G06_1_4_S,glasshouse_b2,3811,T1,R4,S,131.22149677305896,83.91035870021268,633.5454142199941,0.1389040813280448,217.12851812961193,0.38971928856916355,0.4366782724236012,0.7272315366057314,1213.5221008997112,80.79847537090188,791.881665933255,105.05926649975682,526.8622364100704,2.9527968422951565,24.706564444917788,225.45981110834893,0.9807238815853032,72.56279207388971,698.1186696116246,11.269257591429723,4.235515088130087,75.22909522545746,1.5192172761327507
d41_20_G03_0_4_T,glasshouse_b1,CALINGIRI,T0,R4,T,473.47529249826346,357.3024383354986,2007.8822954710251,0.18049717283650502,737.6915358793453,0.41264718950624363,0.4338008998760693,1.0228469511025475,3817.0972872853745,289.57917566723256,2572.0129490855666,300.45306423851264,1578.7921060453884,50.04872340526159,86.62566669869462,697.5520439059464,35.75202102046236,299.75401067490657,2202.3775976568377,116.04209062338921,17.672992156719395,248.67961053874478,20.695375030638278
d33_43_G06_0_3_S,glasshouse_b1,3811,T0,R3,S,342.47349420091757,242.73177693980048,1343.0310064058901,0.1855111736182563,505.3322730175903,0.4135781081281229,0.4364123062465361,1.1038267257221095,2559.4637902755,195.22899748563373,1775.1434855644036,206.44451626964477,1111.3124519065693,21.573562100234945,50.003423503220965,498.4997137029372,15.05264317364848,145.50553565976742,1541.840194854201,51.48783692351882,8.237303951463167,175.49787945504025,8.721872247275417
d09_24_G03_1_4_T,glasshouse_b1,CALINGIRI,T1,R4,T,96.01834918866378,71.73554755303175,310.7332977917234,0.21633476827436615,111.1996687955023,0.4113058551197714,0.4357488340375906,0.9323215743851225,604.0028947150989,41.25098794139651,405.0023398426488,58.08554949088513,267.09861806857754,3.964593281885957,9.869090809900996,113.92595822673165,1.656776065286335,45.73382152574856,362.81305187836955,0.7580418336156871,1.4462090713844407,42.40496653412776,0.1806101283666125
d05_27_G04_0_3_S,glasshouse_b1,Forrest,T0,R3,S,27.03150485420204,25.265067125725775,110.85132323519487,0.16323855304752757,42.601936661097135,0.3870573452822482,0.4109886923560685,0.5838949963297816,249.56614911004107,13.152837798430872,182.69904333190823,-9.187186046474324,102.54738627183427,-0.04997855219051094,2.8322949726845486,40.24384216107024,-1.3691498742833337,28.182620974654103,115.5134313423375,2.4041378104972995,0.7978812849830305,14.765480082971857,-0.3158296601882607
d21_15_G02_1_3_T,glasshouse_b1,5489,T1,R3,T,54.38892172551286,39.808846714183495,407.9808611523665,0.10921923469596707,162.1821200984131,0.413190727995334,0.43546428896675776,0.8459382897070813,804.6180250432257,59.983524439831484,528.053423989123,59.494817127454525,351.5088815278568,8.152923247415115,14.431478751817291,153.33118089028483,4.359442116268815,33.44185361360563,495.1554583532088,20.261918310810643,3.122125885163231,52.54650080917651,2.0764538452912973
d25_43_G06_0_3_S,glasshouse_b1,3811,T0,R3,S,230.17746623198465,144.16781559910083,1025.4596302216012,0.14540217569694563,383.5555860544999,0.423921265092776,0.43315947870101895,0.7542058207727036,1870.9449206467582,144.35505146659614,1341.506058336274,72.34217895705785,891.5649522373636,2.8467042411315706,24.7758831454131,401.83144349273624,2.639087111474681,89.16650755203074,1246.7437651607497,11.204922133786702,5.414859930734037,142.33983348679115,1.4702491071738546
d27_22_G03_1_2_T,glasshouse_b2,CALINGIRI,T1,R2,T,117.40602051486341,90.10600847135746,694.1302119729879,0.12672500144743262,253.88327208041196,0.4007376742591944,0.43397091526878984,0.5787355124318334,1403.4916652035745,88.74553447367653,894.9984915583462,53.00602340122785,635.5739067596555,1.4114517213349664,18.626634546378092,260.30601686858796,-0.14184086927214898,68.14560390958586,807.4094604883481,2.3790996468302885,2.8315278116320717,84.10040852258226,-0.2649062725088131
d07_10_G02_0_1_T,glasshouse_b2,5489,T0,R2,T,69.7757224280245,43.56152884941372,266.5279683512841,0.16071651416074742,87.91668217828916,0.3810988601994237,0.4115687538310278,0.5892965246449181,526.4583089414346,28.051745454152382,343.368794150791,41.76796267857979,195.0693734367862,0.2226837979850698,18.892736518099007,81.31227947816596,-0.5738578593895877,12.9592007432652,269.6922909396337,3.4281108576971016,2.255047160368528,28.755240137003085,0.1313431666681281
d41_29_G04_1_1_S,glasshouse_b1,Forrest,T1,R1,S,133.232916077374,73.6854459162655,441.6866792572944,0.1720004215088612,141.25598896462893,0.379232106034274,0.40688160940174517,0.728948910794836,849.292322614084,54.153241007237966,523.3638919346802,91.96336886174296,321.0836833729573,2.8653747177615667,24.205549467828988,134.03427458711707,0.47988522181461774,66.53077489583924,432.1830084990964,-0.5475290433193214,3.8690480573240875,46.811655159804666,-0.25213664978576034
d17_15_G02_1_3_T,glasshouse_b1,5489,T1,R3,T,59.640752161082645,42.4170853231703,337.5364442163607,0.1301233888094071,126.28670062856648,0.40413549326966225,0.4351196187852857,0.7433747334993518,655.8480642698898,44.435322538004996,418.09878514776693,5.2205400438319245,268.7900496780596,2.0026831956101554,9.717563544753261,117.94358221453373,1.3672308802429447,49.711022075895954,356.1776390026697,8.392233920930304,1.817213127461238,40.23507438087116,1.2736629887172823
d07_35_G05_0_3_S,glasshouse_b2,Hartog,T0,R3,S,34.757346938577996,15.137293993880455,143.3421427038467,0.08370670078882907,33.999088648560765,0.3471789572054285,0.3242434686549936,0.5810660570902524,375.3381778402716,11.688096302124217,171.6972276034843,19.938853668152074,83.29258095830545,0.41972551534980934,12.889679775904098,35.67844269673968,0.7776704951610236,49.224969392599554,95.10390149544736,0.37841520471580875,2.6902398105407874,10.435355855234718,0.48324261329589396
d07_16_G02_1_4_T,glasshouse_b2,5489,T1,R4,T,24.446075255928996,17.810776553631744,90.66160236932528,0.0948107419583059,24.346788944014637,0.38676598963940395,0.4359141706929674,0.6492944229922483,178.37628350510263,14.404565112906251,130.0961252716128,6.619574972240718,81.07024361922865,0.8804680094059069,-1.8533118092073897,34.526020940873046,-0.24502971015355143,27.567645850192985,112.27030527329094,2.117620453693445,2.2532202205445673,11.30436423961642,0.5805616110418913
d2_T020_02.10.23,field,Gladius,na,R8,T,1280.462534180918,1031.0373387037066,5337.1864656872385,0.19042839066565637,1066.381565993189,0.22167721659103015,0.24039614536135864,1.0292890130656553,10467.842733028876,232.81117474118201,3762.0318397983074,4669.718835140397,696.2178284746,15.92810341155376,937.0315487171467,250.45477691508228,13.83172497795433,2954.5408547735287,790.8749605277635,32.833508001640446,157.98170958666407,72.8772625697917,7.460416415292521
d21_23_G03_1_3_T,glasshouse_b1,CALINGIRI,T1,R3,T,101.74995853137976,68.03614816422528,470.23927611000937,0.14424820654022147,175.5651638891447,0.40341982104071095,0.4374076005368706,0.5761848585061847,950.2787218850457,66.84008178011618,593.4434801972352,89.84586438969154,420.74958643963845,-0.6661295643998434,15.431124534348934,174.4719890426864,0.22240658265199936,32.039959971745176,562.6073330660232,2.880598971968059,3.4590775339810644,59.36878499423772,-0.4054049700678426
d7_T024_04.11.23,field,3811,na,R9,S,1125.2835450647033,652.4791471259852,3956.5521815301604,0.1634211362184578,714.8309452269177,0.20352872913613135,0.19127214818392496,0.6782645523598974,7738.882783382817,134.40339613489445,2487.078916790733,3668.4205083289535,260.30484354889586,0.1507360338784805,700.4867447204464,84.17959344285494,-0.46257828538863455,2218.5229439400514,279.4625660466032,0.618651127841106,111.5918929564046,25.787348212999,-0.7106212424437286
d07_41_G06_0_1_S,glasshouse_b2,3811,T0,R1,S,49.90050475318833,33.0882993908554,186.93867419058134,0.1438305056241731,71.67910242411138,0.40712147267706766,0.43472195268568825,0.5800295767021179,327.20048739062594,24.465421181024176,250.14605950403026,3.662765223651242,167.37976958953575,0.7956508826127098,7.526109907913947,68.10905160333378,0.5173965588829097,1.9215840696537363,211.80272065353861,3.2056940804779757,1.889459725991026,23.57129884035642,-0.5903449102751643
d09_27_G04_0_3_S,glasshouse_b1,Forrest,T0,R3,S,66.30282886058681,47.182472948954725,200.78224127895484,0.19364676470382144,87.21618525070828,0.3949364433746743,0.41203629752196125,0.5948318918978945,445.0247815306817,27.013331439283117,242.32020069031952,13.399017997974356,185.09385344890006,0.5126658273634245,-3.2222599097509095,79.77599286967909,0.46693102403390624,-4.198657251511598,251.74353449873442,1.5570749995279907,2.890408386322299,26.54893117769558,-0.010530518230887085
d43_20_G03_0_4_T,glasshouse_b2,CALINGIRI,T0,R4,T,560.4929479883683,484.3931845749912,2149.3557900044434,0.23010468264898057,816.340012456209,0.43130932209147144,0.43420451435779,1.4514277334186287,4058.6445566062494,353.54342427456936,2888.314631325554,375.4217497294166,1603.869956034103,136.84148838963262,98.92454891565804,727.816059265375,108.30351907560375,304.4559357286307,2270.6087730053855,334.5631002080792,19.656072180211655,263.8827105536339,68.70780615348089
d37_20_G03_0_4_T,glasshouse_b1,CALINGIRI,T0,R4,T,351.710067237067,278.9895342500144,1721.8021872855245,0.16940302417455447,611.2937101203954,0.40710461198645453,0.43814491037748743,1.1298427687431947,3282.2779090365284,232.51554943739933,2126.605578947533,297.91576590994646,1355.0291286094039,34.63346106765339,70.72602418449578,587.2182892526806,23.59747714182564,198.07525982114777,1846.3813838202739,79.52997053436289,15.49028823368017,203.48922791911622,14.132079081410446
d35_40_G05_1_4_S,glasshouse_b2,Hartog,T1,R4,S,232.26907741503172,168.89452763287858,929.4757406266796,0.16801747086280422,359.9512198837348,0.4029299661700692,0.43566938968505914,0.9737874549501953,1815.234852644935,133.0695572431607,1262.8212195368378,130.01352935681098,785.0871439090573,12.730824573958774,42.685317160985846,338.18110012245984,8.631045528681016,116.58681614083096,1092.5260748459455,30.347232897151418,7.418654839041727,119.29944205966879,5.578224611884356
d07_23_G03_1_3_T,glasshouse_b2,CALINGIRI,T1,R3,T,35.28144368512938,17.62010624445875,86.86760440630027,0.17973268469787088,42.785780764101766,0.3829030005607768,0.41083202559744064,0.5830830936402998,179.40943245749406,13.77259445368379,171.34817181427624,-6.624458174434203,98.49473969565517,1.7477894516267858,-0.2060093555961897,37.2702006527244,-0.8535141636685111,13.952931719485328,124.26474858552234,0.9781552873707592,0.6023652725418435,14.48422039036506,-0.5346051573953071
d33_42_G06_0_2_S,glasshouse_b1,3811,T0,R2,S,360.00412968029235,236.13037118702994,1293.1568633288523,0.18540980941739568,460.5141942607468,0.40173035208672603,0.4360750194562307,1.1634865857193732,2342.7560112375722,174.91684973982296,1608.2444375672976,222.92220209430974,994.480027769725,30.743577487437843,50.37444583818512,436.5819902087463,22.939206244032505,156.24694727534362,1373.886183199088,67.15043202972596,9.185738571746558,153.75949032997727,12.290292647847087
d33_19_G03_0_3_T,glasshouse_b1,CALINGIRI,T0,R3,T,242.93668152885678,165.426136474332,1246.4093553018613,0.14038586935235742,445.09825206771745,0.40448336861472123,0.43769697953392034,0.8722594695562791,2454.073736280074,165.27064787368894,1564.6752382427276,179.93734755994996,1042.2104610631434,3.86677999240359,55.99109419368645,442.6430546082542,2.033904383176077,150.16241564662496,1404.7564559472376,5.208291964729424,10.138910285929768,154.59778532173848,1.9650034306915158
d11_42_G06_0_2_S,glasshouse_b2,3811,T0,R2,S,96.55184909731032,42.09298742360475,347.9611317608684,0.14105481291568317,121.85385732088021,0.3945513216889459,0.4111700365683338,0.6000250330751876,597.7309017351128,45.64398765498339,453.46658556185906,62.34050385946638,282.30174239902834,1.4568748505911167,7.432312239149207,119.79790034526623,0.2533626709968877,41.89641181909627,383.66760228754896,0.9841186884730043,2.113403946573298,42.8543700214121,-0.07749169961083871
d2_T009_02.10.23,field,3811,na,R5,S,1170.8469449082081,632.5956736966355,4283.074783166214,0.1489070376900115,808.4132769310276,0.213659721890441,0.1885589425558189,0.871218850090672,8341.246465984132,168.138779206141,2852.3081410173545,3859.784247417095,417.955577019521,7.388744920246961,747.5596749563728,158.00883980284067,4.746068246497143,2338.9471076961463,488.12881653948085,18.61013550570518,120.97563593543674,43.89886442360145,2.7770457790843834
d15_35_G05_0_3_S,glasshouse_b2,Hartog,T0,R3,S,110.99429279232766,65.1433248344519,345.43939548941603,0.17977161780520304,119.51595447162752,0.3739145507267086,0.41258407631357275,0.6523500564071014,686.3800762417752,40.57124234889411,430.35506619912184,106.40528172614437,270.4565875605585,2.8210519470363726,23.02376690927746,117.55439356149675,0.01975870595863627,49.14819892831352,351.08036301766595,-2.846761112181701,2.4715678729613817,37.582835344301216,0.5332708280718447
d35_16_G02_1_4_T,glasshouse_b2,5489,T1,R4,T,268.0575220685298,192.4033311817319,813.4384652816844,0.22171260562882952,298.6333463860621,0.3942663584664328,0.41208065639471064,1.0990922521617814,1744.192860531656,114.658267087023,1078.5046866138368,164.4530418729545,667.8989172966834,15.27866261441508,34.19000687898155,290.9726978085806,12.04765808579618,115.38109964604705,921.4220382397134,38.11452100161407,7.424179063165142,98.32361527654628,7.806182945655453
d29_28_G04_0_4_S,glasshouse_b1,Forrest,T0,R4,S,189.60541280474098,118.736867867089,627.56935789396,0.1832124176226909,220.91120806980027,0.39079229218246136,0.4351066163746357,0.7193295160872276,1198.9067398341328,79.97827336042076,787.2360656022418,126.5003287131393,510.23455852037347,5.962080956522447,25.470638994543773,218.39896103202102,5.176316866859957,49.14995976380375,672.6416888420155,21.231857415744123,5.519935402506817,74.79044652756511,2.044457904550166
d33_38_G05_1_2_S,glasshouse_b1,Hartog,T1,R2,S,188.10102691724794,106.09113843417748,587.8442696322153,0.16617182475218467,209.30168792121415,0.3797884750571126,0.41087811605458463,0.8500297882627175,1228.4710163425746,75.07556001665421,714.8509981158496,134.42660417221126,454.93617495632515,7.910123131166752,35.537324025362466,190.2285436591972,6.685715113862805,129.6582150927856,579.1710209157795,18.709341296435458,7.171300069605544,64.20026713631289,2.9649168895814655
d07_43_G06_0_3_S,glasshouse_b2,3811,T0,R3,S,63.61577399999651,49.90758514511344,198.01274764936636,0.22142840546075282,67.01332147768792,0.3596890074426153,0.40873091185754223,0.6015129858130335,356.6052622634186,20.199407339260496,208.73174157665977,77.38831021303103,125.94435812148751,0.3703970688601277,12.39277893064163,51.866131654858826,-1.1997025717281782,31.541522199040813,183.67345082346057,-4.738918965881996,2.01836330176508,20.420792018053483,-0.9312122946904177
d25_03_G01_0_3_T,glasshouse_b1,Gladius,T0,R3,T,123.62259577092438,87.88207888798547,803.3586817555398,0.10833887090714067,304.7414031989674,0.4129740815168219,0.4369128488720815,0.7922719873369739,1584.5588774712649,109.03407422288002,1043.4797798341874,83.39930804839594,710.1663639556599,6.4603090955643605,28.83525904101921,311.18383003488555,3.5388201870528055,54.411146930290315,968.3112210306394,12.369552122016271,4.268057107788763,106.37167533741734,2.709101957952181
d27_35_G05_0_3_S,glasshouse_b2,Hartog,T0,R3,S,196.94833041298963,86.86304193188235,610.0936755985624,0.16158266401782806,209.60706374945715,0.3705593256797313,0.4119741270833214,0.7229939570163575,1126.0113327438808,73.06240382538381,749.8175861421912,224.66103473775377,427.17942666410516,5.008839802187736,38.33063619355144,186.89530598632183,2.417867052159825,94.64671048543597,580.6280463232451,19.253242387562352,8.157586613510443,64.25918610403043,1.684659075477689
d7_T019_04.11.23,field,Gladius,na,R7,T,1682.3987436627067,1312.2140176138585,6616.144313119038,0.2014894249998337,1241.7817576391583,0.21456817191255498,0.18871209845573675,0.7684791930580033,12757.864053631987,260.104476412445,4404.519248182896,5944.1559860568395,665.9889068116905,4.737185622029771,1173.101574305846,236.14978664973074,2.331439436516458,3677.8703509574684,709.0322314705779,7.249211648323522,192.3656451823225,64.03985949356257,2.935884239792337
d21_16_G02_1_4_T,glasshouse_b1,5489,T1,R4,T,67.74688206483351,47.3968261350741,385.14510230085887,0.10002992878124496,142.48779274769342,0.40950414287734604,0.4329201008775052,0.7251544979877794,778.8141724835731,50.896530727722435,503.7432398705161,74.67440068717715,362.1516011891668,1.553392843230204,18.34491644085921,150.8758607052446,1.5899887904830918,8.418591193293768,490.22824304969186,7.733304604430911,1.1600385873598007,50.75933311554645,0.35255044288733817
d11_44_G06_0_4_S,glasshouse_b2,3811,T0,R4,S,111.04881920488373,58.447950951137436,456.52341723782524,0.145967160366228,182.5581708537514,0.40139852895701045,0.4110673449740882,1.097765285977353,933.4501728460634,60.14501235466992,604.8529590994899,80.61092864304558,397.25503542041724,5.6722493073025895,13.445802807481732,173.52880998623942,3.7470243904781557,45.238956809007924,528.6130911988874,9.841250281075345,2.776621682601241,59.96640886449718,2.161347824216067
d21_05_G01_1_1_T,glasshouse_b1,Gladius,T1,R1,T,115.36311306765622,79.17765014482947,625.2192054141049,0.11235044125300651,231.87749691724719,0.40393115356452897,0.435800321514887,0.7263154405812537,1187.224516755981,82.01703476165946,742.1887230877727,78.95191450671044,556.7866610456972,1.9509965114465941,21.418898764540135,234.05367929171885,-2.070045136277824,77.47782652359516,723.0463901156168,-2.0692077105342306,2.766022965672855,78.46608344054616,-0.3557809296868204
d41_43_G06_0_3_S,glasshouse_b1,3811,T0,R3,S,672.3538114428011,500.2406752270362,1982.9078220435347,0.2466369386849621,744.3473997977168,0.4206332321237229,0.43472658253314056,1.4462456884809296,3801.704861583467,319.9167472331813,2685.693619096918,441.93147747769063,1487.5505154247849,111.649949643103,86.84844585625052,673.2870912807736,88.42469444848142,312.17657310212235,2120.143572648997,278.29257486890873,18.0964216631484,245.52264235091604,57.798463438244845
d09_37_G05_1_1_S,glasshouse_b1,Hartog,T1,R1,S,32.48651756363624,15.9726052187371,115.97040960678365,0.14861973414201546,35.49822842059991,0.4089252355180523,0.4363475616552069,0.5819894339134782,185.12527890045268,13.82794193025892,163.98418211360357,-14.464491106869387,93.67945786400283,-0.29827250916941883,8.793828009688099,41.453324540764235,0.6766828877526335,25.119714481433206,112.53671806752652,-4.440178051338573,1.0385725309996907,13.356381923447904,0.4902130501394609
d25_14_G02_1_2_T,glasshouse_b1,5489,T1,R2,T,46.315075699658344,30.653559158558085,570.574750813477,0.06579610028516863,207.54587138157285,0.3923096079118436,0.4339396986542172,0.6158532345363269,1087.5613965451353,67.38002451858463,705.5239376794883,71.61047093046783,492.9772697253718,0.06344154783268934,23.827556973331593,195.98087335085253,-0.9636531707330735,81.94160670807717,613.5205108433181,0.877347194721263,5.37067435507902,64.36482873243642,0.8235339615214812
d31_45_G06_1_1_S,glasshouse_b2,3811,T1,R1,S,258.5987201671614,127.90425959107365,827.4433976272278,0.15032768926277595,293.508434381008,0.38131863145254324,0.4367858271024895,0.7245480887605305,1554.1156064603383,101.31468565356484,1001.8195356119802,167.37036400726743,644.2056831439436,1.8860940360012144,39.45057746336733,272.59554306954124,0.5092022388028348,121.58232865620933,877.4880297691371,2.8738459259913647,7.824939742364313,91.50726250429558,0.16205590779621104
d33_35_G05_0_3_S,glasshouse_b1,Hartog,T0,R3,S,311.00866306491156,190.889021493512,757.2468334512738,0.24831804922962974,275.81352359565494,0.38130163423545793,0.4089350801168569,0.785108156717574,1591.2233920487897,104.24158416995547,989.7124566592411,217.73478303626283,595.6834536642407,3.021804226941668,43.240737921158306,255.36691899362705,4.6857505523764695,159.6129287026655,808.9575831488493,12.039311961668114,8.969580522836946,89.92335799098396,1.9797725959921482
d1_T020_27.09.23,field,Gladius,na,R8,T,1317.3514015158426,958.5362959430774,5329.767392202833,0.1787147499563519,1071.5906625924126,0.22541574945545878,0.23906278993604407,1.0778244615301102,10367.673239059286,239.64218689638653,3808.941151924237,4601.925393617254,703.8346412166527,20.671532806895087,935.479504611434,253.21482453787695,15.483112970796075,2944.929152224946,793.3428567705084,50.69407274790788,156.68182111491558,75.7827303810102,7.803808724391519
d35_18_G03_0_2_T,glasshouse_b2,CALINGIRI,T0,R2,T,250.21202088228551,154.3767376709772,1161.8088403405557,0.13602456425187157,397.72789511567083,0.3858153802951756,0.43328584276853,0.7849525223655933,2229.2733364785377,141.9384545230582,1367.7107999057228,275.6087377589132,820.191533753095,9.850773877841506,70.68989211387978,359.2983980396381,6.249511758720807,238.1524519758981,1131.1714245887017,18.98942778833598,15.525959414207405,124.99532785134589,3.6107102826736632
d37_31_G04_1_3_S,glasshouse_b1,Forrest,T1,R3,S,142.81764994991116,70.50409371170689,488.0304660077338,0.14682225372388663,163.08778800200318,0.3617015785708927,0.40977123531526927,0.6132674359533482,902.8695609773101,52.71873240399201,534.0189104223252,151.70628221291955,348.60577795886303,-0.17993565115231958,34.32040337699759,146.44735026106474,1.508784464611814,67.0221061544554,454.1837311187386,5.81534431006194,5.985300590146086,50.78228532908628,0.9091556075311448
d31_12_G02_0_4_T,glasshouse_b2,5489,T0,R4,T,214.9909787645281,145.63866130981293,1030.3201200278747,0.1442222135924912,399.76029808156034,0.4170723333467061,0.4369054969368643,0.9053262520656475,2070.0097016087825,148.89770020203454,1309.4122973149827,112.33153056030159,876.86679836189,9.0043792298335,33.30753032823437,382.6854028542544,7.507477211340264,101.60940093553565,1234.2844385421374,25.57286345702878,6.140506228688915,137.01367596652528,3.924976109508583
d2_T022_02.10.23,field,3811,na,R7,S,1037.3573228376426,377.7847523516335,2875.1912310341163,0.13557305458629337,521.2835623839387,0.20200016370071902,0.18552430973963155,0.6605172051043452,5630.709288401329,104.54835181671444,1863.6743974936269,2580.116938226683,243.44436145252826,0.682258501653711,505.8235417929385,90.38960678366121,1.1316132357615967,1578.3556589884915,266.11760292952266,2.845970557480371,80.80450234957051,23.878556165163477,0.2916617016450798
d13_15_G02_1_3_T,glasshouse_b1,5489,T1,R3,T,45.57068047320719,25.677334231363414,201.14702830353846,0.1210730383927405,80.136667037117,0.4084405761982344,0.43694696702299207,0.6407223620025599,412.11997157786374,30.45541452631091,294.43992802376795,54.11369502787512,194.35584085491774,2.031327523037021,9.540689629898983,79.96415107729777,2.216493619250162,-1.1517849951900203,261.09313761331543,2.5264938572218396,1.959921012018806,28.645401382600333,0.6996059219153398
d21_09_G02_0_1_T,glasshouse_b1,5489,T0,R1,T,129.72395262790056,80.6862971569661,688.7467671056605,0.11188365603376559,273.97451377961977,0.42883243086392436,0.43594187651450084,0.9165739155387528,1440.046646292043,103.72921727333615,931.023748748008,57.745522707602845,648.9513100513492,6.876833854596017,11.566712248749166,287.9239442996259,4.778241150924021,50.67224190349054,877.3671976350964,10.741223461445454,2.2722673075220174,96.913373535073,2.081105071222663
d29_05_G01_1_1_T,glasshouse_b1,Gladius,T1,R1,T,183.2632898863399,103.03915311745192,887.4286942992383,0.12030015895208715,310.62924932511754,0.4012042642040632,0.4362404736322244,0.8622319214022237,1717.6055748329754,115.80896669979343,1072.3810877917697,149.48546845965308,705.1733783620296,8.419634491248857,34.72981154572395,305.97119393413743,5.685923984514288,128.634916110105,971.5586553276588,10.036518641601674,6.982369322947236,105.10435386420228,3.6924974936264205
d19_07_G01_1_3_T,glasshouse_b2,Gladius,T1,R3,T,61.5478527977656,51.958555567901584,518.7722712244694,0.09950209128826291,196.93548792139225,0.3971753366141952,0.43636665062432384,0.7780503518175961,1079.8948698131314,70.77518135374432,743.2222335200854,33.153219889544964,497.1541933154599,1.148357341330263,18.595166770767598,204.5086587640011,0.22063372453792152,58.77066699920635,665.9552819135532,1.1218933454088424,4.073244725820378,67.65079937084032,0.0747588106110213
d45_01_G01_0_2_T,glasshouse_b1,Gladius,T0,R1,T,486.55140234331947,315.6460152140681,1641.931926797505,0.19382417173983904,621.4224953213295,0.4118927120683987,0.43380974433085173,1.0407112873050184,3255.912192271343,241.6801411147273,2144.4359458398917,281.7004198176042,1366.9139420779854,16.42891366951908,61.40101107153005,616.7930645725907,11.909171631936474,181.94780509097225,1928.9196158097488,40.13249961997729,12.747684503037153,221.377405576153,6.397702756305026
d37_36_G05_0_4_S,glasshouse_b1,Hartog,T0,R4,S,451.09202699627997,297.2671072587512,1217.050993035756,0.24502988842981074,425.13522009840307,0.38296439426842194,0.40859794949252537,0.8506793481926239,2341.4113656694635,158.48671412067344,1492.8305157310494,265.27246817252933,913.4405663618442,8.602888396609936,62.86426576807644,405.40856090251117,6.198250778659482,210.04722805183397,1260.388156683714,20.485980508815317,11.495432422822148,140.80511603923782,2.909924956221275
d07_06_G01_1_2_T,glasshouse_b2,Gladius,T1,R2,T,27.871111607666684,24.594456543064222,240.24014819812126,0.0773443218478692,91.69411397176863,0.4219084445278818,0.43569649259296134,0.6014300638848183,575.5927096672862,35.18828021730646,301.60834675576996,34.89926110104411,233.37404655711532,0.8287093022472833,-2.028478435778329,106.45777125873468,-0.24854914527963223,25.695117359208936,308.55268006359614,4.591072321973008,1.706960791088199,32.429081478906475,0.16095627890621325
d41_33_G05_0_1_S,glasshouse_b1,Hartog,T0,R1,S,414.4643728635142,275.4950264174465,1071.3518538882365,0.24437078165113837,383.0891819869396,0.40704016381719005,0.43414626455513533,1.8110418057420452,2061.5065399306754,168.00536474423018,1388.2778035213485,230.28321807858092,800.877488464977,44.37781890698492,52.29374395523188,343.20527861175077,40.77750123360772,161.66635626534352,1072.8524046473474,130.63708803223412,10.425430978673491,123.60576597302983,33.01242105831131
d31_30_G04_1_2_S,glasshouse_b2,Forrest,T1,R2,S,89.89370383523683,34.535015974391726,254.00248220054263,0.10831178783067678,100.91473391874356,0.35094233386919854,0.32571666438785307,0.5863297967503777,616.402001445351,28.99307363658959,316.6185255247659,49.52895619660326,198.17743105741204,-1.4054400389802078,18.434681871178107,84.13626229986798,-1.8169090970355475,68.1465353597819,272.7003642752596,-0.8806623765902818,6.302021503999952,27.65349436297513,0.17538704414252557
d49_07_G01_1_3_T,glasshouse_b2,Gladius,T1,R3,T,700.1321827584183,510.23238350936026,1711.1641067379253,0.30378070360097,551.9715060615426,0.38031876505028056,0.41050425366391785,1.3154889738274218,3284.635023036676,221.00588581370974,1995.0257021073626,595.7840476332449,1023.7860030778518,70.11545751301799,143.5137484563621,445.492721968475,52.25710232935583,445.5012732941399,1408.415991300973,164.20182830252665,28.174417980230256,158.24828629192234,32.780910720651605
d33_07_G01_1_3_T,glasshouse_b1,Gladius,T1,R3,T,193.55979170103976,134.53661418454908,871.1596715667263,0.15908349490562584,297.9041026889857,0.3940855200640338,0.41201725659042954,0.7225791192181319,1650.351917683676,113.69974622246065,1051.8179143985424,225.92130537115654,625.7779535085415,6.521329580028988,62.403926186474976,274.24557845214946,5.523296477829909,191.65164084682766,855.0605060496393,15.953647135120654,12.72571668736612,95.70591739904641,3.468824097078528
d07_27_G04_0_3_S,glasshouse_b2,Forrest,T0,R3,S,44.08115551545916,46.14235815179171,201.00380044144345,0.22196213774730938,65.09269897411217,0.3856868708646371,0.4107548415835048,0.6052026441465207,370.33496748161684,24.265489309136992,204.3920263406526,9.564651964853368,151.225601185983,-1.1740037840533704,6.324576122845465,63.1607683903267,0.46365461433372457,40.201048521972915,195.55336649139753,-1.913138056394125,0.813611867337725,19.541344945065873,-0.31652889177678273
d07_32_G04_1_4_S,glasshouse_b2,Forrest,T1,R4,S,15.764903383501185,11.2797695552666,90.25150271842072,0.11166597721400881,16.62987132787098,0.380952944959335,0.4108233767454795,0.5843460236157242,111.50402303545253,11.436577552373286,98.10036759436844,17.785833053292095,62.71362821797802,-0.8914017066870592,5.559844943035622,23.841880413061315,0.272153329797353,1.9326265905608153,72.0130777040807,-0.618296518861679,0.3492144434246392,9.13751750060703,0.30077553571927607
d33_36_G05_0_4_S,glasshouse_b1,Hartog,T0,R4,S,393.66399257067997,260.01487751931006,1022.0555012580012,0.2490135260039527,372.31992318160906,0.3954876905968078,0.43513907594837314,1.0618328200296294,1948.7375600827897,142.2977733151299,1285.1778998991076,220.54573072497607,794.9795033653049,22.332573173108834,55.666514189532364,347.151108974214,15.058910449923333,131.86975948895767,1085.1981342725048,50.647042684693844,8.844690626185617,122.8824774294245,10.262244367172343
d41_48_G06_1_4_S,glasshouse_b1,3811,T1,R4,S,325.3815099147958,210.35038169683682,1021.5193644088864,0.20411887585926922,342.88197046040864,0.37534002716436904,0.4098076881471271,0.9765048395291706,2052.0023360724886,125.61613839564214,1224.02012747324,285.416256339071,760.6569332570966,12.497886836796656,61.48150730104202,315.32679429499046,8.323732395328706,211.85549562488399,994.7202930396746,25.640040114309144,12.144997662115722,109.0231250051876,3.494305760825483
d05_21_G03_1_1_T,glasshouse_b1,CALINGIRI,T1,R1,T,39.09497179524338,17.292626474392232,133.35839287333033,0.19240639565252832,41.659340561468,0.38503529420479027,0.4348670319118834,0.5748330890386159,190.56432885475823,13.91481027657116,98.57846691577167,23.190135501723354,77.62197924969966,0.5673878270845847,3.5145611144995765,30.41973113887095,0.2131272214801744,20.855197313536042,96.31215637628331,2.1425087332966455,1.1630935868813865,10.79155149296333,-0.9052398903628529
d11_18_G03_0_2_T,glasshouse_b2,CALINGIRI,T0,R2,T,67.51781208844574,45.25215182609222,417.1658614903105,0.10410379053115222,154.11653506417096,0.4076415002465876,0.4361699648680297,1.0283630772542458,783.1393663811875,63.15862340004357,562.2340456146911,63.93823266690508,370.2414085990327,7.6499997597259375,12.952877409574729,161.89422934908157,4.171013717099251,40.07056168918343,499.8028900523902,21.681918429509366,2.281203537562018,54.356285234545055,3.795617094315747
d41_29_G04_1_1_S,glasshouse_b1,Forrest,T1,R1,S,140.4534157074009,67.82030495395796,452.2929258879908,0.1709993390563115,137.39322080750884,0.3784242401197764,0.4106526428024299,0.7266652949606046,846.5673992644136,53.33618335336971,501.05094464364305,110.38874865410452,309.33466963088864,1.12867178004548,14.477718588600142,143.89356921570334,0.22645054549601784,78.91304924289726,419.4948228906261,-2.1440056624570305,4.776343400330774,46.62318547710005,1.6259901807977535
d25_10_G02_0_1_T,glasshouse_b1,5489,T0,R2,T,168.67603464176656,113.91321304979377,858.6663527094728,0.13359736034323363,317.5133769342348,0.4004635262515147,0.4122339660069331,0.9266028250845751,1655.9809988030204,116.0388059764062,1081.2581230487062,95.95278748788412,760.7574670590375,9.903934879194267,28.926409563503228,319.3068332095604,3.688180744112539,77.58211367150038,988.3410160878343,17.94795689804277,4.515587483188835,102.6959396573663,3.1134337199754563
d25_09_G02_0_1_T,glasshouse_b1,5489,T0,R1,T,148.54573173660992,92.7067939908917,824.263115867373,0.11056233821788185,334.4880214775138,0.43126852238115637,0.4340297973366619,0.7229638141714955,1643.2989683447704,124.87518573180407,1134.8388059344966,91.1577069427018,761.9619083762916,3.096580632564026,24.47969812496526,343.0926094679231,0.4948530630748622,38.21489378656543,1074.6518694811457,9.482463483612332,2.2409759587449494,120.81528268784525,1.2700720436883923
d49_04_G01_0_4_T,glasshouse_b2,Gladius,T0,R4,T,1002.283902999091,719.3816464182182,2568.990506778772,0.2800425775381695,868.6152144530853,0.3974548624116834,0.4123605423786409,1.810806887776603,4844.930494924727,380.23566915697023,3229.54911638777,804.8980345312359,1526.8449054290734,209.32646351954645,191.5427173330786,666.2836387298316,164.74297052274562,601.6861039338919,2094.7481827292454,516.2083689889199,37.227811485439545,239.33660707474635,109.52735024665576
d11_24_G03_1_4_T,glasshouse_b2,CALINGIRI,T1,R4,T,67.78651874290779,33.908429422725405,386.6401241202981,0.10930972575209295,130.7280356661344,0.412526293617887,0.4353411890325061,0.5959787726157603,704.6422851649003,49.68197348629406,475.2890463795524,2.64606432021764,328.05630125528194,-0.618900794324722,13.654807064739407,148.87429240721053,1.592450901145787,39.11329343302962,464.0466013585815,-2.5312766265146824,1.5386467638203756,47.554029977857326,-0.7437554181275674
d09_36_G05_0_4_S,glasshouse_b1,Hartog,T0,R4,S,110.23743447964743,79.82284652622342,375.14096952096327,0.23496711653604377,120.56449485944252,0.3992805191374899,0.40919822197346145,0.7835069974516029,654.5668897517539,46.228987982927514,465.85616471186637,42.873563205316465,290.5966611368729,1.888290697144643,11.630807715274162,128.963802839841,2.3953408216261134,58.48855562378054,407.0680382078266,5.214682250255216,1.485565843868729,43.71436751113506,1.0811932828889779
d11_41_G06_0_1_S,glasshouse_b2,3811,T0,R1,S,60.79603569046731,35.036319160562506,317.4417196055797,0.12812029277374684,119.90024326867648,0.4229040467608557,0.43638136931731697,0.6029370668425432,546.5092553645582,46.62172692737581,430.46258353221214,27.57818139329251,285.6263354297082,0.5889217193161497,5.676203065156089,130.43997708663633,0.673804771134573,22.3621489502217,397.93864442931334,3.2951462874704407,0.18626135859112325,42.6085073489992,-0.3113478171148474
d17_47_G06_1_3_S,glasshouse_b1,3811,T1,R3,S,57.93741839500031,30.616455219646806,348.6155857929325,0.08478890064218195,121.57135660496024,0.3962395130230281,0.43530186058377845,0.7175302123393914,732.2576344221109,43.543885187946216,463.48998792436964,16.523514312657117,319.9097478495739,-0.36225302613182364,12.828818270375084,128.23291761233915,1.170894664101835,31.335643214394736,401.51208760796493,3.880677487941056,1.668625001094434,44.75411397434813,0.2773835273864409
d13_02_G01_0_2_T,glasshouse_b1,Gladius,T0,R2,T,91.71301257782389,59.71985438276465,438.9402353937399,0.14435476660312524,182.9299884803645,0.4372818478805886,0.4367741964319144,0.8416417178144077,825.8524122747367,68.62099892294992,623.1367134511958,32.55237819277711,400.25683722527646,2.6711922994826836,5.592044601879548,188.41519673041503,0.8458156001393803,23.862801563307645,604.4819236352429,6.476179761867145,1.0683239195205618,70.2351586489228,0.3922936014373306
d29_25_G04_0_1_S,glasshouse_b1,Forrest,T0,R1,S,145.4680014247399,77.265246229882,570.9380926584882,0.1354443642572168,216.93499449877865,0.3928446984202343,0.43694951460745485,0.6123396024096331,1069.1007201237044,78.72267327106789,751.66618275517,89.7754047018017,509.40051241830736,2.0379520934092348,23.03375913033058,208.09072720976016,2.333673110793618,61.0945762947005,668.2187148666964,2.216045014514224,3.3357161032780662,74.14223164855592,1.4311914880593708
d37_46_G06_1_2_S,glasshouse_b1,3811,T1,R2,S,237.66463393158278,131.80523810209908,730.2789001527909,0.15864938639126816,258.3178203939846,0.3603168631791873,0.41099538307893546,0.7404028967251424,1552.5079985184523,90.00889847147648,904.9695997619624,234.8530858470261,556.885304805813,-0.8285548539863883,57.22024292048274,233.83819462734303,0.31119552436433806,160.77107150039194,721.7774786296947,2.318967150364384,11.495020762062804,77.9690734533883,0.5670146705783423
d15_38_G05_1_2_S,glasshouse_b2,Hartog,T1,R2,S,98.98595874778377,53.089994673896065,355.7657255865184,0.13132754183790113,141.08337976909,0.4021759657983741,0.4368873536447504,0.5818503874356163,774.5828778170113,49.924751112977276,510.5517089306253,28.42746757840986,321.90029691306967,0.5055974875042295,17.62467943387893,138.85635063271155,0.8314110891534546,51.453963364669924,448.5091966548948,0.8170155160429793,3.695409760353783,50.261698210154776,-0.33202372237066885
d17_48_G06_1_4_S,glasshouse_b1,3811,T1,R4,S,101.27132742046034,59.147055366856684,388.8110204478759,0.14442501882767445,166.34626244151596,0.39763387182961946,0.438061813682672,0.5816110500795785,844.8590061368527,58.0965866844119,560.4871992654237,41.49307337779612,370.1575658057758,-1.7387524123686602,8.058409640650307,153.76031955983126,0.49712545494525257,41.07221535004703,499.34515259988046,-1.278814847357289,1.7798259685709135,56.00302739548458,-0.7066091122505218
d7_T004_04.11.23,field,3811,na,R1,S,1044.7089653591383,438.8477528040973,3664.430444628722,0.11950077539988321,644.0769298526376,0.19501200931793314,0.1906925093197307,0.6206604803964949,7341.520481599892,120.71975948831385,2239.729754010151,3482.6445759591834,194.71261994042715,-0.6446797839080383,660.850214195358,61.22801406204159,0.3296949642715665,2046.5704065567559,192.75694155890932,-0.9072150933881998,103.01823308690544,19.017352496482445,-0.3886651846793124
d2_T017_02.10.23,field,Gladius,na,R6,T,1023.8660581336026,302.05109372641397,3346.308013402109,0.08706191693928385,600.312118035459,0.19854835781774438,0.19034760026997036,0.5835867321702171,6634.493393745938,112.26284560388709,2094.559869228643,3171.1770039815633,192.8229463281303,1.4654906633205282,588.2938748254214,70.73648164623329,0.223923655232385,1838.0679921360136,217.2369442245048,0.3772600423784721,94.64312876483537,17.675553962351735,-0.04947134693971087
d15_13_G02_1_1_T,glasshouse_b2,5489,T1,R1,T,59.04908516544574,37.28495195981465,365.12114225514665,0.08389911028776055,153.77146586177915,0.4141968063651791,0.4341974944194037,0.5988400696068663,755.8550116617192,58.94920106307191,540.3053672958843,44.17157490369317,377.33608413349333,1.5259936025517709,5.168452156444944,166.81097703453813,0.8315514018692214,30.963691025260225,493.02562508241766,2.111739211432609,2.075838792576219,55.65459818692851,-0.604254147672682
d37_36_G05_0_4_S,glasshouse_b1,Hartog,T0,R4,S,460.0201200027139,298.818509852566,1226.4059485289695,0.2499729105837371,417.33741648353777,0.38320349293651407,0.4092371118927934,0.8515885567296652,2272.5662590539714,157.75516683345444,1485.8396401842765,309.1110302942979,907.3359620614125,9.696666504598406,57.6207831479377,400.69689987522105,7.106770773554594,194.9452492327199,1272.7896199781658,14.710412223645543,12.022833822243237,142.4835170865729,3.3571966713600205
d35_27_G04_0_3_S,glasshouse_b2,Forrest,T0,R3,S,215.84775646777754,149.05603645359972,706.8679129272227,0.21620687095739097,254.90519793183216,0.39811344180419533,0.4323544762732576,0.9661700845866433,1378.18188025856,98.00238268541064,921.5655998838587,135.63855193695002,575.6378138948853,21.625420747780783,26.532895693621924,244.50508481135768,13.768877004513001,66.28096236063084,779.7211070864988,47.17706675752786,5.384383149664152,80.66931356406148,9.315912180699973
d15_35_G05_0_3_S,glasshouse_b2,Hartog,T0,R3,S,91.28280295399516,67.55611140031375,298.2355592251739,0.17875018635815854,124.94385804017193,0.37291285977555677,0.4114135806353291,0.6387037316254882,692.2581867143441,43.57384223369262,432.600801749252,47.19760367896566,264.98788808734867,0.6428525383937954,17.710388475374366,116.25339662443312,-0.9452801677235033,48.50850707523333,351.75299189056125,2.965365651501913,2.6009692021227075,41.38902492295299,-0.7396624309621643
d45_25_G04_0_1_S,glasshouse_b1,Forrest,T0,R1,S,518.3869337104887,339.46719624342023,1261.3766775962752,0.2699603610835355,412.6272541502915,0.3815587712828103,0.4147978393119894,1.3399601710071738,2360.4332151216536,167.50930452105194,1481.9192629729764,354.4145444270763,832.5949156982385,55.79215890077305,86.66589210952054,359.44284871150967,44.15662527571119,278.0520761774281,1116.138958724681,139.17239875712423,15.58256012411859,123.0448966082422,28.528267436265704
d1_T023_27.09.23,field,3811,na,R8,S,1466.4840974824567,713.6073582117599,4516.793839657003,0.1571113255356285,815.2432185443269,0.199493607282679,0.1887205195436069,0.7229727051197448,8948.250696668387,159.02000805094661,2875.3884590479606,4206.149740349645,335.2146142866154,-0.5487837613420365,801.7134590893966,114.36448504479416,-0.5573517869352628,2515.271740683512,377.04477541700925,-2.872542203615482,127.43949270429046,32.5623769235106,0.240836425438741
d15_12_G02_0_4_T,glasshouse_b2,5489,T0,R4,T,81.01416241964567,51.6685289826959,515.5146880116597,0.10596448335122433,191.75198921679723,0.4250228911040637,0.4347644881782941,0.612014793766009,954.0019293598646,72.08626360570008,631.7885615848163,49.731737571939135,436.1592036559589,-1.0367277587655543,3.7699951505342133,190.7790039412282,0.007468335560337096,47.23542900456995,600.373891108091,3.4884086405210915,2.5337738263630967,68.82794128097487,0.9856695453397638
d33_10_G02_0_1_T,glasshouse_b1,5489,T0,R2,T,367.17823741037745,303.13076218678606,1342.8614258012778,0.22870045924348864,495.0779511485074,0.4137576882516977,0.4312589747215859,1.2377275071550522,2505.417308872443,191.1876284266192,1730.2203289256208,171.28035018620994,1147.026244937407,27.57331439717546,38.11405763387648,492.483742980142,22.461574050805012,127.26264147555135,1530.4595239007372,68.52974045032289,7.234215975694904,169.74529366679167,13.863224713795962
d11_22_G03_1_2_T,glasshouse_b2,CALINGIRI,T1,R2,T,55.65168946086858,20.09294287722929,308.98379668886867,0.08780315498530177,109.43572256692872,0.4141824947784108,0.43618370140572904,0.5878765180561444,528.365255588998,38.36384666241494,342.37805638463925,25.14770604192613,243.39382528222845,1.4575652343430543,0.7580213452711568,102.00209067824349,-1.3564225505926681,27.805883742064808,331.38681924159573,1.3757923687068152,0.32783702529479575,38.26521972830806,1.444006789954234
d2_T021_02.10.23,field,Gladius,na,R9,T,1117.6419898171464,420.7521242184709,3644.6679193126815,0.11297250088308554,660.2662684085109,0.20559074895465437,0.19169613456713575,0.8456543526484738,7155.205429129216,130.97511427404902,2309.7886317911066,3351.8885461624373,261.06907202339926,1.6794871515410685,643.4938544545794,92.21713165897847,3.45079690677881,2075.402060432132,265.6236677509845,0.6928862551612944,104.02574615303058,24.969171883441774,2.3268676762399663
d13_46_G06_1_2_S,glasshouse_b1,3811,T1,R2,S,74.50659195414444,32.674369364564846,238.00998799104102,0.15418452538896885,94.07456339457606,0.4075619374382862,0.4355619717252597,0.9200556655599793,492.5039406870918,30.225992807174446,297.01698771896895,34.02040741928459,212.08298912413835,1.2490839880187006,10.01751813026056,86.48140500905558,1.4002897282125046,33.630979082466446,285.15078213865155,6.995009887219069,0.8016118966103143,28.99547020094761,0.7476971295821622
d17_19_G03_0_3_T,glasshouse_b1,CALINGIRI,T0,R3,T,146.0543255688531,95.18078418197007,642.078856351968,0.15411953436943635,241.340750893184,0.4070552313652651,0.43649514208414064,0.7190975468228787,1193.2111831169993,83.97244044673907,782.4864605592393,61.11588538433147,573.6972147979452,0.7443194789651126,16.480951424864934,243.32582761773025,1.5599588450666455,58.86478051594832,765.0723490322621,1.0142985969058453,3.9272371764477003,84.09385459581782,0.8912115555317448
d19_03_G01_0_3_T,glasshouse_b2,Gladius,T0,R3,T,115.75734391526086,79.19389488802884,669.6076983382766,0.1188524013248199,252.86668132275884,0.41686988938851105,0.43321860248631483,0.719439885947252,1318.3406291980682,91.51965680151247,850.2601042167217,44.647998831113114,586.9268025255627,5.587106966056258,18.467878306946364,255.25504784855363,3.9765028447253106,50.33223104518888,800.5246321440225,11.353318148076568,1.5049702348454532,88.69027731540939,1.925743858875619
d25_41_G06_0_1_S,glasshouse_b1,3811,T0,R1,S,152.6977011693141,98.88834748552304,693.1422804980043,0.13613518506904096,257.90742540852324,0.3882563817386103,0.43696323037901685,0.7272965127808231,1482.5110326044653,90.8401185529239,870.550238369308,157.54569055188034,566.6942414426057,7.442519417117381,38.12392321696332,237.8529023620939,6.104049360983114,132.58372217159746,765.3272067200338,14.897225987879658,7.561196565517563,78.88425803520414,3.7460663424074023
d05_35_G05_0_3_S,glasshouse_b1,Hartog,T0,R3,S,35.46938270132608,32.48748468781389,118.15793861858744,0.12120548053778939,38.62315450648799,0.36929539059554417,0.4094418412889151,0.5957875223119476,200.05299814875306,11.63710692000586,123.22008072938806,14.473304870091633,89.06923277040231,0.17289927297152172,9.48474456976522,37.50506496262585,-0.8743608486854967,20.849910249711,110.36074148557948,-1.5991083394958265,-0.28077137242514416,15.18852461927337,-0.39499490966104983
d05_44_G06_0_4_S,glasshouse_b1,3811,T0,R4,S,60.51658258982612,26.075734853684523,141.7834782830277,0.20155207150061483,46.683790729448944,0.35986632079482195,0.4076314893627675,0.5845313536207645,173.18219736306614,16.83676599612372,194.97649567100308,49.75312160504201,100.19682045327988,0.23094449624465085,0.35866500538976354,40.070578228781514,0.5987615507627647,16.061227623684474,116.06905894998356,1.9604668318137664,-0.5327454576306652,13.442594707273713,-1.0876401931886794
d4_T019_14.10.23,field,Gladius,na,R7,T,1565.684838412642,927.8939314528158,6004.802820263002,0.15189960802311467,1141.7505709112402,0.2122616799077521,0.18816743453233065,0.8496786447788461,11762.37298138009,235.18018988233928,3989.9430245458902,5458.1906998280065,574.9127905313867,4.864678137415578,1080.2886694200588,191.3941033793136,4.027923037143075,3386.4838045705383,636.4935681828883,7.554511706738501,177.33674552469333,54.31134102573991,2.3243169246980147
d09_19_G03_0_3_T,glasshouse_b1,CALINGIRI,T0,R3,T,76.9466083380163,38.482370076801324,327.5686200122312,0.13549476398185273,130.99771330218766,0.4200923792743382,0.4348533384448158,0.9696872286010878,585.6266662734283,48.68416908674418,447.97230568631284,16.889792624484954,305.59964712484526,6.654310821474337,12.789025491348953,132.37081769531594,4.903950814973349,36.6290442664131,420.1887879353742,11.770197197277167,1.820927379940368,46.61544079746071,3.0660444942822824
d45_29_G04_1_1_S,glasshouse_b1,Forrest,T1,R1,S,188.0432556251162,91.0776334756364,526.7630881364836,0.18239126566979302,168.7594260954373,0.37168717882083996,0.4094283161033747,0.8428205209728687,1035.3265434508744,62.20081718183274,599.2576466886902,175.5672706508173,374.47802312772393,0.3600795059311873,29.75799613481267,167.24406775979566,-0.3976679424979156,97.4048487244396,491.45520437635685,7.060782484174144,5.960561730309818,56.74987760668213,0.4899318813456679
d15_23_G03_1_3_T,glasshouse_b2,CALINGIRI,T1,R3,T,84.00629518778308,50.418196121466416,313.7420196570141,0.15065495342404545,120.47780250511127,0.4069139349018212,0.43739395630085603,0.5790223958891935,639.0248703593894,45.23496618184226,420.7966387992304,38.984401972437894,284.39061992579997,-0.8907522694285123,4.200040052357553,134.02334696157487,0.42126393989266536,20.879714017782057,393.0420073690037,-2.4759697240689804,1.220957861673491,41.90347098576885,0.04963643895657845
d21_12_G02_0_4_T,glasshouse_b1,5489,T0,R4,T,105.17520241083376,90.31619863789699,644.5016581754021,0.13070731565622648,246.64194327296335,0.41983637240739247,0.4367542268041175,0.6033822341210866,1263.552069729811,96.92622537305688,847.675994019605,42.88616514967941,603.7878050059517,-0.7163109022803537,7.887202003418193,261.4985371614134,0.7448570888786926,36.262991502808966,821.0412240243188,-4.8383081946953865,2.0238045977343293,91.51442114889284,0.9583798380973341
d11_31_G04_1_3_S,glasshouse_b2,Forrest,T1,R3,S,63.9456065896328,34.27031003073125,126.58064867608289,0.2661747894228803,59.49231322457728,0.3858419906814656,0.4125036777063256,0.5965157027055673,273.42444854859355,20.9019005411265,215.36857610549305,40.86846962728602,132.2424173325364,-0.025115433819910455,7.00022461092101,45.29974683460365,-0.5244276475097325,17.643541893888667,176.45552204161282,1.583774587151683,1.2295859895346124,19.61561669921506,-0.5845662670570241
d45_02_G01_0_2_T,glasshouse_b1,Gladius,T0,R2,T,508.61148245539755,348.94068941102967,1415.066370566987,0.24353980714419057,510.258961969285,0.40240993667944597,0.4351399177598171,1.0647213375027949,2763.1316593467473,198.3430904077487,1798.8465718181108,267.8224903948806,1109.549649750326,29.16096174677607,59.81855122975717,493.4868583805794,24.161730620936968,191.7769824469527,1520.5432752704098,68.13173168989542,10.898005656857071,174.0057060474386,13.053529085257699
d41_37_G05_1_1_S,glasshouse_b1,Hartog,T1,R1,S,127.5894901859597,76.24243674401897,343.0833681198621,0.23380059279742085,107.62338117425796,0.36803523723103354,0.40962764174270666,0.6008751218871781,616.8247490282134,41.483782604510985,401.8803081462279,99.22933070714356,239.48100175610745,-1.1854785457805876,15.249675981159122,104.59817575813902,-0.4044455637147044,70.15604024162793,313.28541666499086,-0.5074610607132378,4.560880490953897,35.05585209065014,0.3922832528295815
d41_48_G06_1_4_S,glasshouse_b1,3811,T1,R4,S,318.2028344161233,192.6969442906867,1002.960934836388,0.20191975441145568,340.45762151598484,0.3752475164251254,0.4097677171339237,0.9771506395557941,2000.6200763979596,121.69019187924562,1220.3429825234784,289.1363954822101,756.0768465955223,9.94570410696696,68.35122603129898,318.83380025428374,7.881165036921123,184.0240588212427,993.9406365913782,26.74332265158337,11.433649013665994,106.32263098897226,4.951861431040278
d11_22_G03_1_2_T,glasshouse_b2,CALINGIRI,T1,R2,T,61.14484016337529,14.59367928649896,278.59634865726304,0.08894031880612531,107.10558790785126,0.4140653807821877,0.43521063237636326,0.5762484127629464,561.3555728308363,38.133152846088315,357.0840742388938,72.61807454375085,257.34500542576137,0.8023832915550082,8.070019088873108,111.43191707303164,1.0343774154528753,14.871059887299037,356.6900542586547,-2.813375836662531,0.7378031323573735,38.29848040637576,0.0318546801129075
d15_24_G03_1_4_T,glasshouse_b2,CALINGIRI,T1,R4,T,85.48453425161877,44.81414819323152,520.1996090287764,0.09546756949001733,173.04861531007953,0.4005699904677412,0.4361666958493368,0.5712413755071066,884.3767845215052,68.78053710820673,606.0929208834066,55.743377556300636,432.00931503535963,-0.4425263999434334,14.359163312769132,187.07832314826896,0.13870291895042514,33.34980906859643,571.1753157432498,1.0571658386207279,2.3463480470182425,62.70397795266821,0.9030356292893715
d17_16_G02_1_4_T,glasshouse_b1,5489,T1,R4,T,46.19892816721894,33.42812161463636,303.44740817302727,0.10719518137958518,115.581715805523,0.4149182539390866,0.4367078436051912,0.5985693947385372,620.7578264387786,38.52373307172618,382.5120911322137,5.759344530614435,274.5500203005914,0.15666833614200598,-0.03709670762517803,119.0939511474617,2.0897670613828745,25.544918846882428,368.2103726401185,-0.8540429215267128,1.4521571045156536,40.64508512988092,1.1722362973697247
d09_25_G04_0_1_S,glasshouse_b1,Forrest,T0,R1,S,49.335538372364404,21.817110998524075,109.960218908048,0.16118855514515282,64.585322386882,0.41625958450361594,0.412217399043559,0.9398641042997123,231.27584752233238,25.706825906697066,203.7660481950278,43.96419747946884,133.65175283360645,1.9479236579496417,7.235001785092435,59.47922540378045,1.967470420546474,26.947627549787256,182.68552912869106,7.489540391134301,0.0833184529844444,19.25637956341467,1.203135430566025
d31_37_G05_1_1_S,glasshouse_b2,Hartog,T1,R1,S,80.42644640077866,38.937634830639524,295.2900321421532,0.13458229953866707,93.97684606118882,0.38823383396124883,0.43607567566406785,0.5884978571360884,501.87372074674573,35.24237899226616,342.14498816748016,48.197391382839214,232.42533883777864,0.0023592204805261132,16.259873081191504,92.71096187194965,0.6957124257110772,32.26960247002951,330.89384229924684,-0.06027762545281033,2.5203861286882656,33.52004252237426,-0.1208424166744808
d13_45_G06_1_1_S,glasshouse_b1,3811,T1,R1,S,84.39956975662018,60.84761561193103,306.08763911909796,0.23140716860013624,117.79583863871943,0.3970219632614855,0.4326245477066494,0.7247147141571004,655.576570884834,39.962745027602,377.55202099303017,27.60951099725952,260.9130076689089,0.28169298660912967,0.4613432707909304,103.52789077709518,-0.17800058718309997,45.567862568541415,351.32553881176364,-1.4714127324570647,2.072298338730511,36.9034517832925,-0.34349070870993414
d45_02_G01_0_2_T,glasshouse_b1,Gladius,T0,R2,T,517.8642175870194,347.5606901740204,1427.9227971460532,0.2444952912835147,506.2294021363657,0.4030180321458061,0.4351012271241345,1.045960655427955,2750.2687070925567,199.62787427484912,1804.6659799236293,308.34701126602863,1094.8484227186455,31.90496711950614,69.58625226102909,493.3269413827143,20.236836429854016,187.49385742131145,1555.4236580477684,71.89080905377176,12.645857498650452,174.25993034942132,11.855329156027388
d43_21_G03_1_1_T,glasshouse_b2,CALINGIRI,T1,R1,T,408.0412702845183,349.75986011240707,1397.4978164021918,0.24537889294064325,465.1240656923073,0.37602754946378136,0.4099320481577104,0.9224363493464544,2632.413950218725,171.02522321131116,1691.659042886861,419.5367562339325,987.4497232675344,31.15429436463898,92.41548851341089,410.16147186179285,20.577676476501157,285.5166212017755,1305.7419982962242,67.17503508640739,20.699829673651738,141.33968400845168,12.13078654672225
d29_12_G02_0_4_T,glasshouse_b1,5489,T0,R4,T,162.89529652278395,126.19070517622394,880.8068931392014,0.1295859273109097,341.8200410692458,0.420126665399675,0.43586882062879034,0.8842734397457376,1761.1718225495438,132.1975856162801,1186.8329598697692,110.53786985468388,819.5457966218487,4.2357372075213044,28.633081070918948,354.9940664664647,4.080100728241833,35.03470619706659,1132.6271917227189,11.472954875524447,5.635717964081115,124.21778023946251,1.4272963513143504
d33_25_G04_0_1_S,glasshouse_b1,Forrest,T0,R1,S,189.86146912019825,100.3986168254316,665.6228377625413,0.1599412362385129,246.4786923204599,0.3953760133818242,0.43751985355211404,0.6522832080412835,1342.7919144593516,88.83040736391801,867.7022490840152,91.42925331350898,566.1797301739871,2.3487408523547764,30.725727571135792,241.53332605064713,0.21561864593383223,60.8795137538283,766.1630786518075,2.6219310403005234,4.095998435419349,84.47537186032444,-0.8456409254769975
d43_40_G05_1_4_S,glasshouse_b2,Hartog,T1,R4,S,451.74905144893,311.6791971857781,1400.4421372022648,0.22175809860441092,482.8039225309268,0.39110813256571897,0.4125069699018719,1.4276859217171283,2718.8064090735693,195.1434175968437,1735.6326688816096,339.96468220687603,952.6616925162244,50.85308102104268,89.32504252709118,425.1973941428257,41.2589088895468,316.48531340854584,1306.8886495036384,123.15989728085086,18.1154914025145,147.35532489176646,24.122657259494293
d29_06_G01_1_2_T,glasshouse_b1,Gladius,T1,R2,T,192.20371484470726,148.25627999795708,652.3585739429282,0.24243414307480668,203.8765905814319,0.3881404739187055,0.4091434174519105,0.9740246074005989,1201.2309793044099,81.15053987213746,772.9236830588245,215.38576914222944,391.27941349049627,30.302237428036783,44.10451363153283,176.34589025954432,21.44448536424387,140.2887428319076,547.8986833475074,62.839119584166355,10.147252923512497,59.18481399808238,12.166182848330523
d11_48_G06_1_4_S,glasshouse_b2,3811,T1,R4,S,94.47103161389022,60.76912667700215,246.92482726110694,0.22864983968997418,104.7084152167917,0.4074142844938364,0.4351356609581628,0.6105775386699045,535.6503151678344,39.20948960570654,353.89355382252126,50.49982814440729,244.60275018541475,-1.8699977477797345,15.019127183136291,105.64365190406396,0.9302176944356505,16.20363194436881,337.68720299419266,-1.099552222974423,2.524731007086952,37.83014755908754,-0.8971948971818164
d19_27_G04_0_3_S,glasshouse_b2,Forrest,T0,R3,S,105.24610667857549,65.94475157797666,448.8478315923984,0.15301865349470584,163.32695549280112,0.394255120608354,0.4344769732428786,0.5855462300354634,875.9464508138957,53.52286053894552,510.38470459215387,77.93864821493979,356.0051925985619,1.2647407395105208,7.0873212126012755,148.9660881871983,1.0226734072280947,66.12607019484994,484.09255351857064,4.8072443677839924,2.666261627955227,50.04534045316683,0.07759898814005337
d17_30_G04_1_2_S,glasshouse_b1,Forrest,T1,R2,S,52.540994724006715,24.39830079585652,146.88507998399461,0.10919278942510924,57.46969982428483,0.3601669048238592,0.4084971313972099,0.5701529037550643,324.30551753733596,20.368176877885805,214.5369240603335,30.287582337505686,115.73616914721056,0.15422435106348564,22.919785838617614,48.13342720683087,0.39256619747731464,45.361427617076494,169.7668320415634,-0.7976622083344105,1.6821305791376884,15.75974931492755,0.14206305551262371
d21_06_G01_1_2_T,glasshouse_b1,Gladius,T1,R2,T,90.48156321640612,58.17821205590433,392.5111332618704,0.10090590115395469,148.74166454161542,0.3794748278715677,0.4105596476534109,0.7859783481081196,866.6518102105892,49.09976757714635,522.6317522206211,105.17584310551393,342.7205813237815,2.400439701250132,30.14596547738854,142.73785896296286,1.0627751759988338,98.75770271438593,451.6209465053121,4.279396815518673,5.443642898499471,44.959885919302366,1.7498290594863806
d49_01_G01_0_1_T,glasshouse_b2,Gladius,T0,R1,T,589.7907110567712,375.9703978376367,1936.1713478531603,0.20161151075526523,709.7461640376231,0.40957354885249186,0.4354097416244239,1.0317347461566924,3656.7945147486366,279.8223758860007,2464.992784397996,370.7690034680072,1528.3182214566693,21.126700585158787,80.28042400601603,697.560678123823,16.014371397122233,259.8964152136051,2157.907219820425,50.20651930010039,14.909683879923376,252.50159315144984,8.148407141908029
d15_47_G06_1_3_S,glasshouse_b2,3811,T1,R3,S,87.25722832067568,51.510084860267796,296.8871879740326,0.13898023645733715,126.39549139912558,0.4010697872103944,0.4345379628083335,0.88876254835844,645.5375723526623,46.393860372697006,388.3336408408064,46.43145338247591,289.73409489294664,3.9022450521885936,4.2937423260928576,124.90744364139566,1.7417541202393776,20.066561082068507,378.5701201075948,4.94891727060863,3.0324945670838233,39.93523406156666,1.0528281874438195
d45_33_G05_0_1_S,glasshouse_b1,Hartog,T0,R1,S,618.019194774567,435.23620260993823,1407.013015339697,0.3123676058592355,524.2330859047375,0.42616253481816674,0.43560376650180616,2.2221645029152985,2671.654760484472,246.41152992828185,1899.2760461199368,343.03428293102314,959.1206857983782,120.5108173189957,76.00080188641702,428.61107047577474,102.1934324443716,224.57416243129074,1343.5230779207475,326.99309513938323,14.844156552140658,154.64323173549877,78.23535988310384
d49_46_G06_1_2_S,glasshouse_b2,3811,T1,R2,S,730.0234786711878,474.5931695343477,1842.676531027143,0.2616961166212376,593.3572464031355,0.3834577414836634,0.4098296221190197,1.810212645943582,3501.1209244986644,265.1628196841582,2215.7696082497705,635.7411176264428,1084.634737882608,87.89589830165461,145.19469232308296,463.88181641062783,86.77599226364521,459.80534113801843,1460.648708846899,270.6439600620343,29.64604718659298,164.1077847101869,69.77248544412232
d15_05_G01_1_1_T,glasshouse_b2,Gladius,T1,R1,T,88.27397099242468,44.86479733337307,481.6875599204309,0.11447362129060142,173.87805819902633,0.4067730698402747,0.43536996366506664,0.6513885183315283,841.6298893318381,60.880187049040096,607.2148486696685,51.64432059624121,402.31838120489573,1.476508009873736,12.02143677955617,171.35968765082998,1.0585274432547593,33.998289927188864,551.5393690005999,0.8167890946643076,1.226625704407976,57.22636995420603,0.12947315950060648
d19_24_G03_1_4_T,glasshouse_b2,CALINGIRI,T1,R4,T,77.80562444398217,46.23034574619169,588.2023362330423,0.06376322287191573,210.28263740098686,0.40147719048870334,0.43121197817623946,0.5797114146818236,1155.688783644133,74.40679752057372,717.8527365536947,51.3964131717449,504.40951056773775,-0.8591714388569084,10.501823557682732,219.00998822693663,-0.5265109161270273,59.6097800457442,694.6538411544906,-0.14069956322486207,2.172213133387574,71.60432137095941,-0.5720262370435025
d15_08_G01_1_4_T,glasshouse_b2,Gladius,T1,R4,T,70.74892207388503,48.78639638742589,490.93737759847767,0.09886814563229236,189.45865044355466,0.40369941869660886,0.43472206346760817,0.8709959411099835,991.1311281038927,69.1764858160252,632.8326740716366,26.62609811894019,428.2719725716181,9.740596005818976,12.19905300372523,178.6968307800259,6.741363650118283,64.30213592741084,555.609321712972,24.171537918125253,3.2698568488074438,55.661783335150076,3.7297044750080657
d07_38_G05_1_2_S,glasshouse_b2,Hartog,T1,R2,S,17.06138677887928,3.7547025606006077,110.64260114674916,0.12344424019876266,31.5412849360278,0.3868766362076492,0.4097196001151099,0.5771375641887233,237.0805443098961,11.889077350030568,138.43672721581984,23.314713061358205,75.32175008907211,0.13712834881916147,-1.0402064495408831,37.596659573243144,0.26078329877202927,4.644095836696661,114.4639197588549,3.046871703121753,0.9933304386094309,13.475693369532806,0.19124504432676478
d25_46_G06_1_2_S,glasshouse_b1,3811,T1,R2,S,112.69697644645974,70.37592174438669,530.7268695147956,0.11288855991882255,189.1996825687121,0.39367447124309535,0.4361815722127411,0.7246921183146157,1060.4213763952898,66.25779988106568,688.7732943033232,65.21899177524847,465.46451028457545,0.2691659833374667,22.154329816513034,193.54394933962845,0.06508500071709389,65.22570319543053,609.8048373670288,2.2385803646728712,4.663061201940747,63.3765407984818,1.9500686302595334
d5_T009_21.10.23,field,3811,na,R5,S,1193.9272664852276,731.0214154932131,4511.447162143014,0.161787279195434,848.0704296751679,0.21208668758175908,0.18935367761462893,0.7804683367680587,8823.563827728683,176.95699140215677,3023.60885300487,4033.426198414893,453.6134269017882,4.17815560944827,784.9019858690685,165.00312168390502,4.613442358187783,2446.155035170471,527.7719487710874,7.987042884250272,127.34305646090945,49.28184293765901,0.7097566864396685
d43_48_G06_1_4_S,glasshouse_b2,3811,T1,R4,S,351.61542327466145,205.47256683577382,1093.3672968956005,0.19225473681690608,361.3819165684196,0.36989543301235256,0.4092748506807511,1.0931917617236873,2129.7253719278056,131.37201219273308,1275.4344439485712,353.78472274115506,770.2456230018668,15.344254400007026,61.63592458148091,325.2429954814361,13.753891831797267,225.5562087842623,1024.8712213011513,39.958574592857524,13.785379386762358,108.89235855173854,6.6422230917597025
d05_23_G03_1_3_T,glasshouse_b1,CALINGIRI,T1,R3,T,21.306390169520267,14.145164405182268,116.8795391550432,0.13243723723930254,28.339409448868604,0.36586246803169786,0.41066690754899937,0.5772005058801503,159.00406477578824,6.875062133648182,90.80796259699709,39.806525023773645,85.07827668061046,-0.4987667771458882,0.6503437528854401,33.65733735426362,-0.16935182153336928,16.754217711908993,90.07807169139323,1.585525913276882,0.7556316767162172,8.251041100073218,-0.3423885048336198
d07_43_G06_0_3_S,glasshouse_b2,3811,T0,R3,S,65.98554262715082,51.54619300647266,205.10436460304356,0.22341286502496313,60.25846354422616,0.36125304608900005,0.40956158318991465,0.5900732474418079,360.85292919279397,21.684210670406554,201.8071534909311,76.57497635761845,137.23946186766315,1.004071115167784,9.310936197186331,51.607973946330894,-0.1137188140229927,29.60428440430894,170.4326520396017,1.2424053024354949,3.0104315277208347,18.636973201407443,-0.3502198880484
d1_T008_27.09.23,field,3811,na,R4,S,1360.9640290966433,567.5349388809816,4486.569556858673,0.1265116140129889,805.1022805552437,0.19536920031502902,0.1876745615225794,0.6049940692280186,8942.246709445903,150.31886246827028,2826.0602776725304,4210.998647010546,261.38207686631705,-0.20887073772198353,797.9755829443019,91.23522273057306,1.180098744815743,2526.6983158581816,305.0404594882919,-3.2538819229333598,125.9645060099474,25.39761858849795,0.4033929606367861
d33_28_G04_0_4_S,glasshouse_b1,Forrest,T0,R4,S,205.7709401386438,137.64940012568806,694.1552220818753,0.20853535398262074,237.14705811965123,0.38482668847836227,0.4089269202131978,0.9075827399711766,1232.1644412448823,87.52273401308516,823.9740520627247,113.80993583304553,534.6003808194224,15.630492087035238,29.945959312673917,223.9651375355083,10.655483734299143,99.3166616566373,699.9707136803971,35.2443705271526,5.639516549940603,76.51087850148198,4.688724572329661
d11_01_G01_0_1_T,glasshouse_b2,Gladius,T0,R1,T,92.34745787297801,55.980041357504454,304.9699205912839,0.16481616206158248,124.01849455162518,0.425702873481798,0.43794921303126866,0.7248301790341402,666.1116822016342,53.35920375159365,463.4807726757369,46.32330464528091,303.6775576578254,0.23849641841698116,13.210193165052981,134.48048104506734,0.4007673660627647,26.447907801676585,426.6574807133388,0.7993978628066274,2.0898839851122117,50.97663779065852,-0.4282611377992689
d05_12_G02_0_4_T,glasshouse_b1,5489,T0,R4,T,47.146119997466464,27.062439657032055,134.15850034263764,0.14402604100565278,60.771203812084934,0.4115341972927324,0.4365241769503314,0.5905202375514872,386.654256590029,26.77250031770811,212.20729214246836,80.8091556830986,145.08811664578445,0.601428849670615,8.805822567713598,68.99525688650918,1.577731236526091,10.853128315825742,207.40520769711313,0.10842139380128574,1.0249646552931824,24.304673293427122,0.7483699809310842
d07_23_G03_1_3_T,glasshouse_b2,CALINGIRI,T1,R3,T,40.45586587934956,21.19643130553468,69.1549744072837,0.1778586689909808,36.0768650193197,0.3812014691535685,0.41137527985778594,0.5856954816347218,242.3923824009091,13.713147626061323,153.7648486944585,-3.9685311888688837,97.83115679886616,1.3550864435964973,-1.3751506763081007,37.19358427810316,0.35052707238059116,-6.861500856038621,120.44863079667738,-5.2852396142768665,1.651356883028305,12.6378537814651,1.3966792923821507
d7_T008_04.11.23,field,3811,na,R4,S,957.3120778546795,502.2678019945182,3174.269693402031,0.1584002905998696,584.3198461173761,0.20973109106336724,0.18835008454356056,0.8585338724296859,6262.70845285396,119.92396606619573,2062.820382771651,2874.437496530401,295.512813532941,1.6828692612502134,550.0228071046105,102.51443176051902,-0.8515405218681897,1730.2287003339188,328.2424720469647,4.5271829459449915,89.04497158915984,31.784792994032532,-0.009643971348993197
d15_06_G01_1_2_T,glasshouse_b2,Gladius,T1,R2,T,59.094292183203294,35.92483581454242,436.16833535665876,0.08149391866010276,147.8137994551987,0.3893146308908094,0.41045756219706453,0.5818054175188347,803.5341773753473,51.10542170798381,526.0796885951876,32.297730280088864,363.8055317009799,0.5284050542102474,25.33882833720237,151.35372784107693,-0.7242740970466798,48.48207115538941,481.5046169679903,0.2531390322066177,4.077183656144176,48.936491497094956,-0.7642357457148984
d45_21_G03_1_1_T,glasshouse_b1,CALINGIRI,T1,R1,T,489.7939915740869,407.7265301195292,1448.3464347972579,0.27948756224717247,478.4694605188542,0.3790775466854837,0.40938222459295226,0.9809227813529862,2861.9399855060774,181.4919154962317,1737.3451732422573,397.98030779839166,1017.2872294754645,35.78972667898476,94.43250807431276,429.7531576721724,25.091192349720753,298.17591453892123,1345.7987898518766,80.90763834172384,22.494813514998178,145.29810549455536,12.806951022369702
d21_06_G01_1_2_T,glasshouse_b1,Gladius,T1,R2,T,75.19619420019303,43.64567095882483,442.2211984526817,0.10054964491274458,147.5022208185879,0.3791357613643695,0.4073097833971764,0.7796087480475541,845.72660079772,52.16458034487155,500.8583101186888,112.01752974009433,356.16173064548286,2.1443041805410594,23.32061130694549,140.12243179738442,1.497382923440208,78.81264662125815,438.75464483155906,9.05304691082259,5.120272425519949,46.038775226780075,0.45672388028607447
d35_11_G02_0_3_T,glasshouse_b2,5489,T0,R3,T,260.73962739952316,187.4657961682546,967.0583440320044,0.1925180389821883,364.85268790885965,0.41336696931135475,0.4346371069533068,1.2481843656809952,1914.0266141197296,141.96342384387478,1269.1390806040624,180.60127546941192,817.6390756318156,26.17080718495452,27.53219345285696,355.8181637185114,19.471299590430412,80.33416022377105,1087.8502829691763,64.14196523404499,4.928523316899003,121.0495565542155,11.910077599584758
d29_13_G02_1_1_T,glasshouse_b1,5489,T1,R1,T,100.72553781385523,68.36945787016222,593.2166740691647,0.11649259490479161,204.465921486543,0.395949865902636,0.4090279300617047,0.7266294302098184,1061.5727589035278,73.94098207006833,752.7164715459368,59.968916626030165,492.74779854574444,5.986774367389481,21.095087359467286,204.87379044073322,5.793562231486321,104.00399062102383,630.7525344604975,11.111758111322667,4.516954407659675,66.53569354659206,1.4270256683585183
d6_T022_28.10.23,field,3811,na,R7,S,1036.1302437986985,466.2745975711484,2955.763144029173,0.15627237437142233,544.1962711003493,0.20284382233995835,0.1923715431719164,0.7214744309158098,5862.823299503083,104.80804231066989,1931.343889286953,2704.9424571577933,252.9116095433652,2.290499344309473,512.519819054465,80.26067693159135,-0.5632556538003085,1626.194897737989,243.19268676102362,1.7108433300445791,82.70786484823773,21.659994618224083,1.2106388107442096
d43_32_G04_1_4_S,glasshouse_b2,Forrest,T1,R4,S,252.93825734333848,128.656301694018,562.6891083013082,0.22314163100422385,194.8525432788019,0.3627433301705164,0.41004043016220604,0.8748121701412708,1140.232220511373,66.2800401549763,688.2649884840109,198.5046356623267,408.37729273090065,8.66183865896253,46.6478145939534,169.63502119489573,5.801489541765563,88.90482671106403,542.7378265804507,18.71498680011763,7.666764560009407,57.20887976627606,2.9497469149454885
d41_27_G04_0_3_S,glasshouse_b1,Forrest,T0,R3,S,242.41854775510646,177.5586023706055,826.2937520856129,0.2089710862963612,322.04324508589394,0.40933731206264623,0.43577788184598565,1.4831860365039975,1681.9874433060193,127.56986168916943,1119.3942665116404,146.71408051043224,681.6742359543625,31.386322498487775,29.925085889489072,294.542244023432,22.994639863916017,115.33544390917292,946.9548839417363,75.50239333983329,8.254086039201711,102.17949423878667,16.268643670463856
d15_16_G02_1_4_T,glasshouse_b2,5489,T1,R4,T,40.641748890573695,17.70603062091759,302.2104471599629,0.10350998113155839,104.79411761900884,0.4136457851910956,0.43807717798748885,0.5906303563313408,498.14716190082686,37.50394586359769,364.2903091565398,30.941456325231712,250.44705451773046,0.2684512600488993,6.3574352662391,103.58866219478307,-0.020928341380212833,39.68440977370919,332.8199646276745,-0.6493850751584582,1.087407559319313,38.3761431562144,-0.17874410649134193
d17_35_G05_0_3_S,glasshouse_b1,Hartog,T0,R3,S,104.31570270786324,47.950445974614325,362.824866167066,0.14267264181042508,135.89216757954875,0.38007230679569104,0.41061347411472415,0.6511716379520531,752.6029273660035,46.909927139391044,478.7710058903897,97.969272714108,296.35768864369584,-2.0609244771895043,16.650458573796584,127.2993006022013,1.2741596019024315,46.780121523716126,427.1254268343624,-2.211114591207664,2.6900293877194343,45.36445003817339,-0.38111554167631617
d45_08_G01_1_4_T,glasshouse_b1,Gladius,T1,R4,T,486.26816673514844,273.538625565775,1459.3132888008308,0.18231275533117489,481.8158678773105,0.3679173401519678,0.32431560296642914,1.0545130767541724,2838.9267495127547,181.11109048277814,1719.1055189024557,647.7723922161762,822.1065984016789,31.198751874651563,152.65120032597596,368.7314780591063,23.723514379442747,461.1465873426557,1152.5585424570597,75.9749739034272,29.750495688916764,136.8568460974916,14.67743289703557
d15_10_G02_0_1_T,glasshouse_b2,5489,T0,R2,T,73.6089106987697,74.83039140483477,521.323139738075,0.12855413615659866,196.11932680159518,0.39848787587889734,0.4114801160658017,1.0163521429184057,949.6014202012931,74.10563194698666,620.2601533193396,98.96071206929693,470.09832353557914,3.789493165091135,12.068113933625195,191.36317990029102,1.7075593993138134,44.36027161409399,626.5437536460427,6.440690864671238,2.1223271122076732,66.08440515229782,0.581766274931119
d41_04_G01_0_4_T,glasshouse_b1,Gladius,T0,R4,T,568.7728122391335,438.51493220801996,1603.3247929357756,0.27597597187606165,574.0447498702366,0.4026004874944893,0.43453309505438065,1.0216714890611813,3044.8577744759514,225.41489962147298,2086.80206901954,356.19561328029476,1187.4564475534025,60.28696040035232,78.72004462489649,527.5782745682924,42.54183065666587,273.7073498491345,1656.1711030099873,136.2802864985557,16.944030579696015,186.61693640640772,23.934930399936892
d35_27_G04_0_3_S,glasshouse_b2,Forrest,T0,R3,S,210.2527618401488,157.80375458373607,687.2129050867874,0.2184713942264086,263.6726535705304,0.40089391735792856,0.43602735269276016,0.9776397159250031,1402.3608331781363,98.5682069748414,945.94323751829,125.93036363752876,582.1637516250374,20.332880896035054,26.979299614495982,246.35478491197836,15.42365788986228,82.34424277112022,800.9729623231262,42.554497262770475,5.480322227719316,84.30176659998402,8.076990893880454
d43_45_G06_1_1_S,glasshouse_b2,3811,T1,R1,S,629.6542996575932,365.62888938950584,1467.5828216833747,0.24681542958434782,477.7475039914271,0.3643228910998524,0.40976255750586,0.913083667251013,2821.8286779005775,173.34588014666727,1665.5154522867244,437.72722816021974,1007.8623425350826,12.336267745022848,98.8373812544397,429.7104528389331,8.804455398645526,344.90395913802195,1373.8016042234083,27.493675955511023,18.99270122313675,150.17821566740074,4.293958427460412
d17_05_G01_1_1_T,glasshouse_b1,Gladius,T1,R1,T,87.44672674471177,52.032559842154924,450.4757628358694,0.0888816514135679,180.0850987701608,0.4121654786488256,0.43435117384121175,0.5680431048294542,876.5250173125414,64.25209442125804,618.7891216127543,70.16515105675062,439.956586340866,0.5810678297861596,7.18274967697405,185.25767640743354,0.7602725384360081,38.754260350211176,587.151195813212,2.720843194485228,3.061938868301561,64.0734534295454,0.42195997950461894
d27_10_G02_0_1_T,glasshouse_b2,5489,T0,R2,T,230.4044826065964,168.81914309294137,1033.6197244125485,0.16067902113996263,382.0393680192211,0.4031904899118514,0.43814457408167423,1.022778288223537,2000.6602749285873,145.2012646640433,1348.5419874283118,139.05983172031978,904.1032434058388,14.105898645078502,32.62422574660373,380.08283232447525,10.2297732968301,91.00137441889835,1189.5126356535463,27.84744976696701,6.022101915252828,131.07075760574642,6.0416558110730545
d05_17_G03_0_1_T,glasshouse_b1,CALINGIRI,T0,R1,T,36.892336597897994,27.116683366443088,245.8593385169873,0.1329510771373324,74.6584664649899,0.4186189486057663,0.43591414564701364,0.7297542153349127,407.3049801904083,26.689307769328742,290.36372841147187,29.867278541664646,195.75420872522585,3.2974598108223154,6.878176668665787,75.13550590470822,0.15689909344736472,14.056572835535183,252.6380187786476,-5.3013037073192315,1.0338372299663576,26.94334278190097,0.1982648435995495
d37_46_G06_1_2_S,glasshouse_b1,3811,T1,R2,S,219.6494767262045,134.77484939588257,833.011273114101,0.15846153782448885,263.82955038972966,0.36086722797840465,0.4110073416964655,0.7257113205075826,1511.2167069075729,89.75375506657342,928.7848588625945,261.71891946162816,555.8993708028877,1.6591239034627936,54.23446731964432,231.22764074680788,-0.8496773799982404,150.66706107936864,726.5919191644222,4.303156987995165,10.056996233453152,78.207215278964,1.4809535908236602
d45_42_G06_0_2_S,glasshouse_b1,3811,T0,R2,S,1361.3855095883048,1089.5903970099978,3056.896039318781,0.3579337288677662,1060.6189302872122,0.40352929109136915,0.41372530252471357,1.4887506269303739,5636.119652349184,464.262023878136,3873.5526101102614,953.72058036375,1923.0916366747792,225.97884697477795,203.67471278288795,870.6267686238173,171.97848532668684,656.07014257806,2733.4598638164603,534.4513000259435,41.09902027792024,318.89083966617875,104.85198247939539
d09_40_G05_1_4_S,glasshouse_b1,Hartog,T1,R4,S,31.77308068650779,19.951626367921325,78.29696431635834,0.24753139630377383,32.28474327985105,0.37382329893876753,0.40941856387183195,0.6087028647169589,238.47489716572116,9.288756941556924,68.7567164883773,13.914324432105218,62.07602875280847,-1.8109949951863933,12.437203511257337,23.439152452540448,-0.1074216253365849,7.379737483400163,89.78817417437169,0.029185929941342503,1.0171133713753842,9.324384832609718,0.3127442429948245
d21_36_G05_0_4_S,glasshouse_b1,Hartog,T0,R4,S,188.09602863529886,111.10604665213948,535.7789488477699,0.19014654091712013,205.3073302331284,0.3967427854817317,0.4349502109055559,0.7369729743691762,1073.4831706448324,77.99589619829541,732.4013276354708,79.05056243993707,465.60130940507264,2.4258469953691377,12.516393455286023,207.85329059876432,0.5848137246090594,52.82415741077271,653.0253978622848,-2.1805318067638413,4.073515035366117,72.14355062239964,0.6251336066063804
d27_33_G05_0_1_S,glasshouse_b2,Hartog,T0,R1,S,188.70566937608749,104.54047863967885,597.8164082821686,0.1580614822484069,208.20415133680638,0.3826082337371364,0.40991874586266114,0.7252145123253403,1257.8655511360269,74.79566383955417,745.6824110642275,109.73508657042846,472.58727744537964,5.923948491664261,26.794237137972534,204.7848094027111,3.484240644549432,89.61277854355518,640.1256102288346,12.361194775266426,4.755241641066197,67.06936145915604,1.4082108424805981
d33_20_G03_0_4_T,glasshouse_b1,CALINGIRI,T0,R4,T,251.07835282468605,162.55859917820794,1325.0741704180202,0.12384161792070363,474.3589475791505,0.38990069372503106,0.4102680572689269,0.8858926836887865,2541.1750398578356,174.27306536047269,1637.8626409408007,202.764609772942,1097.5063967308038,9.335028399077801,57.44061839271701,456.77491846981513,5.690075884848696,206.91694135960324,1458.170157303174,23.856038399260004,12.614068736834355,152.53024321092118,4.4806452872644975
d21_02_G01_0_2_T,glasshouse_b1,Gladius,T0,R2,T,129.5394432118216,79.64424155456621,661.2628684130922,0.12296504960860222,289.3578079935052,0.435150623958116,0.43574462404089115,0.6389660287789667,1437.0692833259027,109.34978399405416,949.2700545134162,65.96565815802377,658.5970019698368,0.9456341718570112,3.5753563426790365,298.03225499848503,-0.7115668581364327,38.14289591031929,931.6388658629885,1.204576276836016,0.9219448774204235,107.20814880710729,0.02150620791545504
d37_48_G06_1_4_S,glasshouse_b1,3811,T1,R4,S,268.6538340895542,190.64972797000092,913.9292320341777,0.20832395572961787,303.26744678639534,0.3807527523813648,0.4107253202848024,0.9154248873623492,1685.458328902737,110.22266701992724,1085.3856513897322,180.25037254372242,696.3707893537,7.859906279129928,42.682047378557456,294.3766595116018,3.316042981363536,144.9737149893382,932.4388917682708,16.22025852115466,8.869467287343047,99.63563539053551,3.3482560073911483
d2_T021_02.10.23,field,Gladius,na,R9,T,1106.0308795548592,420.96642726883584,3566.2420470238862,0.11834554156076822,672.5310109749348,0.20677647041196798,0.1891157874943251,0.8393554223801104,7119.47347775359,133.8291870096863,2305.264168923481,3343.4933384904507,260.6839299369397,3.9892403874018587,641.9168679447489,91.17911527102441,2.364340509778858,2033.7919591415848,290.25556105383487,3.150799549528262,103.24448429916472,29.169080813899296,3.3574046313000396
d05_32_G04_1_4_S,glasshouse_b1,Forrest,T1,R4,S,9.524664329812012,8.538002372389782,78.65357504709581,0.14708748191674478,15.487255573971662,0.4203725076891663,0.4369961898854813,0.576602968673015,92.18350649157438,10.105916293004013,76.38302005262844,-26.877446236499722,55.755562573923854,0.21015631338836469,3.372529580379873,19.982366427567882,-0.1758207779394558,13.603853199880813,82.23819309708001,-0.6097909034021217,0.5932396789359697,7.5829898572720795,1.1468998337194458
d31_08_G01_1_4_T,glasshouse_b2,Gladius,T1,R4,T,227.657757695626,150.06892675366848,707.8957836914011,0.2022518910654626,243.57072778941196,0.37085660269944126,0.4118977959384893,0.8608282007856244,1347.6401649984607,87.603969737529,809.0554726132872,224.20448701945736,467.0810868649167,10.83107904857295,52.62859675799686,200.8486990413461,9.226322672748816,188.99093300125665,622.9091718566272,28.33160162120134,11.91541356041317,68.59235562270729,3.506160655714631
d43_15_G02_1_3_T,glasshouse_b2,5489,T1,R3,T,561.2398790781252,382.0017846751954,1494.2245344203639,0.25404656024054667,516.3224433303642,0.38411692585393725,0.41118898183761304,1.4323082525281752,2883.9338557322026,198.69695304503267,1838.5612887966931,386.4964015361094,1046.0526061336184,50.83451647702622,92.45244393846461,452.83164092398454,36.6324156311059,294.1844263051431,1422.9426335476771,116.31544779355714,16.80571653098383,155.85892793843925,22.65597873461481
d29_14_G02_1_2_T,glasshouse_b1,5489,T1,R2,T,78.58376900168844,66.23790927856396,634.3346356555376,0.09888239913865088,224.52021803309066,0.39945811830707645,0.43097147174943173,0.5983163148429287,1225.4355862835282,81.31460466566591,822.2811165791258,100.24051625375957,562.445234808081,1.1970376255511872,19.57185128693068,230.13319529769583,1.0958611259010813,45.03232558228869,735.5929252284233,2.5873413515419417,3.433048344144475,75.47041556134887,1.1271293373462632
d37_10_G02_0_1_T,glasshouse_b1,5489,T0,R2,T,403.5677919166194,330.2340626482229,1550.6999335649155,0.22402649426796428,554.9480505126463,0.4128921493340618,0.43603410715621616,1.1077085149627868,2856.5034932610224,220.08905600775418,1973.4953611875574,188.63883412838086,1275.5679242887688,35.504490061558634,50.5460269284976,559.3785211870559,27.162914662556947,130.89540846588073,1754.1348985939076,84.06692941362726,10.11771693136197,196.09339424431144,15.886487294672323
d29_36_G05_0_4_S,glasshouse_b1,Hartog,T0,R4,S,320.68881344033747,185.66545086096588,876.101687250763,0.2135870796970229,321.5367390286426,0.3985443253785951,0.43447630680883126,0.8558953529402549,1742.0308892936293,119.94654207134646,1118.7352424918097,139.40821183714354,674.343056018048,21.465127442962288,48.928590400267076,298.69311305217593,14.809285756421701,108.86847312389725,949.6130856189461,42.79112827514299,7.203865342830912,105.79553564103497,6.902871845819563
d29_12_G02_0_4_T,glasshouse_b1,5489,T0,R4,T,164.94230536966919,120.46924472729252,876.2718624440674,0.12772519363901536,345.5956701773632,0.4184528811243161,0.43552265656847766,0.8847389505737704,1722.6691196803724,136.37069932539782,1213.7845701306571,78.63940296304978,813.8223327761383,6.391291424608859,14.392704948085516,367.34509791975404,4.140635402889379,56.89524045828597,1091.2893534877985,13.399538487993864,3.428195338642901,124.75845996107061,2.399593617992573
d43_27_G04_0_3_S,glasshouse_b2,Forrest,T0,R3,S,312.66213480951507,229.60876108125257,977.3490417229758,0.2486382651287801,343.47068084447125,0.4162502742057307,0.43537762090161225,1.5540738737304864,1801.5758945882405,145.18964462363962,1246.6381703150896,203.10317564334665,700.5184558098554,55.14786049284431,44.00817119557125,300.5844257938482,45.670641278451626,161.04010181783423,937.8270331941003,149.59463786896634,9.297960662465606,104.46173112309775,35.25875187493299
d31_43_G06_0_3_S,glasshouse_b2,3811,T0,R3,S,260.6826308833544,188.98744135063006,1275.498102378345,0.14259795345880588,485.0002952264632,0.41176786154023765,0.43478434355778617,1.0288499348177567,2504.2015583061648,184.20940381031087,1656.3976848664013,188.48008039442962,1091.5495915504462,13.011572639644777,49.399182445931395,477.55709561734113,8.98714489516064,150.669539042714,1515.2380026842272,28.211305704709755,8.68544866707463,169.67054325997586,5.093198896216707
d15_07_G01_1_3_T,glasshouse_b2,Gladius,T1,R3,T,77.9760201127612,50.198585398243424,523.9060522364022,0.10343567625140522,190.99102292534985,0.40847532234293493,0.43383881564087945,0.8504709308321758,1020.4573335856088,67.6956792031987,664.4430339138896,60.27158432635142,464.1869731748486,1.4102062045565242,16.13896365380308,198.50861428450818,-0.8014694785872923,33.917167608288345,642.0936100526777,-0.4770285879458911,2.8559129180477805,65.67149386519682,0.36230080063720366
d05_12_G02_0_4_T,glasshouse_b1,5489,T0,R4,T,33.2539752686018,23.291046535311644,176.7467389736043,0.1417238764085827,68.8303944348124,0.4131790369588473,0.43444003498386,0.5850716544897285,329.6149690547562,22.215649362111186,239.66484251065168,14.637374357327886,170.72234067431899,1.2830536151351148,8.577592720127928,75.1440753910681,-0.216128144986391,20.351026620494274,199.52625195923721,-4.4707554983769064,1.4669170655766057,25.466277863931634,-0.22390047883158337
d27_35_G05_0_3_S,glasshouse_b2,Hartog,T0,R3,S,195.42530615205328,100.83288313927744,611.5544549488676,0.16012704830350596,206.71152249093583,0.3663449790494494,0.41203207140862,0.7243010721102278,1254.8283799159524,72.86070384718376,722.6745630070295,158.58107322044233,434.3656982647537,4.042224597609631,32.11343773767969,185.07584708205567,2.969980572967789,117.23667216013175,561.1286544966913,12.519299825903436,6.440410147956041,63.74358267952982,0.7066264031515741
d35_46_G06_1_2_S,glasshouse_b2,3811,T1,R2,S,206.51488428798737,102.38009849569826,706.9552733467656,0.14317658574508732,242.75845396748468,0.3711951868046921,0.40998504132972036,0.7339567343397166,1423.6287708198697,85.35330874619054,855.0674249386967,158.11326725959168,550.379192468757,1.4293744790273775,44.46182435020622,227.80813257874482,1.032541630386491,123.79949534459759,722.8517476649397,0.42067661490143626,7.190763141603816,77.07338844886453,1.0725974805174219
d49_45_G06_1_1_S,glasshouse_b2,3811,T1,R1,S,779.2576342508726,476.87384063785225,1851.2073001373142,0.2614397388699796,561.6557514728449,0.35936991309354444,0.324291295234383,1.0358526930692378,3525.3368656603325,215.18425020964207,2099.446827237695,722.7268654261657,1071.7357012040836,43.38424455635852,162.7459298769776,469.44941700825484,31.907494945165528,497.4506269675533,1477.9718410448786,101.22721600993162,32.07873819720122,162.35679104696152,18.054554535287092
d45_46_G06_1_2_S,glasshouse_b1,3811,T1,R2,S,604.5595832483526,376.1712620713681,1514.8399886485481,0.2537356804723954,469.2012448703401,0.3687510858812526,0.4096560619354579,1.549671610551058,2729.4382243366745,186.6193392043106,1749.1834713701687,531.2926685536659,893.5093177898561,60.35728998507035,117.12538824679811,377.34828315140305,47.240056508115,390.7558085772169,1191.2371938897413,152.79250175553452,24.01260979163302,130.99809938450593,32.3942137936114
d5_T010_21.10.23,field,Gladius,na,R3,T,660.9319031421787,225.72339229394794,1785.1032998144549,0.125840734030669,321.6595381395118,0.19465335094543193,0.1869797057914494,0.6757315067420574,3637.464515837818,61.73895202943646,1109.165520779962,1669.9970645434387,113.43754223511012,1.3866423550557876,313.0635780890306,35.26511588005803,0.7713217883450117,980.0343744185947,120.32051755071656,1.457648632436665,49.54801331410073,9.265447939392137,0.8452773336556317
d45_45_G06_1_1_S,glasshouse_b1,3811,T1,R1,S,622.7690037206863,344.99478614986555,1566.0575359498132,0.2158747525361415,509.5344061716695,0.3650601101519207,0.41021389375007206,0.9429453217869177,2945.3279765484385,183.77765513171317,1808.3339587177945,522.6441330395502,1007.013564767439,29.517824724605468,128.43318704019487,429.50162131616514,20.03288315700807,389.35139102983885,1378.2590218309092,56.415350605971085,22.620338427518778,151.51546104071107,11.605291305160748
d33_12_G02_0_4_T,glasshouse_b1,5489,T0,R4,T,275.1519442010391,217.2164620945484,1193.334335530922,0.18202344692941266,453.89372603028716,0.423237472779132,0.43419207900626766,0.9442003598387286,2270.996970939543,174.0098787905564,1535.8604457487652,169.82604663123982,1022.6171236524691,18.84336063397979,33.00985802429127,447.4142865084837,13.27891646040962,120.71062019552429,1413.8213296224405,47.540457484345524,5.500512422172078,160.39449490276183,8.135405131923758
d21_25_G04_0_1_S,glasshouse_b1,Forrest,T0,R1,S,91.15722297702688,65.4689533987895,431.21392014279485,0.16784829972869958,154.11560909641221,0.40416324353686983,0.435266503443718,0.9207798453598222,699.9963508643834,54.177597496515375,516.861969961394,88.32977388564316,327.38689076295384,3.837781233844668,15.330250435187647,140.46997605731934,2.1733038196375194,42.7070934582905,447.3315105907261,4.382847257646818,2.2774664730676872,47.581571945247724,1.7531163381168775
d15_27_G04_0_3_S,glasshouse_b2,Forrest,T0,R3,S,72.37401463281626,53.372376122259745,343.9227504182063,0.1576854408070274,121.87698661945554,0.40708188696406256,0.43470616822440633,0.5786594241563908,627.9991298198435,41.070306781529894,396.8120647130731,67.01342119197207,280.6895757681393,2.097452651707008,4.803072563226537,122.24418037870157,-0.03670729999235001,39.487909843471066,393.0807110525191,2.0089484088192604,1.3162825851152826,41.43940619169183,-0.28520423188731736
d35_44_G06_0_4_S,glasshouse_b2,3811,T0,R4,S,402.094590619371,275.75574474726693,1347.3846278795627,0.1973709336664847,460.62358032657454,0.378663700824474,0.4101721767869512,0.9759146233890144,2549.010005040868,172.54864611681717,1626.9406504314782,393.0063538996254,952.786185724866,17.82348955680662,87.40530698016727,412.44887957527544,12.51202557233848,253.29649096701206,1317.7482302691062,36.187530143831225,17.379506012939327,148.08475322820863,6.180820908013315
d31_20_G03_0_4_T,glasshouse_b2,CALINGIRI,T0,R4,T,242.59899903506818,170.554833091193,1263.6199183968997,0.1361045626770975,442.1711388587514,0.39614853446291426,0.41239603613928444,0.9180963038295453,2485.3954196808863,162.88462503511505,1593.6863669243237,217.8713302642824,1041.3833225475241,9.500325390594977,46.90350823217425,437.48885879771734,8.416310435406965,165.13371569789052,1361.3132728925782,23.123110170137068,11.178061395540336,147.3754401233378,4.041816378395313
d11_38_G05_1_2_S,glasshouse_b2,Hartog,T1,R2,S,68.3542796259417,34.58902736837802,256.1944233712073,0.11356477049754188,85.04505800811333,0.4035717322142723,0.4350058850274005,0.5767838795601078,474.61510863209963,30.953478030549526,304.404226415413,51.699600061830736,213.5995531007947,0.8833885301468124,4.088017047787549,89.8896032089889,0.18147400158238935,21.22746490929009,296.239779371849,-2.045297421358641,1.3796753771217347,30.927249629456185,-0.31686700772835036
d25_09_G02_0_1_T,glasshouse_b1,5489,T0,R1,T,138.26686847006977,95.20769691200962,820.1199438143736,0.10757752098919676,321.1104773083967,0.42878820983733984,0.43454329822443516,0.7142484978043853,1691.6408721498085,123.37540615471524,1125.641569323385,63.87914591014435,762.0694969179128,2.6651150849923093,7.500731696263535,336.8114370318482,1.7884593544233518,44.613311986784176,1072.928294918092,5.494229209647213,2.1635320320056186,120.77228358839945,0.12168405689439354
d11_26_G04_0_2_S,glasshouse_b2,Forrest,T0,R2,S,28.157993359968323,18.650249612415372,138.75623517091478,0.14783183445434572,59.02910827196139,0.4164912521695536,0.43453960010041737,0.6098852784919828,329.61346611643415,23.312468671368716,188.50582493972186,3.6951148368612454,134.5173564685174,-0.37520975912334475,6.437697578704836,58.5567700800807,2.369131045400077,20.289867838796848,207.99873303430877,0.9807903578062563,0.2654000713575562,19.31656400429572,0.6053600391780016
d07_05_G01_1_1_T,glasshouse_b2,Gladius,T1,R1,T,32.16603525010311,31.36002976303908,181.64786716083609,0.11844090839004014,74.36192150222156,0.3906150815131358,0.43663323820350286,0.6102123919536026,402.1240935159413,23.68741537908526,199.4723834186559,73.03389721848654,175.33276243905377,-0.5983795256787988,5.397824006406526,66.64372190668827,-1.0317074582004717,23.120649700514004,210.69358657868358,5.117557269864129,1.9168005053439432,22.967709682457144,0.4740790019525818
d05_42_G06_0_2_S,glasshouse_b1,3811,T0,R2,S,31.306597090218197,14.48651231339537,68.47114944263747,0.1782936702016955,23.24910714132341,0.3363100560224476,0.3230594989355973,0.5274467720840809,184.41438656890875,8.001599941408283,67.89560918969832,-1.351955420636589,51.42519683942936,0.08829563240706619,-0.2433399253066355,18.719497850259337,0.12300059992163663,22.020051933302216,51.47507375868641,3.676262386618753,1.1258456621003894,5.8066845128410245,-0.1984240210279252
d11_41_G06_0_1_S,glasshouse_b2,3811,T0,R1,S,66.18064793687608,44.973017114449625,293.7111665622541,0.12588304277345785,111.85564713020608,0.42504195710069864,0.4357691414021957,0.6005603887016622,568.6804179388195,46.84147175526145,405.4360802544989,52.500809301810165,284.224880682683,0.7805811132288255,2.445244428747465,118.27458868098019,0.5166086009950329,19.18288113246196,407.3066340008159,0.9845649188700205,2.106648167362638,46.83771829599857,-0.08168110798157686
d33_27_G04_0_3_S,glasshouse_b1,Forrest,T0,R3,S,135.45126200138662,94.8345893957025,613.9659644057007,0.1464873683455777,235.45992985459017,0.39946345456578775,0.43504361338734715,1.1328424158628942,1272.109856854433,86.77038296179747,817.7386946395932,70.43890801591445,569.1771106457954,3.739134786974435,22.24910543416342,235.54017884333288,3.0829530602739825,74.3978110424627,726.4387443464936,9.320271228528366,5.080599579334235,81.05016963813108,1.0166950310291087
d27_19_G03_0_3_T,glasshouse_b2,CALINGIRI,T0,R3,T,189.69606947080996,135.94312881473053,1074.151765684848,0.12732213429955133,382.83529076905137,0.4075666280280979,0.4355763877156567,0.7230743187118301,2011.7018109960925,139.24405736818193,1311.7550901868922,126.24889198425302,904.5567392904528,1.1777211916816657,32.57371047000416,386.61610298268266,-0.9056119820005251,111.62739602621657,1218.8906154814385,-3.197846622516108,6.290072626884955,131.51374875124495,0.9877427531117804
d11_21_G03_1_1_T,glasshouse_b2,CALINGIRI,T1,R1,T,99.6755817422489,54.16425800538522,356.7593009429943,0.1396898770076788,120.54469371058005,0.3997249376246561,0.4347088486144617,0.9360662824550603,723.1803455768156,43.81448717532045,441.7285267807533,73.16209911503229,277.25678861735,1.242843625915387,14.220753964527361,128.17604133878575,0.8698092571363036,54.43768308078258,389.67588356774473,8.043607469537587,2.2145676798305045,41.74514804910368,1.6516878368499919
d17_36_G05_0_4_S,glasshouse_b1,Hartog,T0,R4,S,150.51668946351813,83.89306104733389,546.51408971218,0.16853251997860208,186.37352489060444,0.39885524180902915,0.433712730695255,0.7144252978494663,961.6422161781167,66.12882005637853,618.3334697549635,63.996842471291686,414.0688725905564,1.3680673628341289,23.365506992520825,182.99236192561196,2.272440616846124,43.708995093636524,562.5155178500711,4.9569471289222715,4.1882092698256415,62.16721102318803,0.8362746680376575
d45_46_G06_1_2_S,glasshouse_b1,3811,T1,R2,S,597.4882860408245,371.42328497534083,1458.7472218023413,0.25339234548365813,475.10980730234974,0.3703041599961901,0.41040526335716665,1.5458606798341084,2806.679037904484,188.06226618192758,1726.992932369623,541.8446388257498,899.129678995806,57.331077872575065,124.90720183930895,385.55582752946736,47.609641775193126,357.29489396804325,1207.3122177036248,157.13914304031067,24.57232700975457,132.93640511792316,32.37474874056968
d11_42_G06_0_2_S,glasshouse_b2,3811,T0,R2,S,91.17639728964967,51.95748069953751,369.80719281020225,0.14115476056301804,116.93432017673875,0.3958979385267243,0.40955079383132653,0.5936677379820702,657.2664499057577,41.52508301366898,408.70385237426046,51.416123128923026,265.13771941177396,2.059871280798329,16.829493826600924,130.14240649789053,-0.3761512513594533,61.96914638485707,383.91870565368913,1.184723509677267,2.25360937099449,43.49825789273927,0.14977133870102188
d37_19_G03_0_3_T,glasshouse_b1,CALINGIRI,T0,R3,T,337.90434617241914,247.8689701775872,1366.8691141537556,0.17701256343950422,496.8995007350702,0.40224297872360965,0.43641742165305414,0.8664068115954581,2589.713320911669,183.58626140119918,1704.941107423348,266.242536646882,1103.9686544277768,9.992402993967714,58.2957867506922,478.04100522666977,6.533676093997596,239.88572852285023,1523.2658921292968,25.683586409303675,13.783765584204867,168.16733796326025,4.510343970740472
d13_01_G01_0_1_T,glasshouse_b1,Gladius,T0,R1,T,103.95019731477791,52.62349203801939,418.6928736297916,0.13762272492941238,177.6477669885136,0.4343673290412228,0.4355729088639996,0.7274162634377915,862.9019648419934,61.961940256794875,575.6355179280027,50.654485801140154,371.7367931172972,1.1616440693326169,12.967263245692873,164.3607011558118,1.5649865547570274,2.0744924920613528,538.0716454077398,2.7292714100963575,2.385989921928487,61.86486563860145,0.921262244171448
d15_07_G01_1_3_T,glasshouse_b2,Gladius,T1,R3,T,85.9183048760584,52.27011222191731,535.8756888223731,0.1033027854668834,194.15313561717699,0.4062237471426835,0.43597024661747075,0.8304981261236588,1012.9389009125456,71.41720517784512,691.2049455401926,39.13036408812191,482.5486445899284,0.3470706122825612,12.577239493759057,202.2103628445923,1.0312308716453353,55.21711467970339,647.081142289103,-1.553214421363193,3.152077426822664,65.67304842050967,0.772170393218345
d21_25_G04_0_1_S,glasshouse_b1,Forrest,T0,R1,S,85.23186002548175,70.2547498669671,404.2074711009827,0.16820950280932923,136.37538516608035,0.4036882370456345,0.43573867010717904,0.9280727408298644,734.8197185238014,54.66024642635679,482.40959061686823,62.468532091716156,335.83121717513075,2.932687850945917,9.075825134776196,139.9732308561282,1.2041020623218939,42.43302839461178,440.8701758437285,5.301717308823926,1.6533338328587297,49.80505938808746,0.7820029502958651
d37_35_G05_0_3_S,glasshouse_b1,Hartog,T0,R3,S,398.5723239103174,237.20073316443646,890.4574772701131,0.2565103976307077,321.8800683450578,0.37505856555192024,0.40878206221297464,0.9869835324962878,1833.912512100655,121.96893591881813,1124.30263961278,256.3174039789129,662.2404952309531,7.779027294887678,65.01581829241977,287.82220937012903,6.180431146529131,189.97474407923082,921.560758765452,14.074238526688788,12.069598617969643,102.52780279385347,2.8719112292120643
d19_19_G03_0_3_T,glasshouse_b2,CALINGIRI,T0,R3,T,136.33286857311876,89.80029134002615,691.2081459145218,0.12038539640835276,264.1600658234009,0.4028484365533869,0.43543679476108316,0.5896756776755712,1444.4666775044345,94.30659661969229,939.6746399646913,97.23919313767776,622.3948943373096,-0.43047573144163787,25.751357848186466,262.1991050782788,-0.35933016414159835,85.05992579124005,831.0168178946269,1.749309351563301,4.659500751837138,90.13386491993758,0.4125181960873474
d09_22_G03_1_2_T,glasshouse_b1,CALINGIRI,T1,R2,T,46.43666550682286,23.081484142449842,213.4118653265737,0.11330446669780267,80.37120285605506,0.4180452926076814,0.43664035268674617,0.5837818082046726,441.15443090390784,28.024535389483788,251.72581926951923,41.63042657839809,186.16476429691147,-0.2511165530138774,11.607988868202451,79.43593090262748,1.8723377895911606,32.88557963428732,264.3756174160314,0.9520667710770582,1.5833703048739425,28.810297037442364,1.4941733714671246
d45_22_G03_1_2_T,glasshouse_b1,CALINGIRI,T1,R2,T,268.58414432876236,200.15719150688628,1117.2459387664019,0.1686888806116728,388.04744353779523,0.3871122897894929,0.4342843417354894,1.2330536158252334,2142.1442795318794,139.4033431617554,1367.8780374548983,221.7292870917268,888.2040889788587,11.02862776157699,53.621710228140294,375.0350504817509,7.126323346905997,183.0137488923377,1158.9011220633863,23.065968386511166,10.830872417810584,124.81366050101606,5.407494717657606
d4_T011_14.10.23,field,Gladius,na,R4,T,1197.8343912539926,491.9599292102375,3770.3440619157877,0.12838508945396335,677.7068346289263,0.19711133866293948,0.18702189540609923,0.8300045263400609,7402.6742321007805,127.5401971381119,2359.751895570012,3548.068940278821,246.1250679395769,0.9009306551552462,664.981364722535,77.1660654006934,0.3775230689439759,2111.3856191004306,251.61171733936604,-2.409938513873884,105.13390324540026,22.86137168691952,0.4547796454316239
d31_22_G03_1_2_T,glasshouse_b2,CALINGIRI,T1,R2,T,149.72318114326993,103.33126860598806,728.6627784041722,0.1329234529851483,282.74235186437505,0.40127086129091866,0.4386656695747427,0.5824021083087195,1541.2382520627837,101.72335743002914,978.2997942602578,76.70037822877295,688.700098713729,-0.8104667574268902,26.38653559342248,291.45580141519383,1.9811853822898728,65.40423072591894,913.5187966941927,1.974608189589724,3.5309364866131974,97.21355080072864,0.4410447497194127
d13_47_G06_1_3_S,glasshouse_b1,3811,T1,R3,S,70.69157737499245,34.60481699324744,238.69563985503075,0.15458176247278732,88.016752369682,0.40958651963608467,0.433882309582441,0.8837137068356395,462.87453581270705,37.42193441508717,375.5781955124797,9.542047031012565,228.1373842698107,3.517067649604148,4.931991777820289,93.91159676434161,3.0815801245724885,23.15094559836675,291.02880764877955,10.447656064891758,1.7889241590940932,32.376105458857765,0.4650552236707026
d31_30_G04_1_2_S,glasshouse_b2,Forrest,T1,R2,S,75.25916669619426,30.77557566884176,268.27442673404136,0.10980721515582875,98.68084503711363,0.34942061930625995,0.3276879248912685,0.6093371038343796,653.9238312398456,30.384012815401196,320.5221130890905,58.845211203716154,200.92368384079094,0.833046647357857,29.440915444368446,78.38068339617419,0.45433921959690987,73.56887533793716,244.93938256290727,-0.8103264182054282,4.68341998417456,26.382166271234862,-0.5644004849925905
d21_37_G05_1_1_S,glasshouse_b1,Hartog,T1,R1,S,69.69143351744205,42.03664190557475,259.0786442591298,0.144921380531309,106.88144483648576,0.3930830697943702,0.43606805430148615,0.580332153992723,573.7730843377615,35.268297770916696,308.781023162243,62.05026037815162,231.35850529719028,-0.5443377309000635,17.42524858438557,100.90699821005056,-1.37955886373218,53.081944032776406,334.8690255874147,-3.341409665576111,1.873655487532766,35.00827392576895,-0.14974631321848011
d35_42_G06_0_1_S,glasshouse_b2,3811,T0,R2,S,516.0990117321572,340.7590438396458,1393.8162453998023,0.2373264022429606,518.7363356759291,0.39997076878607324,0.43490573631803875,1.3313358534107351,2842.18732635444,203.95084852303683,1817.1536725850044,303.4211423387867,1067.7827145233293,55.455742540877154,71.12999840928198,467.1086307437702,43.26609439909353,224.3000247881827,1478.1271695484002,137.08224418644414,13.077526047452226,161.9078136765553,27.507637812213233
d45_04_G01_0_4_T,glasshouse_b1,Gladius,T0,R4,T,883.8858943265824,689.2498153232904,2151.7674807903804,0.31698408545262496,745.6714742217648,0.4048434724910571,0.41094942200121926,1.432606586677535,3966.8406887510787,326.0104753229227,2774.6157967316844,576.2398084781402,1432.2053372896373,156.73054600058933,137.73572562904639,636.3769748336613,116.66627602850893,428.16157233868216,1994.4151888332406,366.50377260037556,26.259624428348403,227.97120836920388,73.72457327116646
d05_28_G04_0_4_S,glasshouse_b1,Forrest,T0,R4,S,18.315031638192337,3.261317616907487,106.89720450194756,0.09273426313361488,37.423931573818074,0.40779623790391795,0.4354604090104651,0.5935600218855052,197.9630029704178,17.156717608646,143.54532490500435,29.64406861013008,113.32133487379222,-0.32961233026066245,5.151002005573638,41.93065070397341,2.043242739197718,-1.77095892926768,144.58546839845738,-0.8730132059499431,0.8490246715245006,15.624198603821084,-1.155749020077895
d15_18_G03_0_2_T,glasshouse_b2,CALINGIRI,T0,R2,T,94.28120960509239,68.2030559705674,622.5439961578155,0.10830113735392821,224.09206059045746,0.4081083258114392,0.4331452156870006,0.9250060300069594,1207.6671995096951,81.89693114198923,780.0765983997137,102.6599181441991,529.4141626860766,3.9852741393876507,16.413630690407683,235.38283130856414,2.47260707214098,30.506999211432802,718.0835292441179,6.915115608498944,3.0042434335636883,79.23791300355734,2.676141721780262
d31_05_G01_1_1_T,glasshouse_b2,Gladius,T1,R1,T,239.17290806864165,148.0315750513449,858.9642143886216,0.16631716436207122,314.7857366728203,0.39727243565479814,0.4341135463018651,0.8649399474130787,1742.2965007797716,118.53615402475505,1115.5534022790634,143.2756271428683,714.3645870561035,7.89982744900555,27.555047507539996,305.06653939434557,6.83995929739664,128.47377420539377,970.1581222127749,22.134379662471385,8.1386172433439,105.19210563672061,3.194297018599315
d13_46_G06_1_2_S,glasshouse_b1,3811,T1,R2,S,61.16697250169618,28.65943710469969,269.26290568326374,0.15560329718158308,94.50720488060354,0.40813548892306745,0.4357017032462016,0.9332568301860508,451.8631950920613,36.03683159210132,312.7946955847789,51.174115337722185,196.99352595602673,5.570447562969336,11.388154911071538,83.97865152608071,3.2676987247434983,30.123434832268366,261.71883591902366,2.174140084558431,2.3511242654043105,28.47450188751582,0.3276231422787277
d4_T021_14.10.23,field,Gladius,na,R9,T,1155.762324335353,419.9563430038841,3495.588525491693,0.11867611004266698,640.4041742675632,0.2009377131495289,0.19113612945640063,0.967030887735313,6948.01466481638,125.60210436613237,2221.803097709849,3264.2775448488783,244.1676270982492,4.037060755303828,616.6228681139828,92.93331950240105,2.691650176529808,1953.5877336146589,256.51771466547325,10.352691123929574,98.33499698196451,24.6369595915081,1.3888612916364258
d41_42_G06_0_2_S,glasshouse_b1,3811,T0,R2,S,688.3104313482875,459.67817780079844,1904.78414453894,0.2372467173568403,682.9739339563,0.3937250009606638,0.41128333683613505,1.5564616225476517,3727.5240527745113,266.822297305778,2390.462479329439,536.655166191307,1371.4265819960585,60.66447259411157,113.85135259438331,609.0406589088136,47.02377393740462,362.8393179201587,1920.1023338743594,148.45942348709698,20.600975897172347,218.84862874943929,30.86359401707028
d27_26_G04_0_2_S,glasshouse_b2,Forrest,T0,R2,S,141.75774868027486,86.56443558071324,489.58292843057274,0.16261329098322963,196.18967497223565,0.4148688541447929,0.4375481556486797,0.7775608212333813,1034.4266506614085,77.45030685782231,707.4641505933885,86.95712934067856,475.4511990464282,2.2597661315973987,16.486907253794826,206.6464989912273,0.9281576810785902,54.48845641343171,660.9599650287831,8.07762856746912,2.1134593049532917,73.11037239403406,-0.021216967049779933
d21_02_G01_0_2_T,glasshouse_b1,Gladius,T0,R2,T,107.04570743459382,74.48748615092919,713.5271104291251,0.12441200998669646,279.26706018975096,0.4340547196780898,0.4355100669604953,0.6501136008362259,1432.8656868292105,107.70041961842368,980.30227565259,63.78864320177023,657.2611174934826,1.0272566170190405,7.603704513028533,298.0774930214823,0.38778238191841846,32.26659847729367,935.0885049236321,-0.5705285243044365,2.603478705270475,107.80533188941942,1.455302132841175
d37_42_G06_0_2_S,glasshouse_b1,3811,T0,R2,S,414.4579477914873,295.84841822670506,1444.8830000306598,0.20181123776241902,531.045415286492,0.3973036639837596,0.4339067355856571,1.0238704513038233,2867.9503359717282,201.8266679408267,1878.6682503512218,319.60911627600854,1139.7440971184985,38.8229553776491,68.5065372108017,494.722074674878,27.78507028568179,199.8314547567817,1567.1777849777707,84.6473702871885,13.942777492286332,175.78522080966312,15.051416239233042
d31_31_G04_1_3_S,glasshouse_b2,Forrest,T1,R3,S,126.79652203028716,59.063842748498594,395.92625123659826,0.15044471629733525,136.5097061034984,0.36350411294883567,0.4103994238793015,0.5968632622374845,712.9755667520025,47.424107463019034,430.54601074950176,74.46578581031058,299.9839455307781,-0.6805243930044921,25.66727431468549,122.53089338748106,-0.9549042685829371,86.36763683279064,385.3588256666008,-0.8788206046945793,4.395221542262709,42.11964745921422,-0.6420019599686775
d37_16_G02_1_4_T,glasshouse_b1,5489,T1,R4,T,241.58449041456814,166.904210860664,860.2403562710754,0.20091470762379773,304.70562764163196,0.3887490775428471,0.40933468108884374,1.1020100832376578,1578.8446390054098,112.8724724761013,1068.0301105881538,171.98358801418178,661.4378390178362,13.856006435714397,54.85432034356276,287.65955036660847,10.149567143517677,127.19610479818442,891.1442151435942,35.38988620895978,9.036588819334607,97.23077685874615,6.328285497809142
d27_38_G05_1_2_S,glasshouse_b2,Hartog,T1,R2,S,167.52354899191693,79.96945234436377,552.3339519498576,0.13501050071803272,199.16059847136208,0.37708048644989955,0.4103744399552625,0.7851931130720083,1096.1715229245149,70.42910846364417,677.5443415214486,141.92336036258826,444.4131331271036,-0.31099939705036206,35.22805218092396,177.44673406715117,0.5125025858458182,105.34413001105953,578.7408317839056,4.748895925834291,7.166353213867769,63.35510842137522,-0.17275431459024448
d07_18_G03_0_2_T,glasshouse_b2,CALINGIRI,T0,R2,T,41.107047543590355,45.77852470881767,230.7085194913722,0.1817388957472179,90.08164267183982,0.4243104654687003,0.43560568694510515,0.8883758237727556,450.7091558967153,34.489337249181844,276.2492003413164,48.69404029998435,207.0303298910935,9.67739814443985,3.360419382272287,81.22730989727407,7.199370157351337,19.334393395468318,261.2947455433081,25.057316785736084,1.8351914655753414,31.93087973227808,3.8350986216026195
d13_06_G01_1_2_T,glasshouse_b1,Gladius,T1,R2,T,44.91953602489123,40.08618291104543,442.5422201899894,0.08056366001696949,155.03540249838593,0.40381358520386385,0.4363358547733086,0.7272055713030986,873.9838922830894,55.654530987163284,557.1087577894599,35.95561492710011,381.1941322547326,0.027041285379512503,8.05351121442462,158.95964653656702,0.7346856261105884,64.09636184111844,520.2120415904186,0.5049908997248496,3.031951750708985,52.77865338975515,0.4130516544798393
d35_16_G02_1_4_T,glasshouse_b2,5489,T1,R4,T,256.1990050261781,183.19823457638662,871.2656641403887,0.22168834363674322,306.4875262163887,0.3948453284383781,0.4099109475482623,1.0974927610900083,1651.76986423728,113.28853793768602,1110.9214879169401,154.03102713093412,676.3178289645364,15.206876539094178,37.62933353245387,292.53583426200686,12.591904870077625,95.16467690207003,912.902892314787,39.15464880367144,7.302607830338622,99.96260904351325,8.32327867763192
d41_35_G05_0_3_S,glasshouse_b1,Hartog,T0,R3,S,656.031017481585,496.29310792395455,1319.5212764095456,0.3674333795658999,454.5443825434928,0.38940733393455945,0.4084822945254711,1.3733388134839941,2503.1123753565353,193.62031960718446,1658.232518442407,396.674638724506,863.4333106783222,70.31223620408652,89.78169670812856,383.0759552691519,55.476317237435175,310.3878121295361,1204.3742654895393,174.40814640667583,16.66782769858066,139.1164623362562,35.85077890336452
d49_04_G01_0_4_T,glasshouse_b2,Gladius,T0,R4,T,990.533507279671,717.8354892886011,2542.2929440571097,0.2806739357415338,871.4376591906698,0.3958196840887938,0.4112291419380022,1.8237698967575346,4811.188934534261,383.57762604264906,3221.490196238877,779.7301938865745,1531.9851056197567,208.3274065187764,187.96714923742246,663.156697747473,164.51932691989458,585.142159358026,2076.3896456685725,514.9347425931745,35.66685080229919,238.85568399018706,109.50732465445901
d27_13_G02_1_1_T,glasshouse_b2,5489,T1,R1,T,112.22723413215914,88.3981504738431,522.4210072775971,0.142097983081803,192.61876986332484,0.39295459146181766,0.4116868286321381,0.7302622583853178,1126.5480283561142,67.53166505206579,638.5989623975315,42.893856162986395,466.89529097306445,4.1593109251729565,17.402812070705316,193.65849667667896,2.883552528122065,55.621253698907296,627.5640756439174,9.70213173960721,3.6033581808370356,63.51921124085222,1.9284334576217672
d7_T023_04.11.23,field,3811,na,R8,S,1469.217327593224,802.1621700715717,4793.673180523316,0.16707960413123546,869.916667910558,0.2007733766221088,0.18931698390069038,0.6711132026467436,9385.871466276118,168.22714190851497,3015.6481885096136,4437.601489530041,336.25629301851893,0.8470224449397146,845.8584055355627,121.09948143943673,0.5237130709630247,2660.9518225312145,371.3614225834992,5.196510933732214,136.10615601302246,32.0019034250983,-0.34977122265615446
d29_33_G05_0_1_S,glasshouse_b1,Hartog,T0,R1,S,176.21209972444024,105.4482364687667,638.947017517321,0.16561514544148026,219.84399450673337,0.3823754683501681,0.41204210333111474,0.7191447001307228,1200.3391245251967,78.69426555359668,794.0213044383909,137.47420904184006,500.083706800995,4.627703299385743,26.64004086455101,214.14620542238958,3.220925359073802,77.76740772739322,664.676509623357,9.156072258655247,5.514495966054808,72.7124886885041,2.3324189462894163
d25_37_G05_1_1_S,glasshouse_b1,Hartog,T1,R1,S,68.7596785921265,40.216826469196526,305.8348117766678,0.12903033180348758,105.18098866050296,0.39295298384780913,0.43572258757822957,0.5972028424277379,599.0497574772645,38.14618773605576,359.74644624498353,29.373726329832294,236.79957110426466,-0.8234238020979874,17.790605937590406,98.64077494478349,-2.7533833781473303,74.8252130225223,330.88968942039526,5.127619296629717,2.0699450205078778,32.78954695876728,-0.18375734734926014
d31_31_G04_1_3_S,glasshouse_b2,Forrest,T1,R3,S,121.83650348852561,57.632712885960345,383.5005442231882,0.14915086033892522,133.86600026348293,0.3628038110004573,0.4098420644108142,0.6082437819862929,801.110037596122,46.80765660933449,433.7267664931398,50.22703408915382,297.47604438830433,0.8725032225776798,21.34482119877946,125.50529000544799,1.2457113816829273,75.42601067272972,374.1988834644482,1.9377592213147117,5.904877671051639,38.84231891510946,-0.3354826342464793
d2_T011_02.10.23,field,Gladius,na,R4,T,1293.3923502331666,587.0958542061111,4454.081427293687,0.13076970720839673,799.1742930537317,0.19925382051458312,0.18853682819213866,0.6875281142109709,8769.673636592333,153.7993011714873,2769.3215489155896,4108.7532902002085,287.3553737437003,0.8151899294748283,785.9870454170995,105.29519283316004,0.2274490529914741,2449.6329750447508,332.0394735170257,-0.2568270553733871,125.24721201252751,29.387817213445892,0.5956585931114662
d41_41_G06_0_1_S,glasshouse_b1,3811,T0,R1,S,796.0990689883076,640.1228272250031,2015.2849358676444,0.32281990426609164,700.0402222421046,0.4108749791660521,0.40979886581462505,1.3733268397256957,3745.545854514017,302.2658671258918,2579.745122693222,516.6608182479921,1368.9164411496297,118.86644571719812,120.68563227056714,602.7685053247548,91.85990018516135,385.754685719288,1906.745480047756,290.8014546402839,24.777767197586726,218.2464238010414,58.98795816002841
d11_38_G05_1_2_S,glasshouse_b2,Hartog,T1,R2,S,64.59065561553368,20.579271482393132,248.1945174510045,0.11350773378366533,96.4608691251038,0.40423671413552825,0.43358126081869697,0.5742970976068148,442.66216071887305,34.63447490200655,340.3222992949192,19.47669487882474,212.02208335310394,-1.2986799994423828,12.119351438917764,97.49977581107315,0.2628719805350248,32.91084681955732,297.52743574689066,-4.635268836995719,1.4888031133593649,31.579435203111903,-0.2542115353009792
d31_30_G04_1_2_S,glasshouse_b2,Forrest,T1,R2,S,80.42109639131111,36.25173834732296,298.90726584354104,0.10819097473603459,97.25485718249398,0.3511847687012884,0.3254568105783218,0.5937027701340519,591.5760294000559,34.247972561180426,321.0242369792388,88.87308348251179,185.23122765138766,0.6630563867226833,21.694279993387,93.59656183944425,-0.5799428704972145,77.89616096748479,260.6139743122153,1.4422713438774555,5.231056240357037,27.373854928815284,-0.8106243652586346
d21_05_G01_1_1_T,glasshouse_b1,Gladius,T1,R1,T,129.18563078242582,69.5260309083845,619.7662990541147,0.11120018621618782,227.22743559865881,0.40633121106160497,0.4374141395943942,0.7236189637369703,1254.6994565738808,84.97779292954634,809.923889884293,74.2547855657361,556.5572056196469,1.4010696395978288,20.391434196086355,240.3246804493403,-0.24185067013933348,57.467411790712,736.2592100870284,-1.3863691168944698,3.20681835964962,78.73525206592981,0.34522555169617636
d17_35_G05_0_3_S,glasshouse_b1,Hartog,T0,R3,S,118.46959620627013,66.98354889577641,365.9327615244289,0.14062672789800892,143.21097677446585,0.37967485036459714,0.4094130167981642,0.6588256576905597,793.1726073612185,46.43109418528775,460.1542058448825,50.06394242072077,305.6835891641509,-1.2774531819078652,18.352659634011516,134.31577023158943,0.36437018462458615,61.9125507222616,427.66630135536417,3.0955851609362255,3.7139544314551616,43.92691109374926,0.3492928537788753
d05_36_G05_0_4_S,glasshouse_b1,Hartog,T0,R4,S,52.05059858568777,29.458005745309332,149.58833198419904,0.16522677617640263,53.13020602579898,0.36777273112489456,0.41337481918822744,0.5746233634141739,335.50049010211296,18.49621572922913,184.4038862002392,60.92283801315723,119.48978039831763,0.23456128956606048,-3.2351187194688844,53.12756515991074,-0.9384528255328388,40.8657209559761,150.32671583948056,0.49135657752806144,2.1051033780133457,14.983467512934524,0.3506197216994723
d31_42_G06_0_2_S,glasshouse_b2,3811,T0,R2,S,336.307499907007,189.1997348527053,1223.6333638964586,0.16458583679866395,426.1340356909171,0.39543185489368304,0.43533997540774966,0.8333249205569218,2289.481553186482,162.8578321277511,1479.7281629698946,238.02851714617137,948.1357602221178,12.555539655584981,59.00361012301083,418.833407288868,9.602663200165638,171.8746163615546,1313.5989133387632,25.85565068060241,9.197755595493344,143.52476003950846,5.236255031008892
d13_18_G03_0_2_T,glasshouse_b1,CALINGIRI,T0,R2,T,84.20160756613475,59.8375249071604,457.97255017174996,0.11221724351769709,189.25233747377993,0.41539679247283745,0.4365168442301991,1.028413696442491,957.6492546253859,70.15023602533263,660.7334092268301,65.15683083151899,451.7965186806781,12.598164599751527,8.663235628824477,189.39805772221607,8.429342406905967,42.24449690614998,592.8925746696067,28.567070439590754,2.476029008718916,66.59785403294678,5.085545144407808
d25_47_G06_1_3_S,glasshouse_b1,3811,T1,R3,S,100.11925381570734,63.9054050277734,492.7488828772953,0.13871528342348105,163.41777274890413,0.3835374278304169,0.411406713559509,0.7342748304066914,992.2614935293785,60.35963825352675,588.3506812457558,60.6250290920374,385.3715023760867,2.273888975889272,17.4435283731104,166.47161686643355,0.12672024557504813,72.84290931686508,499.3146084843114,-3.2296220757710277,3.7543294352143666,55.18323628060803,-0.37335592604734524
d17_12_G02_0_4_T,glasshouse_b1,5489,T0,R4,T,90.51297203720539,64.87126876226921,568.6209543420213,0.10880965246954673,218.2873021930116,0.4176395121223364,0.4364722690765984,0.6087304688041095,994.1094108478334,75.39615701416443,693.8882072355385,37.12193680682233,486.83421468485466,-0.5221408608611835,16.247827308762165,213.4393109141263,-1.5739537655059874,22.122405530166144,654.6573277251546,-0.04327145430729856,1.5439035690794694,77.67713134232791,-0.003611216240954146
d19_40_G05_1_4_S,glasshouse_b2,Hartog,T1,R4,S,43.848666127675706,20.821216113205885,276.28282729055167,0.06823702151323645,110.15174717309499,0.40999864403658753,0.43817814666526206,0.6130128079954279,563.6551090369828,40.84972212974865,386.14330859101665,52.76675957519672,261.85795835338433,1.4415929810085941,8.752038454707447,114.06316393914003,0.13916867159711643,34.21476789438793,367.6817790959101,0.05753075280221889,1.018405819468049,40.08335456866381,-0.9077323222654944
d49_16_G02_1_4_T,glasshouse_b2,5489,T1,R4,T,1041.0739540181496,756.8557002143435,2318.5989461041354,0.3254340429981824,756.9698925914147,0.3821935211464399,0.4113125298497938,1.4821439515948598,4253.3705263748025,314.2555347681756,2813.062454611712,754.7565928378307,1451.0320425421028,126.18947657579109,165.8904142935429,615.4253743413444,98.15881926487947,536.5554624989705,1976.2626873408951,305.38452836848745,32.751809194838266,218.80577125592816,62.16569289566124
d35_45_G06_1_1_S,glasshouse_b2,3811,T1,R1,S,356.543554344294,183.35658753741495,1037.87485187665,0.181522859311439,349.1123421171977,0.38207212103131966,0.4379155156235366,0.8761967922842395,2062.664551271526,127.94848040976683,1208.0639186399026,252.71441241007173,778.6220877320467,3.6603945443689287,62.065205572204256,335.9725888798963,4.2407959127596735,127.32310667142528,1060.3666986996757,5.655554572926545,9.921856635677681,113.68868101430269,2.504494503950048
d45_10_G02_0_1_T,glasshouse_b1,5489,T0,R2,T,712.6201927861466,535.048244735223,2034.5628811576055,0.25853687386861696,731.6503808525226,0.39937282835002724,0.410051259440912,1.3076251307882385,3972.406505476171,289.3388949885657,2598.8532125513466,414.64387979408366,1536.9015456629095,88.32924480870494,105.57385514859824,663.55529040068,65.86302285225794,304.41204436833874,2086.032351836797,209.68948330759244,18.463604008124875,229.21385522846612,41.37353472898265
d35_19_G03_0_3_T,glasshouse_b2,CALINGIRI,T0,R3,T,260.3131364311483,183.0284449043974,1260.0340603525249,0.14342770900488522,471.8240226850676,0.40772348441977396,0.43633912588642004,0.8750130189210308,2484.6047611338277,178.21781262277503,1658.2186342514208,190.66990917195344,1068.1843778365517,7.2316613071823745,56.001630715287526,466.92948718592515,6.147076824035459,191.0993618324409,1461.3743247694624,17.619052218535348,10.801390481124974,163.82297876952563,2.382331643334129
d41_38_G05_1_2_S,glasshouse_b1,Hartog,T1,R2,S,306.9365597556924,162.87352243101896,722.8742311304719,0.21488524001590914,253.34832177291122,0.36422987316310323,0.41243699799109546,0.6502814388785914,1478.315084612833,85.9996205659202,844.0625663998954,241.21695786788456,497.87339117798274,2.579000748144622,53.46692217774309,211.37783301374455,2.0096043280744924,195.44393454661818,686.1491045451077,2.354049239419034,11.467830696566274,75.32179130824342,1.1124051830169475
d43_11_G02_0_3_T,glasshouse_b2,5489,T0,R3,T,409.6964743691127,287.10144454154465,1277.28556982549,0.22836228773029438,449.6973321509669,0.3994382478858039,0.43462476891702784,1.2627282116574796,2428.76176347762,176.15177392081694,1592.9757087921246,295.02108562998154,949.8793142872408,39.71915426600125,53.6028949710861,409.04966628368373,28.68181886413277,211.82219158355255,1305.205251776775,96.56627201742313,11.836572512938078,144.324017057822,17.794018886517605
d35_20_G03_0_4_T,glasshouse_b2,CALINGIRI,T0,R4,T,322.51943391966125,245.11136593047928,1508.8941541535717,0.1622023376793437,548.7478433958107,0.40315120814878896,0.4347241301517289,1.135095724198336,2936.5748041520174,203.86546287363277,1917.415327155492,246.666595467792,1257.605802228236,22.735501719205196,65.48455178345864,527.8704301325769,17.366883893450442,206.30920362678768,1689.2348498908534,50.84828946000333,12.48448379399983,184.50828703253376,9.785942700123417
d17_12_G02_0_4_T,glasshouse_b1,5489,T0,R4,T,86.90686729415316,58.45737934167095,551.2185862028366,0.11003921529543774,206.50968348392232,0.41940198193423206,0.4336579743829923,0.6111556678798861,1140.5301753794954,77.08992596573118,683.0409359076839,24.933797515211555,488.51769381460036,-2.6736348149493336,4.593502093818792,211.5414951873776,0.19730285891605076,30.48432654759723,671.3459165953948,-0.5965610645859012,2.49062462305862,74.10293945468267,-0.6906630682609319
d31_15_G02_1_3_T,glasshouse_b2,5489,T1,R3,T,196.86091527911756,127.68391114793572,758.5344932096219,0.16336113648129208,278.0338827757082,0.39268082268061283,0.43664479087948016,0.7255855052531298,1557.7078731028455,99.31614206133301,965.2861775483293,174.95656097319758,626.2366347440158,1.6829966352033319,28.99048821534516,267.40043096095167,1.6613942280016238,99.16018430216555,834.5699812746295,2.206419917283884,5.831704978810101,91.98926382661524,-0.2083153893060471
d11_08_G01_1_4_T,glasshouse_b2,Gladius,T1,R4,T,33.29144915496773,26.188873184537098,392.3431936821196,0.0735081262629734,149.61600152058017,0.4233626968101051,0.43376249374486087,0.8904101741623794,756.2282570340543,55.72333682176112,499.38373084674356,18.717059232036206,344.32747769107635,11.941872939487872,3.395101856133785,152.1495947034942,8.636150482323032,21.616563367512235,461.6200130135002,27.07697155606034,-0.816075765424265,50.582674706153696,6.03259174619402
d11_16_G02_1_4_T,glasshouse_b2,5489,T1,R4,T,32.75411727202766,20.092057367121853,224.57751649460997,0.107457769148726,57.81374062091784,0.42779857075959477,0.43517151423384093,0.5769740100585597,363.9108620815195,27.2702056014457,219.49285975167467,10.628557604805504,164.54626349769498,1.0426239013030973,4.07675117353995,66.18925236846589,-0.4510212561966991,10.920382676310059,228.0834591931182,-4.873292908482232,1.2123223657870776,25.57908815356076,-0.6241299576587215
d07_43_G06_0_3_S,glasshouse_b2,3811,T0,R3,S,55.829865288316235,36.61248747392304,239.23015755465903,0.2232119332295455,53.54671576864166,0.3600381738178397,0.4082794430975369,0.5990059084792644,355.3321497231855,22.382095768749426,204.66284542191804,22.437833111799158,148.49007629914988,-0.6552953747708208,9.1691298800548,55.719465870379125,-1.4068053793907644,34.33752679996008,178.06430537117666,2.9689601635114977,1.6844620311847194,19.535244883359734,-0.006723229382598674
d05_43_G06_0_3_S,glasshouse_b1,3811,T0,R3,S,30.326476277147336,17.97304234716406,66.81529391961095,0.20595211441535996,40.54602065013105,0.41948306214694825,0.4352227435103439,0.606487194535078,152.88130046247056,14.60137252900013,133.72879879301766,31.588298155101008,90.43345635983096,-1.2341533504656315,3.1555775837771103,37.54427449220922,1.9204266974460629,-6.755567594657663,137.23174921021487,-0.257452732381987,0.30688691365475146,13.424875562658919,-0.9296298464470947
d43_34_G05_0_2_S,glasshouse_b2,Hartog,T0,R2,S,790.8256212448279,657.0115220673938,1932.7074871774776,0.3388862572250048,724.7239224875226,0.45081371084591826,0.4364872301569348,2.0779296285659252,3554.448721852943,387.8920803421766,2773.2943435189104,439.14499678917525,1252.811619630968,239.88170694910437,104.28705479536137,575.5952818137181,208.07634763239386,327.68816081381107,1791.419407583575,654.2073283607701,18.834101563709787,213.64269144486295,155.81264387808767
d07_45_G06_1_1_S,glasshouse_b2,3811,T1,R1,S,46.319300102964725,23.197828906764805,127.05980510857562,0.17863889897875385,39.182540318452794,0.3788834864170497,0.4141610792134736,0.5982138045831009,201.00289591876756,14.775812154104655,165.65677137372367,50.57122512152412,110.61165667435829,-1.9979933042715163,12.590192737027994,46.68054008827714,1.1283586680511066,1.524516475879274,128.72579777410772,-1.8566191646734922,2.1892796948283033,12.916134614041013,-0.18095546320358513
d5_T024_21.10.23,field,3811,na,R9,S,1102.483126586164,566.6619820622294,3658.734121781622,0.1552685364210173,653.4306404475424,0.20219370203405562,0.1890664941922701,0.966142595685027,7181.543127534452,128.91801168598573,2332.7211631898585,3417.7496818741206,253.56086379021176,3.9600637179133202,648.1331682977874,86.04574943803868,-0.461252060198003,2033.2735173992714,256.31383910760917,3.7087512374164335,103.72895192205903,23.432729567467067,0.36649586773025494
d37_35_G05_0_3_S,glasshouse_b1,Hartog,T0,R3,S,397.1554832430517,240.65925696051477,931.5647012060518,0.25699014888673216,316.11275526430245,0.3754110427701682,0.4088617722236329,0.9711566006728533,1778.0365442839357,119.25527766748309,1150.169709673925,297.25603351611676,655.2365560265655,9.505330039392815,68.04947665840274,289.3904335272928,6.476382225238025,192.2499403284893,940.8990497663362,25.59430846696452,10.307690221089777,105.32689734207563,3.826591316535895
d37_15_G02_1_3_T,glasshouse_b1,5489,T1,R3,T,285.79586747247845,183.99068785219046,954.8507040009549,0.18706847287319406,336.2010653206782,0.38432167214125335,0.4101132008912491,1.049502697808617,1801.8562287188606,124.81582862475996,1154.9269556015856,258.737196566683,726.8392508083688,9.333882248481977,51.92177844207586,311.00350261663834,8.216349936679178,170.18418783691064,1000.5081525717743,19.810271017779815,11.443344612825001,107.49846791321616,3.230525517234514
d17_43_G06_0_3_S,glasshouse_b1,3811,T0,R3,S,121.24551679751558,71.37446233497526,572.3189369188071,0.12368255838247524,227.40847257715077,0.4091430528010928,0.43840864964068305,0.594400105972872,1216.294726802092,85.53115014735921,760.8434686212964,100.90934434585358,519.2662498713047,-0.5322296075236376,20.18094812264085,225.9720976774104,1.2222533923960495,66.38394767399453,699.9490999044829,-0.8492881035415769,3.2998154719389388,81.34430426898122,1.3736077084194152
d27_19_G03_0_3_T,glasshouse_b2,CALINGIRI,T0,R3,T,201.0720878127219,139.55051178007037,1087.5384431894427,0.1307462281177726,377.7907075590925,0.4073764329710279,0.43568168061109797,0.7243733523733129,1967.5464684909227,143.17573581277318,1298.5786161361825,96.46469813902623,907.9108052266066,0.21693547432897786,36.279741966048505,388.69362317521666,-1.38789629025774,96.4161858446444,1229.4760272179326,0.4341654612124456,8.48758552510906,131.43998568753003,1.0561543862637617
d17_48_G06_1_4_S,glasshouse_b1,3811,T1,R4,S,91.95408858885821,63.66970946707529,428.62474892838344,0.14129242683619425,155.23824068214876,0.3952468319523709,0.4374494831704423,0.5716164049782441,882.122132247831,55.15198370155029,568.7210886466947,66.61724513564467,377.0541623859169,0.5251417575170181,16.06352530948361,164.94614112340616,0.39032630445969607,29.952455954630018,493.37196820816615,-2.151239045271988,3.6488833605380924,55.63217088184302,-0.2823352867352878
d09_11_G02_0_3_T,glasshouse_b1,5489,T0,R3,T,55.457697969411285,46.092094367351415,240.99543503483955,0.1802523550844465,87.50100753830107,0.41108710548488575,0.43401881620194144,0.6112786691480123,569.155010140335,35.52605562637398,336.57699799132763,49.50152106984196,207.23087625459135,1.0045031727375588,7.537342172483423,88.42123115024819,-0.4231823686852313,30.023536719689112,313.9155021648223,-0.9624034397855121,1.0345985751370064,32.45082492065618,-0.2072982961882737
d11_12_G02_0_4_T,glasshouse_b2,5489,T0,R4,T,74.94186396230282,69.58801630317039,394.0018024743285,0.1615085161031793,156.98082521242827,0.4421001089579507,0.4347587800930827,1.1592543506851185,671.3631405759651,63.07064764022837,497.627502136664,0.25189212840467334,338.7158687393845,5.118156534492329,10.12660869964784,152.22420327062176,5.061529512321554,20.882823080860668,467.3400988355222,18.821740043781478,0.5785542609413328,53.96063904038614,2.2543274701543226
d33_34_G05_0_2_S,glasshouse_b1,Hartog,T0,R2,S,339.97796766476745,252.69902469497882,1049.2079289265935,0.24785565934606282,388.32274556704266,0.4140154283477064,0.4330800668739873,1.1146082753569617,2013.2823606384752,157.2232450813401,1391.251753841383,211.47342408194285,835.930666667523,53.87702610907886,43.29891361501268,361.5563359366781,39.52537122559825,145.57598018942554,1141.079321269996,126.18114311418415,8.534560629006766,124.09665144433347,24.167767216381453
